sample_id,classe,let-7b-5p,miR-106a-5p,miR-19a-3p,miR-19b-3p,miR-20a-5p,miR-25-3p,miR-92a-3p,miR-93-5p
09a8fbb6-a236-4c64-be34-932db3fd3f06.mirbase21.mirnas.quantification,1,10892.576862,76.506247,66.942966,114.161665,571.406029,20917.285989,7592.0495665,13988.68903
183b24a1-dc9a-4078-bf01-4633823704d0.mirbase21.mirnas.quantification,1,20124.833015,7.893263,15.999857,52.266198,263.464306,11837.547269,4301.9347880000005,6564.847846
453a933e-8b94-4eee-ad59-74975e45f6dd.mirbase21.mirnas.quantification,1,15830.672034,9.041219,9.041219,92.672494,99.955698,7601.655949,1657.8079465,5010.34215
466218d9-e426-4808-bcf8-1feba56856ea.mirbase21.mirnas.quantification,1,15931.42383,13.354832,18.251603,58.761259,125.535417,8243.047252,1106.225221,5340.597175
e7b7bf36-aa58-4dc0-8548-a28c11d5060f.mirbase21.mirnas.quantification,1,14259.305663,12.607697,57.522619,98.103645,252.941927,6018.599505,4572.2602289999995,3976.152541
f46e1aef-c572-4651-964d-a0a9bc7a1128.mirbase21.mirnas.quantification,1,20291.588676,25.828593,53.271474,80.3107825,326.085991,27315.351789,4886.447011,13499.47576
bc1018a6-62f3-4386-a545-9fa8a31a2e96.mirbase21.mirnas.quantification,1,147288.519086,1.972632,1.972632,15.7810535,32.877195,5075.581384,1029.0562075,3187.77284
e1f1e3de-a466-4cdf-89d2-3f5c0e86a304.mirbase21.mirnas.quantification,1,62556.158612,8.537176,28.81297,46.6876825,78.96888,7592.21751,2584.8968815,4550.314915
e39fbb6b-c44d-4a22-81f8-d688a57e2212.mirbase21.mirnas.quantification,1,47637.61955,24.625765,8.92684,71.41471949999999,122.513182,8279.797946,2234.788203,2327.134823
75134cfe-bc9d-4838-9a88-2ef2200b34ec.mirbase21.mirnas.quantification,1,44597.614916,18.727806,8.665104,31.1664235,70.997952,5845.311675,2379.5494595,2008.62709
b53ba4fa-9b78-4e4c-8d92-933f27f9b48d.mirbase21.mirnas.quantification,1,62272.671087,2.390891,15.301703,28.212515,128.390851,6121.63754,1564.9577615,3913.171443
f776e8a3-d913-4bea-b56f-e46ce6a962c0.mirnaseq.mirnas.quantification,1,61538.754146,7.177159,19.737187,86.6641925,271.296604,4675.560123,20696.234647,4563.596446
3074c972-81b2-44b6-8684-fb421c304389.mirbase21.mirnas.quantification,1,5233.232578,10.860088,19.9471,82.4480145,152.4845,5870.65325,4019.229891,3443.756048
ee2501e6-36a2-4414-a9af-bf618f36bcb7.mirbase21.mirnas.quantification,1,64531.878504,8.345874,11.223761,25.685145499999997,132.814508,7035.859342,1475.0612345,2694.853848
d3ceccec-61a0-42cb-b86f-6c60023f894f.mirbase21.mirnas.quantification,1,38442.131226,7.749269,40.074792,64.4296375,345.395993,14193.118428,4197.889763499999,4818.495513
f52852ac-43ed-477a-9967-96ac703638c5.mirbase21.mirnas.quantification,1,32057.407303,4.383208,14.868529,83.15203149999999,234.888375,7996.432241,7055.503616,1777.004041
ad7d6f10-1dff-4bc8-a8c3-0b6ce7b45366.mirbase21.mirnas.quantification,1,20605.475711,173.275063,116.247827,291.167907,843.345086,19761.033948,4052.772127,31373.753215
e8d4c720-8d16-437f-b1bb-561dc3108800.mirbase21.mirnas.quantification,1,7763.679174,4.723616,36.955346,87.52582,470.97227,7711.441542,4079.3978665,7727.557407
71c58864-41b4-4859-b928-b5db754f2f14.mirbase21.mirnas.quantification,1,18045.260618,8.398429,61.753157,114.61386,283.570498,7846.603181,7137.6769349999995,5905.083915
50a38c43-5ad9-4ec9-9a6e-93964b088bef.mirnaseq.mirnas.quantification,1,22408.795702,10.821484,67.009957,106.13378349999999,888.194094,11852.022036,47431.395955,10131.822321
eb5a0c78-143b-416e-8e01-754f53041297.mirbase21.mirnas.quantification,1,12458.82155,25.784493,34.379324,114.8023865,275.648511,8028.186135,2582.1328194999996,9421.776601
95c4d1f7-ab0a-4df4-9aec-1966544f2a83.mirbase21.mirnas.quantification,1,73414.82043,97.381403,189.101096,296.10740499999997,667.515546,25091.563996,12177.487798,5516.203529
d99e16ae-7815-4b80-ac00-ff1c28bb08ec.mirbase21.mirnas.quantification,1,29872.500017,35.422812,32.470911,47.230416,97.412733,19254.512165,4012.0024295000003,6660.226603
bc955921-6aac-485e-99c7-de5b9f4ce0ad.mirbase21.mirnas.quantification,1,45041.929585,25.016481,34.336347,49.0519245,165.304985,10448.550418,3112.5898635000003,6631.82018
0d0cb174-ebde-4b75-b2fb-48a1b47f3c96.mirbase21.mirnas.quantification,1,26301.409877,10.126188,26.289142,72.4411905,349.937685,8920.587319,3522.452874,7777.496495
b156f303-0e40-4bf4-a1ca-3dd024dcdcbc.mirbase21.mirnas.quantification,1,35669.765862,22.342066,36.798697,146.53767,459.326597,17140.964638,19410.655720000002,18750.250527
e322e50c-9a9a-4155-b274-c8fc2b552b89.mirbase21.mirnas.quantification,1,11725.710974,41.824192,35.102447,66.0971605,120.991413,10040.793524,4221.629381,4611.117169
79227daf-12ac-49c3-bf04-a31b5628d738.mirbase21.mirnas.quantification,1,13606.606459,36.968273,95.387272,197.16412300000002,448.18326,13472.881718,7461.6579675,10919.788888
d042b37f-1ba7-41e8-af11-9232df313018.mirbase21.mirnas.quantification,1,45794.611568,6.676419,5.973638,43.9238085,41.464075,4051.532115,1747.2891104999999,974.405772
56765ee7-2878-4b41-b497-89c454dbae6b.mirbase21.mirnas.quantification,1,15897.262244,26.413328,30.568234,75.08507900000001,267.101072,10253.416594,5221.2323985,6128.485706
b2b0d26a-bdd8-48fb-b976-b28b5b09a6ec.mirbase21.mirnas.quantification,1,27996.11431,37.362401,25.686651,67.719352,255.698934,11178.363433,2801.0125209999997,6913.211812
f2a9189f-29f5-45fc-9daf-0af837fed6c5.mirbase21.mirnas.quantification,1,11599.635622,6.311728,9.247416,33.393446499999996,164.104937,10132.525745,1995.240076,4337.625211
0f9361c5-1f06-4ccd-bc92-e9577574a2aa.mirnaseq.mirnas.quantification,1,22432.218006,5.97648,7.802626,27.807231,69.559582,3701.599024,5933.897148,3680.017292
ebe3c0b7-f9a5-4dc8-aa93-fe69e3a766f6.mirbase21.mirnas.quantification,1,16225.387305,26.468821,173.811925,343.6535265,799.358396,10599.880537,15543.374016,6998.356286
c98c66f5-f22a-41b2-968d-c8aadf462052.mirbase21.mirnas.quantification,1,27787.938703,24.702924,11.876406,37.76697,158.668778,2799.981378,2345.8276285,1955.331413
6e9d95c8-311a-48f9-96f7-2ff7226cce81.mirnaseq.mirnas.quantification,1,20055.541506,8.745546,2.915182,11.569628999999999,150.678472,4992.795856,13649.155654,3688.06969
342bbbcb-5c42-4c9b-a779-f5925004a889.mirbase21.mirnas.quantification,1,18262.379422,36.26644,52.809027,84.93982,146.338267,9784.303758,1361.5821329999999,4686.642052
71280941-e24a-4041-a366-4430cf81614d.mirbase21.mirnas.quantification,1,27904.905321,8.005454,10.954832,33.0751645,104.492239,5617.300544,3429.9156224999997,2449.247529
20e1c930-2c11-4dd4-8562-071188d99864.mirbase21.mirnas.quantification,1,40106.689499,6.308177,13.317263,30.6997955,77.800852,3691.124731,2758.9163280000002,1728.160179
7956b7fb-6907-4a48-8481-c203b4e0b805.mirnaseq.mirnas.quantification,1,23489.408543,406.636667,31.021935,203.7679265,3311.990051,4022.306529,909.690652,3583.585252
65cbd9ab-00e2-4d33-8e95-3f28fe202230.mirbase21.mirnas.quantification,1,44787.419359,9.916949,20.763611,119.7781455,145.035374,6220.715948,4580.700564000001,2002.603819
85e7497f-e19a-45ca-961f-65767a494206.mirbase21.mirnas.quantification,1,21011.718847,6.166827,7.775564,19.975156,38.609697,5149.836458,1787.7094069999998,2377.713839
c46be20d-5cf1-4eb1-882d-dcafed7f5c08.mirnaseq.mirnas.quantification,1,46521.203851,18.697732,36.979959,101.3832585,197.364949,3977.215359,47468.1401035,2938.867973
e496cc70-7510-41d9-9f9b-d054ff7332dc.mirbase21.mirnas.quantification,1,23525.376364,14.628327,17.150452,49.433657,160.407172,6743.154321,4756.223975,3965.285467
ab7fec4a-ad1f-4a2a-806b-fa5bd85a5e3a.mirbase21.mirnas.quantification,1,24572.426542,2.655419,12.460041,34.622573,85.99471,11583.752924,4060.543544,2327.780785
acf93050-5e7d-4db6-a47f-5b669e9e9b7a.mirbase21.mirnas.quantification,1,44865.478217,53.322413,86.737792,126.55186,337.708615,10548.595203,4453.1324425,5490.075633
b5eccec2-0ebc-41a9-baa9-cbeae6f7bea2.mirbase21.mirnas.quantification,1,42721.839271,9.794469,10.882743,31.559953999999998,77.267474,9054.442009,2836.586911,1848.433864
6f43013b-11db-4fde-a8a4-0cc2b6f11855.mirbase21.mirnas.quantification,1,25009.260002,20.309144,56.091921,152.5603545,1150.851485,17058.713735,17437.334202500002,17688.297194
905c2792-0f7f-4eb3-b3b2-901d8a122736.mirbase21.mirnas.quantification,1,23354.998359,19.017688,19.58538,51.8728735,335.080311,10650.898827,5327.15249,4383.293273
11fa35ab-72b1-49fa-838a-80147682da89.mirbase21.mirnas.quantification,1,26774.625578,14.294361,10.817354,27.3009415,124.52835,13651.500908,2146.0214029999997,4203.572302
9293a93f-b3d1-41ab-8c18-3deed4cc776d.mirbase21.mirnas.quantification,1,16969.068556,7.377564,17.437879,45.942105,145.539223,6353.424229,3042.574582,3399.715763
b15d16b8-875f-4823-9072-8523c501a78a.mirbase21.mirnas.quantification,1,12596.895539,24.093116,54.526526,74.18143599999999,158.507343,18802.77502,4915.6297115,4989.811148
8942dc17-5524-4fb7-8640-04c17a437ca2.mirbase21.mirnas.quantification,1,40288.760073,18.471136,130.101045,262.2098225,1261.658901,11069.029045,20168.4728225,13703.173662
fe57f131-a75b-4972-a8e4-e00ecab4c414.mirbase21.mirnas.quantification,1,30301.601521,20.74591,43.377811,70.724692,354.566458,6804.029736,3015.7008815,5497.037421
6298c258-6d98-4c11-8a60-35cf63e7af86.mirbase21.mirnas.quantification,1,27476.020398,8.347165,3.225041,14.892101,72.278858,10590.844564,3511.7849635000002,2212.18834
db537846-eb1b-4954-aa74-81afd11f694e.mirbase21.mirnas.quantification,1,48160.649227,15.03325,6.536195,16.013679,101.31103,9400.356353,5211.9622835,2132.760588
4a010aac-f287-4fa7-9d3b-8af64c5d23e4.mirbase21.mirnas.quantification,1,12420.455693,31.745574,48.700596,128.425275,261.900983,9110.618894,4140.2721464999995,4630.524812
7171d5a1-2408-497a-a12b-067d2e3632d2.mirbase21.mirnas.quantification,1,20087.753108,22.28892,23.919816,85.6220705,210.92929,9498.34165,2320.7658255,4120.188379
f162baf3-d93d-4c01-88d3-c298e95395c4.mirbase21.mirnas.quantification,1,12904.885953,20.864008,43.715065,77.494888,257.32277,21152.130414,6048.0786235,12694.258821
fecbc0de-0782-4fe1-b596-9fea65842081.mirnaseq.mirnas.quantification,1,48019.871001,0.541444,15.701881,33.5695385,43.315533,3034.794556,11854.784674499999,3678.300948
4ee53bf1-9bfd-405c-a166-c88e665ab967.mirbase21.mirnas.quantification,1,35476.356825,7.309256,17.138945,58.852114,168.869021,11427.139823,3730.8711725000003,3168.436515
c4522fee-64e6-41c1-9079-98bb14c7ebbb.mirbase21.mirnas.quantification,1,56197.859802,19.536271,24.864345,46.620647000000005,98.125362,7140.063076,2143.8837485,2644.944701
77ae449d-5c8a-49f7-a1c7-aea75de69a5d.mirbase21.mirnas.quantification,1,27727.560407,6.680803,11.134672,21.155877,189.289425,28735.91631,9600.9823455,9272.509519
b03d6309-cf50-4e2c-bb9b-e5630960858b.mirbase21.mirnas.quantification,1,6034.942333,14.543537,19.235001,40.659351,266.47513,5477.909227,1972.4476599999998,4173.682359
f59bd4e6-c154-4509-be7c-0aec2fb61875.mirbase21.mirnas.quantification,1,4524.010307,2.807566,16.590165,30.5003795,278.970001,3622.781512,1508.301208,11470.184666
7e26df57-482c-4bd6-bd8c-4ecd4dea8788.mirbase21.mirnas.quantification,1,28185.644966,2.801406,3.151582,21.36072,49.374779,9651.193451,2750.10514,1769.437992
b6a3e82d-09c0-40f3-914d-cf5c611d90d2.mirbase21.mirnas.quantification,1,35955.234193,13.202656,44.008855,103.420808,211.242502,13638.344035,6673.392686499999,4672.640135
9ad6a50b-d054-41b9-add2-4c7123090389.mirnaseq.mirnas.quantification,1,46883.929863,18.981971,12.31263,33.090193,108.248539,3685.580576,10068.1401465,2255.263393
3ffcb415-e185-47b4-8cab-b06c4206845e.mirbase21.mirnas.quantification,1,28592.43614,5.051789,5.281416,40.643938000000006,185.538428,7412.811291,4574.5096379999995,2155.047208
31ce1d57-ce67-4c6f-bd4c-0fbcbf9cdbe5.mirbase21.mirnas.quantification,1,19069.069184,3.678417,1.992476,3.755051,29.427339,12637.969391,2264.0659235000003,3031.475758
277ef499-3b0f-429e-a5fd-b63b59ce731f.mirbase21.mirnas.quantification,1,13021.593748,3.945937,39.459375,101.4105935,257.275125,9418.952811,3514.6465310000003,5334.907499
45d18678-bc95-4d3e-be11-3b66bd3c0129.mirbase21.mirnas.quantification,1,22271.761261,11.660728,45.27106,122.894924,386.86179,9518.354786,7966.563435,6017.850059
95ecc934-1e07-4ab9-b1a7-fe306f707ccf.mirbase21.mirnas.quantification,1,64398.509715,2.070645,19.049934,45.1400615,115.127863,3889.499614,2588.823942,1672.667051
8e4764e0-bc79-43dd-82d4-9bfffd425d80.mirbase21.mirnas.quantification,1,32827.525608,4.800006,11.011779,79.20010450000001,89.223647,5120.477335,2019.1085425,1970.826126
a766a74e-b48b-4569-a925-8d16794ff19a.mirbase21.mirnas.quantification,1,11156.62644,30.096967,28.044901,91.0889265,507.772314,12592.388568,2836.9811465000002,10786.342544
e18d221e-454d-45a3-a0ea-1a6a23e5b625.mirbase21.mirnas.quantification,1,20725.010077,4.093611,21.412737,44.557386,207.829504,9525.518944,3872.3989825,4694.112757
80afa378-6018-4ff4-8d75-f9d3c25e3254.mirnaseq.mirnas.quantification,1,7885.875182,231.43046,140.859746,633.6165695,26116.490085,12256.059303,1150.9292415,10615.190433
2055ecd9-a5d5-4855-bfe8-e072e8039a3a.mirbase21.mirnas.quantification,1,9330.056761,3.571845,55.562038,177.600085,260.744706,15495.061725,4985.502277,11290.999823
404eb8e2-4087-4ba3-ba32-c187e0cbf6fd.mirbase21.mirnas.quantification,1,6675.106567,108.953783,192.838555,273.83074750000003,1467.5014,3527.981356,9688.208983,8511.8938
d30ca62b-ad24-49dd-be75-9b510fc57bd9.mirbase21.mirnas.quantification,1,4103.08512,55.507372,85.243464,138.02502800000002,305.290546,11145.582951,5207.037542,12944.120927
a4397eb3-c9ce-4af7-96cf-75a7bb4bcbbc.mirbase21.mirnas.quantification,1,31881.03507,14.336502,4.300951,23.575581,52.08929,8408.039783,1534.9614714999998,1688.839925
2374412f-0508-44cc-800e-7ca02cf94ed9.mirbase21.mirnas.quantification,1,11627.22413,16.525584,13.869687,37.6252145,65.217038,2409.784326,851.9528965,2056.54996
c88241df-6b41-49fb-a862-f83529b9e56f.mirbase21.mirnas.quantification,1,71793.649911,4.765346,5.294829,49.241913,68.832781,3886.934214,1865.3683745,1828.304569
01e271f0-6fca-4d52-9cb9-d080d0918337.mirbase21.mirnas.quantification,1,41243.447882,2.348196,29.221991,52.964858,205.075755,8487.161892,3001.3854355,6614.084478
8e19d16b-ee45-4d99-9a82-ed9dd6ed8c49.mirbase21.mirnas.quantification,1,12459.664836,27.877435,37.944287,276.4512335,233.086334,9510.077306,4502.5929885000005,4981.542815
77bd155e-caba-4f84-9f06-6855077de5f3.mirnaseq.mirnas.quantification,1,52276.663731,373.227991,25.285278,96.710785,5446.816254,4473.873338,666.8721905,6446.016958
cbe60096-098d-444e-9652-48188c672bf3.mirbase21.mirnas.quantification,1,21436.156645,18.544043,11.353496,34.249712,115.805655,8285.781109,2974.994304,4122.832712
b713d673-b8a4-443c-b569-55a3c343b0f3.mirbase21.mirnas.quantification,1,12157.677768,11.973794,11.118523,35.9213835,130.001197,5927.883546,3084.5349889999998,2438.377722
9d107405-9901-41ac-b047-90bf2dae7b50.mirbase21.mirnas.quantification,1,8989.410474,10.273612,39.489196,90.21515500000001,358.934318,20175.768659,4885.263017,11454.435247
3b4fbdcf-e459-4229-8e56-79c26b3d2e98.mirbase21.mirnas.quantification,1,51619.318472,59.629555,37.067021,178.351463,338.97522,14915.984105,6300.5877545,7264.5989
5c678f3e-2c24-4875-a0db-13c01cf8330a.mirbase21.mirnas.quantification,1,5310.541168,15.875791,37.99487,73.403234,484.300805,8648.738321,1952.365493,7890.446342
bffe5d89-f332-49ac-bd92-8271144ed37d.mirbase21.mirnas.quantification,1,59276.499799,4.81582,23.558472,63.516764499999994,463.880632,17166.967482,3539.4977305,9332.539027
310f324d-17bb-4bf7-bfc0-1b64ae997a2b.mirnaseq.mirnas.quantification,1,51434.31955,2.351068,10.411874,26.197617,106.805671,6332.770197,15864.000778999998,5292.926307
6a3421eb-e823-4832-8445-bc1eee13be6c.mirbase21.mirnas.quantification,1,31625.628682,31.843853,9.365839,17.795094,116.136404,10861.563533,1853.031254,5685.064296
20506607-d21c-46a9-9675-c089a8e523fb.mirbase21.mirnas.quantification,1,26789.019608,12.524662,13.345951,70.836202,104.919708,5839.161579,2205.2644235,3748.364351
a9b0cde1-d949-4dfa-80c7-a294cee61a2e.mirbase21.mirnas.quantification,1,44287.171235,60.684962,56.401318,177.23578600000002,512.252472,22088.612181,14041.6077515,7811.225504
2ab22315-d5d8-42e4-8930-e615ac13ae2c.mirbase21.mirnas.quantification,1,10013.882469,44.441385,44.441385,113.289103,810.144584,8527.281728,5517.83502,7014.817559
1edab19b-3101-4766-a37f-cf4aca302dab.mirbase21.mirnas.quantification,1,17484.283695,9.040478,7.910418,29.852410499999998,112.817627,7929.063892,4546.9835505,2202.674701
41fa9e7c-f44c-4f51-923c-50e2c29d05cb.mirbase21.mirnas.quantification,1,18916.063595,141.960673,152.941057,400.391843,1963.920028,7656.464583,13066.656418499999,9650.18851
0463eb32-9cae-404b-a21d-7ec7d9dc4784.mirnaseq.mirnas.quantification,1,13123.446179,18.454322,1.677666,10.904827000000001,115.199707,7499.910991,6601.6142500000005,5111.101542
8c9c4366-7cf1-46d1-93aa-fd8dd512908e.mirbase21.mirnas.quantification,1,22754.882618,5.295322,17.209798,30.88938,89.579203,6838.908793,2015.532063,4448.07076
39d60210-7753-4df6-8777-71e4c54f47ca.mirbase21.mirnas.quantification,1,32310.799475,77.535456,15.880756,29.893187499999996,174.688317,6635.353552,3389.6072595,3004.265384
acc69d43-989d-4ee9-a767-9470c099ad78.mirbase21.mirnas.quantification,1,45761.520051,6.342004,7.927505,21.404262,38.052022,3538.045283,1526.044627,1171.685173
3533e763-4ed4-45e0-9e11-53f11527eca5.mirbase21.mirnas.quantification,1,25537.300246,36.739698,103.085172,148.38557550000002,751.915369,11589.769528,10356.849474499999,8223.628477
7f81c4e4-c26a-414d-9a51-8d3a0e9aa335.mirbase21.mirnas.quantification,1,45632.459805,14.397693,43.878684,96.3274225,240.647156,5738.509098,2284.4339680000003,7138.513349
8e317da5-4672-4ce6-9890-8f74e85f0d24.mirbase21.mirnas.quantification,1,38355.210373,8.189946,11.578889,44.197466000000006,132.451191,7196.985422,3765.8217750000003,1878.321694
e4be68bd-3e5d-4f67-839f-2d95987f55b3.mirbase21.mirnas.quantification,1,16025.779645,21.498213,16.18689,65.8857,109.514426,5207.373027,2474.0649355,3121.034686
fa7aef3b-6a0e-4bfe-bb2a-86d477dbf724.mirbase21.mirnas.quantification,1,21562.291635,16.412781,68.933682,138.68800349999998,757.860184,10687.182643,12549.007539999999,10406.113761
42bf4b58-a4eb-4cc2-9786-b1fc29aab334.mirbase21.mirnas.quantification,1,30701.670362,158.049555,196.799997,223.3592885,846.849546,18102.116558,12803.537872,8621.320232
ab5523ce-da76-4318-b7f8-0a54345f8c29.mirbase21.mirnas.quantification,1,36385.674925,6.222248,7.980709,75.8843675,150.14554,9517.73929,3440.226587,1478.865933
fe023123-c1d5-4a3c-9f27-ab9310b0c008.mirbase21.mirnas.quantification,1,12017.996256,24.178439,28.114464,73.378751,381.232133,8719.232468,3133.8255985,5839.561624
659b85b2-fb66-4822-ae0c-837c3cbf4095.mirbase21.mirnas.quantification,1,34507.801449,29.845563,62.404359,175.00352750000002,330.110013,9883.403335,1811.0830145,7743.566925
69b3464d-c50f-4f4e-9334-1d5ea055e2a5.mirbase21.mirnas.quantification,1,39266.6113,10.102468,20.204937,43.7773635,141.013623,6053.062374,2270.740263,3203.324386
461be675-df9e-47ce-8b22-220edcbee14a.mirbase21.mirnas.quantification,1,26532.454601,15.850155,7.044513,96.685944,106.019924,5311.56297,3301.235009,1279.283601
cd381c51-7263-473e-a009-09587f0927a5.mirbase21.mirnas.quantification,1,8697.042511,1.393366,15.675368,59.043886,418.009813,16200.144492,4151.4470455,17170.449772
969cd5a9-33f4-4ac5-ab13-4501abe40576.mirbase21.mirnas.quantification,1,46887.615923,2.547063,29.927995,79.59573,131.173763,3724.443403,3378.3611685,2507.583881
d542fa9f-3620-452a-9667-83e3da344b09.mirbase21.mirnas.quantification,1,63803.587776,7.337318,10.358566,17.6958835,39.707837,4763.21397,1689.0936815,1002.622875
5331e896-ccc1-496b-9e13-14e11fe7a535.mirbase21.mirnas.quantification,1,37861.082517,24.055246,112.153679,283.5082545,537.962771,7368.09056,9220.5006925,2322.112238
94542316-ec50-4530-b539-125b7a38670b.mirbase21.mirnas.quantification,1,7661.81899,6.947828,12.669568,59.8739255,132.417419,34924.685549,2730.0875265,9189.523657
8cd62039-c6d1-45a4-a78b-81babddb299e.mirbase21.mirnas.quantification,1,8226.4057,36.063719,38.002628,83.17922200000001,383.904103,14348.706689,2698.1866155,15265.035372
9aa6415d-c34a-4f47-a7c8-eeeefa72c67d.mirbase21.mirnas.quantification,1,22210.363875,7.005124,47.79967,138.763266,392.905046,13135.843777,6082.920065,6965.565695
643cef15-19c3-4317-bb16-7347c7c14b6e.mirbase21.mirnas.quantification,1,184853.774125,10.204664,1.391545,9.276966999999999,38.963262,4835.155252,707.8325895,1131.789986
44022d72-6b45-4ad5-85c5-927df181405d.mirbase21.mirnas.quantification,1,94782.757432,39.964171,16.518524,41.8291655,124.155357,8953.039968,2405.0437979999997,3591.446815
7cba1d14-cd88-41ed-9cb9-d2a44e53e6b8.mirbase21.mirnas.quantification,1,28254.618869,12.588426,7.0165,27.55008,90.801761,8950.783588,2610.2410765,2854.477177
15ac87f5-7cfb-4111-85d6-5c54020213b2.mirbase21.mirnas.quantification,1,21510.018217,10.9717,12.659654,29.750186999999997,72.160028,9474.907089,1689.4308345,3724.470225
5e58b991-e07d-4224-832b-0c43bd9d4813.mirbase21.mirnas.quantification,1,24195.237858,41.452937,20.169033,59.594930500000004,239.089187,7838.253682,5287.985914999999,6612.604875
8b21277a-1e72-44d7-b498-3165b31b3f5c.mirnaseq.mirnas.quantification,1,16032.309456,352.275256,105.424854,453.1899555,22251.489901,5544.509705,1637.669194,13650.062131
7f03d36c-d7ca-4e6f-aa4f-95e92c930213.mirbase21.mirnas.quantification,1,22747.384526,30.100509,42.463218,101.768387,559.726128,10262.481812,2944.1164344999997,7821.294712
7f6c8c3c-69da-42f7-87f0-4914ee24ecdc.mirbase21.mirnas.quantification,1,41679.622159,44.782325,22.900052,46.56344,162.335927,20946.932436,7444.5526119999995,5162.180716
e9aa11d6-3a5c-45cc-b71d-f01b18587e2f.mirbase21.mirnas.quantification,1,21590.79037,90.659561,150.235844,444.23185,1850.318474,8456.378505,11267.688328,13528.996813
774aebfe-dbba-49c4-9343-0bf4f4933e73.mirbase21.mirnas.quantification,1,20187.206197,35.127821,40.146082,84.3694995,234.603664,10690.148779,5889.241979,7004.863949
f19898dc-e87a-4cf0-9a2d-683008ae54d2.mirbase21.mirnas.quantification,1,37833.551662,2.935271,6.49953,35.53775,109.443691,10835.97368,5202.663716499999,2245.69228
0de6a394-f157-47a9-8869-886b9d210b02.mirbase21.mirnas.quantification,1,16314.764357,9.990217,9.250201,23.1255025,72.891583,6958.001128,1730.157579,2582.286087
19fc5bb1-97da-46f8-a179-15a6d18df711.mirbase21.mirnas.quantification,1,62642.506012,5.719305,11.611922,28.336556,78.337145,5606.825176,2282.2625985,1941.963961
a6641781-4674-4068-a561-fb1be192eac0.mirbase21.mirnas.quantification,1,28342.763031,31.375752,66.054216,186.052707,442.012793,12541.76897,12316.3589595,6173.316904
e4d75b63-c717-45e0-a3f4-5af5ecf1e07a.mirbase21.mirnas.quantification,1,24680.49677,9.733533,28.451867,53.534433,163.223866,3317.637387,1576.4580270000001,2575.642657
bdbef11e-3900-4bb9-b23e-d90303c82418.mirbase21.mirnas.quantification,1,11805.676531,11.719208,26.605769,59.546245,451.031132,16114.54417,8079.918662,9864.722334
1b8fc655-8f38-4d99-9945-131af673f31e.mirbase21.mirnas.quantification,1,67152.128285,6.945419,11.807212,98.624946,147.590148,6771.783264,6250.8768595,1690.86219
53f0d084-21af-425e-9654-0cd8e31b0b22.mirbase21.mirnas.quantification,1,15870.033569,12.525678,22.963742,66.80361400000001,236.944069,6892.254121,5987.7958149999995,6311.897724
f9c68e7b-13e7-4b2a-90c2-6187d3b02610.mirbase21.mirnas.quantification,1,35024.582211,2.385044,1.517755,13.659794999999999,47.267228,8394.052569,2288.5577535,1563.721318
791c4662-8e8a-403e-bcf8-624a1d8d7fa9.mirbase21.mirnas.quantification,1,13465.053056,9.278507,6.647289,24.442635000000003,92.369619,8608.516091,1997.9950115000001,2950.842329
e4411582-e9d0-4816-a5ee-5eef14d82877.mirbase21.mirnas.quantification,1,34220.343551,7.092299,34.44831,37.994460000000004,117.529529,3207.745601,1067.89762,3529.938621
91e0ab4f-ae82-43f4-855d-bb9ea23dd665.mirbase21.mirnas.quantification,1,45752.783615,6.435111,25.740445,77.006832,148.436568,10710.170307,4672.534344,2358.253803
4cc2f9fb-35d4-4d7f-884e-98885b1e56d2.mirbase21.mirnas.quantification,1,12186.760464,86.579784,69.088918,139.4896515,321.831923,9381.225655,3746.9806395,8058.916231
6c4e0030-f0ed-4d0f-9329-37772530e6f9.mirnaseq.mirnas.quantification,1,39975.237706,59.814981,126.829913,248.952165,2452.137285,1525.005085,16993.200615,3696.067345
604e05f9-bfcc-49e1-8d4d-21b046d59666.mirbase21.mirnas.quantification,1,23330.993582,30.803452,12.452459,25.4783875,149.921058,9646.396029,2342.6189354999997,6932.087563
53304b1f-3547-4acf-918c-12dbdbf501c3.mirbase21.mirnas.quantification,1,57319.541857,7.41812,9.890827,46.431939,112.096042,8061.848442,3748.760899,2326.81711
ea538070-5757-4691-9d6c-d8f05a6e6146.mirbase21.mirnas.quantification,1,100754.466404,15.406706,16.947377,39.6722685,169.473769,11545.015314,4764.1387345,6698.835869
1767471f-72bd-487e-991c-5e9e70140da1.mirbase21.mirnas.quantification,1,22352.37301,5.978055,10.248094,29.463269,107.177978,7024.21411,3496.8416660000003,2505.445367
07f9e955-38d5-4d0a-99bc-42d764dc025f.mirbase21.mirnas.quantification,1,18632.368925,16.268127,13.765339,59.53062,181.809731,11193.901776,3669.6247245,3858.942822
24ad66d9-8c55-424f-a62e-05ce0e745116.mirbase21.mirnas.quantification,1,15600.541344,23.660127,65.301951,80.9176345,263.100612,12422.513084,8194.4483875,6833.04468
31edc83e-fd81-4c00-85f0-396701cbc0b5.mirbase21.mirnas.quantification,1,12953.749317,5.623618,26.07314,51.6350415,153.37141,15744.597748,3484.087205,12324.415297
a622e5c6-982b-49d1-80bd-0844bc49d0e7.mirbase21.mirnas.quantification,1,37040.414552,10.920159,10.249623,38.124767500000004,97.131945,6925.871659,2211.619663,2701.206812
890ccbe0-193d-4c06-ac56-96a2794fa5a4.mirbase21.mirnas.quantification,1,14575.555336,13.312909,10.40071,57.827949000000004,246.704847,5074.714542,3626.103619,3626.519648
51ccec28-8953-4100-bf88-955859bc547f.mirbase21.mirnas.quantification,1,28847.131451,159.931823,57.118508,113.0946465,351.850011,17792.415348,7648.739452,5641.023884
0ae468f8-e4d8-465d-b746-c8caa920e925.mirbase21.mirnas.quantification,1,27177.126746,4.73057,7.884284,20.341452500000003,44.467361,6735.386086,1801.0858235,1884.659233
b34c0985-ac8d-44a9-8b10-559279fda5f4.mirbase21.mirnas.quantification,1,9827.447776,47.782767,27.841927,82.7732965,152.754357,6803.964991,2848.342013,5061.587095
2789c608-1b42-4ac4-bd51-fc5b9cd75d4b.mirbase21.mirnas.quantification,1,20968.387432,2.351724,54.089655,94.345639,522.221096,8585.453147,6617.5442215,4701.23489
df8f9cf5-9c20-4a1c-955a-f8730da0980e.mirnaseq.mirnas.quantification,1,10627.787035,21.890013,21.333488,53.240965,763.182333,4500.809374,12449.481373499999,2152.270644
36fbbc31-27f4-46da-aaf3-5acde446e648.mirbase21.mirnas.quantification,1,9009.231871,3.308858,5.514763,17.410894499999998,71.534354,10848.326529,1991.4596805,3166.261752
aa989d18-ba34-4085-87a6-3e56ba68c193.mirbase21.mirnas.quantification,1,29566.295128,14.454376,10.249467,129.169562,87.251871,3614.382472,1199.450418,2374.985414
f91f59e9-2618-4fcf-9832-ed6470beb7f3.mirbase21.mirnas.quantification,1,6426.22942,13.105838,102.494377,322.6052525,973.192512,23563.625317,21618.0804115,11177.263857
03283a57-ebe6-4830-861c-528145d92d1c.mirbase21.mirnas.quantification,1,22604.873387,15.766842,21.022456,46.583850999999996,187.768753,8500.238892,6244.6249405,2892.021022
fc8dd1ba-19d3-4b20-b8a8-a1bb421c55bd.mirbase21.mirnas.quantification,1,17633.995072,50.504114,45.937253,95.3668115,829.825581,13661.631568,8156.0115075,15708.391393
c44ddc23-7a57-4ed0-b864-c1b0d450224a.mirbase21.mirnas.quantification,1,31287.293584,25.533096,12.211481,55.506730000000005,191.313197,7099.310791,6053.378972,4788.750636
c005b7df-5ff8-498f-a2ec-d89a46049517.mirbase21.mirnas.quantification,1,54688.090155,13.755723,17.719236,41.966611,120.304286,6962.727121,2426.835876,3610.527464
7f6fb00b-b6a9-4958-a05f-0709c46f2828.mirbase21.mirnas.quantification,1,29636.326767,86.82627,178.694066,217.34576049999998,695.7305,10989.965124,11943.653672,8387.977867
0956d6a3-a4c3-406c-ba5d-62ffed3d1b10.mirnaseq.mirnas.quantification,1,45100.664642,3.458375,28.243393,90.49413849999999,164.272799,2611.072909,24601.1485265,2029.489561
6c22c3e5-a00a-4ae4-a1a7-096efa3c290a.mirbase21.mirnas.quantification,1,27847.020688,11.276837,11.840679,20.862147999999998,78.374015,4599.257871,822.0813995,1999.383157
30671b2b-1583-4908-bfab-25a9ccb16997.mirbase21.mirnas.quantification,1,32992.734145,4.40177,30.225488,86.2746935,210.404611,8339.006726,6243.910885,1660.934584
42ae5909-0de6-4da3-a34c-ad0dd5832c32.mirbase21.mirnas.quantification,1,21030.134483,25.287434,108.416239,193.724996,1050.155154,14261.822021,12059.6353265,15675.883694
b76eea33-d9ec-4265-a346-6d8dc037882a.mirbase21.mirnas.quantification,1,44898.281064,17.52459,30.24405,73.348887,158.003961,8019.195644,4167.1778005,4738.705543
2dadfce0-12ff-450d-b48d-24901a1f392b.mirbase21.mirnas.quantification,1,7490.008092,14.100337,47.759206,87.33112,197.859569,9442.677354,2965.8467095,6214.60986
a1d221ec-a799-41aa-91f3-7e72d9bf69f6.mirbase21.mirnas.quantification,1,39295.893669,22.861675,17.458006,70.0398585,114.724041,10875.090875,6259.31873,9224.062287
6a970093-e44b-4275-917d-dea708048c67.mirbase21.mirnas.quantification,1,18845.677193,3.601118,36.011176,119.865771,589.683004,10834.219465,3613.078436,8903.120163
4b9044c3-ebe6-4eaf-8057-2fcbe36cf0cd.mirbase21.mirnas.quantification,1,35965.177973,13.839605,26.492957,41.5188135,97.272649,5505.394678,1857.8680525,4122.620478
3ee13f70-4393-4291-9562-b5b8a7aca80b.mirbase21.mirnas.quantification,1,70063.753184,17.788277,5.692249,18.4998075,56.210955,7333.750765,1655.0212745,2176.573551
413baf4c-c1c7-42a9-95e0-7b78a0c55e00.mirbase21.mirnas.quantification,1,30012.359436,4.033961,21.100719,74.3179735,174.701541,8831.581819,3613.0326729999997,1804.732084
7338f263-0842-4c79-9363-84a67a8e5a1a.mirbase21.mirnas.quantification,1,17855.876493,21.88011,21.569754,35.768548499999994,131.435836,12230.515801,1611.5243935,3129.010869
fda26b22-b0f8-498a-b627-f105d010f051.mirbase21.mirnas.quantification,1,30158.906633,18.26513,30.177172,64.325024,194.563344,9080.152156,3835.6773585,5202.385585
0b71fcd9-5e03-40e5-ba24-ac08f512ba80.mirbase21.mirnas.quantification,1,20520.296686,9.445165,10.944398,30.7342685,75.111554,4927.527845,1394.5112195000002,3051.837917
2ce363dd-85eb-4d73-8f77-fe8c072203c0.mirbase21.mirnas.quantification,1,26095.064676,21.046603,36.020056,67.904088,232.455013,7894.570134,3303.5836289999997,3294.788034
d6a86f8b-ee8e-4e53-9590-b69a4ad551e5.mirbase21.mirnas.quantification,1,22547.747511,42.392359,64.004149,199.493453,688.252412,5692.213189,4810.701494000001,7312.266271
5861fadd-0879-4697-a1cd-43e77b205c26.mirbase21.mirnas.quantification,1,46758.408744,29.397533,32.663925,62.528085,251.045596,9125.834038,5260.2918195,3664.892393
f090eb94-1318-46ef-b01a-23bb11eb3844.mirbase21.mirnas.quantification,1,59499.253711,15.836379,15.04456,55.625279500000005,120.752386,9649.105443,4919.7689470000005,2366.746772
255352ba-d945-4ec8-8912-d90f3bbec754.mirbase21.mirnas.quantification,1,65063.694134,53.47884,47.629592,113.64253550000001,178.819872,16772.301303,6851.1408125,3800.340092
1136e4a5-de19-4bdf-9703-ca0eff84e21e.mirbase21.mirnas.quantification,1,21759.691866,169.03313,411.187334,1222.641323,1833.724579,23665.587893,28675.8058515,12692.678776
907bae18-6d0c-4342-9aaa-41009cdb3d62.mirbase21.mirnas.quantification,1,19588.234872,11.33434,16.845533,61.2990215,327.344053,10440.174807,3969.6705545,6180.230769
9fd5a379-821a-48c9-bbb2-1d60e8031577.mirbase21.mirnas.quantification,1,17065.792523,7.282411,32.114238,98.4319295,685.859838,10747.286377,4745.684485,7958.719953
f3b3aa58-337e-49ae-a8b5-95d19dc4e61b.mirbase21.mirnas.quantification,1,18765.46362,6.040158,19.752948,47.994766,188.550865,8127.929885,2513.9299095,5264.242202
6f8eb16a-a2f9-4362-9fdc-6f303e7b51f8.mirbase21.mirnas.quantification,1,16260.903302,6.691412,18.658745,45.231371499999995,106.80523,6888.937359,2882.5830910000004,3308.903245
a3346c80-55af-40cc-a4a7-1c4a3726eb12.mirbase21.mirnas.quantification,1,57175.264184,25.003429,40.157022,84.860121,307.617939,5487.116036,4295.664784,3538.363973
2f749e68-ca99-4208-8576-442f1e38e790.mirnaseq.mirnas.quantification,1,113940.088248,4.104027,18.761264,65.078135,80.907951,2135.852658,19729.814345500003,1451.066519
bfd9eb35-ba0d-4c4c-b466-60bb5a197723.mirbase21.mirnas.quantification,1,19066.557577,13.769084,33.335676,127.545197,152.909299,9504.291244,3342.626257,3866.938473
10ab1524-da3b-4b37-8884-5db813817208.mirbase21.mirnas.quantification,1,51340.365326,5.978569,5.978569,57.3942645,83.102112,9010.89953,6164.801652,1348.765216
48893613-7bf0-49f7-85bd-66a14889d0b6.mirbase21.mirnas.quantification,1,15712.254277,14.4947,6.484471,21.5513295,81.246605,10174.897622,1424.6763865,4931.249352
dde887a7-33ba-4274-9583-45c20e41d213.mirbase21.mirnas.quantification,1,21946.49124,3.841561,8.381589,40.336394999999996,91.149776,9216.604346,3415.3227315,2062.91849
11824803-f146-45e2-8e99-167cef6c6d37.mirbase21.mirnas.quantification,1,31076.134485,2.610124,3.262655,15.06259,56.878949,4036.66528,1388.4227525000001,957.806696
d1371288-4cf3-4d3a-9442-fd9966d32e81.mirbase21.mirnas.quantification,1,67225.336127,15.000075,10.454598,36.1365445,118.636957,9795.048975,2222.7383865,3068.651707
4b694316-e8be-4dad-962f-a0f1b063ac9b.mirbase21.mirnas.quantification,1,33225.123731,14.276122,19.884598,45.3776725,98.913128,3979.468898,848.4095125,3521.613283
b72ced9d-ad0a-42cd-8a28-565a462f9d7b.mirbase21.mirnas.quantification,1,20915.065332,11.020045,20.57075,38.570156499999996,117.792034,5834.746348,2086.0944664999997,2452.572176
e7a00fda-0d05-468f-b6a0-18653e961da7.mirbase21.mirnas.quantification,1,16828.615771,3.843027,6.503584,32.0744955,153.12985,7267.755524,3724.1888995,2813.982706
76c0b52e-617d-4b07-a295-2f9ed77aa2a9.mirbase21.mirnas.quantification,1,102102.565855,20.499505,15.716287,45.4405685,106.597424,8898.151628,1692.2341045,4314.4624
d14aed54-631b-404d-9630-4a36d40d31fc.mirbase21.mirnas.quantification,1,40477.236237,6.610327,6.610327,36.356798999999995,108.703157,6896.774601,4255.2144465,4971.700455
24a4baeb-27ea-4e5c-ab91-fe315a963a67.mirnaseq.mirnas.quantification,1,21558.680465,1.645844,30.800802,61.131363,239.587918,4891.214389,24245.991663499997,2641.345116
d51b0428-1d4d-45bc-bb61-e290845d6423.mirbase21.mirnas.quantification,1,55577.547585,6.927067,5.406491,18.3313845,51.361667,6529.689831,1772.653325,1319.521776
b9ae9879-7540-45b0-ad92-7a49e8d338dd.mirbase21.mirnas.quantification,1,23353.087768,8.80584,7.044672,27.298104000000002,21.134016,11931.913245,3074.9993395,1532.216166
75114e6a-dd8c-490c-99c0-a8adfb45eedf.mirbase21.mirnas.quantification,1,20699.263988,8.306508,8.306508,24.6426405,115.183577,9301.07381,3111.6178695,2146.401648
bf04b853-9f33-4c8d-94b3-4a5533426a38.mirbase21.mirnas.quantification,1,11987.749024,17.52931,10.919898,25.288185,74.14036,6193.306332,1656.2324165,4723.717961
61fcb71c-2425-4514-85f7-7f1e63c9faab.mirbase21.mirnas.quantification,1,40082.658009,3.765398,17.697369,49.3267095,162.665179,14376.664776,2391.9688585000004,6793.906984
83aff49e-eb9a-444e-8f7b-75eab336601c.mirbase21.mirnas.quantification,1,26441.32776,6.851289,14.681334,40.1289805,89.800828,6425.285956,2155.953942,3086.995225
10660095-038a-4286-8aa8-25b0407e1db8.mirbase21.mirnas.quantification,1,26101.574192,9.690691,26.043733,59.355484000000004,148.085876,6796.202945,3476.535505,3343.591334
e13d83d7-5eb9-4f01-b554-072c580cd183.mirbase21.mirnas.quantification,1,44295.274001,8.478064,46.95543,77.280811,224.342608,3371.008544,2205.2747905,3147.970254
44044eaf-2421-47ec-ae80-8e3dfcfed1d2.mirbase21.mirnas.quantification,1,18002.614125,16.852278,13.818868,75.6667265,101.787757,8698.808679,3577.2329775,2151.02472
d7b87911-9d07-4f76-b450-d7b0896b675c.mirbase21.mirnas.quantification,1,20217.015757,10.067691,19.77149,52.825055,89.153652,4510.204394,1879.3225875,2567.50387
a433ddc2-90cd-4442-9342-24b820a13332.mirbase21.mirnas.quantification,1,55699.5237,26.657603,20.505849,67.66930049999999,153.281218,8061.874347,1399.7804845,5498.130636
b03df3ce-6f92-4383-8f9e-fc8bbbb77757.mirbase21.mirnas.quantification,1,33885.226162,3.429584,9.976972,32.425159,129.388854,8400.610341,3891.019042,2091.734515
508f1179-38e7-4ece-aabe-2c0c654f52d3.mirbase21.mirnas.quantification,1,36131.446154,11.285088,50.676435,181.2001925,370.491581,19956.507695,8199.255482,4931.796546
c530a730-ab95-4b97-9cbd-dc7249e087c7.mirbase21.mirnas.quantification,1,23500.774375,7.203486,24.011622,53.726003500000004,320.555149,4288.475622,2818.6642334999997,3808.24319
11bde15e-dd46-4f42-951b-f27e84cafb88.mirbase21.mirnas.quantification,1,28462.802587,14.036901,12.842271,44.4999615,112.145876,30430.208605,3630.8534065000003,7050.854646
da6f6fdf-aff2-45df-8f58-6fde26a45fd0.mirnaseq.mirnas.quantification,1,57861.275687,2.655786,16.266689,47.970133000000004,463.102668,6942.556347,21961.523638,7016.586379
0cf6e812-a0dc-411b-96b2-92ad36bb00d9.mirbase21.mirnas.quantification,1,18309.623697,8.349033,29.124534,67.37475549999999,339.980393,8403.010545,7043.1860535,4710.019636
90e83adc-6d01-4959-b6bd-08d156f45b0f.mirbase21.mirnas.quantification,1,37862.945562,22.256952,59.997,95.8016615,245.794162,5657.136498,1776.2015125,6607.411565
edd4b22b-6ffb-48c7-bcca-7aa6f0cc4ad5.mirbase21.mirnas.quantification,1,19891.69813,22.836866,27.167996,83.669554,448.468808,8918.583815,3587.159854,8123.230881
589dd6e4-a03e-44bf-bc11-451602e4d22e.mirbase21.mirnas.quantification,1,22422.601032,12.266737,5.304535,24.367708,66.969755,7516.857647,1563.511695,1434.876721
59d615a9-1667-4626-acdb-1a1a32adf0e3.mirbase21.mirnas.quantification,1,19287.829395,28.245434,45.084059,76.5885815,253.665728,8947.556105,4710.0619745,5948.379839
d115579a-8f0d-4922-bb55-970f659a1a73.mirbase21.mirnas.quantification,1,7728.516263,3.984831,12.854295,33.9353385,180.4743,16995.177454,4037.5982985,11440.193915
977455de-d39f-42f0-9ab3-4e2741704c1b.mirbase21.mirnas.quantification,1,52880.828615,7.580829,1.516166,26.911942000000003,115.228596,5067.025897,4490.5038745,1626.087754
d7c03f58-32b9-4dd4-9725-4c3880478dc3.mirbase21.mirnas.quantification,1,20388.379197,8.18136,18.372176,68.034466,270.128406,9577.214597,4388.0795005,4799.013414
b4596432-835a-4971-88e1-c91301719f7a.mirbase21.mirnas.quantification,1,54060.481676,19.599108,23.694443,47.681411,112.914262,9909.250281,2257.7001824999998,2610.191594
ced57638-13c8-41f9-82eb-b332db7aca02.mirbase21.mirnas.quantification,1,41146.888541,17.240316,12.538412,32.652114499999996,108.666237,6604.608493,1379.7477485,3267.30118
1f4d0bb9-23e8-4ba0-93cb-8e5efdcfcf9a.mirbase21.mirnas.quantification,1,28036.300444,3.917717,11.75315,44.494068999999996,161.745735,10217.96497,5325.0165805,1780.322428
769b23dc-7cf7-4b57-afbd-d220597620ec.mirbase21.mirnas.quantification,1,47127.106289,3.704112,20.372615,43.368976,147.547122,17223.811389,3081.3580384999996,3197.265872
a676f98c-182c-4373-b71c-f2b5c15b747d.mirbase21.mirnas.quantification,1,14352.855589,29.731446,32.518769,56.443292,188.608861,24824.828359,5999.016075,7217.773087
05c7864d-5627-4a55-82e4-b4d10b761e43.mirbase21.mirnas.quantification,1,25477.899308,49.111307,13.686758,53.3380995,258.035636,5653.838552,7025.5334514999995,3534.806431
e5c5f2ec-9f3a-478f-85fb-79dedf9f13f0.mirnaseq.mirnas.quantification,1,37627.963632,16.108488,3.807461,21.0874755,58.869202,8260.725544,6928.4071425,2490.958013
fa4ee535-3a98-4a4f-8f47-cfd5300de095.mirbase21.mirnas.quantification,1,33128.569003,5.005103,3.128189,13.6597605,50.155304,5022.412435,1362.274369,1711.328175
2d937f70-5fc4-4481-9d91-7a137bf551ce.mirbase21.mirnas.quantification,1,60803.572063,8.880427,9.590861,42.981266000000005,117.932068,7678.372253,3246.50644,1698.292827
02b0e3da-a3b0-4ad3-8001-ddd45cebf381.mirbase21.mirnas.quantification,1,38547.647729,19.160439,21.189192,65.596327,204.453157,6390.795415,4553.872843499999,3785.877359
710a638f-0d90-487d-8567-4975d895f09f.mirbase21.mirnas.quantification,1,9811.648233,22.433371,34.830761,65.23388249999999,299.898755,5061.086661,2777.9007675000003,5107.724459
a0da8c1a-d570-4386-a5f3-87e36ebf0869.mirbase21.mirnas.quantification,1,21131.711448,24.46609,31.456401,83.00994800000001,144.549654,8059.579423,2877.8862495000003,2867.275956
18d4f9c3-6002-4cf8-a13e-c94b63fa44a5.mirbase21.mirnas.quantification,1,31819.733223,3.974486,9.439404,36.267183,176.864618,6362.654937,5171.551227,2440.334274
014baf8e-92f0-4f45-8c1d-cfa6be214f97.mirbase21.mirnas.quantification,1,62948.310268,28.460348,7.892365,39.8205705,120.537944,13218.755321,4009.5607634999997,3637.423779
b7a53859-d144-4242-b6d6-0e64f7c594ca.mirbase21.mirnas.quantification,1,19976.731922,13.425505,13.705203,33.4239135,148.100102,7941.885464,2197.867051,1950.614
e2c48792-9490-4dff-80af-5d9d9be528da.mirnaseq.mirnas.quantification,1,46187.911721,251.045377,13.992248,68.62540949999999,4242.866116,3936.349854,587.8102524999999,5420.660174
0c941315-8f00-4ef1-bf7e-b1fd84ad9018.mirbase21.mirnas.quantification,1,31367.23402,15.466513,34.370029,70.74497600000001,286.416907,3659.835242,3502.5923595,5028.335225
5ef7bc9b-ced2-49b9-95a9-f4cf6a2e7c0b.mirbase21.mirnas.quantification,1,10479.156152,6.359117,76.97879,116.304911,665.699188,13300.26146,5776.2541185,11057.835838
aca6f2fe-93bf-4e13-b634-4fa3390fd13c.mirbase21.mirnas.quantification,1,17084.625572,16.637881,7.787944,29.9127855,110.093211,12001.575997,3358.373934,3293.238401
a6d451b4-086a-446b-9048-11ececd8ba66.mirbase21.mirnas.quantification,1,20626.04008,16.774717,22.112128,45.367986,286.313927,12653.474368,5250.677184,4297.75886
0a1ccbc8-fb0f-45c9-b30e-de9b86d4bf85.mirbase21.mirnas.quantification,1,27276.238335,6.53866,19.61598,59.065895499999996,323.881628,5861.254865,4126.984265499999,3761.473169
b8a56619-9b99-4045-b747-b1e595c6f506.mirbase21.mirnas.quantification,1,9848.950018,9.824389,48.303246,103.5654345,519.055221,9764.624012,6621.2288675,10820.745835
999cfdd3-ebd0-43e5-b13f-3e9d2feb7522.mirbase21.mirnas.quantification,1,21262.780844,19.734109,31.285783,44.040756,92.41339,13161.206977,1692.0795465,3943.452632
ea72660d-3210-4ea4-b6f8-1cef11a826e6.mirbase21.mirnas.quantification,1,49298.473966,22.308654,33.260174,44.617307,143.992219,8260.691625,2452.7350610000003,3242.867011
62a0603d-8265-4107-b43f-1fa9fc0b8727.mirnaseq.mirnas.quantification,1,34200.48002,7.051083,21.380702,54.247845,196.74795,4438.997673,30472.845598499996,3970.669316
53cad709-2dd8-48a3-930d-43bfa521874c.mirnaseq.mirnas.quantification,1,26949.063631,5.430432,8.145649,30.1388995,110.78082,3487.966705,16185.132128000001,3725.819642
322dab3b-6516-45af-b25e-00524b73e861.mirbase21.mirnas.quantification,1,15154.58467,10.994115,7.720586,31.59264,136.623497,10036.70058,2140.1774375,4049.725518
4d0da178-dfbf-4592-8a08-02fabb02cccf.mirbase21.mirnas.quantification,1,26367.616182,51.596925,9.128687,26.989161,91.286867,9035.812235,1394.704568,3899.536818
6fa9ace2-c2e7-4974-a7ce-07cb85e191e6.mirbase21.mirnas.quantification,1,10880.602037,7.229407,12.221141,27.9709205,93.638036,14788.440866,2374.085674,6116.250588
2cb2115a-f00c-4d7f-a696-c9e1bc2e0227.mirbase21.mirnas.quantification,1,6820.265637,13.852943,21.425885,27.52118,56.335302,5880.297273,1055.5019085,3703.168741
80a9b510-e77a-4c8e-a236-dbd2187ad8be.mirbase21.mirnas.quantification,1,26031.670691,8.598689,52.452002,144.4579735,487.545659,10301.229269,10289.6210385,11059.633627
cf72c0cf-6136-4a13-8855-1cadcdf6ecc1.mirbase21.mirnas.quantification,1,18054.643411,8.575282,13.107931,36.016183999999996,121.033978,13140.271888,1918.5355574999999,8447.510149
a20be13d-35dd-4165-acaa-c521a59bd5d7.mirbase21.mirnas.quantification,1,65936.487183,10.030888,8.301425,40.9882845,117.94941,9995.26127,4176.654318,1769.932931
d4a86ef1-506f-4dc9-904d-69394d0c3dba.mirbase21.mirnas.quantification,1,10046.575664,10.81696,113.794414,183.239294,1082.561309,14420.521416,10772.8263265,14087.142724
d0800a33-95a4-4f7c-89ff-3b2f710b19ff.mirnaseq.mirnas.quantification,1,36225.089829,364.872092,4.001823,32.073434,2626.019759,12339.50336,338.624842,9195.36523
13fb132a-d9af-4917-9e7d-a4d25fb08e9e.mirbase21.mirnas.quantification,1,32663.850109,11.3517,35.891406,59.346022000000005,294.142589,10032.399088,3880.9460369999997,4466.560228
926f76a2-80fd-4953-bd2d-45f6527ea7f6.mirnaseq.mirnas.quantification,1,61849.059549,2.059164,5.559744,20.694601499999997,44.066116,2952.841636,9129.099101,1490.629052
31ce585a-95d2-4b0b-b9cd-d4f86f994ef0.mirbase21.mirnas.quantification,1,9691.772974,7.161409,21.782618,40.879707499999995,120.550378,10094.303816,2938.4154664999996,4591.656482
e2d9e24b-17c5-4c7a-8bff-209a4c74d35a.mirbase21.mirnas.quantification,1,48941.941238,12.673304,11.78912,29.178071,101.38643,4419.446271,1405.7051675,1183.627624
773202c8-abfb-47e9-9ab6-a41916ae8641.mirbase21.mirnas.quantification,1,28006.54996,22.846225,35.199126,75.7777415,347.740801,9897.994261,4877.536263,6079.752453
7fe85577-b739-4772-bdf2-fc8280d7905a.mirbase21.mirnas.quantification,1,14686.62441,9.772687,10.922415,41.7734475,228.795855,11995.686221,2633.2601725000004,4213.561194
5772ead7-f94b-4ba1-b568-0f1fcd150ce3.mirbase21.mirnas.quantification,1,31726.913398,47.867102,29.916939,53.8504895,168.133195,7136.984875,2347.8813419999997,7398.458919
9a2619fc-ff90-4b2c-8fe4-7ef7fbc41f87.mirbase21.mirnas.quantification,1,32718.941943,8.398915,12.490694,31.872805,91.31128,6199.691308,1435.4606924999998,4433.765619
d48be7b7-f1f7-4592-afd0-0c02a4b6a137.mirbase21.mirnas.quantification,1,23939.931154,12.667689,42.670109,72.0058085,165.346671,6545.194646,3275.2642045000002,5140.41466
59fb15e8-01ba-4b12-9c9e-f4da8b5a7604.mirbase21.mirnas.quantification,1,38173.015447,33.955126,21.532519,56.315819000000005,279.922748,7086.683296,4072.130626,5998.462909
ac40e8b0-eb84-44eb-b2e1-12fe5d065f00.mirbase21.mirnas.quantification,1,9686.147407,10.70856,62.211634,87.1982735,416.274019,16312.876244,3783.521192,8551.889942
31268895-fd75-451e-8044-e1223555b79c.mirbase21.mirnas.quantification,1,12594.130861,2.466149,22.359753,51.953544,348.54909,8859.558885,3011.7436385,6162.249273
d089e289-4058-4944-b01d-b7ad882bd4e7.mirbase21.mirnas.quantification,1,25026.688178,23.135262,18.885929,92.5410495,175.639135,8267.315209,3254.281558,2942.427663
d1d4a7a2-ae22-425a-9893-806dcd0afec9.mirbase21.mirnas.quantification,1,54991.842149,2.741716,5.732679,30.781992000000002,82.251477,10542.645397,2876.5584785,1942.630342
c507895a-d057-407b-897f-ca5e1009063c.mirbase21.mirnas.quantification,1,44317.830759,5.2629,0.52629,7.36806,28.945952,5981.812469,996.7933149999999,1419.404208
daf3b479-79cc-4f4e-b136-923ef6156e48.mirbase21.mirnas.quantification,1,15123.26346,22.352467,18.193869,110.4627745,153.868146,7096.128605,2262.797437,2427.581905
513a912d-ce2b-45b6-9880-f1d17dfc2d66.mirbase21.mirnas.quantification,1,23396.709066,18.798969,8.355097,34.2907115,89.817295,5493.128281,1141.167026,2776.329174
c231b1ae-ca2b-44c5-8ffe-b5db40b483b6.mirbase21.mirnas.quantification,1,8605.449314,11.370108,73.73343,160.21516350000002,1036.058059,12721.084005,11952.395767999998,13338.515346
ebaf51d0-54fd-455b-91ca-95498917d93c.mirbase21.mirnas.quantification,1,10075.388932,22.529939,47.688372,95.564493,230.93188,12345.280334,6159.309953,7348.890757
cacdfa02-4525-441f-8d63-3324b654a903.mirbase21.mirnas.quantification,1,19913.384871,30.521648,76.967634,116.11496600000001,231.566417,13747.348432,6606.9415515,4661.186483
01629488-8b88-47fc-804d-dd5b78191c87.mirbase21.mirnas.quantification,1,22305.073458,22.57925,46.895366,117.9827845,455.554979,9771.604682,3599.7775819999997,6503.072143
2ccae740-882e-4b4a-8f29-08e107b3cba5.mirbase21.mirnas.quantification,1,39722.820195,6.501989,10.294816,88.31868850000001,134.916279,9042.641672,4891.121479,1754.995289
00574710-29e7-4df3-a26d-7cdfd19aef31.mirbase21.mirnas.quantification,1,17765.103108,28.329147,68.619489,176.165325,830.148927,22988.368262,12423.6949185,22803.074657
3eabf0d9-237f-4704-a8c3-b271e111d698.mirbase21.mirnas.quantification,1,22174.194466,16.352931,11.409022,44.6853355,108.005406,8595.557023,2414.1490125,2150.98091
a69aabab-de10-420b-89ca-722c2f9a7b27.mirbase21.mirnas.quantification,1,11920.801982,26.601511,39.237228,77.4769,226.777879,7538.203095,5437.016267999999,4578.119991
86f15dc2-5cd0-4c70-ab8a-31c039a964fc.mirbase21.mirnas.quantification,1,22320.536384,11.057272,13.104915,37.0623365,67.572216,10223.881086,1344.072811,3942.122144
44529a9f-4f49-470c-887e-6f22d149cfd1.mirbase21.mirnas.quantification,1,33298.112891,13.36277,22.907605,33.645545,167.989104,4001.195013,1781.066292,4987.176514
5d97e2ed-7cc0-4554-8d68-484739018878.mirbase21.mirnas.quantification,1,22130.472094,9.053525,12.53565,52.841248500000006,333.239374,6347.914094,4993.1062624999995,5290.915014
ff7e0bf4-8d4b-43b0-9b7a-4fa073bb3a76.mirbase21.mirnas.quantification,1,11654.395947,7.63068,18.783212,26.120404,69.850069,12814.846251,2816.0143315,3374.521395
3040fbe6-fd9a-4586-956b-378ec47ec7eb.mirbase21.mirnas.quantification,1,10947.280203,21.56796,97.055819,119.0089215,494.522508,16038.859301,4317.828538,12131.207143
139c0f7b-8b5b-4717-a24e-4b7e9b1ef711.mirbase21.mirnas.quantification,1,25918.652992,19.464905,19.691241,106.6043065,187.179961,15849.41225,7872.7619890000005,9370.088506
121dd872-3ed8-4cc8-9db2-63aa2338b95a.mirbase21.mirnas.quantification,1,11521.766096,5.332697,7.158963,28.5993255,205.564501,7331.946637,2335.7942144999997,3076.454654
fde057d2-bda8-4511-b82e-7959669d3281.mirbase21.mirnas.quantification,1,8285.566796,25.236144,18.025817,41.9100245,130.011205,4893.333354,2607.772417,3581.053875
5d1af6d4-4921-40e4-aa71-ab370c80f6b5.mirbase21.mirnas.quantification,1,14760.603132,48.640693,72.653187,132.2226425,758.240672,14245.873776,6163.822469000001,22223.563091
7d2e8508-fda5-474c-a549-afeb55719e5a.mirnaseq.mirnas.quantification,1,100544.839539,10.20681,20.413621,48.176145000000005,205.769298,5878.306241,22127.344249,3953.710074
c2767263-4c29-45b0-84b4-1e351b52486b.mirbase21.mirnas.quantification,1,37581.957892,3.439783,5.362015,41.327983,112.602313,11128.912551,4325.830829,1445.922967
9863cba2-cf07-451a-86de-2d1bbb647c94.mirnaseq.mirnas.quantification,1,41757.298532,4.390015,7.024024,33.1885155,63.743022,2848.768715,8515.839438500001,1876.468131
b47d9fb2-f0ba-47af-a6e3-06d522eb4495.mirbase21.mirnas.quantification,1,70438.797589,1.931894,3.219824,6.117665000000001,43.145639,11366.622018,1191.6567925,1116.634898
f4ba1e3b-d34f-4217-a1eb-a08469dd1bb8.mirnaseq.mirnas.quantification,1,65060.462146,0.79818,13.569063,36.516741999999994,142.076067,4105.439598,13156.602944999999,1902.063296
09a134b4-fe6d-47a9-94d3-f267a411c8e0.mirbase21.mirnas.quantification,1,7098.181203,25.827098,17.692579,52.9252135,238.443086,12187.339597,1652.0699505,7533.784691
b5800e72-e622-436c-9d60-85fd360877be.mirbase21.mirnas.quantification,1,51246.126154,17.648313,7.516874,27.452932,83.175847,7762.479849,2406.461897,2273.854432
2cd420e8-e596-4572-a202-cb6d8f68e450.mirbase21.mirnas.quantification,1,24102.326962,21.329493,23.889032,109.6335935,308.851057,8780.925632,2940.0572995,6002.972478
6b3b3af3-1050-4e42-9d1c-a3ac79087729.mirbase21.mirnas.quantification,1,23279.492848,19.526594,11.940723,39.8960625,303.575319,7213.882369,3130.1551435,5647.259527
4b099e07-7a5a-4dc2-be63-c4971e3c3d8b.mirbase21.mirnas.quantification,1,56356.619315,7.959205,26.809955,87.551258,230.398048,7510.976372,4190.7310445,5423.15115
763d5de0-c5f7-4595-8f14-a4b70ecfa455.mirbase21.mirnas.quantification,1,19235.571461,32.90375,48.572202,135.23833,375.847002,7104.076324,8947.371823000001,6754.082268
b3a44bbc-15e3-4998-a67f-0cde43085d23.mirbase21.mirnas.quantification,1,72601.326352,11.686243,2.530011,20.962951500000003,66.503156,9802.709714,3238.5952505,2006.058052
a4bea721-0bb7-4c67-b6d4-85a6ab36ff6b.mirnaseq.mirnas.quantification,1,37861.177197,4.864558,6.161773,29.025194499999998,59.347604,3137.315439,9063.157525999999,4145.576106
75dde8f6-5169-4282-85b8-3c6a18186cbc.mirbase21.mirnas.quantification,1,13506.382027,44.162436,49.488559,82.22202300000001,239.897454,12582.965461,3630.5295145,6841.848768
fa0ef08c-c0b9-4fff-83d3-81bddca9e86e.mirbase21.mirnas.quantification,1,12871.072445,3.580038,6.921407,18.7952005,97.854376,6928.686476,1358.2664690000001,2752.33332
152cf2fc-15cf-4d68-b0b0-1aa8b98cfbc6.mirbase21.mirnas.quantification,1,47214.896056,0.451806,6.099386,40.323719499999996,83.58418,6638.391117,3623.1483,1843.595927
0f4ac580-9347-4e38-a519-35ee339565a3.mirbase21.mirnas.quantification,1,8107.31609,3.90481,50.018762,114.35516150000001,665.11937,17618.690431,9952.89683,11385.869272
d70152f4-d138-4d78-afab-ed6b14abe24e.mirbase21.mirnas.quantification,1,4824.424171,40.552516,51.41953,129.8078085,473.510262,12730.441992,6184.457493,9176.928375
4d70b2a9-7ca6-4784-9e9b-15562a679821.mirbase21.mirnas.quantification,1,25617.085468,4.925145,18.293395,74.22896850000001,125.942989,6922.642861,3376.186784,2081.929081
20b0fead-adc2-4425-9348-e94c7b80c1dc.mirbase21.mirnas.quantification,1,13800.883455,53.863887,111.202863,140.3067375,460.883741,6089.225529,11755.576107,4659.660597
176658d5-f8eb-414b-87d7-444271766d75.mirbase21.mirnas.quantification,1,14349.733495,71.17482,88.07884,129.0043625,603.206604,18647.802967,8177.0971885,9945.791477
1d2d52e1-3f4e-4e28-95f9-17241ffc2a55.mirnaseq.mirnas.quantification,1,18135.357471,4.865715,1.510049,13.003203,157.045135,4598.603708,9317.5080155,5386.17835
e166435e-ba24-47db-aabc-8dba6769f171.mirbase21.mirnas.quantification,1,14380.165626,10.70332,19.877595,45.361690499999995,126.401116,6415.621139,2932.7097545,3349.884404
b4c2367c-af7b-4e74-9ff5-b617a7369b8e.mirbase21.mirnas.quantification,1,22846.828415,60.464946,159.587807,158.596579,939.68473,12185.173401,9764.0975015,7756.363936
053491a2-e50a-49a4-905c-ce3a657e2d3a.mirbase21.mirnas.quantification,1,14903.34189,1.879975,20.053062,47.939352,344.662008,9580.193841,3448.970048,8198.882512
d88c989c-d8f6-427c-96b4-a5ebbe0bcbe5.mirbase21.mirnas.quantification,1,35054.491947,19.361392,13.829566,42.6987845,193.613921,12595.968543,5572.7964145,4957.553605
6f1c0725-e839-4553-b825-08c855fa6f70.mirbase21.mirnas.quantification,1,18980.565874,17.833291,77.277594,105.21641600000001,191.410655,12101.076715,2404.2248255,3900.140705
bfab446d-3706-43d5-8c53-4adad5e1d6b5.mirnaseq.mirnas.quantification,1,63187.524347,5.744516,17.951613,60.31742,59.599356,3896.218134,12213.3800555,1721.200676
9c5a4981-efd2-4c35-b6bd-a15fbf44f7c8.mirbase21.mirnas.quantification,1,30230.326586,22.357698,10.876718,50.455885499999994,165.869947,12699.776604,3643.2472804999998,3549.133458
00cdf835-e345-4027-a68e-64db83d1a01f.mirbase21.mirnas.quantification,1,14033.836138,9.504978,40.13213,93.465618,244.225132,5229.322118,4733.3470805,3953.014781
14e2ecdc-9674-42a2-9dff-e6999f5618c4.mirbase21.mirnas.quantification,1,19492.011379,1.967641,2.810915,14.61676,51.720842,13887.327269,1577.6262379999998,3201.913671
d5697403-cbe5-4410-8515-a63c2cf9597d.mirbase21.mirnas.quantification,1,23556.296678,5.791564,22.943505,91.43988949999999,396.722153,8762.191243,5482.161091,7172.406849
ff5cd2c4-e5de-4eb8-b679-e65449ec323a.mirbase21.mirnas.quantification,1,39909.748782,43.474672,20.911867,72.3660675,225.077732,5083.234736,3605.0958920000003,2407.06601
b4a647b8-2900-49ac-b331-e542d890207b.mirbase21.mirnas.quantification,1,28940.246982,13.078667,25.588696,94.96249549999999,168.885396,7271.738877,3996.10142,2408.749287
74bc4c21-de20-4fa8-9cb2-4cacc50337ad.mirbase21.mirnas.quantification,1,22064.587862,22.801848,59.176224,73.291653,203.587925,14630.642643,2825.5289485000003,6196.673536
03f9932a-cfee-4671-8128-0110f58168e8.mirbase21.mirnas.quantification,1,21177.141411,26.927939,29.620733,63.7855565,201.959546,11665.183386,4365.860489,5311.536064
d2a22372-6fd9-4aa6-88b0-7bebb8a156d8.mirbase21.mirnas.quantification,1,25325.6847,9.572314,13.826676,49.191059499999994,131.353424,7857.806462,5485.2019995,2022.417297
3d0c9888-3f92-4204-8b82-0d1f325d2aed.mirbase21.mirnas.quantification,1,26334.79019,52.231755,75.659234,81.036032,168.216977,10033.105716,3798.708032,3841.722419
0c7574f5-083f-44d9-9d12-b624c6bcf904.mirbase21.mirnas.quantification,1,131861.766085,14.40712,9.604747,15.0074165,49.224327,6324.725679,1656.5186515,2727.147756
ec83ce8d-52e0-4dce-99c8-76010ac44cdd.mirbase21.mirnas.quantification,1,15361.738898,8.364682,23.899092,36.5208,134.581762,9880.631504,2000.652744,3505.996805
e59acc4e-0c40-49ec-875b-d5b80af8f180.mirbase21.mirnas.quantification,1,34467.487145,31.501413,19.147918,58.370265,166.772186,12704.952207,2224.864498,6264.45745
54518ec6-e4d3-4af5-9c0a-1494cc61b0fb.mirbase21.mirnas.quantification,1,22437.587955,14.349926,4.819822,25.851775,102.311685,8425.378249,1894.190219,1489.215593
bda0acf7-f1dd-4ef0-ad3f-dd3da5cbd4f3.mirbase21.mirnas.quantification,1,17287.064687,14.256197,67.479333,175.351225,648.181765,12113.015528,8754.255475,15813.924313
9470299b-61e0-48d9-ad8d-28404cd6bfa1.mirbase21.mirnas.quantification,1,42417.877744,20.493869,38.772185,54.2810585,142.349306,12273.611983,4006.8283355,3419.152795
70a0f0c1-8544-4712-8f6c-7cb8c541f8fb.mirbase21.mirnas.quantification,1,3897.329739,12.447488,29.536413,92.7232405,341.145574,12397.276574,5879.2230739999995,9290.889789
e24f91ab-ae1b-45b5-98a7-f1f9308bba96.mirbase21.mirnas.quantification,1,29704.277227,8.571426,56.571412,109.71425450000001,184.285662,17427.423592,5173.7128075,8823.42605
5af377ab-7c3e-4a8d-9583-51b667d82700.mirbase21.mirnas.quantification,1,43094.475844,4.160435,18.02855,42.9911585,180.978909,7417.361633,7239.156347,2870.699931
ed031645-7a24-48a1-a0d5-70ea334abf5f.mirbase21.mirnas.quantification,1,17590.947778,77.695413,101.533778,133.318265,375.233528,28137.217162,7727.1619635,12271.460709
8b597c3d-9fd6-479c-9754-22b855112b52.mirnaseq.mirnas.quantification,1,33156.104582,6.309246,10.583251,25.236983000000002,50.677491,4178.348948,8996.8828255,2332.385725
8e5aedd4-ffe9-4457-9d83-ae15fd416947.mirbase21.mirnas.quantification,1,49975.934131,7.503427,13.725781,36.6935875,99.374653,5599.020528,3331.6130355,1957.11334
b60aae02-5a04-4ee4-85ac-338a38b9c6ea.mirbase21.mirnas.quantification,1,11592.288,50.175195,33.45013,59.992081,92.351446,7156.146298,2147.7165015,5951.941616
cd30efce-c476-4535-888e-8a416eca9501.mirbase21.mirnas.quantification,1,11597.107494,24.916719,33.583403,52.541776,147.33364,12124.691926,2154.754489,7228.015058
11820238-6b3f-429b-b84a-3e6859edb184.mirbase21.mirnas.quantification,1,19638.7851,21.917223,34.305219,79.5690505,144.844259,7549.054081,3436.7159235,4283.387793
3c09ecc3-aa06-4750-9d76-88fc70dd6d2d.mirbase21.mirnas.quantification,1,101733.960091,15.882828,17.788767,34.624565000000004,88.308523,5568.519473,2403.3895224999997,2683.562607
2fe32bd1-797d-4614-b974-8e462d99ca2a.mirbase21.mirnas.quantification,1,33663.855692,8.075966,9.691159,29.881073,38.764636,21827.720268,2967.917418,3030.102355
466215b5-4593-400d-8170-723de4a41428.mirbase21.mirnas.quantification,1,55553.281032,6.452724,24.253342,79.6577655,401.181427,23859.72579,14697.191463,7395.711742
4243ff48-73ed-4555-8f48-15eead7846d8.mirbase21.mirnas.quantification,1,47454.527104,25.847363,14.769922,30.77067,112.005238,10783.273556,2906.5974779999997,3113.991793
0be45f47-9588-4d21-a0cb-26d8b8a6c7d8.mirbase21.mirnas.quantification,1,19846.504827,1.592982,5.006514,21.619038500000002,57.574913,7127.45561,1495.0702905,1916.357078
5a702802-ba49-44e6-aca2-ce2b71c7c0dc.mirbase21.mirnas.quantification,1,27106.414614,32.682001,42.229551,94.83288350000001,392.000401,11195.054075,11199.001619499999,4707.126127
7b79bd3a-561a-4aa6-9622-30ab20f63c61.mirbase21.mirnas.quantification,1,24856.129022,5.723262,7.499447,20.426126500000002,40.654899,6667.798162,1142.6789605,2030.771417
52aef9d7-d280-4960-b23b-db1ec2beb738.mirnaseq.mirnas.quantification,1,17114.036626,16.558572,9.031948,27.28401,94.082794,3782.504665,14283.461674999999,4504.684194
18ed9c00-b031-4f59-bb32-874da11ef509.mirbase21.mirnas.quantification,1,14202.855993,15.316184,19.013194,37.762316,105.100712,6796.160602,3622.5416205,4155.4392
7e599924-fcca-4de9-bd69-446636ceacf3.mirbase21.mirnas.quantification,1,9286.366324,21.270702,15.100575,37.832623,181.694012,6955.194809,2030.1342525,7048.233834
28478921-d0b0-4524-8ff6-7fe2231a8c7c.mirbase21.mirnas.quantification,1,22387.718063,31.537012,49.340164,178.2858515,260.434682,16932.323606,6076.215802500001,8566.876778
f4c72489-12b6-4e18-86bd-786972b382c2.mirnaseq.mirnas.quantification,1,44180.185527,10.201456,24.112531,66.5413125,195.682466,2966.305056,15538.9034825,3168.94306
1514c3c3-5058-491b-91fa-60819cb67aec.mirbase21.mirnas.quantification,1,12548.530336,7.836954,62.919543,152.59668499999998,448.945493,4982.287365,8523.4708925,3313.464043
86d1b9af-f22f-4993-8663-0d2c4febbde5.mirbase21.mirnas.quantification,1,55363.088499,6.449226,7.035519,41.333676499999996,100.842445,9407.662032,3839.9278624999997,1631.654209
c607cdfa-3da8-47e7-a00a-1ce774d6ec90.mirbase21.mirnas.quantification,1,49946.654705,13.40334,10.722672,58.081142,105.439612,4550.43409,1724.7865295000001,1732.605145
532b8238-48d7-4d3c-8630-aab0933dc2f3.mirbase21.mirnas.quantification,1,43279.282065,20.191345,28.844778,86.24588650000001,163.83834,8712.853695,4727.082247,4604.203492
437ae017-0df8-465f-8780-e28d8c4d8e32.mirbase21.mirnas.quantification,1,26452.574966,18.78371,9.839086,30.09227,331.845544,9785.290694,3254.8208329999998,5208.198898
34986f2c-d62b-4941-b635-a821ce898332.mirbase21.mirnas.quantification,1,41256.307908,69.046222,191.662788,222.614542,654.748654,23076.91392,9330.763544000001,11408.102455
41a9b93b-bd57-49ee-a703-510e61dead63.mirbase21.mirnas.quantification,1,21985.14898,110.91268,101.5133,203.496569,883.541686,9154.055832,9463.7653915,6834.288937
010de2d6-ab41-4779-923a-1c288296e267.mirbase21.mirnas.quantification,1,14319.561691,21.838538,28.683452,90.2876855,231.423309,8447.602666,4112.6529550000005,4804.152321
1f83f540-ab45-4d28-b7b9-895e44bf369e.mirbase21.mirnas.quantification,1,54940.148579,9.201965,12.146594,43.985393,149.807992,5504.615522,2410.9148555,2671.514507
7acdc4dc-bd3e-467e-bd50-38b75d8580ed.mirbase21.mirnas.quantification,1,19215.488435,10.310264,14.576581,40.7077675,60.795007,4582.023663,1762.877431,1693.727555
e635ec45-ee5a-4fe8-b1ec-83dd075064d4.mirbase21.mirnas.quantification,1,56049.258663,8.490118,29.465702,45.4470995,79.906988,7736.49472,2038.3773285,3980.366853
f0bfa597-6d1c-4ade-b296-621e4fec45a1.mirbase21.mirnas.quantification,1,25124.019405,9.057849,12.265837,34.910459,144.265113,9535.933383,1940.8328105,7085.973987
34ef4d83-af25-4811-9a39-a731df308270.mirbase21.mirnas.quantification,1,14595.41609,12.697272,33.989619,92.8854255,134.395737,6542.415724,4508.60582,2738.899166
fb3b017e-77c4-4e76-b48a-98c65950afab.mirbase21.mirnas.quantification,1,16890.29463,22.555093,91.955379,130.559288,303.626252,18397.148342,8717.97719,10030.943853
ac2cfdd1-862f-4b3f-aa34-437fd5e34749.mirnaseq.mirnas.quantification,1,74138.733515,5.456493,15.005356,30.829185000000003,74.753953,2726.336691,16799.723247,2752.527857
f4e000ed-f688-4bf1-8c80-eb30a9636cd2.mirbase21.mirnas.quantification,1,13127.590379,4.631996,7.719993,24.961309999999997,66.906604,5394.730951,1806.9929750000001,2777.6534
bd3e4fb1-ba89-460d-a3da-f945c0042d61.mirbase21.mirnas.quantification,1,25220.014806,17.980638,24.80088,59.212101,130.824642,9388.373099,1682.119682,4085.944969
4edc18e9-dc60-4c91-a648-4e3e4652ef9b.mirbase21.mirnas.quantification,1,14995.633396,42.471524,40.878842,91.579224,174.664143,10893.94595,3378.8751945000004,8509.169868
8a55f740-92a0-4f02-9f52-e5f82b2661fb.mirbase21.mirnas.quantification,1,7361.051418,48.70449,1.522015,6.673452,118.834272,21644.345532,6605.663512499999,3954.429925
0206f9ba-7445-490f-8afb-2fc66fda8c56.mirbase21.mirnas.quantification,1,24736.27142,4.053465,23.645214,98.296531,149.302635,5548.51829,4244.991437,1677.459018
251f8c24-e27c-4fd9-9f40-d422b26ea443.mirnaseq.mirnas.quantification,1,12844.180232,9.587648,6.537033,21.6811595,155.363483,8017.888809,19494.085946,5287.370147
fe2ae40f-a2d0-41a0-8847-f43858578df4.mirbase21.mirnas.quantification,1,51170.745927,20.487029,28.096497,105.94720899999999,162.725548,11899.452001,3400.846875,3067.786312
beabc7a5-9a42-4aa7-9282-630f4f090e8c.mirbase21.mirnas.quantification,1,137333.641609,4.150491,11.474887,31.494901499999997,645.767561,7475.278333,21608.79865,7212.332525
e9fbb4f4-c6a6-4801-a055-46fdec5c287c.mirbase21.mirnas.quantification,1,41683.638919,24.93882,17.904794,35.8095875,115.741703,5010.784441,1543.64901,3405.747567
d68be4db-0969-44e0-b0cc-1a0d7185c37a.mirbase21.mirnas.quantification,1,8001.091067,14.982957,5.186408,27.564798500000002,168.65431,4430.153009,3356.1823425000002,6132.06324
9107ffc9-f542-4fc2-b896-b6c71c5d3a80.mirbase21.mirnas.quantification,1,12522.146562,9.726008,21.927727,50.9289135,231.125311,12190.047606,1136.9703064999999,5696.080649
ba772bb3-d571-4129-b599-1e7c82403867.mirbase21.mirnas.quantification,1,20031.828677,58.873854,59.793758,100.269532,371.641201,5319.804612,3979.0445879999997,7831.142429
9577363c-05c3-440b-85e8-02c5bf03265b.mirbase21.mirnas.quantification,1,14409.931495,5.767522,9.908307,33.791762500000004,103.519623,6098.193095,2416.1479965,2864.387963
6e2081b2-173e-4aa4-a731-e54cccf0cb6a.mirbase21.mirnas.quantification,1,42888.735523,17.765107,23.686809,73.48294050000001,190.571143,10434.577573,1872.8728975,6495.568952
7b1a8de2-9eda-44fc-bb91-8afd83e7bf0d.mirbase21.mirnas.quantification,1,17555.04663,3.023986,3.225585,19.958309,50.198172,8805.444788,2313.4502875,1438.207865
52de62c2-8bad-432c-a157-25523ac79274.mirbase21.mirnas.quantification,1,9143.614185,55.362865,66.046926,167.05987249999998,525.461576,10579.163555,4504.7888875,5690.719727
ab24cb18-c79f-48f4-8eec-6164ba4b5264.mirbase21.mirnas.quantification,1,14478.09079,34.243356,52.92155,110.2013445,429.598462,8149.29605,3708.8667255,12979.477023
37471af4-1248-4dd2-bb13-ebbdcb61c3e3.mirbase21.mirnas.quantification,1,81683.140126,30.099654,77.282896,116.3310965,417.327639,29138.905837,14370.144397,6785.438275
c5d93ed9-80d9-450a-9178-0fe28c59a633.mirbase21.mirnas.quantification,1,56086.044496,15.11826,17.54798,117.0315295,233.79309,4711.767676,3580.732858,2412.172359
97a8ecaf-5ef9-4da0-9ba0-fed6fd2fc2e2.mirbase21.mirnas.quantification,1,18870.516356,26.094112,19.756971,50.137972500000004,395.884959,4662.272294,3469.6781760000003,4545.035176
54b0dfa1-2cf6-4d98-9bf4-59099a11a20c.mirbase21.mirnas.quantification,1,26972.60116,11.256838,14.299227,45.6358305,142.383791,6687.170338,4458.468504,2527.616523
df8fa00d-9f94-4526-8d6d-53b71ec7a145.mirbase21.mirnas.quantification,1,42706.350324,8.008589,17.116396,48.601143,288.309203,9817.116804,4718.6292185,2879.794377
bf03daa3-35a2-4eb7-94e5-e8f4bd1f071f.mirbase21.mirnas.quantification,1,19314.242233,2.85433,15.111158,31.229726,233.047632,18636.254958,3256.7063319999997,7355.943655
e98561b7-d2a9-4d33-9163-490cbee4551e.mirbase21.mirnas.quantification,1,9502.297098,6.902634,28.596626,70.5054735,448.999891,8307.484066,3395.7671075,6569.335148
518c956a-abf6-4ad1-9209-7d0263ebe471.mirbase21.mirnas.quantification,1,35606.311159,9.010792,10.679457,44.55336,118.475227,6914.614737,3640.026205,2293.413411
5b935cc4-bb46-40f9-82ce-fa3ffe15d8e3.mirbase21.mirnas.quantification,1,30649.765063,4.640516,10.546627,49.780082,145.543459,13098.48947,6588.056324,2817.636999
2aecf548-0be5-419c-b4fa-e3703ee657e3.mirbase21.mirnas.quantification,1,16074.990855,24.040365,19.326568,62.929191,233.804336,7732.041376,6893.456872500001,7372.850037
9ce67db6-5b1b-4822-b708-f5a0d1f842f6.mirbase21.mirnas.quantification,1,4808.695767,272.925976,180.010878,244.0233675,2649.923069,9139.237638,10971.2556765,12682.425895
f122cf42-52e9-4fd1-8626-21aef93bdda9.mirbase21.mirnas.quantification,1,32827.086887,7.912513,11.193311,38.018660499999996,190.479278,5988.421485,4152.332474000001,3641.49291
2d252a15-4faa-493c-b9d2-4eaa9025e21c.mirbase21.mirnas.quantification,1,50809.959739,11.897213,8.353362,25.1866535,61.511123,5581.818021,1573.722853,2235.41041
548aec72-9f53-43ba-99a2-269527fff069.mirbase21.mirnas.quantification,1,27650.872662,20.18763,18.127667,37.903304500000004,125.245702,7115.109452,1854.583972,3149.68221
a616435d-0b69-48ac-813d-5d75ad9b85eb.mirbase21.mirnas.quantification,1,25988.048119,30.707714,77.317637,172.73089199999998,456.777247,10144.512696,8968.5717515,4975.198037
fe83785b-3f48-4ba6-8f60-12a3944fce30.mirbase21.mirnas.quantification,1,23385.773605,8.153002,8.153002,38.5414625,71.647591,6716.343977,2432.5592345,1185.644096
d2ce94aa-73c0-4789-b5dd-442bc4f7125a.mirbase21.mirnas.quantification,1,12119.732791,34.76646,244.089521,606.6022955,2164.21213,20576.674168,23784.242247,12773.052517
4143f94b-0830-4d72-bbd2-c331f1829ebe.mirbase21.mirnas.quantification,1,26553.42659,26.448807,34.677325,90.5136945,198.072176,8392.500294,4259.433408,4856.588692
04e66e12-de6a-4a0a-b1b4-7c7c56340fa3.mirbase21.mirnas.quantification,1,38885.958811,33.718258,22.143334,88.0700775,96.122199,4557.752331,2539.3119665000004,1948.865003
1ef63151-386a-4ed1-9384-50a0eb9caa6f.mirbase21.mirnas.quantification,1,49818.063984,3.878669,2.203789,13.751644,50.246392,6290.936485,2529.1124950000003,1444.539707
7565ff66-3ca8-42cc-9c84-fa5db304c850.mirbase21.mirnas.quantification,1,53835.769303,10.606808,11.704064,17.190344,63.640849,6850.535077,1238.0705415,2212.799638
c0ecf541-285b-4344-b93b-0c7893d5fdcf.mirbase21.mirnas.quantification,1,20506.806379,3.166402,15.83201,37.601023,120.323274,9007.621925,4147.9865445000005,1638.217205
3a8b18e4-9152-4500-b37f-8d6dda5b55a0.mirbase21.mirnas.quantification,1,42612.672011,77.977729,83.950491,161.59640000000002,452.934468,5823.111338,9482.0918335,2813.834643
397fe4a8-e6f0-4b36-88e0-dcbb488eff59.mirbase21.mirnas.quantification,1,29490.757783,26.1016,43.87769,99.231083,214.438145,6938.300318,6139.5013515,1983.946616
fe712c27-8dbb-4531-afb3-10999e319a7b.mirbase21.mirnas.quantification,1,13826.11396,36.93836,36.93836,87.835983,198.006789,8446.428426,3687.178481,5536.458805
3b799f1b-8ad6-4ed3-919e-d8eb8197ca88.mirbase21.mirnas.quantification,1,11934.958984,35.285617,52.527453,263.840182,338.421145,3483.652735,4469.0436875,2698.948729
7c28a756-8d41-4077-9c6c-dfabe24078ed.mirbase21.mirnas.quantification,1,6873.78748,64.992672,18.482291,64.891121,349.741817,10824.326432,2733.6527180000003,11188.082294
1c0030bf-0fd7-46b6-8fc7-6e44267a4f5c.mirbase21.mirnas.quantification,1,25439.907443,12.193909,17.559228,55.1164665,205.833176,6108.17265,2683.8792625,5818.445384
184deddc-0e07-46d4-bf99-5ad82e446300.mirbase21.mirnas.quantification,1,29576.083928,6.225432,11.884916,36.409344499999996,193.742988,7141.32504,2083.6332075,2875.017662
b818e9ee-3fe5-4bf6-a04c-d7555895b0db.mirbase21.mirnas.quantification,1,23791.001736,23.814094,15.876063,45.102451,192.677671,17420.37072,5577.5495155,6228.46809
a9beedb6-86ae-4d65-9e39-f2496e28916a.mirnaseq.mirnas.quantification,1,43156.943508,1.977391,12.259821,39.1523325,107.965522,3812.408916,14728.197787,3190.717338
d5a46638-6cfc-4309-9190-5cf0066f5f01.mirbase21.mirnas.quantification,1,30901.111215,34.861643,29.881408,85.59778349999999,172.440626,4295.452423,1317.272076,5874.80935
bbf45ab2-ba06-4575-ad9e-070bcb082afc.mirbase21.mirnas.quantification,1,25278.014054,6.07378,4.489315,10.166978499999999,59.681486,5793.329353,2043.2986535,1671.345678
ea37ddc7-e54b-4f05-b60b-489d7252ab09.mirbase21.mirnas.quantification,1,39939.697934,4.495275,7.764565,12.872831999999999,123.007061,30711.716402,6116.638483000001,6329.755367
f5bac553-9032-42ca-9a24-ee4e6d6ff0c1.mirbase21.mirnas.quantification,1,15716.47652,30.630436,18.378261,31.651450000000004,129.668844,8558.143714,2324.339557,4016.671125
66570de6-ebd0-4c9f-876f-f72bd942040c.mirbase21.mirnas.quantification,1,38247.918943,2.772894,18.485963,92.198739,234.309577,8746.171095,6030.1210275,2148.993162
de0ea0bb-a90d-4987-a6ec-8e7fc480724f.mirbase21.mirnas.quantification,1,33486.631005,1.073513,2.415404,22.946343,63.337273,11744.501734,2542.2132195,2907.610242
d97e0b24-b6d3-4fd7-94bc-efbcd52871b3.mirnaseq.mirnas.quantification,1,23897.722832,1.476092,11.597868,52.29584,266.961829,3602.508598,23989.1351175,5043.596385
7805f137-58a8-4807-b783-d5b68eb3571b.mirbase21.mirnas.quantification,1,21279.082554,65.701795,105.814471,258.311796,910.142767,18014.049119,15871.13319,9315.1314
85d01faa-0c5a-47a6-924e-bf8a96a675a8.mirbase21.mirnas.quantification,1,34626.503137,13.154615,6.044012,35.9974275,100.792797,7077.894166,4308.403204,4149.747876
705f76ea-71fa-48b2-876f-edb1db02a14b.mirbase21.mirnas.quantification,1,18898.295262,2.196435,5.406609,16.895653499999998,55.248787,8277.518542,1460.5447629999999,2036.264155
af067056-d0d8-4843-97e2-3157c7ea8ce2.mirbase21.mirnas.quantification,1,21185.083038,65.842583,88.562911,433.5409535,1523.189341,7930.785534,32365.107325499997,4239.891425
7b4e72f6-b11a-4a47-bc20-2415f07e7792.mirbase21.mirnas.quantification,1,37341.294668,41.852813,13.950938,33.804195,54.730602,5500.962078,1476.1165314999998,1617.235632
2e749e54-519f-4dd5-842a-170891f8a619.mirbase21.mirnas.quantification,1,11346.710368,72.39308,189.126921,291.83460349999996,885.005402,20260.108336,7266.9078565,17494.692682
b55404c3-f83c-4d31-9871-21f3be73c1e7.mirbase21.mirnas.quantification,1,7275.836566,5.651231,11.056756,22.6049225,158.480163,6648.549968,2500.3009895,5533.291891
e2edf21d-dcdb-49e6-a65b-bd1e555339ac.mirbase21.mirnas.quantification,1,58761.192514,19.451146,50.789104,312.65916649999997,257.547585,10393.035625,4544.7243085,4654.947471
b9d43102-2c1e-4cb8-a3a8-a8f039893635.mirbase21.mirnas.quantification,1,20799.701188,2.477253,17.340768,47.687113,191.987079,5695.754292,2467.7564924999997,3154.505971
230acd8a-afc3-4bc1-87e7-1ac412f5782b.mirbase21.mirnas.quantification,1,36406.60917,5.496081,30.133686,64.152532,361.225186,18904.812994,6390.2365345,16504.352233
50879004-d3d4-4345-aab1-24a9ef0ac405.mirbase21.mirnas.quantification,1,23558.07483,23.885888,65.068454,79.070526,151.551841,8805.656178,3949.8198675000003,3963.410114
260b3010-3d3c-47ec-8725-39f7b64d29e5.mirbase21.mirnas.quantification,1,17481.542027,21.412962,42.214125,78.004361,283.262895,7517.784994,2062.3741225000003,7113.385915
7c30a8c4-a0f4-436f-9529-903f52292cc0.mirbase21.mirnas.quantification,1,10737.116159,8.942939,12.855475,80.206984,135.261953,5527.295247,2776.503098,3472.655008
edc84414-da70-4ee9-8675-6c7422669092.mirbase21.mirnas.quantification,1,22922.878151,11.032132,20.488244,49.171786,180.926958,3448.329121,4105.6865595,2393.026936
3040112b-f612-43bc-abfd-1cc992453fe6.mirbase21.mirnas.quantification,1,7799.388776,13.609861,14.548472,61.479026000000005,123.896663,15687.4763,5450.045241,3342.863365
eedd6d56-fc6e-445e-aaeb-9d891b98b8ba.mirbase21.mirnas.quantification,1,30082.887856,14.506735,50.320236,134.64063199999998,798.323747,23768.831555,13584.197088500001,13280.46233
432312cc-b7c0-475b-b53a-d4172714a4fe.mirbase21.mirnas.quantification,1,11904.097245,29.361527,27.137169,74.960868,431.303036,10316.795305,7148.1971915,5296.863944
548b48fb-21d1-4f3f-8bf2-d5be9ff22cf4.mirbase21.mirnas.quantification,1,27634.330261,14.859414,35.755464,85.441629,169.490187,9840.182362,3921.7243235,6351.470641
c923695e-6fef-4f54-8a05-f2e99e99d121.mirbase21.mirnas.quantification,1,29533.109425,7.774599,20.156367,47.367463,122.089996,5079.692517,2404.9425714999998,2363.478045
b66661d9-428e-4721-96b2-641c3828df11.mirbase21.mirnas.quantification,1,32278.768971,59.261298,60.695039,154.8440375,253.294259,12355.02488,4414.0109004999995,11252.477983
29cb59d1-59ba-4fc8-8783-0a3cea827132.mirbase21.mirnas.quantification,1,24198.215097,7.300934,20.734652,57.0933025,371.325495,15476.373521,3935.568383,7947.796571
ae0f3e39-e053-447a-ac76-61fd437c92df.mirnaseq.mirnas.quantification,1,38839.532739,100.779574,25.290208,98.7461905,12498.319281,6367.540691,1878.0203689999998,11122.481114
4c262954-3529-49f9-a311-e5a7d71d5afa.mirbase21.mirnas.quantification,1,34278.729685,9.149751,24.907656,55.457659,250.804848,5785.387705,2547.6973989999997,2480.802551
7b280634-96e6-4ad2-b636-ef9984e9d4c6.mirbase21.mirnas.quantification,1,12142.697131,2.725266,9.810959,44.421842999999996,97.564538,12886.149814,1982.903859,3752.146829
0b3e945b-971a-49b8-9371-ce217e3f157e.mirbase21.mirnas.quantification,1,26148.66604,10.983223,35.337326,63.51168,151.854995,5353.604861,2832.7164425,3313.590592
f5a2f708-7821-47b6-95b8-66e804489335.mirbase21.mirnas.quantification,1,45950.370882,115.274096,37.867819,176.25242200000002,453.300069,8866.638451,10435.925423,5639.520638
71bedbcd-4012-4703-acff-0a9022d0d39d.mirbase21.mirnas.quantification,1,12682.572075,14.799491,136.7473,215.0366085,920.52836,15020.743707,13935.053024,8298.074779
5b53e3d3-80c2-4dc1-8876-03208c7ab292.mirbase21.mirnas.quantification,1,31985.232759,10.063999,18.450664,78.079856,236.000768,13718.907486,6907.42547,4567.713518
c074af13-a603-41f3-9537-375897680aaa.mirbase21.mirnas.quantification,1,26539.285264,8.497187,27.86287,115.502466,781.741244,9917.798604,11969.375346,17399.078114
8372d98e-c3c2-42db-82de-b53cfb123311.mirbase21.mirnas.quantification,1,36002.862879,28.117559,11.600951,98.6080825,112.470236,6241.11495,1985.728864,2461.761103
8fbd2f4a-277e-4715-93bf-f59be736681f.mirbase21.mirnas.quantification,1,77276.655968,15.163385,25.272309,52.566403,61.664434,10080.618666,3603.325836,2276.529607
7a4eaebd-6dfb-483b-a98a-7b4a7852233e.mirbase21.mirnas.quantification,1,44639.889691,26.780638,21.287174,60.084764500000006,147.636849,12282.699159,3901.7329135,7050.861238
6265ad8e-6ab2-4c75-8eb7-e9d987b83ffa.mirnaseq.mirnas.quantification,1,43269.687758,690.89976,8.018936,45.913296,3443.546106,11314.424813,345.8410475,8550.825774
842e2336-7c4b-4453-93fd-a51494cb5de1.mirbase21.mirnas.quantification,1,19417.418829,5.327869,33.032788,76.18852799999999,155.573777,6695.000274,3946.086227,2131.147628
a454e5bb-f633-4a6e-ad67-1d0effe7b352.mirbase21.mirnas.quantification,1,54433.680442,30.278568,18.988254,54.9119795,108.797566,10376.824476,3378.626308,7187.824115
ab9445db-6c24-4c4c-9773-a85df1e1547c.mirbase21.mirnas.quantification,1,18879.680372,27.641738,45.571513,86.1002775,796.007338,4652.776818,7306.5704035,8566.323922
eb03e14a-ac53-4c22-bfde-1230652861a0.mirbase21.mirnas.quantification,1,10922.555083,8.649185,18.095006,47.5136155,597.931821,1751.346172,3305.9233830000003,11836.295964
9ebc0671-ee66-44b7-8361-6b62886b5d6a.mirbase21.mirnas.quantification,1,33082.80178,19.608712,8.714983,36.6755535,95.864813,5752.61504,3625.432935,3014.657875
f51488b5-c09e-4f81-b255-3f59def8ef1d.mirbase21.mirnas.quantification,1,46971.557914,312.436223,43.04347,129.87253950000002,741.386668,7034.638862,8349.691089,3850.164196
ba14b5ce-1529-4a14-a5c7-999a28d0ae80.mirnaseq.mirnas.quantification,1,19715.769025,2.493079,8.975085,24.6814845,102.714864,5804.387022,11719.46676,4116.073779
89d575d1-1f24-4309-801e-cb1d77ba21bc.mirbase21.mirnas.quantification,1,11642.195908,11.69218,38.291889,83.8913915,331.473302,8594.336893,5439.494430000001,5200.38935
98b555c2-284f-49b1-adb0-efe80f56d97c.mirbase21.mirnas.quantification,1,20522.961856,24.925477,21.123286,40.3454755,122.515057,3309.596393,3304.104339,3108.080248
52024634-c4aa-46c0-8e81-640f81b6b28e.mirbase21.mirnas.quantification,1,36012.400351,8.173088,48.683173,92.0360725,185.1382,6827.015537,3392.364346,5179.960727
0880b883-30e4-40a1-aaea-37c0acff6900.mirbase21.mirnas.quantification,1,18811.052822,11.852084,11.133776,45.3431995,234.527598,7350.267327,4012.379322,4649.428828
f7c21de1-0018-4352-9f42-e883f2ef4009.mirbase21.mirnas.quantification,1,19391.422734,45.807349,27.697467,90.54941099999999,295.084552,6016.742053,1442.3988559999998,10805.207976
a6725f93-d1ec-4c76-8141-f23dff11909f.mirbase21.mirnas.quantification,1,24072.923986,2.966198,3.336973,80.643517,77.491931,8533.011006,3869.7764785,1154.22192
12d955e2-b84c-4adf-b08a-4a27a6174f8f.mirbase21.mirnas.quantification,1,28184.178818,96.651353,271.912473,309.6065,913.677455,19225.242756,21600.933008,9882.922995
494315de-dc27-480c-b09c-b37cbe1bd7ab.mirbase21.mirnas.quantification,1,38786.314614,11.601023,8.530164,24.0550625,84.960434,6507.491531,2898.8909425,2727.264042
c6363c38-98a4-41fa-98f0-a7c717dba7b8.mirbase21.mirnas.quantification,1,56348.353424,67.653071,49.908003,83.180005,444.735759,13553.904525,6377.688239499999,7178.988953
10e57695-3379-4a9b-ad01-f9b42be27d56.mirbase21.mirnas.quantification,1,21382.384832,45.328339,26.621405,62.5962775,307.225409,11858.037398,6547.0670045,8311.994238
4fc53a6e-e97e-42fb-9544-da561d30ea06.mirbase21.mirnas.quantification,1,55848.221782,3.807237,5.302937,30.9337995,154.601012,8815.385044,4759.250056,3341.666196
ec17c3d7-4407-437c-ba66-3a94ec8d9737.mirbase21.mirnas.quantification,1,8163.068941,10.087443,39.573813,87.295176,228.907351,15165.306026,3972.1245165,12911.926539
645290eb-8d7e-4342-abdc-b1bb1ff4b545.mirbase21.mirnas.quantification,1,61010.102344,3.027373,4.265844,18.1642395,44.997775,7012.63488,1021.256839,1538.73125
d17c6479-4033-44b8-99bc-be590251ade6.mirbase21.mirnas.quantification,1,38913.005317,86.163272,118.956756,136.3180115,590.925721,28981.723741,6276.094128999999,15437.37184
25cd83f0-ad99-4dd7-8a85-371a6ebbd24c.mirbase21.mirnas.quantification,1,22391.856643,44.095151,106.845942,255.667075,590.19663,20633.986507,5036.598975000001,10824.511477
5ae39cc2-5dfa-46ce-8cc0-f7d7020b84f2.mirbase21.mirnas.quantification,1,29818.450693,25.073661,6.401786,34.943079999999995,60.816964,4527.129434,1763.6919524999998,2107.25445
744ae4c4-818f-4253-ba78-3b9be9edcce7.mirbase21.mirnas.quantification,1,45599.13592,4.236519,3.177389,14.7219035,57.193005,4102.22127,1418.8101864999999,2213.36931
d900f712-a98a-47fd-9a33-f13e57f5c343.mirbase21.mirnas.quantification,1,43961.142053,12.109702,23.384253,40.713654000000005,88.943675,8507.27459,2122.3297064999997,3272.125052
0fa3037c-5ea6-4871-b10f-032ae42ae397.mirbase21.mirnas.quantification,1,27192.818627,34.95606,42.946017,66.4165145,212.732595,6591.714215,2410.470039,8134.774588
48bc2157-ebc5-4568-a8d4-63496c338715.mirbase21.mirnas.quantification,1,17818.593062,11.794242,17.838791,47.176967000000005,357.365526,6031.427821,2870.497309,4525.745429
563883e4-45e2-4fdd-baf4-c656ee51191e.mirbase21.mirnas.quantification,1,13072.701161,11.063381,220.740783,320.57462150000003,1351.312907,24138.715826,9056.1672025,24670.284919
6ded3641-7be7-4402-82de-a0a91d31f6f2.mirbase21.mirnas.quantification,1,20880.128051,12.278817,5.26235,31.5741,95.59936,5787.708027,2304.6900695,3780.998531
ae8cc59c-4a4e-4592-ae05-7d32f2b48e28.mirbase21.mirnas.quantification,1,34568.773253,6.846544,5.705454,12.551998000000001,91.287259,7212.834532,5557.9676945,2009.460783
d3564b0a-0dc7-440c-9894-b15a3ed321e4.mirbase21.mirnas.quantification,1,20538.884618,11.247517,12.395223,55.5489625,128.543054,6781.334722,3381.4857145,3230.562397
a9c72a75-2d8b-4f11-8af0-8cfed17e0ec4.mirbase21.mirnas.quantification,1,13487.349931,8.487553,62.870761,114.5819615,354.276736,13462.515981,5038.7771135,8281.650948
becd04bc-9d52-411e-8dab-2edd585170b3.mirbase21.mirnas.quantification,1,28820.037605,7.928203,12.118825,30.919992,118.583266,15410.388143,3523.9730175,4357.000643
c357b7b6-593a-4450-b121-97f439ee58c2.mirbase21.mirnas.quantification,1,25024.981,44.420441,26.388381,225.6206545,288.073156,5125.063332,5392.46559,3642.915951
70873148-857e-4350-b2bc-80c27c48bcc5.mirbase21.mirnas.quantification,1,43510.227129,6.535324,10.456519,17.645375,44.440204,6379.783367,1177.338633,2121.366196
67705fdb-4e19-4cd9-a922-3057938024bb.mirbase21.mirnas.quantification,1,12937.049443,44.010479,74.479271,171.13305350000002,1145.626611,17588.618484,7543.5652955000005,14941.55747
f97bcef9-266c-49ed-891f-0166708d1315.mirbase21.mirnas.quantification,1,26632.385965,23.600761,8.582095,30.7525065,173.072247,7951.310915,3219.3583455,6252.771301
004b1938-87ab-4bf2-a19b-d2953d0e81a0.mirbase21.mirnas.quantification,1,19448.969676,10.529625,18.802902,63.5538085,197.054413,4953.436494,1994.235782,4233.661406
14ebe9ba-ba38-43b1-8fe4-53321d8fe81d.mirbase21.mirnas.quantification,1,24240.318846,3.850386,5.989489,32.870887499999995,145.031205,10149.047015,2698.6214474999997,2362.283102
54dcc280-1f79-4be5-961f-8c03ec2b4556.mirbase21.mirnas.quantification,1,19804.05359,11.141663,6.58371,31.5258435,106.352242,10556.219694,4833.8360164999995,2742.87497
c3356d61-896c-4bb7-a24a-7125b8bd57de.mirbase21.mirnas.quantification,1,19378.315016,15.588612,9.464514,34.239273,80.170005,12402.967849,1578.068604,3063.162272
e6ab0205-78c3-48fd-80f8-901d8c6f55b5.mirbase21.mirnas.quantification,1,50071.57988,4.578182,4.120364,8.9274555,85.612009,13678.235276,4719.4192299999995,4576.808851
d98eca57-7752-4f03-80a2-dac5c07957f0.mirbase21.mirnas.quantification,1,41531.181284,69.175566,29.817054,70.567029,223.826689,10819.217608,4236.2083205,4079.370614
c58119b0-6b14-4d66-8a5a-fbc182ab5fe2.mirbase21.mirnas.quantification,1,23900.910944,25.542178,47.800362,128.25822399999998,641.473565,4169.213283,5161.7093555,8551.886199
6d5a6578-461a-4722-920a-75670b9d4490.mirnaseq.mirnas.quantification,1,38434.145877,26.144713,7.244921,27.0109535,55.911887,4449.956184,4303.2465434999995,1720.196129
2c44d562-19b6-497c-a17f-c619e332c342.mirbase21.mirnas.quantification,1,52529.355272,43.001841,67.108934,190.576342,473.671797,6706.984151,2593.467108,6694.604833
fd5ccaf6-e9be-4be2-99f7-606d1bbbf3de.mirbase21.mirnas.quantification,1,23821.008798,11.848766,6.236193,25.724294999999998,97.908225,6959.90284,3188.8771269999997,1803.818733
aea6d60e-0447-4ebf-814f-e0f6ff2259ea.mirbase21.mirnas.quantification,1,11678.118805,23.432393,130.209547,258.954569,3024.110068,11794.481938,32021.962543,12830.033937
6c49c8cc-231e-41f7-80db-d8363b53e3b2.mirbase21.mirnas.quantification,1,5144.492053,27.378883,14.784597,82.410437,81.041493,7664.991992,1589.8917165,5203.63044
8b48a6e0-fd5b-4f3c-9e28-8de58b81c326.mirbase21.mirnas.quantification,1,40970.247163,4.228198,4.476916,18.902534,73.620395,9145.593036,3573.8224775,1633.825587
1a41dd5b-27b3-4032-8d76-93dc053b5940.mirbase21.mirnas.quantification,1,35273.990794,10.730955,26.022566,49.4965305,119.113602,15562.031091,2970.3283725,5292.238783
53d46d2e-6050-41fc-9427-6f57bbc5cf67.mirbase21.mirnas.quantification,1,48425.661928,10.875967,37.647579,51.4516905,215.846117,8542.65387,2412.3731694999997,5874.695473
25c886ce-195e-4d75-97a2-69a23839c168.mirbase21.mirnas.quantification,1,14863.843308,17.804564,12.611566,41.358518000000004,168.03057,7504.623623,3008.7858100000003,4708.194328
889d0b57-ea56-4978-b14a-1d3b018b8757.mirbase21.mirnas.quantification,1,11031.562362,11.160897,54.491441,143.450359,367.653093,9083.000968,4952.155859,6496.955373
89d64ad3-c182-4884-ba2a-db9c556ac0fb.mirbase21.mirnas.quantification,1,19887.019103,7.327005,17.859576,35.4901825,575.32257,12530.858332,7443.9321899999995,18285.992101
72d60487-5592-4536-bc3f-ed98f10e0b4d.mirnaseq.mirnas.quantification,1,110358.264988,3.814454,6.103127,24.4125075,104.897492,2091.465273,15140.1411425,1113.057754
94fd6642-9ecb-49a8-a7f6-d74e7e152ad7.mirbase21.mirnas.quantification,1,25989.360037,32.748011,14.803895,58.766979,218.469609,5994.680467,3385.157435,2822.609406
175a1d9c-ba95-450d-a01a-185c27ab287b.mirbase21.mirnas.quantification,1,115344.927916,30.377161,36.072879,55.5332475,171.820817,10901.603629,8832.634184,2929.497457
fc092411-2580-4938-8909-2444a525470f.mirnaseq.mirnas.quantification,1,13762.527219,4.065185,8.286723,47.765923,91.623014,2966.959584,5540.8470560000005,1475.818482
7d500624-5b06-4cdb-92b3-d68f6123fba5.mirbase21.mirnas.quantification,1,21489.392055,3.939342,4.220724,18.289802,59.09013,6084.032356,1417.4596700000002,1747.660945
8e10b65f-aa84-44bd-93e8-44ef68dbc41b.mirnaseq.mirnas.quantification,1,34531.53423,11.967596,25.479399,50.1866945,342.427677,9066.805439,22985.5060825,9201.15136
5c886551-f025-4c28-8aa9-8a786f504515.mirbase21.mirnas.quantification,1,22936.784573,17.17154,30.349698,65.6911235,506.760096,10515.571492,4633.720072,5698.954553
4cdff013-b1a7-4167-8704-219bb0410c0d.mirbase21.mirnas.quantification,1,61977.749558,18.404359,6.420125,22.4704385,45.796894,5844.026052,1896.077004,2073.272462
1868d917-37e4-4607-8162-1027cfed8dd7.mirbase21.mirnas.quantification,1,20093.095446,8.760361,14.801989,36.853931,185.629021,7023.39258,2977.0122094999997,3420.618747
e373ee8d-e711-483d-a142-8a4b179c1527.mirbase21.mirnas.quantification,1,6193.468547,16.261295,9.589994,23.141073,54.621272,7483.114313,696.9424180000001,4392.634384
5d4c43fe-43c0-4511-a573-54f07246f0cd.mirnaseq.mirnas.quantification,1,77231.480929,4.173963,19.585519,75.9340205,583.070534,7709.630874,29165.406451000003,5914.505678
e94fbefa-3648-4985-837b-aee7f87ace55.mirbase21.mirnas.quantification,1,19317.464326,15.784821,26.5185,91.551964,266.447784,5200.782927,2283.747948,4606.642253
9b413ca5-5a75-4ceb-9059-0f772af2fbe5.mirbase21.mirnas.quantification,1,47748.071431,31.863545,31.863545,63.1777185,142.836581,7253.900812,2511.726334,5918.928154
d5e87214-6346-499a-91dd-1a6cd700e689.mirbase21.mirnas.quantification,1,44739.825959,5.69209,4.553672,50.659599,191.254218,8641.73076,7455.4992415,2585.347195
efb16819-c795-4e94-b56d-ec857ee36902.mirbase21.mirnas.quantification,1,60441.498355,4.093653,18.960078,43.306543,347.745076,9013.578217,4859.9205705,4372.021733
21f86f5f-ec3b-45a8-894f-4426e6f31d6c.mirbase21.mirnas.quantification,1,65436.152006,1.339299,7.031321,21.6799065,94.253184,7155.541024,1691.5349425,2556.722253
5381bf1d-ff80-4259-96b0-441ab6181fd4.mirbase21.mirnas.quantification,1,28017.618729,6.680154,11.250785,26.01744,119.891177,10631.991748,4367.941451000001,1837.393812
8fda075d-53f7-4d62-9b5f-17ba754e3b5a.mirbase21.mirnas.quantification,1,34903.063973,1.183355,30.767237,80.17232000000001,417.132736,9683.100414,4916.3974285,7686.18838
59a4e0e7-dc75-430c-9e10-0499ed13ac16.mirnaseq.mirnas.quantification,1,27999.332746,6.213683,9.081536,34.772724999999994,119.971876,4274.77479,13493.012235999999,3270.309064
d9e822b0-eb87-4da8-97af-d80b9503a2f3.mirnaseq.mirnas.quantification,1,98869.454348,0.991446,16.358856,35.4441875,40.649278,3450.231403,19336.415408,1987.84884
54b1b3ae-bdd2-432d-a499-56423e506822.mirbase21.mirnas.quantification,1,58630.660163,3.529204,7.940708,34.3362105,123.228027,7233.396972,2870.4924899999996,1830.921441
79a337ee-c236-4cb9-996f-e6a6e91a0130.mirnaseq.mirnas.quantification,1,52030.55957,109.474068,26.398002,205.9432385,6098.811993,3687.665048,1105.6589745,3591.681135
6a1b3d77-d77e-48c3-a5eb-df4d25d345e5.mirbase21.mirnas.quantification,1,67357.855362,16.209476,30.548628,83.22942649999999,225.685786,15057.98005,4114.401496,11029.301746
c907ec06-97dc-49c2-996c-d294261951df.mirbase21.mirnas.quantification,1,10194.810802,3.754303,76.587789,177.39083399999998,1023.047668,17508.193767,13092.006712499999,10893.862089
907df606-c7be-483b-93b9-39fb4945d9c3.mirbase21.mirnas.quantification,1,21457.790604,4.782705,18.76292,48.7468025,190.204505,6333.405319,2514.967108,4717.218879
48f5baeb-1769-4af0-8ef9-9b02d0ead70e.mirbase21.mirnas.quantification,1,11231.42076,16.963272,41.15521,67.1784115,365.385018,9554.273651,2085.4222175,7509.139204
221da57e-41ea-4947-86ac-f648461a1e3a.mirbase21.mirnas.quantification,1,10568.002321,7.793153,32.146755,74.84673900000001,753.82518,5743.715999,3996.9944405,6111.293042
35a20c09-b72d-49f3-95b7-91ee3002fd8d.mirbase21.mirnas.quantification,1,36093.476181,18.352783,23.312995,73.0391165,192.456212,8233.207327,3133.737723,3483.060629
34f450f8-d7e0-46ce-adf2-98ee7fdacf92.mirbase21.mirnas.quantification,1,66140.384959,25.509553,39.245467,102.038213,241.35962,8650.681988,2830.088714,6741.390035
06406974-bd7a-4142-9864-14faff9ffc99.mirbase21.mirnas.quantification,1,20487.555408,8.486668,14.943916,55.071098,243.714976,11251.661819,2887.12768,5542.532414
15b14fef-3625-4407-b8be-a4e2447aace4.mirnaseq.mirnas.quantification,1,33410.222422,26.441496,41.749731,91.5014945,285.985659,9865.461491,27816.4542645,10601.648419
21ca3e4b-6acc-47cf-958c-20015ba5b039.mirbase21.mirnas.quantification,1,45940.172456,3.152817,30.267045,72.04187350000001,304.404501,9593.076918,2897.517834,5576.860718
ba0c3f8d-2999-494f-8d11-97ef3c9ce86c.mirnaseq.mirnas.quantification,1,15653.999059,9.600962,45.789203,124.44323650000001,466.015918,12710.934979,29654.786337999998,11533.709346
c4cea915-ca34-4dfc-a7f1-372ec285901f.mirbase21.mirnas.quantification,1,16772.239168,12.917436,15.921491,38.7523075,76.903805,4804.685364,1196.6652585000002,1988.984732
bf47517b-4c28-49af-af9b-eef62db05767.mirbase21.mirnas.quantification,1,19529.085291,10.84541,10.84541,61.224090000000004,99.707804,6868.64319,1527.1037295,3538.052696
c99c4bd7-7c03-4802-a0a3-764941cbbdad.mirbase21.mirnas.quantification,1,67588.713842,30.899211,27.588581,92.697634,172.152748,6444.692619,6132.3898775,2905.629395
b8480c0f-dfe8-4dc8-99f6-5f3806596e8d.mirbase21.mirnas.quantification,1,25295.546973,4.21826,3.129677,26.398146,39.052927,7394.746578,1631.9905250000002,1094.026249
1809f3c6-7c76-4b0c-bd18-ce8a1468b07b.mirbase21.mirnas.quantification,1,26408.757514,10.925042,10.658578,48.762992,139.360901,7205.73133,3904.636641,3123.762606
e7cdd668-5d3d-4fdc-9dfe-bafc14cc3676.mirbase21.mirnas.quantification,1,122427.903343,3.792177,0.842706,10.955178,123.035073,10938.323613,31620.0137615,4955.953865
0e06a474-9ee3-4ca0-aa07-a48ecaad616f.mirbase21.mirnas.quantification,1,6687.941959,29.618667,19.27564,51.715132499999996,185.704339,14384.328999,1305.454489,7456.146743
5710ac4c-bab0-46e9-8041-ffdb30dec477.mirnaseq.mirnas.quantification,1,28449.806996,19.74328,11.6901,37.92788,196.133902,4192.069904,16732.170194,3783.955519
7711bed2-98cb-4150-93fe-e7e3d6e5e849.mirbase21.mirnas.quantification,1,29027.636157,6.249792,7.309079,26.6940275,89.827521,8445.587721,2859.650643,2334.668105
67414fe8-5dfa-49e0-a3a9-a696a15be65f.mirbase21.mirnas.quantification,1,71428.91929,11.745445,8.880702,28.647426,113.443807,6428.195943,2530.5703845,2320.15504
77cb0334-3a39-439f-81ff-95683df56942.mirbase21.mirnas.quantification,1,64730.648854,12.834847,8.556565,70.116293,50.626341,2199.512466,1301.0731835000001,1122.811421
ef1bc266-47f5-42f6-b4c7-8f40451f5d15.mirbase21.mirnas.quantification,1,76484.17884,37.510345,48.646228,84.9843745,168.210452,4776.121852,4470.1781040000005,2249.448481
1458efb7-00e8-441f-935f-b1e0a6df8f13.mirbase21.mirnas.quantification,1,18779.911385,5.525003,11.900007,60.509412,132.38758,7890.661034,3425.0770764999997,1816.982352
bc0cacc9-e3b2-433b-8cd4-251c62e0acb5.mirbase21.mirnas.quantification,1,11069.820914,11.874305,9.175599,34.543433,148.158943,18475.609098,5439.2413400000005,5548.538921
8682965f-93eb-4233-9d4c-7cbb2888a363.mirnaseq.mirnas.quantification,1,27427.462368,2.8829,9.979268,39.030024,189.384321,2911.284977,28773.665555500003,3171.411217
a7843188-81d1-4b79-ac8b-2dfdaa40ac34.mirbase21.mirnas.quantification,1,60383.011312,8.668582,16.336944,30.6734455,68.348438,5221.487282,1462.9899875,1836.072439
e258ba88-a524-4978-9be7-47a2cc670fd3.mirbase21.mirnas.quantification,1,47413.712786,14.797261,21.921868,64.5325,114.267738,6097.841682,3164.9697315000003,2695.293704
d57cc591-96a7-4028-b449-31c5eb60de60.mirbase21.mirnas.quantification,1,20555.100459,9.689154,53.730765,78.83448250000001,238.705529,9844.180782,4564.91293,8285.10777
d8dbb55d-3da4-4b4e-a4cf-d56b85973d87.mirnaseq.mirnas.quantification,1,30137.634838,10.369724,17.521257,48.988004000000004,290.709836,6019.445735,13736.307942,4306.653465
b7df82b9-01ab-4282-aa92-a13d5e1e11b1.mirbase21.mirnas.quantification,1,26824.323635,0.680305,1.927532,12.132111,53.29058,7323.826445,2234.179217,1516.400459
5d854663-f593-418f-a691-5797476ffb0d.mirbase21.mirnas.quantification,1,16642.414164,32.450996,15.631882,50.0615975,139.69758,6219.708281,1677.855005,4308.66121
5db685e8-571e-4595-9527-b3a86bed9963.mirbase21.mirnas.quantification,1,4808.875436,11.294021,20.210354,20.2103545,46.959352,4836.218857,1255.7168554999998,3909.514678
a380b15f-e510-4904-82e8-71cc1b48a72b.mirbase21.mirnas.quantification,1,54740.994798,99.797554,57.027173,146.6413035,295.319291,2971.523074,2241.3715844999997,6026.550223
a028c89f-72ce-4a05-b90d-bfc12067e9ee.mirbase21.mirnas.quantification,1,46493.53221,1.860565,7.309363,36.148125,158.280944,8601.65896,4358.241208,2862.346744
b2279a60-8da0-4184-924a-ed810d00a751.mirbase21.mirnas.quantification,1,40114.39641,13.755079,27.510159,153.025258,119.210688,5351.18437,2605.7851575,2834.463351
0fcaa229-ee00-461f-ad91-bbb9791ccf62.mirbase21.mirnas.quantification,1,10713.59648,73.958599,50.846537,106.89328800000001,188.363308,9908.141108,3065.2372625,4772.640865
4dabe64a-7fb8-4009-a696-d4eee0cead8b.mirbase21.mirnas.quantification,1,58153.678253,8.581198,6.600921,21.673026,102.754345,6035.882609,2793.8400199999996,2959.193103
3f83180f-149c-495b-ae4b-de93542fd21c.mirbase21.mirnas.quantification,1,7416.035865,60.115554,72.468065,142.46562699999998,500.688447,21705.832362,8747.636553,14669.842085
4c8d6813-7e2a-4331-aed5-bc9b854e1d2f.mirbase21.mirnas.quantification,1,53528.929084,58.503215,41.355721,100.363275,335.384812,15997.099047,7632.9044275,5353.04421
754056b8-a73a-4e82-a649-58cb9bd819be.mirbase21.mirnas.quantification,1,15381.29366,4.886899,27.100078,64.418219,231.017061,8080.265989,3344.860492,4866.01899
e65c1e6a-b761-4cca-98a4-e51ee138faf6.mirbase21.mirnas.quantification,1,39387.538835,7.806841,11.854833,25.010807,47.130191,4856.433632,998.408272,1412.170866
584b3d24-e4b7-44e0-b005-babd0fefa9b0.mirbase21.mirnas.quantification,1,34155.353695,1.772473,4.13577,19.694142,128.011924,6697.977727,2780.517452,2867.664031
cfcccec6-5ece-4b90-964d-e3446a8b03a3.mirbase21.mirnas.quantification,1,37014.811676,18.495268,11.12606,25.7199825,67.623325,7149.721653,2707.3893945,2368.694793
81a47ae1-b3ff-4908-af9e-c500fb1f8ecb.mirbase21.mirnas.quantification,1,7384.55248,32.445003,37.678068,59.30807,190.134696,9556.274462,3130.4194930000003,4177.032496
e144072b-3b30-4530-a4fb-8d2be959f754.mirbase21.mirnas.quantification,1,29652.803769,8.475926,29.888791,78.51384,212.344249,8920.242875,4063.3142740000003,8040.530986
c53c81db-0bad-4e9a-b320-75c51691f859.mirbase21.mirnas.quantification,1,10751.198311,32.295266,24.481895,35.6810605,80.217274,7850.354154,1535.066929,3214.420774
eb4ec7fb-7d64-490f-90c9-08983fc5a2b6.mirbase21.mirnas.quantification,1,11442.317959,4.893587,6.895509,33.254146,78.742259,5630.961278,2374.1680905,1736.778418
2f75259d-abc1-44c8-b7ec-4880afe929d5.mirbase21.mirnas.quantification,1,42217.168695,9.401625,11.613772,39.54213,103.417878,8974.68087,4203.356048,1848.24892
2521e7ad-64be-4422-a75b-73ea130f727f.mirbase21.mirnas.quantification,1,17066.272281,2.834317,6.235497,24.2334095,125.84367,13157.182428,4778.233126499999,4167.579553
a6698e9c-a8f3-4514-aaa5-1a9075690eb3.mirbase21.mirnas.quantification,1,22667.695431,71.396872,61.660935,146.64755200000002,528.174585,25225.81289,18242.7120425,9479.151708
0505444d-db68-420e-b673-960a7bb7a1e8.mirbase21.mirnas.quantification,1,38498.954119,12.55559,8.035578,11.8022545,46.706794,5940.300681,1216.8877705,3162.501978
e01fdd5c-0cb2-41d4-9320-7e609f1ea91e.mirbase21.mirnas.quantification,1,38269.29391,4.690492,27.716541,97.007893,151.374954,6553.043063,3365.214462,1932.056098
b955262f-1548-4e5e-8977-73bf12e06168.mirbase21.mirnas.quantification,1,35946.122636,10.241547,12.801934,36.912242000000006,125.458949,5655.25417,2022.8121925,2556.759506
1637ee6f-c632-4b06-8dcd-cc1100a3395e.mirbase21.mirnas.quantification,1,27874.91132,8.995389,3.598156,13.193237,88.154812,10776.475978,4405.0419755,4377.15627
5b44c055-7063-4573-a4bb-3f5d5ece5751.mirbase21.mirnas.quantification,1,34153.930228,7.658663,5.43518,34.4639825,106.727172,7438.537996,3320.771479,1903.054176
17734bbe-d8b7-43d8-abe1-9fad8468c264.mirbase21.mirnas.quantification,1,13252.032938,27.002978,12.858561,102.5470235,84.223574,4041.445714,2067.0136765,2329.971248
de5d906c-54e7-4822-988e-4820bca02d2b.mirbase21.mirnas.quantification,1,37773.049421,16.192415,26.216291,159.4181835,190.83918,7312.032083,4577.0560415,1769.214132
b3545e59-b178-4190-aee5-6c1e5d70baca.mirnaseq.mirnas.quantification,1,45345.996395,2.292556,22.925561,68.7766845,252.181176,5569.383065,18499.781825,3746.800929
7e3535bc-0156-4003-baa5-2f894e572dab.mirbase21.mirnas.quantification,1,15495.756656,6.502171,18.964665,52.6946755,133.836348,5355.079482,3363.65422,3400.90624
3df93fe7-fb98-4c11-900b-03688856de4c.mirbase21.mirnas.quantification,1,29891.572586,21.422532,15.541837,21.212507000000002,205.404275,19969.580005,11771.4711525,10849.462189
331cccd2-f121-4ba8-80b9-b53f369b8add.mirbase21.mirnas.quantification,1,33590.411442,2.93547,6.388964,22.7067245,181.481121,21227.074842,1778.0314945,6951.193148
4db0f24e-8a4a-4249-8df8-97ca2b41770b.mirbase21.mirnas.quantification,1,59575.251455,12.593351,16.485841,121.9265355,163.942534,6907.796521,5490.5865845,1313.601002
0c9034e6-b905-4c90-9d93-603682348522.mirbase21.mirnas.quantification,1,12770.487527,22.715567,14.803403,43.644515999999996,249.871236,9705.162151,2468.3398595,4938.211106
8606c17a-372f-4fbe-a57f-2679c1ab9c3b.mirbase21.mirnas.quantification,1,14398.845975,842.579529,176.088828,371.47758,1935.50664,22023.234902,21577.498568,15316.78711
e59935eb-ad2e-4644-99a3-d9508d02489c.mirbase21.mirnas.quantification,1,7938.65453,8.825342,139.648056,239.32250399999998,816.603687,21340.195642,7051.448109,13351.703888
a6a1eef7-20a5-4ddb-a73a-f24055f592dc.mirbase21.mirnas.quantification,1,23296.646312,9.439739,79.923123,169.9153,487.090528,11030.649574,7695.275159,6804.793122
316b1936-e040-4ea3-8346-d00b2b98cf0a.mirbase21.mirnas.quantification,1,34534.213422,46.748457,34.927008,82.7501415,160.126898,15149.724023,5335.772134,3294.422855
8f8d3b21-c8e5-424c-a445-6a226065892c.mirbase21.mirnas.quantification,1,17286.542939,229.395785,532.083999,810.9759695,2248.269061,15423.773018,10726.3946025,18523.947587
af2143d9-9fbf-4ef6-841d-ca837d99964e.mirnaseq.mirnas.quantification,1,39053.950673,17.303478,23.595652,56.3673915,127.416523,9821.55919,14613.836176,6237.641777
9445b723-d386-4ab1-bc79-1f456d99cdb8.mirbase21.mirnas.quantification,1,10245.319162,31.371953,27.569292,66.546566,218.653002,11526.815889,4181.025673,9204.340737
def1c293-5928-4815-8474-ca4f25d0a678.mirbase21.mirnas.quantification,1,17005.493442,16.645534,106.531416,147.9371815,317.929695,14928.546966,5876.9137685000005,8280.320776
6e8f0a02-51cf-42ac-8042-8b143d7ab7e1.mirbase21.mirnas.quantification,1,13195.454993,67.546633,19.823468,102.97190499999999,92.509519,49764.614668,2466.0027515,18741.988015
f931a1ed-a578-44bf-8a46-ea48ec7b256a.mirbase21.mirnas.quantification,1,52177.041206,23.028253,6.223852,25.5177935,61.616135,6879.223662,2290.3775514999998,1622.558227
2717b73b-fb88-4bbf-8f8c-f0c9f2ede252.mirbase21.mirnas.quantification,1,23575.527359,22.210622,42.325902,180.059695,1970.599004,7291.230283,20763.299447999998,10733.87666
cbc60548-1428-4a17-a767-0f040cd24780.mirbase21.mirnas.quantification,1,22579.675352,20.548532,9.800069,65.1230395,106.852366,8931.656531,2695.493201,2201.854236
a5718c8b-0774-48c9-bec2-433de71bd7da.mirbase21.mirnas.quantification,1,28535.513296,15.903778,13.041098,35.942539,121.504866,6653.822775,3295.2628685,2759.623615
39dd1c46-cf54-49eb-9737-b7709ff30434.mirbase21.mirnas.quantification,1,49946.67854,15.100605,12.651858,31.2215205,88.971131,5988.410082,1587.1959929999998,2713.211356
ac3ccdb6-84ee-43d7-afc4-8172e387b138.mirbase21.mirnas.quantification,1,251715.21775,42.457136,7.076189,9.0979575,62.67482,6306.906462,1343.970531,1750.851417
f4e7c755-9d9f-4cbb-99e6-091d75be00ae.mirbase21.mirnas.quantification,1,36051.028904,25.29276,10.504097,35.1749045,93.707604,8399.269578,3804.6945575,3286.953137
15b997e7-2e42-4446-8bee-eb6c233aac4b.mirbase21.mirnas.quantification,1,36780.399454,90.643798,85.608031,176.67147549999999,511.969597,19753.633515,8083.244578,7097.912927
0ef48df7-3daf-4cd3-8114-9ec2dc3342f7.mirbase21.mirnas.quantification,1,11261.85196,18.389556,56.044363,88.663933,434.34381,9658.457773,3731.1096565,9916.34941
8b257703-a94c-4d47-848e-8107f11ce712.mirbase21.mirnas.quantification,1,25754.56932,17.680988,7.956445,24.311358499999997,106.527953,13068.460344,2487.936041,8223.427574
b51e7467-de97-4c89-926a-f71e775764d6.mirbase21.mirnas.quantification,1,22508.079808,14.041223,33.576837,112.6350245,222.828098,3332.653657,1312.854312,5899.755439
b065503d-54b0-4e63-a372-495639cab6fa.mirbase21.mirnas.quantification,1,39714.05702,17.2564,12.831682,29.4243755,77.875038,7329.54548,1979.1763915000001,3820.744052
e5434dd9-0761-45bb-a0a9-6b042cdd5fa4.mirbase21.mirnas.quantification,1,19437.928996,18.727801,17.581201,35.1624025,73.764605,7010.695103,1324.514195,5901.932824
c34a7b2d-6298-4110-bd70-b47ba5afcf92.mirnaseq.mirnas.quantification,1,27746.580437,7.612174,7.817909,29.111423,92.169027,6076.5723,9836.4719835,4191.221929
ec259690-dcb3-4bee-aea2-112035e3e446.mirbase21.mirnas.quantification,1,44149.523134,8.44509,21.112725,61.696074499999995,143.097359,8318.413674,4441.4135955,4506.863043
7af20b1b-f239-4ebe-84b4-61f9c0abb402.mirbase21.mirnas.quantification,1,14419.78194,6.910577,16.585384,50.9655025,103.831414,6314.884916,3013.0114065,3381.34514
f3aed9bf-bf49-4f5e-a62f-e3c3c506b58a.mirbase21.mirnas.quantification,1,24527.148481,36.043096,59.59601,232.138951,336.878047,6997.356721,4369.600896,2609.377414
56a44d4e-bccb-4968-b6f9-be197ab7cd7c.mirbase21.mirnas.quantification,1,31175.531734,7.765778,7.02618,13.867461,44.375875,6349.817985,1490.1049189999999,2013.92515
f04164db-982b-4709-a9d7-e3bd277b94d2.mirbase21.mirnas.quantification,1,19216.780043,7.166875,15.130069,29.861978,134.577981,5701.646988,2702.907163,6770.307638
6b6e80ce-d104-477a-91be-d69717c8c8ce.mirbase21.mirnas.quantification,1,13907.317668,1.572123,4.087521,16.9789325,67.601304,11546.617231,1781.687404,3440.434761
919c05b9-7b6e-4a0e-9cbb-e25ef27984c7.mirbase21.mirnas.quantification,1,45549.261616,107.490883,82.857556,231.21736800000002,927.108865,16126.991521,10852.100383,11380.597224
fdfefe69-47d8-4d05-9bbc-7a066c02a802.mirbase21.mirnas.quantification,1,5315.215445,14.580335,17.08633,36.5647455,220.071927,8693.524554,2034.184506,7781.342366
710fcec2-92a3-498e-88aa-87b2c547a036.mirbase21.mirnas.quantification,1,21990.573033,12.785217,27.701303,64.99151900000001,274.882163,5743.758683,2817.0094525,9675.212874
e3360c02-09b9-45c5-ac58-894d045023e6.mirbase21.mirnas.quantification,1,38286.28611,12.756084,14.075679,55.642917499999996,125.361514,9232.325676,2536.9211649999997,5063.725436
7adaa246-6cbf-4be8-818a-75e3237dd669.mirbase21.mirnas.quantification,1,23937.196773,19.269227,21.075717,40.947106500000004,93.93748,6611.753385,2698.896054,3024.666417
c8b8cbe8-571e-4b3e-bb55-0445ee45cc69.mirbase21.mirnas.quantification,1,37483.056978,6.605128,6.257489,42.2380535,403.26043,19741.683883,12283.799394500002,14487.130952
a920126d-c316-457c-ae5f-753157137991.mirnaseq.mirnas.quantification,1,52307.978571,455.667284,12.19799,57.68202,2848.0239,3232.984192,141.2589255,5189.004236
7c52a1aa-a0a5-4c5b-bec8-42da4906015f.mirbase21.mirnas.quantification,1,29206.557981,21.294076,17.827598,43.330968,86.661936,5615.198226,2822.70305,3204.510779
31fa9bfd-dc91-4e27-be93-db7df8df2cd8.mirbase21.mirnas.quantification,1,60904.815538,10.641331,39.764972,52.6465825,103.052886,9957.485084,4655.302099,2427.903585
8f3f0c98-c8b8-4c96-bd6b-412d89c78ebe.mirbase21.mirnas.quantification,1,29014.03177,21.602108,13.201288,58.139008000000004,128.812572,6776.394709,3931.650396,3154.841246
b6395162-a329-4c75-83f6-f747cdd7f139.mirbase21.mirnas.quantification,1,63227.017993,12.991691,24.80232,40.746668,141.727541,8053.076964,2055.3446045,3406.185226
d261492c-49be-4689-b196-43a1c65d7245.mirbase21.mirnas.quantification,1,29578.893467,19.524022,32.835855,65.227983,198.790043,7879.717825,2243.0439015,5730.300484
68b33830-8794-4fea-88f5-f1394b3d3e3e.mirbase21.mirnas.quantification,1,17297.57514,2.269353,3.971368,24.395543500000002,61.839867,6176.611255,3149.861825,1157.937317
d0207475-fe48-4342-b526-4b08f691bcf3.mirbase21.mirnas.quantification,1,30606.620445,18.426623,24.835883,68.0983885,260.376192,8070.059622,5805.988492,7615.803313
243baf00-ca39-4c60-a110-96a47c1c08a4.mirbase21.mirnas.quantification,1,43951.394928,13.057455,10.445964,40.216962499999994,122.740081,13704.060607,3494.4362185,8433.549304
ed76555f-5f79-4b45-bc5f-1219e350ee1d.mirbase21.mirnas.quantification,1,12371.890786,1.674411,10.716233,34.157992,146.678437,8978.86357,3173.3444425,6566.371658
b617d9fc-0048-46ae-b703-b19200168d00.mirbase21.mirnas.quantification,1,17251.82423,14.947302,36.049375,66.82323199999999,219.813264,8192.879985,5625.9006845,6032.555224
49451ce4-70cd-49ec-a537-62295a15a496.mirbase21.mirnas.quantification,1,15933.628666,223.378203,149.601915,232.25868150000002,791.045745,18896.976197,8508.865109,12070.620301
825905d3-c2e6-4cff-872c-ae9fcb789173.mirbase21.mirnas.quantification,1,11015.812021,3.62571,3.323567,6.9492765,53.781358,12432.558026,4472.161651,2699.642898
89d822a3-6577-46b6-8cca-5600e88a56a3.mirbase21.mirnas.quantification,1,23122.622674,4.734362,6.763374,12.174073,61.546702,14661.641931,4118.8947025,2628.247096
c520163c-e7d0-4f49-bfdf-0eae09169975.mirbase21.mirnas.quantification,1,23670.101168,24.481992,15.941762,66.0444445,163.403065,5838.101154,5319.139851,3098.964753
ee864d1e-d093-41d4-ad80-ae6294aadec2.mirbase21.mirnas.quantification,1,47458.262666,12.959893,21.599821,53.9995525,117.935023,9824.030578,3898.767687,2012.671319
ef33e08b-a617-4815-a6c9-a78cb99c5591.mirbase21.mirnas.quantification,1,43444.201065,3.99274,17.568054,51.905615,143.738626,6078.546771,4310.9609485,1790.344438
6b39d945-5226-404b-ab46-57b1930a460b.mirbase21.mirnas.quantification,1,12548.737764,76.839336,25.766484,64.87632550000001,165.641682,9374.85909,2907.0115205,5529.211371
8a178b3e-179e-4c8b-8c7e-33c91a7d6335.mirbase21.mirnas.quantification,1,21871.13293,4.988853,12.018601,32.5409295,72.565139,6391.401394,2455.1961284999998,2631.846889
677a908a-e9ba-41b0-a2a1-66a5ebf9a434.mirbase21.mirnas.quantification,1,15825.987971,19.11882,30.985674,63.180009,126.579775,9531.281247,2010.1131965,2535.33136
f9a3b84f-3b73-4f5f-8b68-1aa1fa553ee7.mirbase21.mirnas.quantification,1,17319.780796,17.109749,12.663908,45.266736,170.423873,7753.545254,2121.8109015,4265.851003
1300c740-a254-43e6-b988-9438a35a622a.mirbase21.mirnas.quantification,1,29571.600775,36.44031,17.448932,36.2957055,122.528132,9342.119368,1466.6742760000002,4784.284933
8ffc1384-0df4-4a1e-92a2-49adc3fe2b4c.mirbase21.mirnas.quantification,1,25821.068748,78.608587,25.10536,144.047149,122.645858,7371.509943,3309.1745685,2650.055973
64302b1c-cfec-4d76-a67c-5455c68dbb89.mirbase21.mirnas.quantification,1,54257.832283,6.198439,7.14168,26.006493,95.199936,6207.601752,2663.9475279999997,3049.429787
289486b7-8213-4229-a5fe-1f2a9a25e730.mirbase21.mirnas.quantification,1,22674.040703,31.752436,46.694758,104.129311,338.07005,11667.152292,3796.750792,6694.16054
2d054bb5-2b8a-426b-a97a-530a90058b4a.mirbase21.mirnas.quantification,1,37236.617435,23.571482,59.216162,393.8162225,322.526863,18498.439108,4556.1949875,5954.386308
5fc1aeb2-06da-4619-8b26-8e0e0333f653.mirbase21.mirnas.quantification,1,39734.198295,6.876553,9.00501,21.448297,159.306817,5762.060451,2558.323405,2217.5247
3ae4ccbf-699b-477b-be78-3b9a32f3ad1d.mirbase21.mirnas.quantification,1,29206.187882,13.611708,1.134309,18.7160985,70.327157,11255.748111,7275.457864,5895.003823
29ac21a4-5c3d-4ab4-b524-cf5f32b880bd.mirbase21.mirnas.quantification,1,76264.543331,7.149183,29.017273,50.464822999999996,123.218276,8542.012386,3336.776156,3498.8944
4f34e576-860a-4366-a64b-82433ebe0aaf.mirnaseq.mirnas.quantification,1,21254.17179,12.621867,19.458711,57.061356,222.460402,5545.732705,20588.6312745,4754.762388
a7368056-c817-4c34-b343-b830ec2a200d.mirbase21.mirnas.quantification,1,45151.715317,6.310953,1.051826,19.458772500000002,175.654867,13473.885275,19710.6848645,12864.878283
cec2c2cf-5277-42b3-a5a8-5ee3f4c9caa9.mirbase21.mirnas.quantification,1,10337.696176,56.497926,96.378815,143.618678,806.163686,16562.43828,5022.143388500001,17850.496042
edd93086-8a98-471b-904d-9ac725a9a386.mirbase21.mirnas.quantification,1,35405.035889,7.195841,15.890815,34.030330500000005,100.142118,5896.991539,3184.9091225,4876.081625
fff1c9a0-c06e-4b12-b917-9f895d38b5f0.mirbase21.mirnas.quantification,1,43200.090804,14.773697,10.449688,23.2415475,84.318171,6735.004022,2708.811339,2439.101291
4f679e13-7fca-491f-bf94-0fc069c2cb44.mirnaseq.mirnas.quantification,1,28968.148549,11.576322,4.989794,19.061013,49.299163,3238.376225,6355.4006635000005,1814.089461
940f380b-9a47-4e46-b1cb-3c60882d3765.mirbase21.mirnas.quantification,1,12821.685943,26.942723,44.226734,97.349649,321.787614,10495.461422,6035.169911999999,7977.079368
d577d55f-4f4c-4671-8a6c-5fbc1b55f274.mirbase21.mirnas.quantification,1,17780.771469,12.482276,20.803794,64.7229145,146.55117,5497.286954,3535.0268855000004,4154.286483
62267940-4078-4506-a649-a8462c4dfee3.mirbase21.mirnas.quantification,1,22592.801219,17.304684,29.272409,102.21084350000001,393.802853,14460.246694,5802.0826105,8499.187408
3e869cbe-1657-49b9-bc16-019f867202d3.mirbase21.mirnas.quantification,1,37874.555433,9.606583,20.41399,76.852667,190.930845,7267.08013,3495.145223,4656.190888
7f75e4bd-881d-4c5c-86e7-0b75c3fde561.mirbase21.mirnas.quantification,1,27032.838091,19.009974,29.498235,76.69541100000001,325.136102,5408.009754,3158.605455,5085.495718
5bfab9e3-8ca3-4d98-be06-d6110aa8bb4c.mirbase21.mirnas.quantification,1,30503.685552,33.024156,24.628184,71.08589599999999,201.503327,8104.911588,1865.8648325,6127.380328
88e3a8d2-a1e1-4685-9b60-c5d1e6b2e751.mirbase21.mirnas.quantification,1,13870.050099,129.417299,169.238006,328.52083500000003,1035.338389,18334.946902,5642.718659,24942.695513
a570321c-7643-451e-9d26-1198eb34bab6.mirbase21.mirnas.quantification,1,11464.927007,12.006753,62.570402,123.78793099999999,599.153879,26543.041081,5725.868245,20835.774847
6490b269-cbb4-4576-bc30-b12470f3740e.mirbase21.mirnas.quantification,1,10645.637519,14.43747,37.168806,55.4460285,85.088919,7431.918113,1674.28576,4773.273355
addaf3a8-26ce-45e8-b8b1-885f22e567a7.mirbase21.mirnas.quantification,1,9297.851572,13.885869,20.197627,58.225972999999996,401.427846,9079.149137,4210.5741525,8971.849241
93430c10-3c95-4e41-9291-e0678fc8738c.mirbase21.mirnas.quantification,1,35810.788702,24.618223,31.162307,84.13823,307.26035,9802.41539,7091.9179,5369.265551
c7650940-3baa-4547-bb4d-5805a5c12f27.mirbase21.mirnas.quantification,1,11991.647197,10.337627,36.600787,82.0025265,376.066103,13091.067787,7707.2596405,6340.597425
92edf105-98f2-4050-84a9-c4ca7e05b006.mirnaseq.mirnas.quantification,1,61991.865338,5.794836,30.26192,57.9483575,77.908348,3621.128486,21061.008674999997,2679.789609
8b3fb847-abd9-4521-834a-1198ff36c59e.mirbase21.mirnas.quantification,1,91343.277724,52.919306,12.616523,104.96246400000001,63.783534,7787.198505,1462.640547,2653.324927
a4967c46-39b0-4285-ad1d-6c758155017e.mirbase21.mirnas.quantification,1,49133.880778,9.780282,20.56367,31.5978345,87.27021,7705.106937,955.5837260000001,2262.254506
57ffb618-af4e-40fc-96aa-f88b7759fb62.mirbase21.mirnas.quantification,1,37876.943428,5.999199,4.999333,49.243426,161.978376,6876.082043,6006.1981725000005,2303.192524
f263bc1e-c004-4bc2-ae77-1cd8b0419b64.mirnaseq.mirnas.quantification,1,80062.654878,8.347624,28.024165,85.86127200000001,151.449744,2868.601248,23085.3532595,1780.428877
6330c24f-6984-44d4-84ff-5e4c34c806bc.mirbase21.mirnas.quantification,1,16619.379153,99.238019,172.769805,382.006593,1226.127577,11955.192241,8262.760754,13292.514225
5411d080-449f-4f06-b2ab-be57273027e3.mirbase21.mirnas.quantification,1,5321.181967,5.313389,64.46912,137.7938875,671.966595,17151.265454,14290.713932,8871.234268
19817650-f66f-4eb9-8d97-016448863b56.mirbase21.mirnas.quantification,1,39037.34203,6.340576,15.85144,54.291183000000004,122.848662,10585.591833,3423.911105,2961.049048
ac95539e-0d2f-4877-8e02-a12897f080e6.mirbase21.mirnas.quantification,1,28557.590426,4.942195,6.883771,38.1255035,186.391349,11575.502882,6752.008958,2958.786155
13b8725a-7af6-4f64-88a2-54634132a663.mirbase21.mirnas.quantification,1,59236.391089,16.062451,2.569992,16.062451,46.902356,9153.669467,1157.4602049999999,2937.501004
de1880cd-f294-4a59-9364-088b3af36725.mirbase21.mirnas.quantification,1,28729.619293,18.551939,9.49169,25.6707065,48.32133,8416.540219,1916.889901,2458.347661
8d863205-e9c7-4292-a70a-6c7632e79619.mirbase21.mirnas.quantification,1,12509.225473,40.428647,31.396715,70.535086,151.822472,8761.833981,3598.1495720000003,5658.720287
20619940-a6af-4b5d-ad44-b04fbfe1099d.mirbase21.mirnas.quantification,1,27102.121421,5.685048,8.377966,37.102421,107.417492,4058.825289,2060.9796235,2949.343227
9e1239aa-8757-4a78-abb6-ccf7ee38ef91.mirbase21.mirnas.quantification,1,59208.709023,7.664144,8.941502,66.422585,48.220242,3121.542154,1426.1695405,1180.916919
09e87a05-9372-42b9-bf7c-91bd5dc3ae33.mirbase21.mirnas.quantification,1,30378.652897,28.767096,44.349273,92.59409099999999,586.728899,9753.843554,4101.109151000001,11648.876016
940cb016-0dd8-4ff5-9d82-dc169a2a4092.mirbase21.mirnas.quantification,1,52188.752872,18.774916,3.427167,22.500097500000003,104.75211,10905.842009,3713.6336585,2927.09879
2c3da83d-f8b3-4ad5-a8f9-94305660fcb5.mirbase21.mirnas.quantification,1,31437.235095,7.433651,5.81764,30.219409,114.090389,11665.661508,4750.103263,1626.03045
14496356-5c79-492a-bfa8-68637d1c6bc5.mirbase21.mirnas.quantification,1,26722.24714,11.298564,18.661674,46.4002835,161.226704,9665.47744,2409.1332005000004,5372.657754
4f569ea7-92d9-4a29-9f0e-8a5bfbdd717f.mirbase21.mirnas.quantification,1,25060.612085,21.483259,9.569815,36.912144999999995,167.178815,10331.885101,3646.001985,3402.557601
9bd6b348-2463-4fce-b062-a74083cc6117.mirnaseq.mirnas.quantification,1,12417.999139,3.509231,17.838591,119.2407485,161.132195,2788.230331,4616.612846,2298.83881
c74a2bd9-ce8c-4d7f-99d5-f8bac92ceaf5.mirbase21.mirnas.quantification,1,24952.412559,11.934154,15.108132,38.1512065,242.999698,6581.051381,2456.848827,4820.636641
33cd75d7-57c9-427a-bbee-4e009f29f318.mirbase21.mirnas.quantification,1,8458.827183,71.909655,39.223448,88.797529,613.047971,15375.228576,4084.5047405,20388.203185
9af180ac-0109-4c2c-a2ab-7fc12c73ac16.mirbase21.mirnas.quantification,1,93661.877108,47.195524,9.439105,21.237986,87.311719,9194.867959,2277.773976,3245.872161
8659835a-7388-4831-82f7-e85af8f48cb4.mirnaseq.mirnas.quantification,1,84446.311245,8.584559,24.527313,72.3555725,199.284416,3546.036233,46829.384947,1568.521647
8fd2feab-f8f5-4210-9341-26e8e8487490.mirnaseq.mirnas.quantification,1,29956.982963,1.961306,2.801865,17.091378,43.989285,3002.758997,5896.1051555,2094.39428
cbeb48f8-eb79-4db3-b077-ba394031edee.mirbase21.mirnas.quantification,1,5676.222144,21.033206,29.56842,63.099617499999994,140.221373,8502.292467,3709.617388,3951.194427
eeb0663a-fdb3-4b92-9c9a-5ef2cacba6b3.mirbase21.mirnas.quantification,1,23014.486331,9.074517,8.696412,41.402482,107.381779,10847.072088,2955.0784965000003,4274.475389
10743478-228c-46a7-b381-a36ffe396793.mirbase21.mirnas.quantification,1,45164.736833,26.039735,3.945414,16.176199,67.072045,6782.956441,2706.1597389999997,1892.220748
c4e955ec-b9e8-4dc3-a5f0-f2468861f6e5.mirbase21.mirnas.quantification,1,12065.660959,25.932448,34.419431,61.5306275,281.484939,12909.644278,6812.689926,9234.309101
97fb1d84-7fa0-4fa9-b5ed-c370cb774c6f.mirbase21.mirnas.quantification,1,57685.842555,17.41401,3.86978,7.7395594999999995,27.08846,10738.155692,625.93691,1282.348337
c1dc2366-2470-4854-8b20-08297c622e79.mirbase21.mirnas.quantification,1,20850.977542,8.721522,8.098556,35.6647935,132.535979,21417.253475,5139.6237725,3410.737875
9310b2a3-d0eb-4139-baab-b4ed7bd0c61b.mirbase21.mirnas.quantification,1,91187.880746,19.452242,37.212984,123.4794475,134.474193,4819.927215,2076.7382485,3059.076458
f8fe7bb6-e646-4bc7-a6db-c691fd36a582.mirbase21.mirnas.quantification,1,40896.701197,15.975571,47.165972,162.418306,302.775109,7280.295959,8331.2603125,3370.084754
5db2013d-1cde-4075-af0a-d08b02a7cd6d.mirbase21.mirnas.quantification,1,8908.222406,4.937618,18.231205,57.8271025,198.45426,7077.505599,4127.563739499999,3758.28689
130cd04a-2901-4607-a539-0e1fe966e367.mirbase21.mirnas.quantification,1,10478.804681,17.515414,30.026423,68.185003,136.370006,6117.883738,2988.254664,3800.844743
93a009ac-6568-44e6-b575-6f3f44bfc4a2.mirbase21.mirnas.quantification,1,49712.398651,13.290589,8.394056,73.098239,113.319758,7653.980217,5483.7669445,1513.028624
bb532483-8034-4a3b-84d6-5f4f86ef728c.mirnaseq.mirnas.quantification,1,38277.851054,1.817188,7.268751,18.777608,54.515636,2421.402839,7392.774558,1497.968535
e820e224-df17-460f-8651-851bcbb600d3.mirbase21.mirnas.quantification,1,16228.302524,45.515865,63.848645,103.3589445,307.864257,6456.931244,5234.3245255,3623.568621
58ef0cdd-1b05-4117-9604-43c263ea553d.mirbase21.mirnas.quantification,1,10131.40469,26.649395,53.29879,95.59022,348.759471,5998.431162,3898.342987,4151.512237
3911ad97-b2c0-4a95-864f-a5349c92302d.mirbase21.mirnas.quantification,1,32611.848192,2.297297,6.317566,18.091211,80.979705,6454.829118,1652.9049025,2141.654754
2989672c-2f4c-402a-9cd9-dfa575716bf4.mirnaseq.mirnas.quantification,1,26195.099875,19.141469,117.127558,197.7951765,977.58215,8998.313272,60287.19495,6609.731432
98e79fb9-6488-46b4-ac75-861e938370da.mirbase21.mirnas.quantification,1,7617.042523,16.757494,51.795889,120.92055,282.211425,26705.731939,4681.815187,12279.434252
636c9329-44fb-4dd4-b0d6-2bf0bc9531de.mirbase21.mirnas.quantification,1,19846.012645,220.273302,629.206608,986.13094,2559.657353,8510.09586,13346.420559,11749.949011
0fb1907a-30aa-455b-b9e2-e96cf5aedbff.mirnaseq.mirnas.quantification,1,4994.496527,12.531915,30.499359,97.31107399999999,257.130735,3759.121498,2143.6368825,1979.4386
5464aa57-2b0e-493f-931a-9f356784032b.mirbase21.mirnas.quantification,1,24563.261043,6.576362,29.59363,43.0203695,158.928754,3294.209458,2106.6280415,2563.685218
d8812fe6-c5cc-49cd-a972-1963761b17ff.mirbase21.mirnas.quantification,1,8116.708676,21.998793,27.921546,31.305975500000002,277.52324,22316.083741,9283.490836500001,11476.601322
cddbfd6d-5362-4c75-a0db-022c4e0137c0.mirbase21.mirnas.quantification,1,13984.004641,19.365932,15.762968,34.228159500000004,84.669658,7111.800879,2866.157988,2675.651258
5362c264-ef43-498f-b6aa-362f127a8e94.mirbase21.mirnas.quantification,1,15777.415762,29.331209,54.698741,76.102596,297.275765,27913.00522,6842.693556,20345.553349
8927b32d-b478-4f7d-b2eb-ae7dfc5071b2.mirbase21.mirnas.quantification,1,59792.408873,14.807567,20.291852,43.6000595,126.686966,32107.742054,7917.1127215,4907.337534
30d5997d-396b-4345-b490-4b0879b975ef.mirbase21.mirnas.quantification,1,15335.242895,15.223409,17.565472,40.693343999999996,116.517633,12490.807403,3828.980219,5400.797238
3f034344-ff79-4a36-99ef-1514e248ed18.mirbase21.mirnas.quantification,1,14915.69208,13.74747,16.559452,40.9299665,143.723546,8349.400688,2652.6367490000002,2821.355694
f50cb3c4-4f8d-415e-95a7-de2baab0daef.mirbase21.mirnas.quantification,1,30483.910277,0,2.101035,22.060863,53.576381,18298.960408,12439.700308,2196.631621
3978052d-5771-481a-b398-7a3f1d143de3.mirbase21.mirnas.quantification,1,23039.023343,30.357429,22.654798,60.4883105,126.866869,18414.272885,3152.1885895,10274.403975
d34c831f-a2f6-4dbc-aef0-34a75b21e0ba.mirbase21.mirnas.quantification,1,31783.434853,13.638978,5.245761,16.681518999999998,86.030476,7923.197027,1824.160841,3683.783024
8bf80ca0-4d11-43b4-9882-d7ef0d156924.mirbase21.mirnas.quantification,1,21068.389945,13.212208,18.801988,62.5039065,160.579142,4037.853992,4577.5218675,2738.992325
fcdd9d98-1f11-4d78-a03c-98ff4a546b81.mirbase21.mirnas.quantification,1,25064.492959,6.351142,31.467021,112.5884255,429.279457,11981.717949,7036.6322315,4975.253642
c57795a9-4882-4f61-b903-7343166e071a.mirbase21.mirnas.quantification,1,12702.619354,7.222219,5.236109,11.465273,97.499957,15869.742947,5902.4487659999995,4957.150575
0bb63e02-f74a-4acc-b000-b87bd5abcd71.mirbase21.mirnas.quantification,1,21226.378736,50.873012,72.455502,175.743131,288.2804,8586.747735,1353.9158345,8843.425203
e26072b9-bf1e-4f06-a67c-23ca563c0914.mirbase21.mirnas.quantification,1,14724.706112,7.500597,20.949943,54.831948999999994,180.272965,7720.700535,2235.436492,5452.675243
ace6e258-51aa-4db3-bba5-7372782d302a.mirnaseq.mirnas.quantification,1,39157.247163,487.792128,2.127442,13.828375,785.786011,7035.755619,146.641559,4161.581066
884f8b59-5fa4-4654-b7e0-2da583edb973.mirbase21.mirnas.quantification,1,12210.580003,1.785799,10.357635,31.4300645,132.149134,22837.870513,4546.465957,4872.017135
bce1eee9-5708-47e1-90e8-ef38ad5486a8.mirbase21.mirnas.quantification,1,27941.322614,2.897305,19.556811,60.2639505,323.339272,9636.292573,4563.618016,9116.081406
804aa93c-26f7-489b-bf2c-e84263b5e6f6.mirbase21.mirnas.quantification,1,29991.911595,11.240539,12.197181,28.6992495,107.622186,6570.693187,4662.0735110000005,2391.36497
3cbdea8d-8a71-4fe6-b605-b196e3abe55f.mirbase21.mirnas.quantification,1,12735.849524,36.202524,35.706599,120.509771,297.059066,11046.729028,6158.3964565,9757.819993
0be79207-b05d-42f1-976c-f2a22667714a.mirbase21.mirnas.quantification,1,17338.508428,49.119777,8.329752,36.367527499999994,67.668504,9590.464718,2701.0724945,4053.927332
fb421fb5-ef7d-442c-955f-0f1ef0a9daa8.mirbase21.mirnas.quantification,1,43347.916864,6.327743,10.642113,61.1202465,106.70876,7338.168688,2768.8190674999996,1952.108764
94f2861c-bd18-442c-8933-4f7cd3337883.mirbase21.mirnas.quantification,1,48511.565712,20.62286,23.922517,107.238871,329.140843,4928.863507,3591.2648165,5082.297585
19e0c53e-1598-4603-8a07-1304edcd5712.mirbase21.mirnas.quantification,1,22910.319068,111.163524,259.059344,449.48729449999996,1203.465982,11763.034165,6169.5756065000005,18906.49891
0af10379-2cb9-4a51-bc2f-241ff04a434a.mirnaseq.mirnas.quantification,1,103601.845196,0.396714,17.058699,56.730093499999995,90.054064,2861.894357,24965.2081875,2932.509438
6f94d0d4-ca4b-4538-bae9-e7365473292b.mirnaseq.mirnas.quantification,1,20855.401091,24.816533,25.643751,54.5963735,195.223396,4373.500409,15337.0312725,3856.075687
fd5deeaa-06ac-4528-a48a-36950c1df1f0.mirbase21.mirnas.quantification,1,47088.122745,19.781363,32.296104,59.545941,148.158375,9850.311597,2364.074783,2799.264779
807668b4-c932-4adc-a7ff-3b8e195e89c9.mirbase21.mirnas.quantification,1,17688.294533,8.014902,19.591982,62.189701,176.624687,5662.082835,4844.562854,3328.559025
bfde45ed-90b9-4c38-bc38-d37291f983d2.mirbase21.mirnas.quantification,1,10384.61989,6.079728,12.456028,35.2179355,155.996917,7962.812233,2957.490988,3697.957345
5a235809-6984-4002-8d59-11d423377f61.mirbase21.mirnas.quantification,1,38144.471738,3.213248,2.629021,22.346682,59.299039,8207.51275,3060.326986,1431.063991
52ced3b3-f4a7-41a2-bdf8-16fee8595bfd.mirbase21.mirnas.quantification,1,29912.21217,13.079236,53.188892,138.639899,376.68199,12692.090376,6261.466130000001,9335.958481
ea9993da-764f-47d9-b8ad-140394c23bcc.mirbase21.mirnas.quantification,1,14887.249322,5.696748,13.165819,56.018026000000006,137.861312,6163.248808,4616.7082085,2007.154356
fb56f4c4-14fd-4013-8d39-023155a73d36.mirbase21.mirnas.quantification,1,39464.086631,45.504856,21.41405,76.95674249999999,133.503218,8060.716862,3627.8412095,3811.36631
05510e25-4cb5-4bfa-b761-05b68c40247d.mirbase21.mirnas.quantification,1,24973.794138,18.898716,22.549604,46.4951365,175.886914,10887.378471,2594.2782845,5262.003852
d6770c42-f5cb-4f85-8bb9-124bfa63204b.mirnaseq.mirnas.quantification,1,59110.644482,4.233529,12.095796,34.4730195,139.101657,2739.697859,20813.992659,3915.409258
b6990a08-1310-41a3-acd4-31ba8f9387df.mirbase21.mirnas.quantification,1,27517.549741,63.460227,32.726126,82.0998905,256.402084,13050.609958,6120.4970275,6698.326585
a3a73623-b490-4e3d-a7d6-9e804a044b19.mirbase21.mirnas.quantification,1,23088.115308,227.011374,399.13226,459.511796,1383.632362,38864.425593,21541.5758195,13006.301036
59efbefa-e209-4c22-89e8-9b09c22fade1.mirbase21.mirnas.quantification,1,42654.660219,13.330623,6.109869,61.654129999999995,99.979671,9243.676008,4264.688402,3331.544808
bef84807-a251-4841-b7bf-69c9de854dde.mirbase21.mirnas.quantification,1,32346.712195,2.672708,26.192535,48.1087385,124.013637,7106.19523,2870.220798,4652.649562
d9dc0777-5db7-4afa-bcfc-e047558e529b.mirbase21.mirnas.quantification,1,48459.914113,21.480305,23.212587,57.85824,151.74796,14604.182077,2355.0382575000003,3502.329054
1adae0c5-d78b-4746-889d-7794467ea2ba.mirbase21.mirnas.quantification,1,13121.376743,6.87043,9.160574,18.6074155,53.532103,6494.846748,1760.118355,2623.931827
cb8b631d-997d-40c3-bec6-384cb7dcfe1c.mirbase21.mirnas.quantification,1,28657.876577,12.92434,31.387682,56.543985500000005,203.096764,11713.605868,2472.010727,6116.905267
11c5ea50-2bce-4da6-b76f-548b9f64238f.mirbase21.mirnas.quantification,1,4809.913909,8.128287,21.133547,49.379344,80.470043,13912.376252,1770.9505585000002,7407.308062
68b4a573-7a51-46d6-8c43-8ef46826b7d4.mirbase21.mirnas.quantification,1,13265.509179,24.874384,25.703531,65.5025455,153.392037,5128.268909,1856.4582194999998,2170.704608
bdc9b6cc-c666-4f89-a993-d77e229d9f8b.mirbase21.mirnas.quantification,1,2766.025681,42.186408,5.631939,22.634017,176.609093,6614.552462,2203.3631385,5463.617996
cec5df7c-15a6-4467-849c-417c94a65523.mirbase21.mirnas.quantification,1,18290.227031,40.605928,78.468213,218.3940465,633.781718,6722.47604,7934.892235,4641.147853
596393d4-4cbf-4f0b-a3a5-9188c6338be7.mirbase21.mirnas.quantification,1,16107.46426,10.012099,21.626133,29.235328000000003,93.713243,8658.062403,1432.5310705000002,5257.953711
9fea0d64-818c-441a-92c0-0cbfb1c3b00f.mirbase21.mirnas.quantification,1,52485.66883,30.641974,12.095516,37.8992835,135.469778,7647.591501,2239.283171,1534.51778
7c76bebf-240a-455e-b13d-14c17eb82edb.mirbase21.mirnas.quantification,1,22333.431305,25.095416,36.154413,81.2410915,471.283401,9052.639549,3880.5381644999998,7323.395265
87d84d73-132c-44dc-9aa0-155665590242.mirbase21.mirnas.quantification,1,32816.747358,5.361557,18.765448,36.190507,178.718552,6250.234568,2179.025948,5462.085753
9083bef3-7e81-4cee-a448-5b53e2188f38.mirnaseq.mirnas.quantification,1,48217.23766,8.510113,12.055994,40.42303750000001,107.085591,4171.373823,24666.563127,4592.269839
0421c9fa-c633-4c76-be96-b476a094dbe6.mirbase21.mirnas.quantification,1,22829.413302,8.272775,0.344699,18.0966965,110.648372,18842.280225,4022.4647215,3245.340876
103a5f1f-36b9-4b07-8ace-471e1673210f.mirbase21.mirnas.quantification,1,39784.397712,23.403987,13.487043,53.7498345,245.146846,5048.517655,6412.0974015,4227.394724
0c46c3f9-806a-48b8-888d-172ce4b4e051.mirbase21.mirnas.quantification,1,25927.907211,7.697077,9.055385,27.39254,114.927931,8283.941867,1401.8490945,2897.195042
fff2d652-1256-41d9-ba5c-152386ab45af.mirbase21.mirnas.quantification,1,11445.440159,3.704061,17.321933,46.464179,230.95911,9107.850714,2997.1302244999997,6533.419239
bbc97d5f-6c7c-4803-af03-e67f637788e9.mirbase21.mirnas.quantification,1,24119.111121,19.543998,21.362044,67.0404565,162.260631,5904.559842,1179.00302,5196.885323
dcade5fa-cc2d-4251-984b-c426607a0598.mirbase21.mirnas.quantification,1,13139.125889,24.680951,43.666298,66.4487145,218.331492,5697.502667,1502.3738015,7662.486093
cda59159-0883-48d9-8839-5cf9743a41e5.mirbase21.mirnas.quantification,1,48543.266309,6.470825,8.627767,28.2559355,72.904628,9703.217769,3021.6595770000004,1401.149305
a3e71637-f392-4d6f-9094-380cda452c32.mirbase21.mirnas.quantification,1,21106.0445,28.206552,32.470333,73.63221999999999,224.668466,14680.198377,2477.420819,6579.01426
80a326d8-1b6c-4f5a-a061-1c9f6297d645.mirbase21.mirnas.quantification,1,28387.254542,19.62357,10.063369,50.8200135,97.61468,7109.267055,2798.3713445000003,2356.841028
7c163f61-6549-4561-9f29-5eab31e150ac.mirbase21.mirnas.quantification,1,24031.597626,25.287184,15.223917,49.929286,199.975177,9537.138745,1964.1432895,5529.894225
f01c1156-3363-43e1-9394-b1f88deba0d5.mirbase21.mirnas.quantification,1,26215.913385,4.727749,4.182239,6.273359,77.280512,7061.256716,3969.1270719999998,1720.355105
dca76480-f316-45e4-9870-9e90676bdda4.mirbase21.mirnas.quantification,1,15423.923011,13.785948,36.251938,88.3321865,252.231792,11750.223128,4108.212545,6977.73212
0c7ed2c5-fb72-4496-924a-0c9c6c9999e6.mirbase21.mirnas.quantification,1,51980.575354,0.407601,2.581475,12.1601045,43.613336,6904.629725,1847.452777,2114.77128
ae26ba1b-2b15-4b4c-ba9a-2d7cddf5dda0.mirbase21.mirnas.quantification,1,44731.500325,10.172168,24.413204,39.26457,171.299316,5362.523062,2317.504788,3640.741146
187a136b-89c4-4094-b363-5af5cbc92098.mirbase21.mirnas.quantification,1,13407.435501,3.661085,12.474808,34.5091155,102.103592,6210.962834,2774.6956115,3324.807525
c744691c-a8fa-4d3b-8ab2-58a64b8e32d1.mirbase21.mirnas.quantification,1,50481.029191,10.465498,30.001095,285.184831,191.518621,4528.072304,4029.9145805,1326.327496
19475873-d8f4-4954-8339-d0f9f1ab2bdc.mirbase21.mirnas.quantification,1,40906.855533,4.273893,10.54227,38.797451499999994,334.598342,5177.584058,7190.540222,3798.161314
4a43baff-f305-4fd4-a221-464f68d40918.mirbase21.mirnas.quantification,1,19038.032725,18.529569,9.107754,32.034169500000004,91.077542,7926.886718,3532.0812785,4329.323828
570c1d15-5cd3-404c-afdd-b98bd92735f7.mirbase21.mirnas.quantification,1,14180.837351,29.505083,14.058304,58.22915,208.271177,14185.697012,6732.799708,5508.078405
e13a1beb-e1d2-4f0d-a24d-018e131e3c93.mirbase21.mirnas.quantification,1,17314.002063,8.521447,20.514594,33.612374,98.154444,4624.305186,2786.5131375,2488.578105
4a17c885-3f91-4382-ae18-25f2d6db23bb.mirbase21.mirnas.quantification,1,14140.318556,279.967539,251.579222,388.13681599999995,1419.415847,24887.743785,16932.1626905,15032.103271
c58452d9-80ff-4fd7-aeed-cde69a675cfa.mirbase21.mirnas.quantification,1,64081.078874,2.542534,1.271267,17.003197999999998,68.966241,16951.711237,5526.8337475,2349.301614
aef6719c-dc07-473c-8375-480f012e976a.mirbase21.mirnas.quantification,1,18370.395448,73.008641,33.596897,60.732852,239.700936,7307.325028,2533.012181,9700.457822
0ef8f5bc-f13d-4053-b0e2-35b6e127e89a.mirbase21.mirnas.quantification,1,45441.068988,56.984057,14.865406,25.601532499999998,88.366581,13340.876151,4656.1755435,3281.951332
ad2efe98-8719-45a1-8f14-3fd15c03af21.mirbase21.mirnas.quantification,1,15584.561383,40.949042,73.156154,77.9872215,203.825009,11909.729907,2862.292051,3935.709083
ef715b4a-c879-4528-856c-7a70e29b5819.mirbase21.mirnas.quantification,1,62485.915726,4.244892,5.167694,30.452484999999996,97.447953,11927.777041,4993.838447,1654.585028
0a00ab98-e267-45f9-89af-5fecf427aca9.mirbase21.mirnas.quantification,1,11180.4873,33.297282,88.792752,139.971907,389.701521,5993.51073,3856.9351455,6804.97782
ecedae95-8eee-4fc9-bc46-38ae50262772.mirbase21.mirnas.quantification,1,21129.182068,9.508984,12.022854,30.876875000000002,121.649422,5311.915457,2013.5547845,1359.128986
cda8d0f6-6325-4333-98d3-2edc188de249.mirbase21.mirnas.quantification,1,5574.830501,12.208596,17.027779,37.589625,221.361124,18048.160341,4688.5828105,11083.477561
797067e6-151c-4cc7-9b51-0b4aefa58227.mirbase21.mirnas.quantification,1,15407.504539,23.3256,40.346984,86.99818450000001,91.411136,16873.234819,1928.459754,3675.358079
a46bb2d0-1882-472a-a05f-ed50e366bca8.mirbase21.mirnas.quantification,1,55408.780561,44.712335,18.041819,47.850043,252.585471,6109.116924,3669.9413875,3035.732215
bcb325b2-78c4-4f93-8e17-0fa6d1144df3.mirbase21.mirnas.quantification,1,34847.242711,15.51497,6.205988,49.9582025,153.9085,7955.455901,6888.025981000001,3681.392028
dfb1fbb4-faab-4dc3-a7c2-9c2cd5838153.mirbase21.mirnas.quantification,1,72834.625598,12.049812,11.122903,32.905256,53.7607,4050.590673,2168.039264,1746.295841
ce6dc2ae-f00a-4843-a6f5-d1251e4c1b59.mirbase21.mirnas.quantification,1,13317.167726,10.976647,8.481955,93.80044000000001,110.764349,3293.493093,2864.405976,2205.807145
394d3409-2498-4498-a45b-b36ca401eb17.mirbase21.mirnas.quantification,1,34940.203874,1.678252,1.342602,23.831181,71.493544,9526.095143,2020.1121739999999,2286.786449
851b1db7-ee34-4afb-97e4-1d9616c80f07.mirbase21.mirnas.quantification,1,53670.996798,6.807045,14.464971,57.0090015,471.387863,5432.021871,12697.2660355,5248.231657
f856d568-ac78-4651-b934-3293c327bebb.mirbase21.mirnas.quantification,1,29111.928566,107.689752,52.587993,166.15995850000002,760.967362,66306.923234,25209.557621499996,16562.502891
4fbfc232-818f-48fb-83bc-6433c9207b09.mirbase21.mirnas.quantification,1,37196.558385,11.240348,35.069885,105.5468645,234.248845,11512.364045,4907.7605834999995,5514.739355
8c3987e3-50cc-48e1-bb5f-5e6ee53a96e6.mirbase21.mirnas.quantification,1,22957.255567,25.937471,46.168698,53.171815499999994,139.543594,10883.881574,2392.991073,3899.958137
676b95a0-38d6-4f95-ad71-e91e1078d90f.mirbase21.mirnas.quantification,1,22708.097219,25.151615,31.248976,62.1168665,247.705296,8762.670126,1794.1485149999999,9772.545564
ec15afce-2570-4e5f-8cc7-b329d1bbb2be.mirbase21.mirnas.quantification,1,13291.097651,35.310726,21.747666,63.3722305,168.369026,7516.74161,5033.2984825,3457.645018
ec8978f6-d96e-420e-b296-780f04bc7f2f.mirnaseq.mirnas.quantification,1,20791.042804,4.423744,8.571004,27.648399,165.06094,3960.35662,16319.052567,3577.979267
095e66bd-4ff8-41b0-aaa8-6a319513d70a.mirbase21.mirnas.quantification,1,39286.343768,16.303582,7.490835,28.641427,100.024676,7191.201354,3170.3856455,3436.089961
97eae9cb-d360-431d-a783-7c048879199f.mirbase21.mirnas.quantification,1,47981.389356,8.589528,9.734798,19.326438,59.267743,9275.831216,2292.974482,2638.416664
ee4d36bc-8e13-41cd-9ab0-d7d8be7f885e.mirbase21.mirnas.quantification,1,11607.539993,250.51509,612.483832,915.1469605,4085.952239,20071.882493,19928.219758,29399.223914
9d519849-99e4-4f9b-8771-6327fe24654f.mirbase21.mirnas.quantification,1,10476.605937,51.204333,14.962305,50.2068455,119.033448,8311.061665,2416.744748,5904.790531
6bd02673-dd3f-42ed-9997-e371b09f22ee.mirbase21.mirnas.quantification,1,16990.393504,10.870663,24.458992,48.0120955,148.565729,4519.47819,1374.006523,4240.011559
7348be0a-2a46-47df-b13e-2660f391a865.mirbase21.mirnas.quantification,1,136210.692184,6.055378,2.691279,7.0646085,24.221514,7993.09956,908.306768,1048.589702
61b28f0b-7554-40fe-a8c2-ec14bc7f0651.mirbase21.mirnas.quantification,1,32649.675056,3.812552,21.350289,73.96350050000001,171.310651,7578.844202,5742.7193609999995,2044.035987
91151f2d-1b98-4671-8e79-05e07931e325.mirbase21.mirnas.quantification,1,6284.631061,114.551558,56.351976,406.93517299999996,590.310047,13006.220889,9128.558258000001,11261.157229
83ee2c42-7cd8-4005-9687-3db95612c59c.mirbase21.mirnas.quantification,1,26550.766236,21.669165,10.656966,85.4333475,83.479571,6396.311269,2959.2619695000003,2607.40446
37544806-94ab-49e6-8d36-f8f51baf77eb.mirbase21.mirnas.quantification,1,30924.975779,5.155194,14.434542,34.8834775,124.068328,3166.663631,3522.371994,1968.940302
508ba40f-1ef5-49ac-9dcf-6c32680a3338.mirbase21.mirnas.quantification,1,29970.724839,8.454365,32.280304,62.254871,219.044918,11894.523339,3155.3996875000003,10617.914185
06b0a978-dbcf-4e33-b184-e50fa93ca0e4.mirbase21.mirnas.quantification,1,9811.270309,38.194726,10.912779,19.097363,36.830629,7310.197787,3167.0930605000003,1102.190672
71f102d5-7d96-439b-961e-409c30c7d788.mirbase21.mirnas.quantification,1,22819.450772,7.310161,32.112493,73.362687,394.226539,9781.256486,3800.8921010000004,6672.871601
70f44ce1-c5c2-42e3-aced-466aa7c181ad.mirbase21.mirnas.quantification,1,65356.491043,4.804105,13.931906,27.383401,87.915129,7828.289743,3464.480607,1627.630908
a2d913ea-9c76-499e-b13a-0e308d4a1abc.mirbase21.mirnas.quantification,1,19697.966491,4.94278,23.972483,68.210363,230.580683,14906.682787,3667.1719835,5064.125155
7e953a6c-0941-488f-af2d-ffc19f0eb62c.mirbase21.mirnas.quantification,1,17745.077267,18.468424,64.639484,143.386791,862.372792,17782.527127,18813.680793,15883.357539
5911ac17-dbe0-4759-9a75-0c9fa72dfbd8.mirbase21.mirnas.quantification,1,76306.016965,5.901959,6.919538,26.864088000000002,62.27584,3437.789183,1769.5700299999999,1707.701222
22ae1265-0ef4-439e-ab8a-46abd4c8f3b2.mirbase21.mirnas.quantification,1,43139.36747,26.675895,16.301936,71.135719,212.666159,5457.443427,1998.0986014999999,4949.860433
ca4ba8e9-dac8-468b-998c-f4ec259c472d.mirbase21.mirnas.quantification,1,21009.653028,5.879244,66.055041,312.46455149999997,417.772195,10663.566115,7984.8785835,6745.568433
393d255c-e5cb-4a71-9cac-52d6be81e7a9.mirbase21.mirnas.quantification,1,36243.912793,13.516003,12.765114,71.584756,87.603723,5005.176129,1387.1423765,2036.911703
865207f2-81a5-4213-b165-fe1e27bf7f93.mirbase21.mirnas.quantification,1,66361.322628,56.442906,74.566775,102.5293155,311.21272,19510.085933,5769.604201,5510.173963
567dda93-73ae-49d2-a810-1179273de4a9.mirbase21.mirnas.quantification,1,29070.974993,8.064493,8.064493,30.0516475,159.920414,5078.195909,2460.2789494999997,3051.117168
fd524c01-0ff9-4f64-be1c-ecf182564ea6.mirbase21.mirnas.quantification,1,28238.826359,3.432301,8.151715,42.474723499999996,146.730862,9420.807809,5271.370578,2276.044514
2b0ee2b8-69d2-4681-ba29-b0d4cc05d81c.mirbase21.mirnas.quantification,1,7636.669291,48.147304,24.833873,52.075110499999994,167.755345,11776.070435,3797.0484685,4712.607473
82055a16-fe82-4564-b751-04a7ee533318.mirnaseq.mirnas.quantification,1,41498.432455,16.640181,13.272525,23.3754925,128.565208,7951.233176,11952.2062305,4750.177396
94b82f25-5a16-4bb2-ad0c-bcbbc2432078.mirbase21.mirnas.quantification,1,13749.4022,54.466231,51.809342,104.94712799999999,239.784261,9031.431001,4780.7402095,6492.773261
5fc57952-099d-41e3-a363-36abba1625b3.mirbase21.mirnas.quantification,1,29254.519453,15.305317,22.639115,74.2945605,501.886859,10012.547171,8897.809905,4793.75288
fa615a12-3916-4399-ac72-9b6df4739140.mirnaseq.mirnas.quantification,1,33674.145624,5.541063,18.839613,37.679226,103.063764,5879.067417,12216.380710500001,4069.356372
e1db445a-c63a-45d8-8026-c5a94eb52245.mirbase21.mirnas.quantification,1,28873.651947,7.362323,26.228277,77.419432,499.717701,9463.576515,8475.414671499999,4540.02274
c5d4be4c-7b13-4c1c-9a2a-a8ee565da468.mirbase21.mirnas.quantification,1,24172.186289,16.65975,16.289533,30.9130915,153.639915,7687.548984,4417.054993,4874.642787
f7f6549c-bede-4215-a497-9269beedb457.mirbase21.mirnas.quantification,1,12078.943925,16.195899,15.556587,41.4487145,128.288567,10119.879485,2696.4040415,4256.537922
8b1e6d14-7421-481c-92a0-f926e6b26bbd.mirbase21.mirnas.quantification,1,7740.839988,2.649745,12.93699,35.927423000000005,207.927039,2398.330848,1771.5882510000001,6996.885147
6380cd41-2628-484f-acd3-2240d9903fba.mirbase21.mirnas.quantification,1,53290.670999,110.769195,44.696342,50.5262995,237.084943,24704.44544,3956.597909,7412.791121
386beae8-9fc3-465d-a928-8a5ab64484d7.mirbase21.mirnas.quantification,1,33451.874272,18.4181,12.278733,18.0343895,72.904979,9615.015663,1752.4054805,3980.61188
251e6941-c356-414a-9400-2b0afce3c27a.mirbase21.mirnas.quantification,1,12127.263957,76.160818,23.079036,84.23848,297.71956,14013.590475,4482.718033,10364.794931
0ba140b1-a028-46ee-8d80-ec4795274fe8.mirbase21.mirnas.quantification,1,25076.881938,8.939018,29.115658,91.752632,182.739063,7716.543236,2740.1281955,2844.778554
bcc7fea5-5f73-45a2-b683-9365a19403c6.mirnaseq.mirnas.quantification,1,25417.310444,4.460351,14.719158,33.229615,246.657413,5100.411423,15263.76732,4280.5989
68e91e63-e9ef-4403-a0f8-8961ffbdc162.mirbase21.mirnas.quantification,1,37781.969465,18.834896,8.309513,29.637262,96.113364,6627.944337,3172.1564845000003,2383.722219
4f9ab944-ee29-4f43-ac5d-61cee10483ac.mirbase21.mirnas.quantification,1,42048.24865,26.841565,34.956457,71.785582,111.735819,9413.27459,2446.9520155,3661.064686
7e15991c-c1bf-44fe-b809-6964b5535440.mirnaseq.mirnas.quantification,1,35460.692422,478.866065,1.021874,6.288458,798.869964,4322.214292,96.8815535,5833.645136
cb58c4c2-ba48-4f6c-81d5-7657b13d0427.mirbase21.mirnas.quantification,1,27793.413598,3.079505,6.59894,45.312718000000004,102.063598,8164.208012,3282.312532,1833.185407
21d7c6bf-7b0f-4a98-b04f-cf9d472d9332.mirbase21.mirnas.quantification,1,18760.668466,39.581023,26.325983,70.601499,467.424266,10916.998411,2879.381343,5442.666796
2fcd3b8a-0974-4197-83ed-7ebacf556109.mirbase21.mirnas.quantification,1,19736.48405,25.794879,43.652872,266.5943275,402.796959,7635.00076,7837.81654,2629.94383
1cc5e4d0-eb05-456b-ab19-a1091df50f16.mirbase21.mirnas.quantification,1,36912.994835,9.035448,29.940995,87.25408300000001,159.626251,7322.433512,3419.828557,4696.484236
58164646-d342-4c39-a70d-942f8fb7b663.mirbase21.mirnas.quantification,1,26693.130711,4.887173,14.050624,43.7809295,217.071956,9156.934064,3586.065365,4551.587578
da03b00f-2c56-47fe-8534-bf561863e209.mirbase21.mirnas.quantification,1,11451.443464,5.2737,6.723967,25.3137585,131.183281,9333.65749,1773.5452235,3771.486371
b56bae60-552c-48bf-a04d-999aa7cbde6f.mirbase21.mirnas.quantification,1,13755.431817,8.314135,11.761459,29.505039,189.805614,11227.529276,3068.9296525,8404.779127
d578e58b-a593-4b18-ad93-e5c4715495a9.mirbase21.mirnas.quantification,1,28056.163821,17.424412,11.963029,30.037605499999998,87.642191,6887.063805,1789.7731705,2274.015781
5c33a72f-70aa-477a-a60f-3d775e513e93.mirbase21.mirnas.quantification,1,33706.239093,8.94637,4.210057,20.524026,87.358674,17359.11572,6272.9842775,2192.386955
6587e2a2-0f94-4d8a-ae35-7465c4cbea7d.mirbase21.mirnas.quantification,1,31325.641718,4.968031,5.796036,24.2881505,70.380435,5109.619598,2626.9842455,1780.763012
fcbfac6e-234c-44bf-a41e-6e466ebdfee9.mirnaseq.mirnas.quantification,1,3197.537188,1750.774646,28.09756,178.7947195,2332.970043,18968.296005,1727.825397,17148.062795
b276bd1c-fbaa-452a-b0a0-8a13ca1e57b6.mirbase21.mirnas.quantification,1,28778.837284,5.695806,15.275116,69.514725,201.683318,8221.37838,3940.591706,1632.366263
4260d816-2114-4a11-bfae-1e81c49c8c84.mirbase21.mirnas.quantification,1,12146.788776,26.947646,19.248318,47.84582,304.306747,5251.491195,1946.2799599999998,4092.375796
23a722b0-50c3-4013-8533-e575722ac41d.mirbase21.mirnas.quantification,1,33217.054028,22.998816,19.954855,54.791296,288.16163,7798.627782,6528.2814405,4125.243432
650a7a01-faf2-43f3-924c-bdd7b9914294.mirbase21.mirnas.quantification,1,21473.890724,14.651279,9.767519,32.790957,115.117189,6436.795082,2940.7209265,3389.329125
33b9e3dd-1553-408a-81b0-7552bb1e7305.mirbase21.mirnas.quantification,1,31340.253539,23.213856,11.142651,89.141208,96.569642,6919.586273,2343.051892,2227.911165
3b8a0b76-c7f2-449e-bac9-40cda2869c6f.mirbase21.mirnas.quantification,1,22486.541939,51.219673,61.537305,118.652768,456.186729,11482.418939,8052.9117645,5191.611323
dbcc2bf5-c720-4f75-8850-f3aca2865225.mirbase21.mirnas.quantification,1,47486.713318,16.294615,20.499677,57.293969000000004,158.215456,3180.603731,1174.263549,3480.214395
7653178d-ba0b-4ded-8ecf-0ee0282640ff.mirbase21.mirnas.quantification,1,13331.544467,17.09438,16.058357,34.447766,188.556193,5933.303945,2296.0860605,4296.387543
1253b76a-ef4a-4782-9de1-e6e76f33a8ee.mirbase21.mirnas.quantification,1,23919.396444,12.396406,8.500393,39.1372245,143.798308,9529.648484,5264.222308,2443.862876
7ea40f19-fae6-4bde-ae1b-6f13ffbd200b.mirbase21.mirnas.quantification,1,31430.281698,2.380097,5.270214,18.913268,109.824461,5735.777987,2250.168902,2195.46918
aaf189d3-d81f-4b4d-a0e1-5ed8df8d01ab.mirbase21.mirnas.quantification,1,15778.488196,11.439559,14.140566,43.2955525,202.416639,12964.038952,4899.7854925,4882.149506
5c264a93-9576-4742-8f90-8906b8d8e637.mirbase21.mirnas.quantification,1,13925.622003,5.842291,5.007678,19.978548500000002,73.445943,12643.134823,1793.948451,2829.963983
b14e8d50-a949-4947-856c-7a5fccef9249.mirbase21.mirnas.quantification,1,34505.975486,13.357478,19.494697,82.852464,186.643677,12005.123495,4095.5110210000003,2952.363624
a3e15438-3e52-4deb-ad35-0512c005dbfa.mirbase21.mirnas.quantification,1,13855.747746,21.399779,58.28395,167.109654,473.926805,22213.144231,9149.188296,20400.252413
4d63ecc3-6cba-4893-88bf-d7b927b99cd4.mirbase21.mirnas.quantification,1,8135.129654,17.2286,43.250965,102.11534900000001,311.371056,11370.517199,6671.775425,7046.856409
4976f331-0ebe-4548-804a-bd34dc47ce00.mirbase21.mirnas.quantification,1,21801.523197,14.196031,9.8755,30.490605000000002,166.031837,15115.192765,1633.777961,5345.484477
79d8e4e0-49d1-49ee-92e5-45917a010db3.mirbase21.mirnas.quantification,1,12491.629774,4.349453,23.526588,61.188899,375.832302,17683.690756,5033.9978965,7554.407212
a1c1f61f-b8cd-4567-bad3-5f28eb20d1be.mirbase21.mirnas.quantification,1,7066.403242,349.402378,346.204187,337.0093875,1116.968243,20319.707174,13767.812925,13003.845025
607d65e3-93d3-46f0-8628-4cad5e953211.mirbase21.mirnas.quantification,1,50491.576525,9.28024,5.744911,22.372007,55.68144,15144.467927,3027.623076,2200.74264
5efd4620-81d3-4d9f-9741-6ec09f9a3c3b.mirbase21.mirnas.quantification,1,39963.03148,27.057678,180.899907,274.8287055,1081.9206,15196.751842,15091.420165,8754.318599
b24011b0-a62f-4c6e-b4e7-273289c796cf.mirbase21.mirnas.quantification,1,9473.630944,19.277387,16.867714,36.145101,158.436026,3744.632453,1864.4847875,3710.294607
617d5705-c14d-4136-84c4-b602ee48c896.mirbase21.mirnas.quantification,1,6620.781291,7.015397,30.867749,57.000104,150.480274,9321.709288,3049.2424775,5944.847752
52a005f0-4712-4f25-a68a-6c980462374b.mirbase21.mirnas.quantification,1,28979.038106,14.60637,17.527644,71.571213,123.862018,8635.870207,4151.714613,4004.482403
e19e25fc-d85f-4caa-a22d-d48a461a735d.mirbase21.mirnas.quantification,1,24518.454192,17.985021,28.975867,79.37139350000001,649.958666,12299.880737,10540.7833455,9188.472151
1e16919a-938e-4bd5-a925-179b05e058a3.mirbase21.mirnas.quantification,1,61442.797823,19.656131,20.790139,85.9955735,168.211122,13926.368889,4524.5011785,1725.959512
eef7c20f-3ad4-40c6-8204-4bc59d2509c4.mirbase21.mirnas.quantification,1,22363.701919,17.446056,42.237821,47.594066,97.636702,9111.738625,1622.636289,3177.324779
ce7471cc-a727-42bb-bded-e4a657e5b8fb.mirbase21.mirnas.quantification,1,17683.610218,4.638415,13.799285,41.165935000000005,167.33083,7929.602772,2300.711939,4411.480773
609e5c35-a395-4d99-92e9-117f917e0f3c.mirbase21.mirnas.quantification,1,6656.524601,12.707509,33.426273,80.941306,289.5102,10916.302546,5350.4136985000005,7493.83893
4c99f8f4-3124-4053-9f16-3d35477d26b5.mirbase21.mirnas.quantification,1,3717.468719,19.661889,37.952018,62.1864385,397.353053,19655.944383,3246.0406439999997,15732.25446
3f848912-4393-4b45-b4bb-396a202e78a8.mirnaseq.mirnas.quantification,1,13566.984233,11692.621244,5.416729,172.54903050000001,3115.667609,4033.541085,1162.849416,5165.287993
19ff5c40-5fe4-444e-9a03-bf7e83a4ae71.mirbase21.mirnas.quantification,1,82740.694169,17.427278,12.065039,27.816617,77.752471,6328.783026,1430.712494,2805.791755
e26986e3-ca2b-4514-afe4-11f54ad8dc64.mirbase21.mirnas.quantification,1,38263.456833,21.934082,6.580224,13.708801,45.513219,6085.610914,1576.7862845,2378.751139
634b29ab-b1da-48dd-8cf3-c15cbc03e9ff.mirbase21.mirnas.quantification,1,27747.507265,15.829534,22.494601,142.326953,251.050859,8098.8896,5137.6558515,3580.529562
01d9dfa7-e2e8-48d3-810a-bbf3a371528c.mirbase21.mirnas.quantification,1,6509.255207,21.692754,94.564822,210.043018,553.360084,16636.783923,9205.067063499999,6944.928851
5f40c03e-ddc8-4c2d-92d6-c29bc5f76ea8.mirbase21.mirnas.quantification,1,36960.340789,17.223166,28.705277,146.6839665,202.659257,10267.303541,4615.234464499999,4932.140725
66a96681-6581-4f79-8881-315cba4437b7.mirbase21.mirnas.quantification,1,39148.829136,2.553615,7.022441,25.855349,90.014919,13333.060948,7458.789446500001,2382.52255
636e09a5-2922-48b9-8aab-875fbba5628d.mirbase21.mirnas.quantification,1,40165.530636,12.562776,13.439248,28.777521,393.390169,10346.906438,5482.7020075,13079.894432
2d7d031e-bdc4-49c6-b7ac-576a342c713a.mirbase21.mirnas.quantification,1,25324.254181,2.35745,7.072351,21.478991,73.866774,9263.993563,2372.7736505000003,2301.919174
ce61ed0f-bbb8-42d0-8533-aaed6a6efddf.mirbase21.mirnas.quantification,1,8034.110671,51.672036,189.761097,276.1781225,1096.248967,7139.649913,8300.043476,7096.886849
5a6735aa-0777-4ed7-bdb2-9ba0fcea354a.mirbase21.mirnas.quantification,1,5934.383169,22.000453,34.435492,53.088051,144.437759,25601.831968,7778.116818500001,7257.279998
ba7fc049-9e10-4a9e-9438-a4a289a9836f.mirbase21.mirnas.quantification,1,25228.885263,6.485062,19.455185,74.0793585,190.062192,5948.796946,5457.927663500001,2643.909754
3ca2e165-47ab-4fb1-b955-109d44f81774.mirbase21.mirnas.quantification,1,26050.094132,25.518375,44.266568,89.5747025,531.7196,20279.296005,8872.842981000002,19350.218859
aa75cc8a-33cd-4ab2-9532-57180d6bda4e.mirbase21.mirnas.quantification,1,24028.620038,25.700871,47.730189,125.68008449999999,323.379094,11636.28127,8177.6783135000005,4564.305274
5d047617-a6f0-4b46-8ba5-b530638bdc59.mirbase21.mirnas.quantification,1,20714.752691,14.710947,24.043698,44.686477,180.169549,7894.558263,3265.2764875000003,3502.628909
f4a97737-76b9-4b64-adb4-c3af80c9b09a.mirbase21.mirnas.quantification,1,39196.43693,21.851704,10.350807,31.0524215,74.75583,5311.344232,2632.095277,1988.045048
a81ef833-4483-43ad-b94c-7dbf75a2939b.mirbase21.mirnas.quantification,1,37528.721025,5.636597,11.273195,24.724165499999998,68.664003,7770.305586,2556.8373975000004,1336.898396
2300bdd6-8734-4bc9-bbf7-b22b15f1821c.mirbase21.mirnas.quantification,1,17113.226709,48.715641,103.211104,146.5597675,506.147253,8592.943663,3170.6451104999996,13017.810108
0d88170a-ea7f-4c66-9ee6-47f930ef53f6.mirbase21.mirnas.quantification,1,42839.888584,20.879036,6.369875,16.986334,38.219252,5530.113409,954.2427084999999,2913.864069
444f3c9d-5a59-4ca7-9f74-7bcac7dfa1b1.mirbase21.mirnas.quantification,1,56149.932179,4.867506,1.081668,9.194179,40.02172,7295.310536,1026.503032,1361.820145
bb6a6d97-3160-4615-952d-7898d34d3566.mirnaseq.mirnas.quantification,1,3293.997555,12.091568,46.138876,136.189234,243.104147,2897.52142,2375.3566215,2208.30207
467870a9-ba5d-4011-b31b-f93c1f5f46dc.mirbase21.mirnas.quantification,1,43247.401816,12.6609,4.840933,24.204663,87.136786,4312.526136,1616.6852795,2156.449258
d250ca1d-c933-4724-92f1-88ed7e926b95.mirbase21.mirnas.quantification,1,11091.843686,21.233489,42.466978,63.700466000000006,345.928921,5592.3701,3264.6488955,6675.278026
bf3f3e1b-6b11-402e-8102-3aaa068810f7.mirbase21.mirnas.quantification,1,12371.687215,20.566504,43.470111,103.2999425,413.43348,9666.724471,5490.0881135,10327.189713
814cc6d2-4f11-4f6e-996b-5d4266da615d.mirnaseq.mirnas.quantification,1,25508.925313,1.842931,9.828964,26.876072999999998,67.266971,2907.837493,12035.8732605,2467.0699
6e4449db-7663-482c-9cb0-e1b927712477.mirbase21.mirnas.quantification,1,22385.847498,5.15241,46.028196,98.239284,628.594021,18376.585525,9595.5049,9689.622256
a0000369-4b42-4ac9-a92f-07ba03ed2826.mirbase21.mirnas.quantification,1,42335.074298,3.705209,8.215898,33.105237,81.675695,7785.771901,2754.0174535,1463.87977
4ae96c93-e563-40d7-a96f-a77bc4ef00eb.mirbase21.mirnas.quantification,1,40607.613874,6.969765,5.942642,14.5631415,125.675875,6562.73108,2022.0023019999999,7233.369241
23a0423a-32d4-41d4-bc14-f47465d738ac.mirbase21.mirnas.quantification,1,20626.260183,27.822682,42.585738,78.35775749999999,121.511305,6182.881328,3051.6939755000003,2874.821211
a651873b-1137-4c5f-ba89-3a16a47cf9d9.mirbase21.mirnas.quantification,1,18152.511418,27.263511,19.283947,40.729026000000005,133.990184,11844.665811,3155.0864899999997,4961.294126
7a75d4b8-c369-4108-a721-c6903482fe71.mirbase21.mirnas.quantification,1,50165.833551,18.391891,47.373053,59.9129785,123.169937,10701.293953,7011.2118085,2399.30579
b88c88bd-dc82-477f-bf28-6a79bc5700d1.mirbase21.mirnas.quantification,1,13538.671422,15.638156,23.084897,60.4427135,187.409646,6382.353408,3205.5737365,3755.639665
d4a74345-85b3-4dd8-9d78-c044dbe3c0d2.mirbase21.mirnas.quantification,1,25432.58425,19.526937,27.037298,36.300076000000004,77.607059,8018.060915,2414.3305689999997,2149.965878
e739cf02-fc80-451c-97ce-dc77cabed8f2.mirbase21.mirnas.quantification,1,15436.620359,5.327259,31.253252,61.9737775,269.204147,6030.545792,2669.8001605,2968.082261
2a477d9c-7ebb-492d-8f1d-be599b6e1300.mirbase21.mirnas.quantification,1,24961.754041,31.247762,10.415921,35.47923,180.325628,12279.719551,10627.8196225,6695.484047
3b14241c-38d4-4120-8eac-2e1513aa893d.mirbase21.mirnas.quantification,1,13866.889812,7.934214,28.430933,83.1770075,217.926404,4902.815138,5774.586872,1679.54081
cd88d4aa-99b6-495e-97fb-1a062aed48a2.mirbase21.mirnas.quantification,1,104322.170737,21.041365,7.318736,12.807787,64.038936,6772.574868,1388.272641,2752.759392
6ff4f8f8-4995-4098-b798-a9f224639999.mirbase21.mirnas.quantification,1,19646.297062,20.397401,32.395873,47.6939235,200.374472,5151.543693,1869.961767,6099.422934
e24e8135-4569-4b08-97d1-7f3d67a6f6e2.mirbase21.mirnas.quantification,1,21601.40174,8.011089,16.022179,63.588021499999996,292.404761,11882.448279,11410.67022,4906.041188
0ab9becd-f2fb-47ce-a793-e2ad6994942e.mirnaseq.mirnas.quantification,1,13548.94641,3.161526,25.066386,58.9398815,473.777285,6349.699576,36104.629355,8675.905399
5c214971-a5be-4a9c-96d3-0387d2e7bff9.mirbase21.mirnas.quantification,1,19718.243662,139.25928,362.944498,344.6667175,870.370499,38887.283539,16155.382022999998,14661.391061
d51a49e3-be6a-4bf3-b06c-e5553a1b9756.mirbase21.mirnas.quantification,1,22718.013535,8.93991,28.096859,51.085199,155.384146,7382.23691,3845.2254709999997,3555.955534
95bcb689-dda8-4de6-903b-3ef45fc2316b.mirbase21.mirnas.quantification,1,33819.244117,5.00886,26.778136,78.696895,289.935929,9684.245325,5031.2071235,3807.50412
52829b22-1c4e-4874-8062-51ed7bb1b997.mirbase21.mirnas.quantification,1,17628.731015,10.36273,25.475045,64.5511725,155.009171,15965.081054,3934.167303,6069.105593
abb12646-a68e-4819-9b06-baea10617c8a.mirbase21.mirnas.quantification,1,19473.464795,6.2733,19.390201,38.780402,182.496009,6407.320827,1464.8156245,8962.835258
ec70a6ae-cf9f-450b-8ac3-05912d5d29dd.mirbase21.mirnas.quantification,1,25724.427793,15.933371,18.209567,32.815157,100.152619,6585.793427,2214.548913,2674.909531
3478251c-ab08-4802-8384-a52c06dad91f.mirbase21.mirnas.quantification,1,12262.868923,11.844144,17.417858,59.917432,150.490295,11620.498311,4807.154699000001,4683.662084
d9c15dcf-1599-4ce0-b513-6a8fea75c436.mirnaseq.mirnas.quantification,1,33005.099867,64.415848,8.14178,40.11024,174.090414,6214.812245,26282.144765,8612.566454
2cda1e79-db79-4664-bf72-2e8327b61ae2.mirbase21.mirnas.quantification,1,53054.84686,10.854418,11.888173,69.261527,204.166443,5622.588768,980.2573635,6043.843581
dd418c99-460d-45dd-9ca2-6fc22415d36d.mirbase21.mirnas.quantification,1,8423.281889,6.631925,34.633387,80.31998300000001,101.68952,6914.150465,6820.935072,1544.501692
7d8d3302-af49-49e5-b7b4-298901074436.mirbase21.mirnas.quantification,1,36567.560764,12.478781,24.527259,48.8393655,88.642373,5502.711983,2200.3532784999998,2444.550108
a082e632-34cd-46bf-acf5-7e77fff30526.mirnaseq.mirnas.quantification,1,88598.58417,1.584825,1.848962,8.9806745,29.5834,4490.865729,9181.155268999999,2498.476587
c379dd97-1bed-48b4-8f3d-acfb7f638a8e.mirbase21.mirnas.quantification,1,11540.01786,16.220683,41.799453,72.99307400000001,1079.174527,12524.98765,14069.134298500001,22651.560136
6525a77a-cdff-456a-857d-ebf5ea6a880d.mirbase21.mirnas.quantification,1,46177.271704,36.745961,50.525697,91.8649035,175.461966,7302.800502,5924.5972875,2450.955625
34a1c36b-9281-4b79-af4c-068c9887a796.mirbase21.mirnas.quantification,1,20545.867904,17.794441,10.77032,34.9645165,261.141232,5878.721516,2215.2518655000003,5171.002241
8990b539-193b-467a-b0f8-7c0bbcf6307a.mirbase21.mirnas.quantification,1,12567.895713,3.702393,39.739016,105.024542,416.889427,10470.366789,4755.2298765,8510.566876
4f3dbf34-7147-4ae2-a874-f6755480a72a.mirbase21.mirnas.quantification,1,41542.728196,41.827579,38.121338,79.4194545,157.779983,18726.048416,2705.8208105000003,3337.734936
65845a23-d706-4055-b78f-7b98b53ae806.mirnaseq.mirnas.quantification,1,41027.827909,5.780759,16.008257,28.3479545,85.822043,5502.615905,10531.8765525,2275.618158
c53d19da-b426-473b-86e9-a596894fdbbb.mirbase21.mirnas.quantification,1,12524.69869,10.02738,160.438076,249.681756,1566.276719,45012.406376,22132.432607000002,22211.648907
e37c9ce4-f7bf-4632-98ad-767e9a22d073.mirbase21.mirnas.quantification,1,56571.822259,19.308771,17.254646,126.32865899999999,80.521682,5700.195594,1605.914564,2725.823262
921bd908-7203-4250-bb94-7509e543cdb8.mirbase21.mirnas.quantification,1,33989.258081,2.151137,4.302274,32.697285,70.557299,6632.386145,2634.7128144999997,990.813784
afcbcae0-4df2-40d5-a815-47bb24980039.mirbase21.mirnas.quantification,1,4012.676095,35.517804,37.607086,64.1409745,193.885422,4606.4502,2767.0458295,2348.77146
733ed3fd-87da-45ba-b95d-d539c784c702.mirbase21.mirnas.quantification,1,25932.196567,7.721925,16.429628,48.385255,351.429747,8270.18195,4661.9891515,6442.057219
2596fddb-8ada-40da-95b1-e8631e9b48d1.mirbase21.mirnas.quantification,1,15586.973336,9.302482,29.45786,45.183485,400.671196,6990.150886,7274.5410555,8106.448746
59a524d5-c467-418a-8abe-c3dfc82e4932.mirbase21.mirnas.quantification,1,22699.555451,19.312683,29.326667,57.580407,236.043904,3315.343927,2267.8096915,4978.380524
0266681b-6a04-4dc4-a1be-296a42ab33d4.mirbase21.mirnas.quantification,1,49761.835359,6.383074,9.422633,65.3505175,64.43865,5189.742948,1628.2917284999999,1695.769937
d14c3e6d-e5a1-4386-a992-e351e53347fb.mirbase21.mirnas.quantification,1,14870.053791,424.174527,82.953486,315.99291900000003,1269.95801,11302.198695,25532.142337999998,4063.865632
2340b0af-a668-4cd2-87cd-8435b44ed8ca.mirnaseq.mirnas.quantification,1,37493.695859,2.966655,11.495787,32.076955,94.19129,4684.718761,13799.394802,3175.803963
7d8a494c-492b-4ab7-b669-81ed8866806c.mirbase21.mirnas.quantification,1,12285.576291,2.883194,10.811976,25.203917500000003,240.938879,15581.451012,2945.3985119999998,14488.192049
689d0e18-b8bc-4e7f-90b6-6f05208ed3a8.mirbase21.mirnas.quantification,1,21942.469454,58.707349,39.049685,109.843841,513.224428,13103.161563,3868.840875,9710.35494
0139dd64-61be-43c9-a0cd-b1a2d2b2196c.mirbase21.mirnas.quantification,1,39564.583597,5.941818,7.922424,29.7090885,88.136963,8067.007859,1833.0507670000002,3551.226391
a022d53e-dcf9-4172-8bd2-405c01bf6efd.mirbase21.mirnas.quantification,1,14674.464468,21.940811,25.035028,52.742334,309.702986,5899.546528,3331.346471,7957.763376
7b28237b-8d9e-4e89-bab9-e1c27739acba.mirbase21.mirnas.quantification,1,10724.099367,15.518704,26.651688,59.375912,224.85253,3370.595092,1589.4864149999999,3803.600677
209d014b-eb5e-4d1d-a4ab-cdf8d9c285b2.mirbase21.mirnas.quantification,1,7108.239959,10.419505,4.541836,20.03751,93.508381,10653.8106,3436.967336,1650.289342
94c12df1-f1ba-400d-9305-03e62accfc8e.mirbase21.mirnas.quantification,1,30469.539403,63.711069,96.125473,166.54297000000003,552.1626,11975.44553,3686.300108,13250.784652
644cbd72-9af7-4387-830e-ba7542cdde27.mirbase21.mirnas.quantification,1,8400.62563,3.190363,18.610453,79.2938235,304.546773,7852.813648,4165.817011,5360.475173
b5f2e107-a0bb-4860-87e1-fa1506248597.mirbase21.mirnas.quantification,1,33217.289464,91.698252,93.306993,160.8741255,530.348368,15452.496016,8267.8575645,8926.368985
5cdb39e1-1c39-45d4-ae2f-17d4e5ae0b07.mirbase21.mirnas.quantification,1,11917.318319,5.125067,31.262909,47.9193765,73.800965,5231.668404,1579.289399,2901.812941
96fa52af-a23f-4561-88a2-72b4b1e031cc.mirbase21.mirnas.quantification,1,61705.302322,21.591572,10.795786,35.2283535,101.707666,5485.395575,3407.7750109999997,1841.533774
5b415428-f61f-4a40-8a97-a94eb5256fe9.mirbase21.mirnas.quantification,1,15317.782605,19.786931,10.792871,38.2247525,115.123961,17849.610332,11111.710715000001,7250.111301
8e309508-8bf5-43d3-aa14-08eab48767f8.mirbase21.mirnas.quantification,1,15753.416995,0.459752,13.639322,31.033289,133.174954,5564.996657,2655.9131595,2472.242064
20f5358f-a586-4c35-b936-b2ddd5344a02.mirbase21.mirnas.quantification,1,10221.809457,25.547199,33.633239,85.0206105,382.739234,10060.323031,4277.515242,4953.344134
2af81517-e7ce-46b2-ae6d-c9b3f6ef809a.mirbase21.mirnas.quantification,1,12413.329126,10.952017,10.430493,17.2103125,101.697302,24789.10848,4347.1685125,8295.892211
f07ee060-4646-44b8-8271-b5a9bfc8876c.mirbase21.mirnas.quantification,1,2658.756239,3.54304,14.467413,61.70794600000001,244.765011,8101.45613,2769.0333585,9072.24908
105ef8b1-84ae-470a-a7d0-82a924438b93.mirbase21.mirnas.quantification,1,25849.133478,42.389797,76.137014,194.4580485,325.537177,14267.253265,5869.752205,5519.727718
0edbf71a-a6d9-4900-a656-865b29802f76.mirbase21.mirnas.quantification,1,66413.199214,10.634998,11.225831,29.2462445,60.855822,3289.759383,1001.1668955,2030.102953
4fbe4ee1-7efd-4ba4-8116-5ab3b4666b48.mirbase21.mirnas.quantification,1,92869.523618,36.055589,51.44517,224.248175,356.158866,13370.467659,9382.5876125,5589.495688
0d8283a3-36ef-4d4a-8204-66864dba73eb.mirbase21.mirnas.quantification,1,43449.091443,17.044406,14.505877,57.479538500000004,155.575533,4751.400089,3115.1371365,3988.0283
bce8e1de-d465-448e-b7ad-88f3c383d94f.mirbase21.mirnas.quantification,1,37239.864182,8.68624,10.540606,38.014501,170.992056,4894.647617,2769.739481,2377.101899
40218a0e-c283-41ed-9abd-5f8cc8a844d5.mirbase21.mirnas.quantification,1,11223.613596,11.244569,15.333504,47.278302999999994,351.648352,19751.59724,6510.350115,21708.66343
651dd4aa-adf0-4218-ba4e-ff12756ebab8.mirbase21.mirnas.quantification,1,30298.380691,14.687472,5.937489,44.687416,88.124835,9359.044952,3745.7742264999997,2392.808013
40ebc842-2e97-4e4f-8334-b637cc3b909f.mirbase21.mirnas.quantification,1,27538.473439,32.843575,26.361291,70.44082549999999,165.08218,5234.660862,2179.560147,2717.805842
5780f34b-b8eb-4219-a12c-3479bac54f08.mirbase21.mirnas.quantification,1,45775.353905,9.326003,3.330715,9.326003,35.971726,4765.587581,782.0519735,1239.692269
aa4cdc70-f329-4065-a942-89596d9fef2a.mirbase21.mirnas.quantification,1,6986.08634,5.878588,63.16064,133.9087605,870.30441,12877.798379,5929.6494365,14380.666173
f134347d-2168-4055-982f-ee572fa3704c.mirbase21.mirnas.quantification,1,31404.439711,17.027389,8.771685,20.6392595,82.299048,14630.397295,2030.387182,5980.483516
af1bc933-2cb7-42c9-b718-ddcfbe66738c.mirbase21.mirnas.quantification,1,32103.894173,3.260305,17.931676,37.656519,93.896775,6409.432974,1700.9009525000001,4245.568757
8ba0abab-da20-45a8-97c9-d53036c9e44f.mirbase21.mirnas.quantification,1,25752.251806,16.179505,18.844365,42.732928,304.936081,6183.80679,3096.5668995,8868.272181
6e569a80-b5af-459f-afc2-aaa37ae5281e.mirbase21.mirnas.quantification,1,93443.118296,8.240739,1.373457,8.927468,28.15586,5317.337142,1219.286077,830.94123
be0624d3-76b4-49e4-85f2-3e8b8756e3fb.mirbase21.mirnas.quantification,1,28144.179621,24.968433,71.338379,130.787029,273.463787,19191.213014,9639.598507499999,4783.238334
ceed6c37-0a34-42e8-98a6-5e3626e62c2f.mirbase21.mirnas.quantification,1,32345.736656,11.614685,3.484406,13.066521,83.044999,21355.921573,1279.067201,4849.711782
d276a6f0-f010-44a0-856f-cd45d8071534.mirbase21.mirnas.quantification,1,12566.694947,14.797611,13.388315,21.139443999999997,43.688185,9812.930012,2676.2536394999997,1682.699761
945f73ed-204e-4852-9316-afa4dd635114.mirbase21.mirnas.quantification,1,17951.319067,185.27967,11.204818,54.223316,115.849815,6743.899877,2355.0126554999997,4377.682403
1d7cf912-2317-4a12-aa3a-385c38e7c51b.mirbase21.mirnas.quantification,1,24820.291325,14.471929,4.668364,38.747422,107.372374,7233.163312,5016.1572080000005,1417.782172
af0fb129-71e8-47c2-97c7-15b3d85ae3d1.mirbase21.mirnas.quantification,1,20153.628745,15.111024,12.872354,33.3002195,137.678219,15540.289068,4013.0962210000002,3528.144282
57a2cdab-1167-42f0-8751-59e2833d0f0b.mirbase21.mirnas.quantification,1,13686.572749,31.374213,18.824528,54.4770435,161.434589,11717.983471,2484.8376985,8707.199869
0a9ba940-6d73-458b-825f-c8c9f93f89da.mirbase21.mirnas.quantification,1,5975.697637,2.938036,8.012825,17.6282145,75.053459,9217.686548,1469.6856145,4598.827243
ae70879f-5cc0-43e5-b9ce-f3d7e4e54e0a.mirbase21.mirnas.quantification,1,14974.193078,67.318395,55.330188,116.6544785,438.030651,5940.617798,11889.0740405,3780.896146
827ff7db-cd52-431b-98b9-54c39edc9bf6.mirbase21.mirnas.quantification,1,9191.679527,47.961495,175.623711,270.13606949999996,472.561793,18104.759191,11853.5425205,7361.384225
1806dee6-8114-4435-8eb8-ea49399abbe3.mirbase21.mirnas.quantification,1,10342.605109,27.977492,10.102983,39.893831,209.831187,8365.788087,4213.2029925,5588.244894
640f2035-1d24-4f16-bd8d-0017fad45fa6.mirbase21.mirnas.quantification,1,11456.140725,13.66266,52.942809,100.1928425,304.84811,6778.387379,4175.7928965,3721.936397
22ad5a82-87a4-4afb-9103-87c8a9528ec0.mirbase21.mirnas.quantification,1,27394.137875,13.635404,28.288376,71.8402645,629.670762,8947.674441,10754.365517499999,5945.239809
ffd5af39-59ff-4c10-b45f-123847eb0103.mirbase21.mirnas.quantification,1,26369.13729,2.450549,25.118132,57.89423049999999,220.54945,6098.804928,3086.773343,4616.222515
70e95667-c58b-4e71-8003-12ea72aa0dc6.mirnaseq.mirnas.quantification,1,80707.289525,59.037533,10.535317,42.6382185,56.850958,3480.829102,14564.976868000002,1107.401001
f06141f1-fb18-4bc2-b556-c4c64e35436f.mirbase21.mirnas.quantification,1,19583.777345,43.570378,41.354935,103.3873385,450.473403,11635.506461,12916.5863565,6035.605122
c9b9ed6a-ff3e-4f10-bd30-2b746dc43404.mirbase21.mirnas.quantification,1,6319.299959,32.464937,51.943899,74.0606375,126.207442,10439.506257,3128.8082889999996,3781.759332
16419b76-ca89-4e32-a046-4ece3d6edd24.mirbase21.mirnas.quantification,1,36084.680682,3.947204,16.008105,40.6781295,143.853655,4766.687353,4289.952831,3666.294606
4ecd92d5-234d-4bd5-8c28-9a4a8d0511d8.mirnaseq.mirnas.quantification,1,24660.625324,2.308426,24.238472,47.4670075,187.271051,7097.543979,27756.945837,6253.814313
9b1d5668-06bb-4edc-80b7-b37cafc7fd4e.mirnaseq.mirnas.quantification,1,42207.998778,1.542394,2.313591,16.1951375,82.518082,6276.772587,18408.858586000002,3771.153452
5a106e0a-0c33-46ba-abdd-68fb76b4567b.mirbase21.mirnas.quantification,1,18746.168785,15.850677,10.363904,41.760436999999996,82.606412,5521.522323,2244.3948805,2012.1215
8204d38d-337a-4cba-9482-c84b6e0134b5.mirbase21.mirnas.quantification,1,51383.638893,15.159985,10.644245,24.0301885,254.49421,4559.284733,3908.0505000000003,8369.924268
51685f3d-dade-4665-b986-0aa5fea6c094.mirbase21.mirnas.quantification,1,22664.956466,88.307465,70.771231,120.2484635,352.603567,15932.295105,10914.113787499999,7260.000977
4e9c08f1-43ba-4e7c-ba49-4bbfcdeed97a.mirnaseq.mirnas.quantification,1,6103.48899,7.975811,28.769888,92.576372,542.639965,3645.799952,7019.7102214999995,3336.737295
ffce9f25-8f9a-428d-8643-464b1471924c.mirbase21.mirnas.quantification,1,51360.209476,12.740924,8.493949,20.6557405,79.148165,9331.761695,3788.1083934999997,3353.179575
6520f3db-0e25-4dac-8aae-d96da9712d85.mirbase21.mirnas.quantification,1,44744.672901,10.626483,18.093741,95.0639415,112.008873,4409.128781,2078.4826075,2410.488396
3be01c96-9c17-4285-9ac2-5b9bb0b7a718.mirbase21.mirnas.quantification,1,5438.734612,28.140207,46.687162,70.350518,450.882867,3972.885631,4142.6862005,7225.637775
8e2f65a0-32a3-4b2e-aac0-6e5551977c26.mirbase21.mirnas.quantification,1,41704.900086,26.119861,29.526799,89.9999545,206.11977,10767.628635,3907.75828,3965.108409
bf40138a-2e16-4629-a933-d68a09ebac30.mirbase21.mirnas.quantification,1,21242.859096,7.844069,22.411625,46.504123,112.058127,5084.077213,2902.8657745,4965.295598
1b941281-37c3-43dd-913c-6961be987464.mirbase21.mirnas.quantification,1,41947.823054,8.018125,36.582695,75.169922,287.650233,22608.105623,5306.7458995,10227.118401
0708b036-12b3-4980-b734-1cc62fc6db12.mirbase21.mirnas.quantification,1,13984.901819,47.491058,42.631508,80.0721335,262.19482,10765.008058,1718.071872,5213.413772
573afc08-1729-4127-bdcf-845164c64ee5.mirbase21.mirnas.quantification,1,20528.858103,7.699311,34.59268,57.9617165,397.761604,9395.653945,4495.3133965,4859.349848
7d556832-d37f-4bab-9309-917335f71561.mirbase21.mirnas.quantification,1,25218.095243,6.368968,29.163168,41.063081499999996,182.688811,21947.462721,3100.0112295,7548.567569
d38cd57b-e6d1-4c3f-97c6-09e927eba28b.mirbase21.mirnas.quantification,1,22407.973229,5.148891,14.373987,51.488909,236.848982,7517.380725,3237.2578894999997,4233.031937
4cfac3e9-0ca2-4d4e-baff-33630ea65ab4.mirbase21.mirnas.quantification,1,51486.529977,13.665785,23.231835,38.605844000000005,107.276416,12353.870048,3699.3281214999997,3162.946043
504d9163-bf77-4ad0-8db9-dd2b7853e024.mirbase21.mirnas.quantification,1,24089.003007,79.63726,92.318352,160.03538550000002,590.431659,52629.069426,14219.562462,25929.283128
d5ba7329-97b2-4ff0-a852-f4399a900934.mirbase21.mirnas.quantification,1,20369.494815,10.246435,13.801321,46.2135135,400.447414,12026.387289,7107.8893155000005,6067.144262
2a181635-ab97-4384-8293-60802f45d9b5.mirbase21.mirnas.quantification,1,31331.317534,7.328065,16.051952,46.585558,145.514439,1621.945113,691.9787349999999,1105.490989
0b9ec0ab-16db-4d45-bb15-0e37f6b666a1.mirbase21.mirnas.quantification,1,20399.135914,12.733197,16.608518,48.718321,139.511555,9884.836533,2939.9845649999997,7411.274527
88f58847-c85a-432d-b499-2d341e88082b.mirbase21.mirnas.quantification,1,26181.19802,35.374965,76.335451,92.626554,551.104723,8988.033953,4527.0646415,12901.622221
fe03abe9-9aed-47aa-a0c5-ca3ed6017cc9.mirbase21.mirnas.quantification,1,15048.815151,24.955626,9.386979,62.2745905,226.77567,13084.18918,3609.4078135,2853.527071
2b3148fa-2b2c-4b23-9395-68e4b1b00da2.mirbase21.mirnas.quantification,1,20335.421326,11.097776,19.689602,56.294363000000004,199.222977,15902.396851,6818.867292999999,5974.720341
573edad2-6237-454a-ab58-9940657c4b7a.mirbase21.mirnas.quantification,1,35414.579977,22.361152,8.860079,13.501073,118.978205,17897.359781,6850.317824,3972.268796
9e365ec7-4d96-460d-9fed-928f05507fbe.mirbase21.mirnas.quantification,1,10996.322,3.254535,7.510465,30.2922085,53.950173,2836.952939,1438.0662655,1206.180662
f6ebca33-9e8d-4246-a191-d588985dbbed.mirbase21.mirnas.quantification,1,62485.775276,16.179781,17.797759,35.5955185,81.977558,5150.56365,1833.4388615,2186.427752
3738e48d-a865-436f-991a-fd3f3a9a8094.mirbase21.mirnas.quantification,1,34804.789185,51.181763,65.465046,127.359271,248.172037,12050.924664,6095.688472,5230.062025
dd3ab228-1c35-4710-aae3-68458bf959db.mirbase21.mirnas.quantification,1,25319.319453,34.227706,37.566994,65.5335345,190.75685,6369.275207,7568.9145645,2385.086738
f58e2a07-8aa8-4bc4-9fb5-7769ca79a2af.mirbase21.mirnas.quantification,1,42759.113429,6.485368,11.889842,27.292591,97.82097,5287.736871,2119.90473,3320.508518
e2c68869-a014-48d6-abe1-1f5d4b1a6567.mirbase21.mirnas.quantification,1,23766.992113,8.563072,28.295368,68.50457499999999,158.416829,8262.619734,2336.7878499999997,3508.439466
29cc41ed-cb0a-4a47-8d3c-fcde53615d66.mirbase21.mirnas.quantification,1,31306.884094,14.58354,13.920652,50.0480595,103.41056,8321.235624,3334.6591099999996,4715.123794
d2c0fa63-3ebf-47d0-8d29-c2d737194c41.mirnaseq.mirnas.quantification,1,15622.245269,180.44132,17.657866,83.874864,2539.69778,11693.645955,2087.352912,4669.677885
483c6109-d3ad-4a58-87c9-c38bca24ede2.mirbase21.mirnas.quantification,1,41881.791095,11.525088,11.905036,31.725655000000003,102.079354,8265.261433,3791.4374420000004,5284.949577
f20f0efd-4b8f-47c0-a9c8-f23cb71ad740.mirnaseq.mirnas.quantification,1,35979.904225,5.125858,23.820163,44.926637,183.626321,3987.314406,32201.091627,3715.040895
15a25b74-4b6a-45a7-bc48-6041f998b4a3.mirbase21.mirnas.quantification,1,36971.594162,10.184194,39.888093,137.062276,209.200316,36732.689947,13850.2915015,19897.368786
a20839d2-911e-4ccc-a472-706c135da766.mirbase21.mirnas.quantification,1,61680.946631,30.137648,36.31973,69.934798,136.005796,10290.461241,2367.9304515000003,3752.523545
fc453520-f6f1-4f4f-b3a6-0d4c6c4650c1.mirbase21.mirnas.quantification,1,19756.537313,15.413421,13.101408,64.929035,137.950115,10675.335174,2909.475824,4696.083951
c3541530-dfa9-4f30-bbcc-6929e387d4ba.mirbase21.mirnas.quantification,1,27871.131787,24.568868,12.457454,33.738939,94.122988,5941.513636,2322.7961725,3412.304366
a4f016a5-83f7-470a-845f-3d855dbbeff6.mirbase21.mirnas.quantification,1,17886.630348,13.349228,17.353996,38.7127605,48.05722,8415.353214,3480.8111525,1317.568785
2cf3bbe6-5e34-446e-b2a0-420e9b7a793e.mirbase21.mirnas.quantification,1,14407.665316,18.250752,17.816211,46.930506,103.855471,7855.210698,2222.898176,3295.998957
1c78aa0a-767f-4a3e-bed0-c4a905c818a5.mirbase21.mirnas.quantification,1,6279.497272,24.62897,138.871785,159.93994099999998,385.16149,22517.110458,5286.3266189999995,15935.834113
3a3da6a2-f6ae-48e5-a344-a32c31f36e23.mirbase21.mirnas.quantification,1,9371.980699,3.577547,16.933723,30.766904500000003,171.483754,11899.636927,2575.8338605,7106.439418
a8c7bebe-a450-4a3e-b891-e2d4ac578b04.mirbase21.mirnas.quantification,1,16283.158358,68.573942,53.598023,102.269758,369.668721,51443.46177,7409.5326445,24901.799357
732ee0df-c0fa-4fa3-aa77-989a11172285.mirbase21.mirnas.quantification,1,28488.32463,9.111132,34.257858,97.306895,207.733821,8821.762924,4000.333832,2937.06467
bd3b5cda-8305-4e88-85ea-9cc5d15b3657.mirbase21.mirnas.quantification,1,17385.375831,9.428865,22.484216,39.166053500000004,96.464538,15159.438475,4435.5555235,3796.20597
9b82465b-2375-4ff8-83b1-983a9755e440.mirbase21.mirnas.quantification,1,32194.036369,7.454284,9.487271,26.428825500000002,72.171023,3908.077835,2158.5234825,2505.994769
62c3c334-cee3-4ac2-a904-9925497178a6.mirbase21.mirnas.quantification,1,45114.136995,6.518608,3.06758,15.976981,47.675311,7837.923371,1471.8633865,1181.913137
6544f274-643f-41bf-ae61-524f059dc7dc.mirbase21.mirnas.quantification,1,29467.54859,7.496948,9.087209,34.3420795,123.964683,9922.929862,4142.139405,3576.498477
94a8a6ca-d721-4315-b1b7-6b73113336b2.mirnaseq.mirnas.quantification,1,38990.975393,47.603834,48.339976,91.4042685,618.849842,1876.425354,11575.7065365,1876.916116
7c44c47d-abb9-4066-be94-95f848076bb6.mirbase21.mirnas.quantification,1,36386.983074,17.490842,21.71277,71.169634,180.035048,9849.153549,2325.5280955,4027.718763
8af6a25c-883c-4c6b-9044-cbdaac34aba8.mirbase21.mirnas.quantification,1,20678.162041,3.423089,5.524986,33.179945000000004,128.756202,8490.342534,2293.7701275,2261.460969
e24d455d-fc27-43c3-9219-6b1c1fbf0666.mirbase21.mirnas.quantification,1,28288.951035,11.020954,10.102541,85.8715965,140.976365,10031.363797,4356.261509,2101.787691
0307b922-a384-4b29-9969-22370817529f.mirbase21.mirnas.quantification,1,72726.272233,27.173932,55.70656,100.2038725,275.815405,14915.091654,7846.812396,5530.574409
2640f887-4d0f-4fac-a07e-f2bd10130cb7.mirbase21.mirnas.quantification,1,29886.475397,4.936261,18.099624,43.60364,169.008178,6120.728724,2829.6529195000003,3916.805666
9e8f22c1-60cd-4c2b-8df7-90f62999e405.mirbase21.mirnas.quantification,1,22555.42155,7.6079,21.222037,40.842411,80.483574,14553.111951,900.3349075,4197.558745
80916440-eed8-47fd-a9d8-5ad3a943e7ca.mirbase21.mirnas.quantification,1,12467.08951,9.584417,30.670133,61.1805255,135.779234,10016.67369,3213.8145945,3911.080895
fe8fc630-7521-4036-a30f-c3b6c3056499.mirbase21.mirnas.quantification,1,9902.717737,25.870134,31.941696,75.894526,271.636407,10229.526165,2643.63732,8016.573781
bb13e9f0-237d-4f95-8c4e-bd96cf27c50d.mirbase21.mirnas.quantification,1,11000.46041,2.787952,16.329431,29.074351999999998,58.945262,5402.6519,1070.9716885,3931.01174
19f69b7d-1548-428d-9486-787886d2f2b0.mirbase21.mirnas.quantification,1,25367.425681,5.223089,13.803879,131.13684999999998,91.777141,6371.422837,2613.9696750000003,1345.318582
76020f39-2ad6-47ef-a7e2-5a1b360b15e0.mirbase21.mirnas.quantification,1,48698.865667,24.099331,11.332423,37.153135,196.524303,6196.827266,2782.1816435,7972.71841
eaea7647-7b21-4d10-8040-ae7e08738d3a.mirbase21.mirnas.quantification,1,19078.621432,11.945488,19.909147,71.8825,276.003652,8018.985363,5202.155385,4136.282514
b83c2ddb-eeea-4c3e-8ed4-75bd4ea4bc7b.mirbase21.mirnas.quantification,1,11184.670611,14.748932,39.075093,103.0509795,690.51818,26677.561722,5321.8743705,24354.892249
e8b29b5b-0a7a-41bb-8ad9-acda7cd467b4.mirbase21.mirnas.quantification,1,9971.367534,3.571122,3.967914,11.3085545,26.981814,5985.201268,2307.7387019999996,944.76029
9ffecd7e-a0f0-468d-a6d0-c1082fc32b40.mirbase21.mirnas.quantification,1,21514.765682,125.964045,184.409227,474.2332805,1496.356784,24981.178783,31448.978824,14722.314664
402039ad-c49e-4858-a46b-5eaf610fc5be.mirnaseq.mirnas.quantification,1,61847.831323,6.624059,5.620413,36.030864,102.572543,3222.303406,12409.069741,1902.710645
93f285bf-7675-407d-bfac-b67135567e82.mirnaseq.mirnas.quantification,1,34466.200395,161.22562,8.720791,59.3558825,2346.219755,2862.272551,1120.839638,1651.390748
60121ce1-f24b-4eff-8bce-5d3378c72207.mirbase21.mirnas.quantification,1,9248.901394,13.989844,35.512682,61.3400875,222.223298,15872.554669,2110.5832634999997,13410.880117
21ee56ae-e76c-467c-b5ae-e13ad927a620.mirbase21.mirnas.quantification,1,20646.712117,14.802944,15.889399,37.211071000000004,98.188337,12459.325855,3663.3891949999997,3587.337371
4460e2de-ac90-43df-b029-407f590d480c.mirbase21.mirnas.quantification,1,28975.238788,11.134473,16.701709,33.217844,51.589724,4286.772061,936.0380204999999,1476.059955
8a540cec-e283-4a26-868e-a07c64fe3efb.mirbase21.mirnas.quantification,1,38695.80161,14.228723,8.537234,27.508864000000003,88.850468,5788.56055,2878.786777,3857.880989
4c99e2a0-fb81-4dc3-b453-ec5d433a6489.mirbase21.mirnas.quantification,1,12594.522,6.074829,13.551541,39.953682,138.786474,7313.159294,2322.220135,2766.38358
9ebe7c9b-fce1-4e46-8c87-60155d3df2b5.mirbase21.mirnas.quantification,1,13298.96397,4.999423,3.999538,10.498787499999999,57.49336,9189.938562,4498.980368,2938.660585
5d6655d3-c63d-44df-b928-33105a0b0033.mirbase21.mirnas.quantification,1,37235.309199,8.211357,18.247459,63.638014,183.843152,5063.213761,3702.1813924999997,3584.257187
b958f158-3e4c-458e-9b93-8db374a76d03.mirbase21.mirnas.quantification,1,20363.727621,21.238177,55.045887,78.45122549999999,369.500938,9084.305161,5615.3306695,4896.049959
944ffea2-6d2d-477e-b8c3-4e1dfd9cb52a.mirnaseq.mirnas.quantification,1,5016.804149,93.273253,247.897362,554.651642,1349.46944,11721.255628,15363.4015705,8680.148559
4f80ab99-6719-4626-92bc-c90a1b1ed724.mirbase21.mirnas.quantification,1,69156.404126,11.366981,27.342197,96.619337,169.583065,8382.687535,4051.867841,1400.289151
d77e712b-0dcd-4922-9f83-b0bdc87675fc.mirbase21.mirnas.quantification,1,18399.648525,3.775756,17.426568,38.774114499999996,444.958378,7385.282837,5946.574401,8516.654378
9f6a2577-091a-4e4f-8752-2da502be5215.mirbase21.mirnas.quantification,1,9559.716845,24.508247,2.834287,13.087737,73.191296,4496.346354,3066.8653335,1011.00687
78463e63-52b0-4454-93fb-9302f0130dea.mirbase21.mirnas.quantification,1,94361.331089,1.936665,3.199708,13.514557,38.901715,6308.056284,1154.5894385000001,1363.665107
3791cc9f-b5f3-4be2-84c9-67e963da7f39.mirnaseq.mirnas.quantification,1,41789.826573,1.914954,10.851406,55.1081185,462.993303,3904.591038,23171.3679495,3069.67113
9910e1d0-f29d-4ebe-af31-f2753b442feb.mirnaseq.mirnas.quantification,1,82619.730855,3.036606,6.326263,24.29285,73.131601,3647.723304,18783.3077755,2328.317872
c0405ebb-1311-40b2-a5c4-522d2cc62988.mirbase21.mirnas.quantification,1,10422.815821,22.136954,8.116883,23.612751000000003,56.818182,10375.590319,1737.3819365,4448.789847
de47d44c-221b-4663-8406-a2903ff64153.mirbase21.mirnas.quantification,1,11674.17475,16.618346,30.253911,51.133371,230.952393,4024.622423,1944.5594945,5160.209374
a956f9aa-d3f3-4130-8899-d7505e2a52e2.mirbase21.mirnas.quantification,1,17479.497017,7.070118,13.995949,38.164210499999996,290.596295,7390.726631,2650.8615369999998,5560.143117
61aacfc5-1ec2-4164-a7d3-81fde03acfe4.mirbase21.mirnas.quantification,1,19178.113557,5.887673,32.055109,68.853065,332.326432,6795.683027,2054.797881,6910.492651
b7564dd7-6455-4b84-af8e-d724c2c308ef.mirbase21.mirnas.quantification,1,9055.526328,4.028259,14.143665,29.7196,503.174313,7823.863747,4879.251145,16137.474276
6b26859a-48f3-4092-9824-5f0695ccc923.mirbase21.mirnas.quantification,1,21552.097885,5.739628,18.858777,64.9807875,429.242174,12233.40197,5250.734621,5681.001729
99d81c89-be9f-4753-b171-5dcc0cded5f9.mirbase21.mirnas.quantification,1,10470.020581,10.37842,23.915489,48.507830999999996,183.652906,6895.331832,2423.8122464999997,3824.673294
228e6710-39f0-4772-bbf7-8c515fde3737.mirbase21.mirnas.quantification,1,15456.050283,31.100257,27.212725,106.1296275,253.467096,5158.75515,1074.5138835,10673.608244
675a077d-9a82-403d-be50-7a22fbc201ac.mirbase21.mirnas.quantification,1,22788.114832,64.047969,24.399226,33.930174,171.557059,9220.620091,2280.9464154999996,2697.639451
27d35f89-f129-4683-a54d-4540d29bdafe.mirbase21.mirnas.quantification,1,19715.293931,18.255896,30.068535,100.9443665,385.521571,2731.94116,2285.7455815000003,7184.23206
3346e3c2-0458-4879-9522-d8c427b02b8c.mirbase21.mirnas.quantification,1,18389.057751,4.584741,23.433122,51.620791,134.995161,12204.75115,2672.7343735,8131.802822
172d7b93-7598-474d-ba9b-adab46559176.mirbase21.mirnas.quantification,1,19842.663546,7.73398,14.10314,47.768701,120.559103,8323.582452,3148.6398205,4064.889004
59351b43-bc09-4f9c-b4d0-cb43f8cc2cf4.mirbase21.mirnas.quantification,1,29471.044584,6.004105,4.3478,18.012314,70.392952,6172.21967,1457.1341085,2834.972626
42df4965-7c01-49f7-8e90-e9c8de9209c1.mirbase21.mirnas.quantification,1,32089.914851,23.243536,22.136701,67.793646,264.533574,7886.753066,4521.144423,4478.254565
a3a9999c-52e6-4c7f-a39e-575d73177f10.mirbase21.mirnas.quantification,1,6782.624423,46.439591,99.397019,133.2082995,763.401692,10492.903297,5442.8014965,11316.594984
0bd26e15-fea9-4154-aa92-f0d45af44c3e.mirbase21.mirnas.quantification,1,33718.796575,10.590296,7.766217,58.599638,91.076546,10814.104297,3131.1975295,2464.008879
db644c52-f05e-48b0-af35-c29e0d9cb91a.mirbase21.mirnas.quantification,1,35893.258477,20.87681,16.460562,113.8187615,126.063814,12359.472973,3228.8796945,5515.091123
d82c50f0-5b73-4e16-aae4-939d595a9471.mirbase21.mirnas.quantification,1,46745.592896,9.847397,12.604668,45.298026,116.593179,6543.792162,3856.2406105,2162.882246
c4008c93-34ec-4e25-82e7-dcd6d33578f6.mirbase21.mirnas.quantification,1,18419.006155,26.361388,32.951735,71.986868,149.043234,8336.282091,2373.7923185,4842.891195
a7956d39-fd8c-4072-8620-311a2de4844c.mirbase21.mirnas.quantification,1,17739.000761,1.523751,11.343479,22.602306,111.403126,7869.665792,2190.984575,4948.29659
6c1f7953-a53a-485d-8abb-b405af4e6f6b.mirbase21.mirnas.quantification,1,37770.787535,11.27706,18.411527,43.6123045,170.53677,7833.644488,4197.252816,3746.285474
252d541e-6ee0-4cb8-b56a-fa8e996da825.mirbase21.mirnas.quantification,1,8123.746896,4.481281,67.219209,111.3190835,506.588399,19270.117538,4699.8448455,15030.826118
a2be2fb2-a488-4ff8-8c6f-a44d6a7cca91.mirbase21.mirnas.quantification,1,20989.394636,11.560583,13.662507,35.1546825,341.772874,6647.545462,3615.6774535,10424.913435
88c31fef-5156-4271-9252-fcc5b66aaef9.mirnaseq.mirnas.quantification,1,19743.44515,8.989702,55.061923,134.7518835,939.985688,21640.834072,42371.929057,19835.589592
ae4877c3-2ab0-424b-b32f-42ea18a48b51.mirbase21.mirnas.quantification,1,17429.045706,25.507835,37.934729,63.11554,156.971291,11379.110522,3564.8834295,3835.98593
1d55d974-524f-4045-83ea-ffb073a57bdf.mirbase21.mirnas.quantification,1,20171.890704,1.203829,10.031907,33.840965499999996,192.478852,7293.59753,3889.9721865,2766.799899
ece38c09-dcff-4ded-b5ed-166a387ce27a.mirbase21.mirnas.quantification,1,12655.083027,15.806189,17.832623,154.8195905,124.017787,4722.4028,2620.17972,3406.841567
94200681-04ca-41a2-ae07-5796f92ae566.mirbase21.mirnas.quantification,1,22306.083599,20.779151,24.130627,48.5964015,121.993726,14653.993619,8522.1331475,2422.446846
56e6a35f-f01a-46d9-8318-c7e7f67c7f1a.mirbase21.mirnas.quantification,1,29870.179586,5.671284,15.123424,49.623734,182.898905,8867.524952,4910.8592325,3036.027303
c6bf30af-7a04-447c-9f5c-de709108d276.mirbase21.mirnas.quantification,1,7549.238744,3.485672,8.27847,30.209155000000003,190.259581,10455.272296,2401.337336,6972.650548
f4cafe8e-81db-4c7e-aae4-765c52de2051.mirbase21.mirnas.quantification,1,15807.918444,12.124105,9.890717,30.3102625,53.920361,4445.71783,1340.0326455,1977.505319
894abb27-5c0a-4693-965e-db48413db781.mirbase21.mirnas.quantification,1,25768.232164,3.788252,16.235366,62.100276,275.798285,17057.484629,5952.2911585,6763.180056
9f7e2939-8899-4732-b291-14075f697205.mirbase21.mirnas.quantification,1,12328.739403,0.546911,2.187644,10.0267005,39.833345,5207.138865,1251.8790945,1356.703688
7eef0fc9-b8b4-423e-9875-ea27a6935022.mirbase21.mirnas.quantification,1,59808.453425,14.032175,28.433618,87.331826,166.539762,7405.665011,3377.507605,1602.991364
786c731d-2ad4-4b24-ad77-29a85f94b953.mirbase21.mirnas.quantification,1,6259.903259,15.940096,33.777822,66.417065,423.930638,12629.489556,4542.3579580000005,12280.325557
960e161b-c2da-496e-9aaf-f73a6e14ee46.mirbase21.mirnas.quantification,1,13112.365384,15.911032,31.822064,34.334333,281.374043,4946.656171,2046.6611954999998,8516.589345
dd2bf821-e0c1-4fa9-b8b7-4ec626233e4f.mirbase21.mirnas.quantification,1,70514.421175,34.050447,49.45422,110.2585885,379.419262,10311.610229,2438.660553,7928.889696
943862c7-891b-4a39-ba41-b3966e4dd237.mirbase21.mirnas.quantification,1,36536.557101,17.383059,63.737885,149.59966250000002,535.714286,8191.108302,7186.841550499999,8368.099452
e8c67a6f-d892-4597-bd3f-149fcdde44b3.mirbase21.mirnas.quantification,1,38836.242947,14.092377,14.946461,57.223592499999995,186.830759,5866.272308,3381.6367355,3511.991225
10db26c3-20bd-4204-bbdc-eb1ad49e91c3.mirbase21.mirnas.quantification,1,12035.244515,6.417428,9.412228,54.548138,45.777653,6757.979537,1418.6794220000002,1189.363327
cbf1e333-1b47-4c06-b034-b214ab5174fb.mirbase21.mirnas.quantification,1,32676.186939,47.360405,95.551695,136.2650255,363.09644,7851.025768,3795.894933,4020.649137
c31d5759-bc16-4bbd-ad1d-5b4758d93158.mirbase21.mirnas.quantification,1,14156.887496,29.86754,90.745094,157.82465050000002,1463.346245,9147.954163,13867.270284999999,14482.982275
7c761c25-8f9e-4c13-813b-c0575a427714.mirbase21.mirnas.quantification,1,23880.768308,20.605757,22.170751,40.298600500000006,300.218056,9412.918506,2504.7732324999997,11557.74307
2d292e15-3557-409d-944d-2219cbf93308.mirbase21.mirnas.quantification,1,95408.664845,17.003228,18.394401,57.2699615,210.530872,19666.705826,7393.2351885,5147.49527
e667bd43-c93e-4223-b968-2899f7160409.mirbase21.mirnas.quantification,1,55821.717021,27.121348,19.144481,56.0374915,135.207897,5568.252069,4042.077974,2754.412205
d3879d85-35ca-40f8-ae32-a4b0539943a8.mirbase21.mirnas.quantification,1,40484.535995,273.282449,66.805785,130.1984165,1811.733013,10904.913124,28944.239259,15813.949493
47ef216a-9d73-442c-9cfb-d68a69262d91.mirbase21.mirnas.quantification,1,45054.744966,22.295591,20.437625,49.236097,206.234219,4028.070149,3323.436568,2384.699279
58bdd742-852d-4be8-9984-560c97920550.mirbase21.mirnas.quantification,1,26971.775008,5.664257,10.856492,71.9832645,86.379917,5814.359646,2606.2661785,2369.547445
a98792e8-6f92-4d23-9ff5-40bf4b684cb2.mirbase21.mirnas.quantification,1,24734.613628,9.965362,11.137757,26.3788985,109.618977,4758.167053,1833.62653,2642.579411
d0d8377e-10f4-4169-a77f-a17d9be8e5e7.mirbase21.mirnas.quantification,1,44142.075529,45.057302,18.656539,149.25231300000002,222.470429,5312.889521,3861.7275885,4060.43733
7348e065-e569-4e3e-b99e-207708fed9ce.mirbase21.mirnas.quantification,1,16849.521391,18.734271,36.85093,96.45061749999999,281.631685,11804.855594,5252.3897515,5197.010422
efbee774-d2f2-4559-9569-78922a14a034.mirnaseq.mirnas.quantification,1,18697.445994,8.812459,36.286596,55.9850335,325.024221,15802.812419,27418.4108855,10701.953826
d10ea1f1-c38b-4be7-81ae-999fb18822b0.mirbase21.mirnas.quantification,1,50242.848031,16.178429,5.883065,13.97228,59.320908,6164.96213,1515.8698140000001,1111.409077
9b07c27e-6414-4b1d-b00a-9e5604cd78ee.mirbase21.mirnas.quantification,1,29164.527276,11.564277,26.308729,65.04905600000001,96.561709,3481.714566,2400.1656005,1195.746197
b11aa4ce-3b72-431e-abf8-6a18e0754275.mirbase21.mirnas.quantification,1,11071.676313,7.722219,2.426983,14.341264,50.525376,11386.522213,1821.6714590000001,2951.211462
7972bd60-cce8-49c5-adc5-471e9f20f4ca.mirbase21.mirnas.quantification,1,26926.644902,4.234748,3.176061,21.3060755,54.257708,14710.191053,2445.6992824999998,2206.833031
55931ce9-539b-4b4c-9cdc-0451dfde9336.mirbase21.mirnas.quantification,1,5800.067178,81.647418,96.11658,241.84171750000002,725.525153,5512.75095,3073.1467844999997,10669.973904
fd9e29cc-01e2-40c1-a0ca-e2bea88cc54b.mirbase21.mirnas.quantification,1,40720.292871,117.158107,115.950291,202.9130095,222.238058,11888.528289,4332.434316000001,4188.704268
3163c420-eccd-4bf2-9bb6-170f3549556c.mirbase21.mirnas.quantification,1,8328.47379,33.789197,44.489109,147.40537,696.057448,23073.516,8675.235419,17095.362405
4d9f4eb9-c576-431b-a7e3-745cc18dd39c.mirbase21.mirnas.quantification,1,40085.510269,17.525719,21.716652,60.38753199999999,259.837834,7455.669456,3767.6485895,5890.546551
a6faed76-22f7-46f6-a094-d493da434a21.mirnaseq.mirnas.quantification,1,29698.172701,8.212834,0.566402,12.177649500000001,45.028984,2982.391402,6860.689668499999,2598.937033
af8d73b6-d9a6-443c-b57d-025507e8a8e3.mirbase21.mirnas.quantification,1,62426.016532,23.410074,20.356586,90.332352,171.50424,10744.206261,3891.9248475,4137.985085
8ab01ebe-8fe7-4a80-8b2d-aeb07a4f5af2.mirbase21.mirnas.quantification,1,10815.861755,30.671047,34.839927,80.3998315,301.946033,10297.729509,7628.6039965,5756.330147
a674e39d-d541-4f8d-a9e7-7026d2edf687.mirbase21.mirnas.quantification,1,21195.955869,4.453422,6.149964,19.298162,74.435767,7377.835743,1480.2326385000001,3950.60943
21d57dfa-74f4-46d0-bfd6-5a33907c6768.mirnaseq.mirnas.quantification,1,22653.286012,254.767754,42.237419,168.800427,7065.73814,6374.119059,1595.619248,6359.044927
97cb5037-7eea-4ba7-86c3-d13dd91e5b1e.mirbase21.mirnas.quantification,1,17272.857589,22.224469,22.965285,59.6356595,195.945738,6687.713239,5846.8874815,3219.955203
3a75309d-8514-4bc7-a57f-7ee3904ff978.mirbase21.mirnas.quantification,1,32053.996735,21.962314,14.323248,58.964038,148.484338,8158.52207,4218.912703,4040.588265
405f31d8-bc1c-42b4-8fb4-ca65e668c67a.mirbase21.mirnas.quantification,1,28092.141676,52.124091,4.800903,20.2323775,103.562339,10094.241728,2128.1717685,3650.058057
cc383d81-8a72-4071-b69b-9822403ae3d5.mirbase21.mirnas.quantification,1,25968.187076,29.116329,72.058848,129.5595315,918.384327,30950.983229,15179.28583,10847.377896
a2622003-6d07-482e-81bd-5a279e07f1c1.mirbase21.mirnas.quantification,1,18196.749177,48.565872,28.698015,51.509258,229.584122,9156.138542,3401.450648,6831.599311
1e74d678-a915-40ce-ad13-4b7b954f2400.mirbase21.mirnas.quantification,1,12652.902641,8.299707,27.665689,63.458173,372.795153,18864.887175,3800.9197805,13144.660254
61d2f3b2-948b-45a0-b2f8-ed696e941c9b.mirbase21.mirnas.quantification,1,21226.563415,7.047782,12.469152,41.7445535,149.087692,6345.714298,2974.028382,2621.503758
98cb3a87-92bb-4af4-b4a4-5fd0c66c35b5.mirbase21.mirnas.quantification,1,44627.028062,39.580921,88.366707,131.169331,263.259148,21390.266039,12386.0667795,6071.529167
28ea1af9-6de6-49a4-8187-5395955322af.mirbase21.mirnas.quantification,1,10779.583295,9.389063,49.762034,73.234692,106.096413,10610.58016,5346.132503999999,2016.770744
b7922079-af81-4402-a778-eca797ccc930.mirbase21.mirnas.quantification,1,24277.800738,93.635817,292.061561,617.732217,2459.774757,48085.367686,49597.483398,18238.437297
3068d8b1-c407-4ee2-a7e2-582138927142.mirbase21.mirnas.quantification,1,56547.909402,157.682543,504.811019,355.0693235,1089.030513,36423.533042,27018.7335935,15705.861934
b4e7dda5-9ba5-4312-9593-4f9a3baaba2e.mirbase21.mirnas.quantification,1,21162.720929,11.448209,13.957406,52.065829,191.169416,9035.460123,2679.1946669999998,3525.891694
418337d2-4f56-4bed-906a-b86d0eac9309.mirbase21.mirnas.quantification,1,33376.220291,10.321771,68.897821,137.40857499999998,539.312529,5535.565726,7959.7626405,3545.270255
ae012200-cc65-40f3-bdae-7c7eadf157e2.mirbase21.mirnas.quantification,1,67136.767987,4.182113,4.779557,16.071261,58.430088,3812.29436,1230.8554835,1052.100042
82d6e956-0c30-4767-bc37-27672e58d690.mirbase21.mirnas.quantification,1,64995.301761,6.600335,10.500533,81.754153,114.905837,6711.040921,2409.1223835,2610.43261
bc52125f-5ac8-41f9-85c9-5cd486043692.mirbase21.mirnas.quantification,1,8291.915416,10.902368,65.680118,101.17929050000001,266.44323,9577.331159,2237.5115370000003,7005.170115
f859815a-889e-434b-9bf7-3614a59c57bd.mirbase21.mirnas.quantification,1,47809.930478,62.134528,6.903836,25.889387,63.860487,13772.290762,2703.2834645000003,6158.222124
7b6b8240-5620-45b0-bdf9-3e187cc240f4.mirbase21.mirnas.quantification,1,13247.066176,3.051616,21.971637,63.931360999999995,335.98295,11265.956901,5813.1763905,8398.047942
6b9a555a-ed46-43a8-9c63-5ce206075ede.mirbase21.mirnas.quantification,1,13369.890518,16.573853,3.946155,26.044626,78.449571,14726.736624,2119.559041,3182.969024
a4508dad-24f1-427b-b43d-419d11467f9a.mirbase21.mirnas.quantification,1,7485.077219,103.059025,278.425591,309.59263450000003,1755.327902,33922.210383,15094.822614,42119.558442
ece0b34f-0d6a-4883-98e6-baf50bd884ea.mirbase21.mirnas.quantification,1,49314.132251,6.505469,53.191774,114.03704149999999,499.773074,10942.198527,5995.7461889999995,9420.301502
39a2bc42-db4a-480c-bec7-24b5430330f9.mirbase21.mirnas.quantification,1,20802.65411,22.474315,47.089041,95.7833905,164.811644,13929.259418,2759.2572775,5796.232877
846ee729-523b-4065-83b8-8fedec045733.mirbase21.mirnas.quantification,1,26150.411153,6.970539,9.584491,24.396884999999997,65.348799,2861.406088,3052.442411,2839.187497
85860c12-c406-46b4-af6f-088241784b10.mirbase21.mirnas.quantification,1,31594.561654,2.099585,9.448134,17.7152525,109.703339,25259.849943,6708.831591,3902.341983
892b7b8d-fb0e-45aa-9a02-d207dc481b26.mirnaseq.mirnas.quantification,1,19477.670093,7.441326,5.813536,18.4870435,313.465846,11103.620693,8922.730900999999,4974.758791
250affa9-c5f1-451c-bafc-783705df84a3.mirbase21.mirnas.quantification,1,29593.80872,64.446949,62.720691,215.2067755,527.083974,7969.555722,10336.974106000001,4986.294954
534792eb-4d55-471a-99a9-8b341959de2b.mirnaseq.mirnas.quantification,1,37582.33595,8.756946,6.609016,38.084456,73.194855,3495.673903,13115.344847,2418.899936
96a6ae98-0eb2-45aa-b7ce-b948012705d0.mirbase21.mirnas.quantification,1,14712.491753,12.723508,7.484417,46.216272000000004,54.636241,4411.689311,1776.6133685,1511.477914
774c79a1-2cc5-458d-8635-b26ba30318ff.mirbase21.mirnas.quantification,1,67897.830742,13.800494,20.40073,78.0027925,129.004618,7845.280861,1173.3420055000001,2682.096019
c8042fb0-27e4-4d9a-9ada-acf485e4a4e6.mirbase21.mirnas.quantification,1,16541.930881,20.353367,21.960211,37.7608515,114.621591,7603.589263,2142.995255,3265.108491
9edf294d-a486-41c4-8a6f-86d515e136a4.mirbase21.mirnas.quantification,1,36536.98101,5.881182,11.762363,28.145654999999998,83.176712,3338.830838,1548.4311109999999,1316.54452
d553c73e-1339-4530-bdd2-57125e7a1d54.mirbase21.mirnas.quantification,1,14715.096713,2.984645,48.152276,108.044156,487.094096,20403.034548,9231.706562,8840.121113
9a791d34-eea4-484f-b1ea-2bc8e6a3327c.mirbase21.mirnas.quantification,1,51911.706383,77.3981,49.10776,105.15466,217.24846,18269.688075,4834.979244,5543.839085
4d89e455-8567-4e7e-9ddb-11fafb618735.mirbase21.mirnas.quantification,1,13434.267921,47.742479,136.240734,181.0720865,384.268737,7490.911462,3014.762906,10695.479835
8cecb9a1-c506-43d5-962f-532df0efe290.mirbase21.mirnas.quantification,1,30556.568324,14.752464,27.780614,94.16670300000001,673.05723,9071.999114,10762.4016015,6453.340925
7a8c1621-8a36-4b85-affe-966d83cbce64.mirbase21.mirnas.quantification,1,11504.146694,2.637678,8.792262,29.454076,202.573706,7349.803115,2493.3095285,8379.552787
10372e34-aeb4-4e7a-a7ca-71fb7c585d5d.mirbase21.mirnas.quantification,1,32189.63053,6.006781,6.360121,19.610371999999998,43.107484,6247.758499,1439.860643,2840.147201
64d93d29-2669-4ad4-bc6e-6bf6f2baeca2.mirbase21.mirnas.quantification,1,29691.120617,6.967774,15.575025,39.9622345,81.154077,6799.31806,2260.42794,2163.493904
9ba58b57-57fa-4a5f-82a1-5731dbe9192c.mirbase21.mirnas.quantification,1,30616.740951,57.106162,96.296665,146.6844555,431.095537,13942.861366,7000.8235605,6451.876581
c239f472-f37a-4fb4-81b1-7f09060bb831.mirnaseq.mirnas.quantification,1,22882.793662,515.605805,76.523628,463.599456,4651.967939,2583.972609,1107.7352385,5686.522815
c39aba4b-1836-42a3-9878-a50a666a0a54.mirbase21.mirnas.quantification,1,30824.005231,91.464831,221.159102,751.547935,3321.673949,50193.469554,59791.024299,17994.990871
b8a6918d-5d17-4b30-a135-013615cb3a77.mirnaseq.mirnas.quantification,1,97472.954887,1.889697,25.510915,85.0363835,58.58062,3121.780133,20790.214769,1439.477007
912bc7f5-fa03-4047-8edd-bd984a2a4d8d.mirbase21.mirnas.quantification,1,37350.052656,26.450491,37.716441,153.3148835,294.384169,7649.090152,6731.160148,3804.95212
2b32a24f-7922-4209-b7ef-2be0ec6a92a7.mirbase21.mirnas.quantification,1,52580.720651,14.422502,19.074922,56.759524,153.064619,9500.241693,5593.604597,2277.824845
5e082c48-83fa-420d-933f-1a5c96be3612.mirbase21.mirnas.quantification,1,140404.19742,52.890225,12.900055,20.640088,109.650467,12034.461207,1394.8184350000001,3110.203234
147ebd70-1fa9-4823-8648-3bdf7bc23554.mirbase21.mirnas.quantification,1,7964.778784,22.708196,19.970328,63.051479,414.545356,12223.934374,10267.8890655,8584.503154
520b6207-a3bf-45dd-b74b-d5ca831617b4.mirbase21.mirnas.quantification,1,34282.666604,150.094137,41.530902,61.2034345,244.085125,13073.490752,4902.467956,3808.456566
0754cd06-5db6-4636-9ee6-20bb60a9b9ec.mirbase21.mirnas.quantification,1,26557.430951,28.371159,20.518427,49.1429,187.958926,10069.481474,4478.210063500001,5222.82632
2849b3b3-e89b-4506-a747-c6cc23af6502.mirnaseq.mirnas.quantification,1,24795.823742,16.33126,90.17696,162.247522,817.983132,6026.235105,41316.313793,10192.126628
85cec361-295f-4d99-886a-2c4e576a9be4.mirbase21.mirnas.quantification,1,17252.94711,105.912137,220.222593,366.493319,2161.167478,12033.85829,14578.549013,17929.47838
17baa13d-9eca-41cf-864c-b26978d8a563.mirbase21.mirnas.quantification,1,27179.8892,2.620899,9.901175,61.2999195,133.083435,9961.746521,5036.2033535,1719.892275
6e400921-099d-4749-92d6-66aacabe66f9.mirbase21.mirnas.quantification,1,44471.86099,7.204687,8.250529,38.4637325,177.90929,13954.549347,3510.018989,2668.058333
099d2398-1003-40ad-aae4-2af4df01fd7f.mirnaseq.mirnas.quantification,1,8676.333775,362.775521,72.281913,250.19786499999998,12821.10386,5607.824295,746.951041,7239.915734
8282a63b-1860-4b2d-8339-ac20cffce073.mirbase21.mirnas.quantification,1,46948.212281,10.067785,14.714455,64.375742,74.733944,14019.390942,5139.120335,8396.532887
de3edcf8-7b85-42b3-a758-9e3db9da779f.mirnaseq.mirnas.quantification,1,58513.248041,1.404212,11.795384,35.526573,54.202597,2142.266371,8940.058387,1233.179291
a13d93f6-1cb4-4cbc-ae71-5d4b90c7fd4b.mirbase21.mirnas.quantification,1,61390.937764,30.436501,23.730153,96.984104,167.142817,5122.101955,1665.2376985,4933.292476
7d2c016f-7763-4723-871b-cc2685d2299c.mirbase21.mirnas.quantification,1,21323.525907,12.832466,21.26523,42.1638175,103.026372,4749.479094,1110.191655,5134.453082
a0df8521-8d5a-4688-b8eb-e4c0d7f67d02.mirnaseq.mirnas.quantification,1,9388.029738,27.996113,49.516934,221.873953,11505.450005,6635.269122,2607.1617865,12823.362242
f3c212d5-7c71-446a-a0fe-f0b44cd1c1e5.mirbase21.mirnas.quantification,1,19315.999898,25.829883,23.556853,70.3606015,561.231701,13323.673646,4197.76929,6502.931382
e7f54f47-dc9f-41bb-9cb4-2a6d06a10aa2.mirnaseq.mirnas.quantification,1,9439.24998,12.606354,17.939811,66.91064800000001,339.401838,4034.033277,7941.0332945,3177.043635
cbc857fa-4b6c-4b7a-8444-99375bfedab6.mirbase21.mirnas.quantification,1,18285.971808,3.590941,5.984902,24.3884775,76.008262,6469.679586,2279.948602,2320.346693
d3042b0b-9211-48c5-a58f-d1669dd8acbb.mirbase21.mirnas.quantification,1,34697.020853,21.971728,20.506946,138.2387905,166.618939,10136.656826,6060.9012365,4176.276246
2a65e10a-5fd8-4e68-ad32-7283f1887c99.mirbase21.mirnas.quantification,1,8639.821709,18.279534,50.817104,90.666488,762.43936,17818.706873,6784.7232085,18175.888966
00eb9ae7-efd1-4cc1-bbc1-7ffd7800378b.mirnaseq.mirnas.quantification,1,11414.199568,309.041795,104.677511,464.9063525,23848.55698,10440.749906,2306.8722319999997,14823.640789
61f63c03-128c-4c1d-a808-c9f41e521a1d.mirbase21.mirnas.quantification,1,30042.100356,38.611129,25.605275,67.6710845,316.814476,10655.249153,6288.0256115,8319.479051
92da821d-45ac-4c29-b59b-98ed5ee15fc7.mirbase21.mirnas.quantification,1,24827.896607,102.609069,176.65084,260.8952175,578.342024,19867.097936,8984.9980875,7480.550917
e7fb1b2e-dc38-4120-b699-9b505a06eaab.mirbase21.mirnas.quantification,1,17621.460426,3.318636,12.776749,26.051294,68.197974,5721.328808,1935.511598,1616.839557
39dab348-19b4-40df-bb1d-081d251f6e3e.mirbase21.mirnas.quantification,1,57075.218536,13.661549,12.490559,46.839596,145.983407,5827.236054,5734.337522,1801.76312
6eea606f-98b7-4a4a-aaee-9a92f04821ae.mirbase21.mirnas.quantification,1,26150.145631,61.296009,122.592018,185.649407,605.914572,20863.893269,11978.437896,6912.35798
071c32c6-f5e5-4365-bb0d-e59632760bb0.mirbase21.mirnas.quantification,1,5870.394011,22.530501,12.463682,57.284998,177.847148,4763.523214,5654.436759,4072.268261
3e3376ba-86db-4921-b581-a815bece2d3b.mirnaseq.mirnas.quantification,1,45291.95312,12.607865,18.011235,58.0862345,155.797186,3544.611128,11837.884472000002,2361.723243
f846c0ad-9bbd-46a5-a678-fc3c05cdcc41.mirbase21.mirnas.quantification,1,28519.227329,66.142227,169.150615,311.7359085,468.417086,21629.592683,10787.6888715,7739.724913
823c8613-018f-4f5b-be5c-fbb46b3be79a.mirbase21.mirnas.quantification,1,101871.642169,18.481844,12.510787,31.8456395,68.524992,3786.219084,1869.083144,1908.46369
0a3e5b67-6fff-4825-b7dc-04546c68a999.mirbase21.mirnas.quantification,1,13412.283705,36.9622,26.306431,56.1092855,146.183836,9392.727704,1574.389924,7312.188735
b63457cd-6aa6-43f9-9bec-be3037c0ceb5.mirbase21.mirnas.quantification,1,60138.4333,3.249532,6.499063,17.3037565,42.243912,3133.198467,1515.256633,1738.824414
2fa62044-5bdf-4284-84e1-ce1a02c9d982.mirnaseq.mirnas.quantification,1,66761.824953,1.903673,12.18351,50.637711499999995,130.211258,7570.908977,13645.1499545,5615.455696
01570544-ec92-45ed-b59a-5acea638eda7.mirbase21.mirnas.quantification,1,23253.56899,36.101933,22.759914,64.748032,207.978527,6527.386455,6018.03527,3107.120714
3e2d69b2-1136-4dc3-a7a7-45ffa2f95a69.mirnaseq.mirnas.quantification,1,60021.661028,0.72324,16.634513,39.9589925,110.655671,2720.104436,23240.041441499998,1923.094309
9fcbac31-7474-4a69-9939-f2b083d7c29c.mirbase21.mirnas.quantification,1,13652.75436,8.046903,17.987195,40.707862500000005,123.070282,6228.302946,4866.482945,2038.233203
6fffa9a6-d13b-4651-a518-2b81906eaabc.mirbase21.mirnas.quantification,1,34439.919118,13.298347,13.298347,20.997390000000003,58.092779,4108.489315,1543.308167,1160.455755
8585afe0-a21f-4093-bd82-269cc8e5698f.mirbase21.mirnas.quantification,1,23380.349373,3.568429,9.515812,20.815838,39.252723,9442.06417,1962.6361655,1135.950023
ca7d470c-8ce2-48fa-86c8-03d39a3f12d0.mirbase21.mirnas.quantification,1,7356.665451,9.838797,23.416337,60.606991,544.479038,21371.638526,3545.0170230000003,16971.925189
e00a6fae-7110-40cd-90d9-8622f8a51f4c.mirbase21.mirnas.quantification,1,64641.002118,34.029325,58.861535,122.7814835,687.02448,13001.041573,15846.6289125,10613.010699
3e75b1ff-8a43-4a64-9f14-96b8585489a5.mirbase21.mirnas.quantification,1,14372.182109,10.805366,56.11819,113.9791805,792.625861,21544.853596,6560.599802000001,26845.40833
83ae9b04-3714-4d0b-a53e-b91eeb6a96cd.mirnaseq.mirnas.quantification,1,16469.975722,3.227087,41.952129,79.60147649999999,317.33021,7018.913956,20506.523556,5902.341897
7bac4211-90ac-4564-95e2-4243fd34577a.mirbase21.mirnas.quantification,1,23182.075058,28.322231,11.855817,42.812674,134.365931,24810.273988,3618.0002925,6841.465326
57e21cc8-dedc-4f9a-86ee-15e870dbb817.mirbase21.mirnas.quantification,1,34652.91683,1.870048,25.557317,46.595352500000004,319.466463,12408.389096,4420.7145795,8228.988574
014ac73d-9fdb-43f9-8495-8dab01f24859.mirbase21.mirnas.quantification,1,15910.891643,34.695104,19.825774,57.7071635,221.62383,16102.776812,6975.4861385,8854.33225
fa88a3ee-02e1-48d5-80cc-852295c5c9d3.mirbase21.mirnas.quantification,1,28588.296423,16.890832,5.952008,25.9797085,73.032741,6585.494153,2474.587341,2257.741229
20a8566a-ba3f-4bf2-906f-321d25a0f055.mirbase21.mirnas.quantification,1,6077.155946,4.103821,13.39777,55.280888000000004,289.802209,8048.680012,3009.3684205,7118.92307
275f566e-5eb7-4529-8766-f4ffb8824e3a.mirbase21.mirnas.quantification,1,34198.576546,4.377838,13.863154,51.622007499999995,136.44262,7705.359824,4342.0857264999995,2293.257509
606aea81-fa46-4216-91c5-7d2862fd4ee2.mirbase21.mirnas.quantification,1,19859.228216,35.157788,43.595657,133.59959500000002,717.922034,3807.588457,3690.8646,9709.877932
f00dddc4-9a26-4569-aa6f-c6f65341283a.mirbase21.mirnas.quantification,1,17665.820657,28.53929,38.380425,68.39588499999999,180.092763,5695.064573,1173.06324,5253.197631
b2b1859c-8712-4ca1-b3d7-746c4c88eb0e.mirnaseq.mirnas.quantification,1,29120.324459,6.673871,13.100562,39.7960465,271.898454,5917.993449,15293.052154,5720.99066
68c55757-d0d3-40ab-9671-ef07a8ce1f53.mirnaseq.mirnas.quantification,1,16920.245236,3.08973,25.159231,56.056533,231.288373,3632.63991,10782.9376275,3110.475509
92d667b3-1714-46a7-8553-c390bef83d14.mirbase21.mirnas.quantification,1,37506.04457,19.080942,23.98747,70.4631925,167.639704,5256.254324,4032.893363,3048.589346
0296f7dd-e800-4959-9e09-2efddd54f60c.mirbase21.mirnas.quantification,1,19647.187058,82.76207,79.240279,162.44257299999998,406.766768,18168.035176,10615.115876,11640.397047
d042e76b-9180-4edc-ac4f-3d28c822507e.mirbase21.mirnas.quantification,1,21463.998743,22.360855,14.161875,57.206522,245.410388,11152.290283,3319.375812,4977.153728
7b7d84be-ef09-4af7-9c6d-845c936f8477.mirbase21.mirnas.quantification,1,25203.103697,5.132283,3.07937,7.1851965,35.412755,11812.976516,3933.63855,3147.372746
e9b562eb-d5d7-4a5b-885a-ca05a52a3c46.mirbase21.mirnas.quantification,1,1802.762509,1.197849,17.818002,29.122700000000002,159.613358,5642.466976,3300.6724875,3041.637675
c7d07028-660e-431e-a04f-bb338ea7b9fa.mirnaseq.mirnas.quantification,1,43362.32828,13.784553,16.369157,46.953635,174.460755,4672.963623,18499.301511,4297.334541
5a15392e-9a0b-4549-b1d6-754247536f2f.mirbase21.mirnas.quantification,1,33063.713545,114.673733,72.080632,167.9151085,587.293331,20043.330289,19838.555765999998,8710.289101
84fad10f-82a3-41a0-bbc8-8be2a4962880.mirbase21.mirnas.quantification,1,36894.118817,10.214319,18.652234,40.635223999999994,151.882477,9364.309661,4943.730207,2983.025135
1a1a7482-ae50-42e9-aa40-ad4d02fcc5d5.mirbase21.mirnas.quantification,1,9246.016368,56.382858,53.67957,131.6887305,477.516466,10136.363487,2046.1957115,7913.681706
d57591ec-4692-482d-89b2-6e34ea13ee54.mirbase21.mirnas.quantification,1,41005.073771,2.052865,1.824769,4.219779,41.5135,9099.439887,2921.6836415,2805.354603
8740ca44-992a-4b58-b35f-0442f3ec2851.mirbase21.mirnas.quantification,1,49149.501493,2.566976,6.91109,30.211337,174.159473,5386.306247,7761.0555724999995,3650.042928
2e2da65e-2ab5-47f6-89d8-0d91dd33e9c5.mirnaseq.mirnas.quantification,1,12281.11516,5.617934,15.917479,24.656487,207.863547,9596.679177,8492.443099,3299.287615
05598e26-6d70-4c25-999c-54dd6965ae0d.mirbase21.mirnas.quantification,1,34039.026831,170.153745,167.394495,150.838996,473.671237,19115.163734,8066.207282,11644.954436
4427d8b6-37ae-4622-a797-5a294a63e756.mirbase21.mirnas.quantification,1,25173.446077,29.954561,26.897973,45.543159,190.731081,4873.423641,2961.8336105,2793.72128
9c6abe98-bc71-4ba3-8fe0-cb7894f2ca3b.mirbase21.mirnas.quantification,1,14065.442119,4.69612,34.563441,72.602011,288.529596,8599.910135,4025.325986,4277.977227
054537e2-a827-41fa-90f9-b92f3da358c4.mirbase21.mirnas.quantification,1,33891.814027,9.934433,25.829525,73.0180805,291.078879,5775.382476,7724.269819,4542.519372
b7cc7a97-9221-4076-adbd-cf489a5df449.mirnaseq.mirnas.quantification,1,8531.588813,1.610173,3.757069,19.411524999999997,73.352306,8273.066661,12034.8770535,2456.586617
21b5525d-dcf3-4768-97c7-c8c3593883cf.mirbase21.mirnas.quantification,1,16288.012895,15.21111,26.895007,56.766099999999994,191.351359,10700.465019,4399.538111,4504.693179
7b3ccedc-9170-4e97-84aa-d6cb4c6d0727.mirbase21.mirnas.quantification,1,15428.174578,19.922232,14.742451,101.6033815,105.189383,5203.288443,2267.548398,3931.453179
19872037-837e-490b-9ea4-16ddfd9e1c2b.mirbase21.mirnas.quantification,1,16453.349853,6.328907,7.685101,25.54166,178.716278,10834.636661,2081.0048855,6013.667124
108f8346-c8d8-4183-bed5-f1ea17b9c62c.mirbase21.mirnas.quantification,1,12035.920118,3.640329,15.885072,37.561575500000004,122.447426,5376.434827,2554.3525925,4637.117124
4d2a183e-316b-43c3-b380-e1fcfe1577d1.mirbase21.mirnas.quantification,1,8157.953917,51.301993,22.020034,57.275513000000004,237.535255,10644.109407,1978.874823,13831.62639
468dea0c-cdbc-463c-ad83-41b2afb99c76.mirbase21.mirnas.quantification,1,11599.258474,13.374805,18.658679,67.9473125,386.383259,3953.658447,2676.6122379999997,3393.072478
9d0fa46a-1b6f-4e71-9b94-f2c5b9428054.mirbase21.mirnas.quantification,1,32760.32985,7.34306,14.686121,30.840854,117.488967,12501.5604,5982.024188,2635.424392
fcf1f8b5-c70d-4bbc-8045-5e5826fa90b7.mirbase21.mirnas.quantification,1,10731.213407,74.154486,230.826744,702.794955,3258.894496,10316.951883,33336.9016695,12471.892383
a5124793-f8b5-4028-86e1-e60a9635d7b9.mirnaseq.mirnas.quantification,1,40408.561696,3.656928,8.045241,30.1087035,42.176564,4021.64511,8430.193154,2646.640356
ef57b156-a03d-4d91-a7d7-c88f9142e037.mirbase21.mirnas.quantification,1,55633.1893,9.538617,11.287364,42.3673575,106.037627,6604.697451,3482.9465425,1516.958071
c5b3879a-c29a-4d5f-b0fa-fcfc3943443e.mirbase21.mirnas.quantification,1,23105.806895,20.968234,29.672029,50.244636,147.964519,8056.153722,4214.417203999999,4719.039512
806cce25-d97f-4881-b549-ad89f310d639.mirbase21.mirnas.quantification,1,153059.334739,13.120121,5.550821,16.652462,49.957385,6711.44665,994.1014964999999,936.574811
ce94126e-a0fe-42ec-8b8f-6391d4480b03.mirbase21.mirnas.quantification,1,17660.807239,6.55469,4.298158,20.6311565,100.254526,4626.429393,1500.1644585,1741.82837
bd211896-0227-49ea-bbe1-f43272c0adf7.mirnaseq.mirnas.quantification,1,28138.801863,3.665529,6.2314,30.607169499999998,192.073733,3441.565416,12598.057489499999,3632.172937
427217a0-b24a-4c7f-bc17-c0094b490bdc.mirbase21.mirnas.quantification,1,24949.726336,6.187528,23.67402,59.723095,204.457441,6977.110182,4573.5246449999995,2883.65699
0a449e4e-667b-446d-b4f7-6ba719024c6f.mirbase21.mirnas.quantification,1,24729.896591,22.922069,7.841761,31.7691835,90.682923,6185.339406,2028.2009815000001,2421.294361
9b1314ff-6c6b-4508-b063-c99d3dfba4dc.mirbase21.mirnas.quantification,1,11463.693279,17.978694,41.533059,83.29369700000001,661.798006,13789.658382,6027.527884,10746.024774
2cd7c54d-b120-43b5-8b04-385a8735e3eb.mirbase21.mirnas.quantification,1,25466.278356,17.272029,30.558205,57.794866999999996,151.462409,12431.875131,2219.1235905000003,4560.480003
0d9fd6cd-7cf3-4cf8-a855-8ed41347b949.mirbase21.mirnas.quantification,1,23158.760215,6.334395,15.835988,35.36704,93.326757,6225.865954,2391.3397835,2657.701104
86326aef-e1f6-4bd0-a86b-4595e73dc9d3.mirbase21.mirnas.quantification,1,16402.849642,4.642623,35.748193,86.352779,196.847195,10691.495412,3483.35968,4349.673043
136b5504-6fe5-45ab-b0df-849339ebc18e.mirbase21.mirnas.quantification,1,7376.212385,39.888263,46.120804,67.62307100000001,176.380913,5276.46929,3068.9032349999998,2709.908868
a94d1ab5-6c8a-4437-8c99-20a6c44cd09a.mirbase21.mirnas.quantification,1,27155.589419,7.904489,22.301951,34.299836,85.255559,6401.506821,1163.0890855,2207.046231
373b53ad-21d6-4d08-8041-b7b7cb9f22a6.mirnaseq.mirnas.quantification,1,54108.127775,529.576481,12.849,48.2331695,3000.221754,5826.725027,261.981228,5751.251977
fed44480-aa3d-49de-a819-de84257a2c81.mirbase21.mirnas.quantification,1,14508.041214,17.108008,16.657798,38.4930185,177.833244,11504.235132,4936.560804,4931.158275
65664351-3728-4e93-bb74-f9c317d566f9.mirbase21.mirnas.quantification,1,43431.932653,14.952652,20.013549,95.23688999999999,123.301868,5351.209037,3105.66579,2600.151137
d5853acd-caa1-44c8-87f3-35060b6e2a73.mirnaseq.mirnas.quantification,1,42384.932735,7.379885,6.764894,22.959640999999998,72.773863,4436.745676,10018.500961000002,2178.090967
7b8b48de-1272-44cf-a753-422fa917a4e4.mirbase21.mirnas.quantification,1,28955.971697,8.31252,15.239621,41.8223675,316.222126,11602.719718,4002.998049,8795.512347
b5d12e61-b86b-49c7-97a9-1f541d9c9fa4.mirbase21.mirnas.quantification,1,32016.835211,7.453958,16.100549,41.4440045,111.809365,5474.484656,2352.319955,2343.822443
a5c6d192-6fb0-40fd-b94a-1dfadedc88b0.mirbase21.mirnas.quantification,1,18999.241444,27.705436,213.045248,322.9116315,877.020347,14447.907093,16858.280008499998,9765.688442
e42827a8-7b16-4245-a9c9-fe5a39ecc722.mirbase21.mirnas.quantification,1,40305.277618,17.291872,53.950639,60.867388,114.818027,7058.541977,2356.1904210000002,1547.968343
8f0e8c64-6e23-41c2-8e40-29b06b27e4fb.mirbase21.mirnas.quantification,1,35776.126232,14.1671,11.543563,21.513004,103.89207,58852.233994,12045.708313,3606.838827
151bd6ce-103c-4f4c-9fe0-c88656cb80f7.mirbase21.mirnas.quantification,1,60866.973749,27.576424,5.321766,15.4815015,42.574129,8024.255642,892.8472079999999,1801.175917
a647ecb5-5cb1-492e-9687-e5524d163d03.mirbase21.mirnas.quantification,1,39948.754346,23.112548,48.793156,96.94429650000001,257.769106,11254.847616,4891.353371499999,6873.093817
0ee0d9df-0a66-4ea9-9535-7ef8cab950de.mirbase21.mirnas.quantification,1,15924.41606,19.962556,22.81435,47.7675445,53.471132,3936.188264,1511.807139,1126.458514
eea7f9fa-b7d6-4650-95b1-696b247d70e2.mirnaseq.mirnas.quantification,1,54503.825085,250.962254,21.548202,78.94815550000001,2800.709035,9857.807251,606.9410355,12371.702281
0f418ded-a808-4c74-b4c2-a831591e0e35.mirbase21.mirnas.quantification,1,55208.557874,49.050552,52.621282,137.848966,401.801076,8691.720286,8571.631002499998,5434.087052
3de3aa60-a593-4421-9cec-21da1a171366.mirbase21.mirnas.quantification,1,102027.566176,19.150566,11.437144,32.183589999999995,107.987914,8223.306239,3642.730232,3963.369223
11e64dba-16d5-4a05-ae1c-de5f2cd73b96.mirbase21.mirnas.quantification,1,14387.150852,84.106208,31.361637,110.122111,349.254591,15516.882539,4215.6454655,13320.142439
848c245c-b097-4d1d-8996-e945123d6c57.mirbase21.mirnas.quantification,1,13829.627742,13.629318,21.063492,56.7888255,102.8394,4916.053726,3309.859242,2009.291891
f8a47afe-4d7c-4553-9bb9-467d03f1fe9b.mirbase21.mirnas.quantification,1,26347.393399,26.10759,23.206747,96.21130500000001,122.802369,6133.349836,3938.861825,3281.820801
87ffeb15-10a1-4e6f-9e9e-413720b00873.mirbase21.mirnas.quantification,1,17917.086878,23.582676,4.161649,19.5201145,205.704352,38587.99618,11000.723929,5242.88472
222342ac-43f6-4be5-8cde-4aedde052acd.mirbase21.mirnas.quantification,1,50489.170473,53.042581,39.045234,65.198173,235.008104,21379.107117,6233.976720000001,11112.420804
182bade8-48cd-4072-8f65-9b248700ff36.mirbase21.mirnas.quantification,1,2468.563981,24.447829,24.670082,51.6182575,180.247176,15507.035752,2488.8445665,11210.107533
8986832f-c0d3-49cd-87bb-e88670fcc217.mirbase21.mirnas.quantification,1,15303.174969,8.126895,25.773866,89.395842,714.237948,11621.923854,8054.4492654999995,7969.929561
070f0629-644e-49d7-ac30-b7f2a532fa6f.mirbase21.mirnas.quantification,1,36898.160991,6.766037,2.960141,7.400352999999999,21.989621,7471.396578,1044.7184315,1477.956251
efffe4d8-78f7-4acf-b27c-3daed222831a.mirbase21.mirnas.quantification,1,35457.072693,15.024686,7.116957,43.097125500000004,96.078913,8412.242589,3770.4054015,2391.692772
126450e0-dc9e-4f15-be39-e765f453d323.mirbase21.mirnas.quantification,1,16436.579232,15.457939,25.255225,62.1583335,284.338996,11612.831309,4463.8609705,4558.350346
e5fedd83-b903-4356-adb1-52f6c1a37ed4.mirbase21.mirnas.quantification,1,17544.47503,9.851331,15.971098,44.405623,127.171733,5876.617745,2684.2639305000002,3337.660954
c509bc64-ea7a-4f8a-957c-66539d086536.mirbase21.mirnas.quantification,1,19979.963057,6.261545,8.766163,35.3777275,159.66939,7834.444758,2592.9056695,3498.325037
a98c084c-a225-4d13-8c32-c5f41aa5d5ad.mirnaseq.mirnas.quantification,1,8111.539287,6.009409,3.683186,23.553007,582.331135,5016.499705,12339.3524995,3871.416478
773e03a6-84d1-45a7-be91-07fe7ca08567.mirbase21.mirnas.quantification,1,56918.819576,23.551281,10.934523,27.336308,56.775409,6609.078178,1239.5964319999998,2903.957036
1a323864-9a80-4efc-8320-64b266ae0364.mirnaseq.mirnas.quantification,1,51165.321693,2.512299,10.551657,45.723849,109.70374,4670.197061,12392.6703835,2724.839908
156d19bd-03e1-4803-9aab-6260cba44a69.mirbase21.mirnas.quantification,1,62959.557253,23.501301,34.611006,64.0944565,137.589433,7772.093786,3122.8955655,2391.577818
6b64eac9-2d6e-471f-b7b2-532249cbec21.mirbase21.mirnas.quantification,1,52227.702889,30.554621,23.162374,70.226346,215.360793,7108.877448,2667.861911,3439.858897
b2eedc85-c2f4-4ac0-bcb9-62cca8524294.mirnaseq.mirnas.quantification,1,37074.875823,900.003197,29.078971,88.862447,5783.373945,13243.213808,833.762745,10298.110029
6295642d-d268-4485-be43-03405d5d2f26.mirbase21.mirnas.quantification,1,16099.691994,115.908333,24.116808,85.76232250000001,143.716489,19530.677072,5218.3358615,10143.578678
6113547a-c7be-4ea5-a17d-a6baef499c58.mirbase21.mirnas.quantification,1,21417.133428,30.660611,52.959237,122.294027,503.112749,5498.701802,3773.345616,5462.466535
f1861e6c-c8d5-4450-99f3-f8523aea1a8f.mirbase21.mirnas.quantification,1,16423.488664,4.148002,7.68763,26.1047595,88.435403,4480.505884,1921.7969985,2183.618887
GTEX-1117F-0005-SM-GMJZF,0,51156.1025388711,0,14.3419655367536,43.0155266115888,78.9417577829054,91066.2531671665,305664.06395300466,7654.57007273088
GTEX-1117F-0011-R3a-SM-GM3E3,0,9219.56890670614,0,9.36703170690772,64.0105412555512,118.236454109945,455.726849032973,854.1749771140497,331.970584701229
GTEX-1117F-0011-R7a-SM-GLFXK,0,14437.9279204533,0,44.595447858578,373.8847317069574,315.300442863759,732.590981091006,2252.362913407263,442.657037464004
GTEX-1117F-0226-SM-DEURW,0,14364.5351843145,0,18.9368353667888,82.5679305746845,129.730636153017,3313.47054038767,2871.143939102092,321.760523650499
GTEX-1117F-0426-SM-GAPMD,0,11182.9744766936,0,39.0896667749326,196.136656630994,173.783492974484,1884.49768848513,4286.379446085923,247.403297482981
GTEX-1117F-0526-SM-F5BAM,0,26408.771571201,0,30.0294739478538,157.606576973417,80.4297250493348,3172.95470568684,6016.871502888535,233.310510429611
GTEX-1117F-0726-SM-F1C1K,0,25779.4887952905,0.793303226865346,82.099866954959,378.0153098691061,299.14724237,3278.60676472016,7964.601763540255,1354.39941980618
GTEX-1117F-1326-SM-EVR9C,0,34828.4604853056,0,83.6670474806141,423.1533161016564,289.041177331182,2805.62586021422,6026.354212782934,791.002129385475
GTEX-1117F-1426-SM-GMKK4,0,26116.9368033957,0,34.6004016723842,182.2199400932389,215.839150743753,4131.5299133618,7565.152828745366,764.634188366802
GTEX-1117F-2426-SM-EV6SY,0,27618.5492946566,0,73.8503458429761,373.917824778483,286.190237392489,1605.09019105958,5035.88718473795,482.222076735539
GTEX-1117F-2526-SM-EV6WV,0,30765.0590524761,0,46.1387575759074,313.815517018684,255.789837757433,1709.28563613016,5169.935745317027,564.911707231988
GTEX-1117F-2826-SM-EUP8E,0,42810.631095536,0,131.764624636611,605.542504460506,423.529463776695,3904.55145718534,9727.612668784717,966.145231000403
GTEX-1117F-2926-SM-F2TXL,0,55175.7178956196,0,88.6042570553266,601.786282565769,433.798781858629,3668.93178668471,9275.831267167834,512.694776106567
GTEX-1117F-3026-SM-EAQ97,0,23034.3721445744,0,62.1573658177378,302.7862921358577,305.867330217209,2963.94847786969,7539.437544816527,869.564072889537
GTEX-1117F-3226-SM-F5B9O,0,42057.6617082998,0,11.5192811430293,84.0657538500961,105.158943296366,1468.99021206376,4295.686029510018,506.198017470011
GTEX-111CU-0126-SM-DEURO,0,19302.7913080858,0,13.7739491345251,29.641555106533012,61.4213224095988,2252.81868484839,3291.085278684771,434.277071776485
GTEX-111CU-0226-SM-F3SZ5,0,11028.3431784479,0,41.8573877111407,242.16096587371266,253.70933149406,2267.29388309465,5756.373347986884,586.791618602026
GTEX-111CU-0326-SM-F1XB2,0,64384.2192614807,0,75.5460989280572,369.01446674647326,402.420527564048,5365.594598614,10582.499419329795,1440.95410401691
GTEX-111CU-0426-SM-EAQBK,0,38109.2493919151,0.643413090895661,154.881209696299,547.7152115210125,1197.01224194812,7614.64647384889,16641.414360788607,2476.62680010879
GTEX-111CU-0526-SM-EAQ78,0,16326.8988084453,0,37.6447428973486,202.33465188266473,66.1812766259996,1476.22821041784,2687.1028403255755,179.464851549811
GTEX-111CU-0626-SM-F2TY2,0,14968.4972738846,0,23.6702031426811,139.991545375038,152.34920701699,1561.27143578298,3592.2098657750194,430.269749510896
GTEX-111CU-0726-SM-EBBGX,0,26617.8051509154,0,69.8593708681198,308.53533245440036,620.926692854705,2538.71018351681,11560.068515082174,1043.75120707505
GTEX-111CU-0826-SM-F4BEH,0,30542.3563363233,0.211766219729724,29.940607310955,139.18678664866508,143.467244271677,1138.84339388737,3270.5795447028313,512.01842082472
GTEX-111CU-0926-SM-E9LPR,0,6224.81279707425,0,14.1733864283278,47.0920811236928,56.4324264693119,2432.75450920196,5380.340642405508,293.062750847379
GTEX-111CU-1026-SM-GEJG9,0,88599.9937056135,0,53.2897684400387,139.50891273129068,172.559726964162,4981.3547805149,10350.981638360281,756.508099262653
GTEX-111CU-1126-SM-F39ZH,0,42521.452391888,0,89.2317079557148,719.8661532921321,364.580581485088,3541.30946776136,11264.703657300422,776.398875837889
GTEX-111CU-1326-SM-F1HYI,0,22884.9710451118,0,26.9318528837544,85.15133306909101,96.099225471781,1388.38693874726,3131.219370688764,488.80566152628
GTEX-111CU-1426-SM-F3SZ6,0,15804.0550047343,0,127.804768801912,307.30592778336626,876.823986151297,4992.94297541029,12085.160239245488,2795.69765824917
GTEX-111CU-1526-SM-EAW56,0,19633.9533208306,0,35.1241437843769,238.16970711531528,114.743488211795,1333.00853843304,2967.934329195162,459.641212652265
GTEX-111CU-1726-SM-EB7E1,0,19568.1057037387,0,161.150437908945,652.934880704265,1004.99981727281,3391.22658435154,10063.88457893857,1142.86503751853
GTEX-111CU-1826-SM-GEJH2,0,83313.2473562668,0,49.0721541867001,138.8719268625022,121.295502278167,3327.5120672707,9833.26429941717,324.902893669309
GTEX-111CU-1926-SM-GJMPY,0,54959.6845161691,0,66.5582123046024,248.340679267191,284.237639957863,4659.8751121662,9433.419408681435,959.025576674246
GTEX-111CU-2026-SM-F2UKO,0,14207.8716852451,0,6.20653717237372,58.79604402593699,132.941562900225,929.480774749856,5120.0951809354065,221.42358942327
GTEX-111CU-2226-SM-G5KDA,0,50297.0928600114,0,300.528841746821,1919.20932874384,590.219422274003,3329.17995965289,11632.004599280946,514.414828026229
GTEX-111FC-0011-R11a-SM-GM82Q,0,15849.8401350358,0,8.89310292522965,36.4569150376387,94.3128361286945,879.824774171976,706.246950087309,236.38063384042
GTEX-111FC-0011-R2a-SM-GM5M5,0,7014.41372344308,0,19.0604185175444,86.2170113705406,168.838426226776,1078.86139752828,2105.343718548699,512.725301466089
GTEX-111FC-0011-R3b-SM-GM3HF,0,4852.33749367053,0,2.59258299858976,20.6812396820662,41.6346598928986,666.722167415476,950.9726274188536,214.360049910759
GTEX-111FC-0011-R6b-SM-GM5M4,0,5912.9892486161,0,5.01972915929794,40.72477086067576,114.252887752469,719.380383960995,1480.1608836441374,331.521510299132
GTEX-111FC-0126-SM-GEI7H,0,77989.5364286913,0,54.1325896595284,180.435478783813,108.127304277916,4063.66292875956,8911.60801242814,388.599540438295
GTEX-111FC-0226-SM-DECQZ,0,45213.0200477956,0,27.2687434849694,101.660105084409,111.61178120237,3238.89931377371,3328.292342773251,439.159305454608
GTEX-111FC-0326-SM-G5R3M,0,12979.3363183065,0,26.465132435271,189.118922699688,235.610415263938,985.732190318032,4229.023283108311,297.618930701487
GTEX-111FC-0426-SM-F5WE3,0,12849.0187030819,0,26.5233745897391,101.69121598122345,76.0195322361429,1486.91247420984,2967.865504584387,278.061947474254
GTEX-111FC-0526-SM-F4I5B,0,56208.5694387772,0,186.931990362505,1089.4626707183852,311.439417416722,2902.23366546809,13480.693975700966,352.473550377198
GTEX-111FC-1026-SM-EVLK3,0,20049.2989813467,0,55.1207719102543,333.00737178111,214.029168883006,3000.04313683696,5571.189854895361,856.233353703917
GTEX-111FC-1226-SM-GL4OA,0,5987.62339881632,0,51.1690916827691,260.054703050692,340.598744310698,2091.89049260387,8746.698589888525,410.171452424532
GTEX-111FC-1326-SM-EVLIF,0,63404.9798222226,0,220.247974493638,1050.47350710673,881.026445215841,12525.7599104129,20151.193713862907,4298.06161737668
GTEX-111FC-1926-SM-EAQ96,0,21437.3658664978,0,127.449842429825,399.9289916562467,796.20774226084,2520.59504695608,7937.296147518566,781.737081242015
GTEX-111FC-2526-SM-F4VQJ,0,75172.7119273122,0,179.074982249967,929.3714449370859,501.371121085535,4557.14617445966,10384.070649308846,884.917709373717
GTEX-111FC-2926-SM-EA5MU,0,7702.99479973417,0,15.7503339163699,61.53082139341962,78.1847127950543,2534.07091626264,5529.173900086793,232.516905366111
GTEX-111FC-3126-SM-GEGRW,0,33566.4583589962,0,52.1908840709207,183.8137077654,120.190298425732,1699.57856391717,5700.782328660491,553.705000784974
GTEX-111VG-0008-SM-EAVLB,0,20580.8951150169,0,979.498247885415,676.2919838478747,1317.45444366392,5884.24623181136,10052.506376753394,2092.64528073503
GTEX-111VG-0326-SM-F34MG,0,15680.2696054136,0,58.5371029464725,280.7181639371549,249.188064924867,3064.72226070525,5545.482397122679,818.124692164057
GTEX-111VG-0726-SM-GADV8,0,44491.4160629239,0,102.431161253451,702.589821173178,421.484628338611,8283.52066509475,11328.885976687943,1211.7059223655
GTEX-111VG-1626-SM-F34MQ,0,63605.8609549117,0,107.70473126035,988.8146536882689,646.385093260572,3306.0867767591,17211.96942553553,1086.61051176294
GTEX-111VG-1926-SM-F1FBW,0,24697.2805605777,0,144.941155311547,494.199525671173,618.348899392868,4231.63535976206,8390.38001331476,1414.40463151494
GTEX-111VG-2226-SM-EUKOP,0,20298.8143568872,0,48.2995244078129,225.7269656533423,127.281453123429,1548.578682032,2988.7214157600474,654.598560944166
GTEX-111VG-2326-SM-DECR5,0,25577.2029051245,0,18.8663213354564,60.922709524786924,78.5427239256764,4385.31375047747,5446.131556959272,585.754043523255
GTEX-111VG-2426-SM-G8KW4,0,43987.2264324111,0,50.1321831642597,274.046521741161,227.682171102494,4229.43122201723,8811.886940089826,509.019749919788
GTEX-111VG-2526-SM-G5R1S,0,53319.8705647196,0,236.843793749881,1781.2047601143754,594.022067822754,3893.66897108172,13734.105572920249,586.969474770106
GTEX-111VG-2626-SM-F4GMM,0,12912.4418930565,0,7.83307158908022,59.8238780658918,123.657305554635,1007.1312295506,5353.880613793246,211.383823605119
GTEX-111YS-0001-SM-GMJZS,0,80.1258162809896,0,615.027048184926,873.1282351816459,1841.12743000554,5275.12690032954,13397.067842865159,1848.93703180822
GTEX-111YS-0006-SM-EUKQ3,0,4305.85806819325,0,3.55914800808672,157.195697829579,2.33565709111769,65220.1506799103,652118.849331079,989.780001692588
GTEX-111YS-0008-SM-EWR45,0,11872.5021085344,0,1190.96716254171,1214.228499974865,1548.75560395777,5441.44244803545,11307.276915850642,1437.43970882717
GTEX-111YS-0126-SM-EVLQQ,0,29868.5855684145,0,34.4463688190009,138.52969719427816,135.229301811759,2662.56670688743,3338.6852534768777,562.528758771094
GTEX-111YS-0326-SM-EUP8G,0,25071.7895676573,0,29.1871987254793,121.40864057233809,392.920303227489,2072.52636779967,6306.431751939799,830.898388367
GTEX-111YS-0426-SM-G5KEX,0,19676.9587512794,0,78.8138392917637,490.614319368529,610.175580104567,1873.56140270062,7197.071824017559,1230.95103649736
GTEX-111YS-0626-SM-F1CL6,0,43137.4711930878,0,63.6324714415337,435.691087870352,373.102945678608,4750.30718394352,8195.709238857504,1428.91909893721
GTEX-111YS-0726-SM-F1HY7,0,26829.1938117694,0,44.6029491197525,239.18389794406548,180.916698317443,2971.26104633594,5665.431460372896,620.840031011967
GTEX-111YS-0826-SM-EUP8F,0,22536.5680715576,0,16.1406812356083,84.47710320741014,150.963551758274,1601.73278878079,3415.2067012935936,573.081329061923
GTEX-111YS-0926-SM-EAYYN,0,33117.3753561789,0,145.226312132379,374.6244026212521,656.594358666074,3466.36504966932,16898.110713325354,2067.7473711428
GTEX-111YS-1026-SM-EUPAY,0,23601.686405273,0,15.5006800192871,93.8602531182579,183.553820459574,1655.12327363739,3808.5702186511344,582.091178757241
GTEX-111YS-1226-SM-EAIMM,0,14658.1848385297,0,57.7557617656866,185.13152842006255,109.158428582004,1274.69082995275,2558.358577196127,173.927744968052
GTEX-111YS-1326-SM-F5WEN,0,47474.8180282216,0,34.9970935652528,137.112214201086,145.894599274089,3450.15531820921,5547.186999111676,395.253106101571
GTEX-111YS-1426-SM-EAL45,0,18461.1578583014,0,136.789173906482,370.267946661527,663.177695508767,5362.83768756141,9059.478011344869,2921.78883119157
GTEX-111YS-1526-SM-F4JB1,0,76366.8603394474,0,125.014519730141,782.838716449525,361.115257130205,3169.09234710598,10434.431344406472,469.960238767167
GTEX-111YS-1626-SM-G5KES,0,18390.9468301492,0,67.4486409493941,678.712096699325,262.922009353008,1582.45117093445,4850.953335286708,461.767263186245
GTEX-111YS-1726-SM-F16BT,0,21596.2015346626,0,22.1204570297675,162.49234271014507,96.482637399302,1243.93132696927,4270.433590845798,398.419064722734
GTEX-111YS-1826-SM-F23PS,0,18091.1069919131,0,25.4930182406116,113.982574332021,99.7316803739383,1402.80195816971,3971.7464297291262,425.590312336242
GTEX-111YS-1926-SM-F4GMJ,0,61453.8214085281,0,132.342731569862,730.9228695714432,324.904567048917,3443.66460854154,5657.996720548355,518.777068896553
GTEX-111YS-2026-SM-DECRA,0,12007.1358935561,0,47.2673019829271,86.04077387407301,377.438425867944,2599.09179913594,5937.298885606325,583.426030085864
GTEX-111YS-2426-SM-GEUYX,0,102628.913542726,0,54.3476854392455,159.358386382122,94.0042614737969,4154.36647659148,6907.4064552581585,481.692959634446
GTEX-1122O-0005-SM-G5KDM,0,1267.23946580355,0,73.5088273026377,1366.2589070659,93.0111448756075,178227.952346291,461920.0600388706,2617.03768887507
GTEX-1122O-0008-SM-EWR1J,0,21283.3908686613,0,1182.79070223235,1817.6068705575813,2443.34927592026,5245.28637325619,8376.416919952695,2235.50378084528
GTEX-1122O-0126-SM-F1BZV,0,49236.9710672714,0,119.631522170037,622.201640820893,526.456289797366,4843.102037569,10498.348946811657,1876.45535157115
GTEX-1122O-0226-SM-EV6UY,0,21980.1952335627,0,55.156091460202,287.44856004297617,288.422519775927,2292.76058871857,5092.74773881946,713.240762766525
GTEX-1122O-0326-SM-EAW6D,0,35056.8280058342,0,59.6428700686786,118.875645352983,201.920537107533,3006.84751074395,5364.882573948609,838.403789246237
GTEX-1122O-0426-SM-F5E1K,0,20273.1731830455,0,19.005469881875,68.4226420181388,93.1506011831638,1591.09055151024,3990.3902044715805,330.795312276241
GTEX-1122O-0726-SM-E9LPF,0,5548.07236270259,0,13.0926797333168,52.0653534399304,26.9542598876381,722.695609200288,1669.3597036339365,62.5291021079918
GTEX-1122O-0826-SM-F5BBP,0,29606.8958301663,0,7.84819914786558,55.0166244808101,163.235167932042,2094.10913915731,8394.140576078238,692.347409485855
GTEX-1122O-0926-SM-GEJFD,0,110963.743297853,0,89.5138519446327,146.274943779504,187.036589443969,3659.72473269411,8210.329645676667,516.219558468901
GTEX-1122O-1026-SM-GIEQQ,0,52192.9260240246,0,37.9710171882907,234.6853359286663,167.164374259643,3455.84588365527,10475.636646971294,620.342790063541
GTEX-1122O-1126-SM-GEGQS,0,37854.5979170008,0,37.8825279703034,123.26630703781237,60.1049874812169,927.250611835834,4795.898318815542,219.10536712914
GTEX-1122O-1226-SM-GEJGT,0,83381.6577419283,0,30.1678848970183,107.568653922457,39.2017713201989,3290.78401837254,7018.79181378461,214.865981382697
GTEX-1122O-1326-SM-EAIOX,0,18695.5161992736,0,140.440477020014,425.84202651567415,575.578385874613,4426.47672861221,8896.00573670017,1842.07756863346
GTEX-1122O-1426-SM-EUKQ7,0,15042.6523122099,0,20.447313413975,113.1537618425559,128.091225102418,1431.54890758917,4669.977093621244,456.574623469002
GTEX-1122O-1526-SM-DECRX,0,12358.3182385526,0,46.2825985173949,87.6433238742309,422.988821357436,4806.40099211029,9856.387492771119,1819.40168970845
GTEX-1122O-1626-SM-F34NM,0,13115.8974119012,0,33.6263994086593,145.86295327176052,198.419842816308,1364.21711986687,3197.334573141474,435.48578085106
GTEX-1122O-1726-SM-EAYWM,0,32854.5060196229,0,46.9590567885961,282.125449108192,309.858089269597,2928.36526555816,15060.95364304944,1857.65274705371
GTEX-1122O-1826-SM-F414Y,0,26507.9512686987,0,17.9402207603616,134.078502929027,102.398163787688,1331.98726526639,4454.312451768689,300.585154495886
GTEX-1122O-2026-SM-GH6VD,0,54715.1821571726,0,36.3295688202229,121.089827842771,72.4734785848132,3331.02220612082,7157.57145031825,363.253084768105
GTEX-1122O-2326-SM-GJMQC,0,5413.29848060749,0,24.9126479589507,154.0123106349427,182.484142784043,1639.68143034465,3312.86269976273,538.260388181138
GTEX-1122O-2426-SM-F1RQR,0,14541.4066945253,0,11.6421251571217,57.8706765070603,112.881257930526,1115.27456469693,6126.066069805646,203.482320801274
GTEX-1128S-0008-SM-EWDYL,0,14952.6769580455,0,689.648687444597,961.2669453614908,1186.74947624014,4237.00940843197,6090.124819644356,1346.9790117043
GTEX-1128S-0126-SM-EVR8B,0,20415.8289648755,0,94.8391506319783,464.899448791132,293.843580536442,2606.60741715374,6428.994603035406,851.970116340873
GTEX-1128S-0326-SM-GH6HV,0,30055.4626835875,0,35.4009184516769,174.659634857911,103.8400144727,1175.04787541384,3979.56627154373,332.760049986041
GTEX-1128S-0726-SM-EUKOO,0,33708.8145014252,0,114.027138786798,505.4140185433262,636.832203945656,7896.55709462561,11307.698157113136,2583.03137094518
GTEX-1128S-0826-SM-EAQ9H,0,12279.1532329031,0,22.7891422515791,131.6913739630903,49.3096737237954,865.51995116495,1821.9240384264544,151.940468283303
GTEX-1128S-0926-SM-F41E2,0,49776.0788287717,0,97.0278493273389,328.907939896717,269.669925213148,3431.80419855048,6820.657350104673,957.088773233053
GTEX-1128S-2326-SM-F4VSI,0,86655.1164069993,0,58.2480302301688,588.4768693796543,349.711517357581,3742.77320396926,11246.95594366838,704.582394288403
GTEX-1128S-2426-SM-F55PL,0,33068.3719312478,0,7.22109878355637,19.832859591121,74.2931038580332,1411.60446330396,5026.340866755852,195.627014562258
GTEX-1128S-2626-SM-EUKQZ,0,26497.9175884358,0,48.9999900689649,226.9556480775958,197.97241531045,2105.94598047829,4686.118036956312,567.347405407642
GTEX-1128S-2726-SM-F1ROV,0,25314.3675710371,0,9.80872693142277,37.0900074698915,70.1015828265934,837.084081168383,2454.857492841227,554.495145491205
GTEX-1128S-2826-SM-EAQ77,0,23769.085266872,0,10.0924136900243,56.923609051258346,74.8142820068852,1266.27215107835,1590.5316518357654,391.460515582919
GTEX-113IC-0006-SM-GEGRV,0,4454.30727593738,1.38262299809533,2.07567242817934,100.088984827337,16.6544480912621,60782.8103009962,623957.7106605566,669.471978480028
GTEX-113IC-0008-SM-EXHWT,0,16714.8359485821,0,803.78027838468,1200.80655937328,1382.8623934339,3060.21534111307,6186.340641352721,1011.57228270147
GTEX-113IC-0126-SM-F5WER,0,67287.5968607314,0,45.3060886117218,179.433599094476,125.703161547428,2950.03974905817,5290.810960043073,341.827095349321
GTEX-113IC-0226-SM-DEUSE,0,31923.9231464528,0,15.8899820368332,50.829145789223,44.4516997532483,3801.96862502418,3588.900065205129,408.937995774225
GTEX-113IC-0426-SM-F51EU,0,4510.60600726286,0,56.9596057208607,189.860162353393,151.84289194633,1458.82266738844,4045.044508948652,260.544539022802
GTEX-113IC-0526-SM-G5KDH,0,35947.167781015,0,74.795582899018,467.941672890982,274.266934481334,3789.30732410132,8116.288328286975,519.049829402243
GTEX-113JC-0006-SM-EA5OA,0,25558.0593848183,0,1.02250840373431,16.8638447622838,15.4860247591112,84732.5788584873,580490.3016361874,3881.2937619794
GTEX-113JC-0008-SM-EZHCO,0,29053.236516251,0,409.113463559703,617.8640015120179,744.585335502942,3356.93910992931,7102.568143244243,1096.47230324303
GTEX-113JC-0126-SM-F27BF,0,20888.5372643598,0,127.462458499285,461.7582631543294,346.297133750386,4674.46630164501,8434.334696981019,1000.38098762582
GTEX-113JC-0726-SM-GEUZE,0,70079.34704872,0,68.5984235472573,126.308786504101,169.66395878427,7782.46194797571,14367.78036159521,805.182364905653
GTEX-113JC-0926-SM-EVLSD,0,13884.4428120388,0,14.2717443246308,83.7902183786452,98.0721179876693,776.831247591932,2148.0448062963633,480.786323955228
GTEX-113JC-1926-SM-EUKK3,0,26001.7448371346,0,52.4458382380609,255.16374618322948,264.618880616965,2547.46933755604,7495.772254321793,580.695895182142
GTEX-113JC-2226-SM-F1C1D,0,24353.4206808124,0,83.4761540105878,556.1704409933491,251.55422215005,1731.10023435477,5774.616136442196,519.421773321887
GTEX-113JC-2326-SM-GB1WW,0,45842.6978344943,0,118.044820542686,611.28194196032,326.303138147401,4754.01026119116,13251.81117147518,728.580663336298
GTEX-113JC-2726-SM-DEUQ3,0,14190.8243202346,0,10.7350205647852,21.394816977651,45.6802708484726,1714.92100290158,5406.774548996096,240.176425630779
GTEX-113JC-2826-SM-E9LPS,0,5098.11071980953,0,11.6035044586566,58.29514425316053,29.4836813548217,2046.97828766042,2894.537442304817,143.36929556056
GTEX-117XS-0005-SM-EAVNO,0,60076.6765458358,0,0,76.97830685649413,7.20085033844141,28653.5685801172,251641.426990456,4715.59111678946
GTEX-117XS-0011-R11b-SM-GLFUX,0,14164.9614511807,0,7.78295531544317,37.8355672038652,41.1847271430751,1006.65080534944,619.714023398923,183.751178702371
GTEX-117XS-0011-R1b-SM-GM5R8,0,13537.3891629885,0,13.332654260886,153.02917275215106,126.958067318622,624.855635804902,1025.99211647931,400.146628315821
GTEX-117XS-0011-R4b-SM-GM3HI,0,5575.29561144545,0,11.5264541907152,57.294934552742525,100.017581750152,747.290710233749,1719.28413825047,353.385908923085
GTEX-117XS-0011-R5b-SM-GM3HH,0,5727.85879859851,0,2.16565372872592,33.643707496422415,96.3043506848206,735.378573434918,2136.9345072825517,276.681377195378
GTEX-117XS-0426-SM-F5BAU,0,20737.5627800398,0,37.8388551182102,217.00518849662132,73.3003066270762,767.028689531571,3692.012415734537,198.013208991817
GTEX-117XS-0526-SM-F1X8A,0,26996.1446513809,0,101.92349241622,447.80056319743875,322.947655579731,3574.73178983314,9941.2915657961,693.911569450446
GTEX-117XS-0726-SM-F1HZP,0,22352.8016115172,0,56.333467576392,199.986847075221,270.430904800382,2044.45401974544,5725.660127329704,771.833533672392
GTEX-117XS-1926-SM-GEV1Q,0,68195.1291087259,0,38.8546127198724,95.90976359913,118.835858846589,2986.48208697793,6409.053835624349,393.10270370051
GTEX-117XS-2026-SM-F1C1I,0,24586.0916732233,0,180.205637350021,555.8648315934593,666.504541147424,3529.22242598426,9239.830229988282,957.985161025816
GTEX-117XS-2226-SM-F414Q,0,15415.5045046383,0,30.5924689151204,181.74972508624367,89.1929890380325,1168.82423437467,3027.7436843922355,428.349874287685
GTEX-117XS-2726-SM-GEIZO,0,90127.3885065336,0,60.262537664485,192.816310740982,197.670250154785,4895.96890422171,17978.252208830716,583.266601343791
GTEX-117XS-2926-SM-EAYWD,0,16651.0759641501,0,33.9948564326432,192.945551297705,48.8651791749948,2301.3515803523,3732.7893941280527,356.976165976025
GTEX-117XS-3026-SM-F51O8,0,13925.614944762,0,6.9833437139685,24.7229050085526,72.585867083351,861.586337991858,2059.8627602159513,396.585896879259
GTEX-117XS-3126-SM-F1C1J,0,41056.0512464783,0,12.8935166324864,61.5378114588954,44.6398261722778,1335.42078536985,1619.2767609114321,376.023339835958
GTEX-117YW-0005-SM-EB7JG,0,42416.0648963196,0,1.12402487419622,105.226984929706,54.8715460709286,68455.2219884918,482036.92378703685,11635.0514372641
GTEX-117YW-0008-SM-EX46H,0,21567.2022677177,0,1587.43269362709,1337.4244869118386,1307.37998019926,3454.48440486062,7106.068119393407,1406.04966116573
GTEX-117YW-0126-SM-F5E1Z,0,25588.7444943749,0,50.4425393690265,255.088417775036,218.633943801645,5438.68785024708,9809.94153912029,654.470547344999
GTEX-117YW-0226-SM-DECR7,0,30671.9506751567,0,16.239459842563,38.3704586129661,64.9684363087095,2966.07698420098,5647.7799795674955,418.003507650446
GTEX-117YW-0326-SM-F23QN,0,20616.7800447094,0,72.83108438732,105.41482354776228,156.517692900471,1725.69756578526,5291.8301759821825,573.918929086371
GTEX-117YW-0426-SM-F4GOS,0,33884.1870975747,0,87.1949195386604,442.08685012515286,276.304316010913,2743.7014930658,6058.715928712779,892.33054590335
GTEX-117YW-0526-SM-EUJFZ,0,40220.3584499533,0,160.747146907673,724.0246904659448,414.917138950923,4911.37554197644,8488.077021057676,1230.1332180881
GTEX-117YW-1426-SM-F4JCR,0,18447.2774329367,0,61.8228442824066,412.9920783925144,131.252895732338,1305.76937192207,3338.2701886998157,380.763361277707
GTEX-117YW-1826-SM-F55PE,0,19626.7362908133,0,94.787654751415,168.13912743697568,404.40500055364,3550.95352534184,8466.153843053087,1351.22892523278
GTEX-117YW-1926-SM-EV6US,0,31121.1024463408,0,69.6525962942441,356.469004688212,593.18543961584,3387.97506708511,9749.769204137623,1675.75458059015
GTEX-117YW-2026-SM-EZKRR,0,6617.25144570498,0,6.80503102481605,26.3744425406326,32.3396398298777,993.559778922108,1224.41593901211,255.040476001683
GTEX-117YW-2226-SM-EBBA2,0,13616.4909236482,0,30.6159503760068,182.05713346621593,126.84557687283,2787.66398501947,6032.789267630909,465.3152314588
GTEX-117YW-2426-SM-GB1V3,0,10263.7708479529,0,9.83725275586356,59.1168986000222,45.4530930779037,1307.16809672696,3385.0266722454617,162.91706330134
GTEX-117YW-2726-SM-F5WRO,0,23093.8257501933,0,19.834834482946,149.456008174027,108.664300971505,2020.7216704028,4749.529585816441,296.673672951586
GTEX-117YW-2826-SM-EB7GB,0,10407.8605740358,0,30.5407608554485,240.636755445349,96.0810401624505,2524.66294477262,4317.978034252853,430.468761708704
GTEX-117YW-2926-SM-GJMQY,0,22670.61687616,0,21.3133214770883,153.87180405223938,101.334640319439,1569.15158427394,4093.2141237996,570.269543877292
GTEX-117YX-0126-SM-EAQ9O,0,36833.8153445313,0,59.8803054389823,176.101589727068,247.98422573322,4528.1465709801,6993.376128459322,988.350377396729
GTEX-117YX-0226-SM-EAYWF,0,20971.3310304145,0,67.1084063342113,282.5543687182793,62.2177301525785,2038.62974559891,3909.2019487668576,274.109459016554
GTEX-117YX-0326-SM-F16BS,0,15597.5052342134,0,11.5529909063523,33.9013313300065,47.7282388782512,1475.40184531899,3020.5096730644,253.633357050612
GTEX-117YX-0526-SM-F2TZM,0,15618.7233319129,0,33.4670976821812,204.0051364117767,142.260270604375,1339.59712667385,3887.6933988474802,373.03960855506
GTEX-117YX-0626-SM-F3IRE,0,27594.5485376213,0,34.3300616293704,160.251034167135,248.841635990084,2389.70266402507,5901.730082036248,848.068730354688
GTEX-117YX-0726-SM-EAIOO,0,42417.0625446069,0,90.5233231463125,388.92695919514813,426.703898714985,3555.81579843498,9352.032230654153,1042.51074013652
GTEX-117YX-0826-SM-F1XC3,0,33158.396777349,0,19.1817579945197,94.10122454420659,141.454492582782,2145.76731217342,6600.268548820211,563.767225540413
GTEX-117YX-1026-SM-EB7JP,0,20229.8293340815,0,79.7417944391686,300.0479758272504,360.975767581453,3448.63973036661,7143.965753758459,1255.97555758677
GTEX-117YX-1126-SM-DECQA,0,15425.3299243577,0,5.19458417952637,52.0686807365321,241.483864636638,2238.80900978264,6050.485669024119,705.324458940225
GTEX-117YX-1226-SM-F5WRQ,0,29627.0375543738,0,91.089083929784,335.2858505202183,313.883335802653,2666.62052633807,6237.174309018948,539.765566423302
GTEX-117YX-1326-SM-F3JKO,0,39644.1984366036,0,83.0971979837458,369.097687361755,252.592220725699,4339.91301862134,9458.813931504395,867.557434363519
GTEX-117YX-1426-SM-F3IRU,0,32541.967059634,0,37.9419575940386,263.007330770551,239.61777258463,3075.27035967523,5970.302584288308,628.090436044258
GTEX-117YX-1526-SM-EAW6P,0,24427.7971269346,1.47468113820592,47.8698858449319,353.153561358023,152.5847039477,1701.67797421516,4761.152811857213,523.595631784967
GTEX-117YX-1626-SM-EBBH4,0,23428.6018516217,0,102.823158397586,384.1348875784814,528.900597525934,2931.83896236714,12349.78052744645,973.10753487
GTEX-117YX-1826-SM-EUPBL,0,16019.4430892727,0,42.8773176055497,168.8896073443484,196.024296639244,1429.55927970349,3317.7602877177505,493.83081206274
GTEX-117YX-1926-SM-GEGUT,0,77866.0441298578,0,47.8239392355029,204.6548506476855,115.064199160592,3868.41148057688,9903.006566882977,432.96923271019
GTEX-117YX-2026-SM-EUKKU,0,34048.7562212458,0,150.989586285215,417.676547009325,548.63740866155,2134.50889030665,10051.419404258942,613.413619434468
GTEX-117YX-2326-SM-F113R,0,24408.2780971063,0,27.2196391440328,166.249983513049,76.1834121752736,3200.0352089902,8438.292017795175,325.404449922178
GTEX-117YX-2426-SM-F5WQ4,0,52106.756028895,0,81.6951028816254,313.9434818944423,172.366086266739,3616.62758055822,9195.905623669092,312.853918130989
GTEX-117YX-2526-SM-G5R59,0,24919.2734849665,0,79.481283244425,476.925080397063,288.356728857424,1045.52418688549,6490.0347688055845,338.171313504714
GTEX-117YX-2626-SM-F51EO,0,23698.0553576854,0,21.7648874429722,81.94866337214415,76.1851983699976,1437.28841315593,3301.4829756090558,267.315342268713
GTEX-1192W-0005-SM-EBB9I,0,33501.9337006305,0,2.2758220412579,50.40754267910208,36.646543269716,59326.5059951705,572107.5535574441,4334.06755707481
GTEX-1192W-0008-SM-EXCRC,0,23298.4674537339,0,2420.98478592715,1614.632940037241,2955.97346779641,4559.11677209728,9124.856872044027,1993.63863938283
GTEX-1192W-0011-R3a-SM-GM3HG,0,5182.52332196659,0,3.5047368132994,26.617701645531874,64.6801895017926,446.534232440126,637.8871456516022,226.855738966311
GTEX-1192W-0011-R7a-SM-GM3E5,0,11688.1196261045,0,19.5815221964762,85.3633680099791,191.917685465309,1313.68006135846,2693.826938621646,610.070377171438
GTEX-1192W-0126-SM-F1CMC,0,20237.8471871634,0,146.439310346381,847.2450833733301,465.370900521268,4351.17809543614,9663.308374799142,1503.92257607109
GTEX-1192W-0226-SM-F4VQQ,0,34377.148534813,0,81.5778613554272,371.6628079447729,285.530156876428,2714.03182578327,6263.778216938926,801.037338372442
GTEX-1192W-2626-SM-GAT6F,0,89641.3104910413,0,136.31951987811,311.285476169709,164.985910875437,5525.35611005117,15667.115254392687,480.143491004202
GTEX-1192W-3026-SM-E9MGZ,0,3889.4788275378,0,9.50553062694214,56.80964073909996,19.3661370962178,1429.24908013394,2580.057563553225,127.25416036085
GTEX-1192X-0005-SM-E9MI9,0,4909.30552366208,0,3.3700097492747,39.9106049754994,18.7836996643123,106876.489245683,497907.85408508417,2107.99481169997
GTEX-1192X-0011-R10a-SM-GKGNL,0,7941.48400382024,0,7.24678239524502,58.96020771043694,74.7145653777563,534.130674631334,1028.696825894443,246.04730740843
GTEX-1192X-0011-R5a-SM-GKGNN,0,10439.9492198563,0,16.8653588525535,102.86550931225,157.856061772122,745.85767178572,1890.79742360214,370.300502889012
GTEX-1192X-0011-R6a-SM-GHHON,0,10416.9468056417,0,7.7705360311139,43.6475079472166,123.529550390334,625.972354847026,1767.60062051004,333.746002868496
GTEX-1192X-0011-R8b-SM-GH6HL,0,7210.65930946441,0.514750286974432,12.5476439687643,71.8781075931494,99.8507491594176,733.800633290381,1508.4708402081205,271.506653895748
GTEX-1192X-0011-R9b-SM-GI2S8,0,18752.7353950148,0,29.0757663303855,84.9038640327322,189.334567266378,1534.7717123249,2964.338133491144,504.2179376164
GTEX-1192X-0226-SM-EUP8U,0,43591.8881107132,0,110.606927536088,764.292802468164,385.438029766871,3696.74108067589,9590.834165290305,632.456690711924
GTEX-1192X-0426-SM-GEJHH,0,20372.5735522231,0,10.1545531919229,22.5009815248618,31.5866250473271,942.796262130403,4382.358852829018,79.9758601999699
GTEX-1192X-0726-SM-F51NF,0,26673.9355047128,0,60.2136645412679,179.349438142414,153.720463146623,2610.54500538861,6688.82736026678,484.215040204262
GTEX-1192X-1026-SM-GLDRX,0,21671.8576828836,0,158.904395022965,816.706275668418,507.610433655017,5016.87191143089,5551.122639988611,1260.04684086528
GTEX-1192X-1126-SM-F1XAJ,0,25944.2387296006,0,113.81434641001,510.559012380034,339.784641373808,4541.86764292296,8819.624905034983,899.697747059894
GTEX-1192X-1526-SM-F3JBU,0,34901.1348722472,0,58.9632868461788,323.919732032523,188.681983324903,3597.90654618168,5849.87826221971,802.150124675226
GTEX-1192X-2526-SM-EUP7E,0,23879.9631982539,0,130.430704369449,375.348899451593,298.970122569931,2659.83020064736,3858.158826624339,1116.48998681605
GTEX-1192X-2726-SM-F3JID,0,32417.0751651023,0,54.1182851642419,442.0428948093719,268.440986965424,2647.62284052401,7415.91370306288,630.20184322547
GTEX-1192X-2926-SM-EUKON,0,33306.8592678014,0,95.9148930644731,403.62473184094773,531.869786222603,3581.46347033579,12260.904383311596,1166.22502231611
GTEX-1192X-3026-SM-EAYWC,0,17715.5492773392,0,43.7879147192286,189.228795966061,71.9890785350259,1775.6325267089,2591.4808595695968,354.0590176148
GTEX-1192X-3226-SM-EAYX9,0,29000.3833339391,0,8.13842814900022,32.5835416072202,44.0547659355238,1334.87487928218,1051.54550439515,376.933645056836
GTEX-11DXW-0006-SM-EB7E5,0,22823.1414247726,0,13.3504176923758,107.037833320592,19.9387898689583,76732.7041038506,415507.08744657855,3704.93253368258
GTEX-11DXW-0011-R11b-SM-GM82P,0,18329.3287392613,0,7.90043009836542,38.374019440628686,79.35789459425,921.002580957893,806.4915488182155,237.637469868771
GTEX-11DXW-0011-R3b-SM-GIRBK,0,11799.7773838513,0,7.87832390592589,71.98685095383732,67.1027083191476,603.764421761989,1049.55833496779,298.022840462487
GTEX-11DXW-0011-R5b-SM-GM3DY,0,10180.0841888949,0,13.457484550492,115.85260899683247,243.946701688548,866.786105200647,2035.6600664567445,596.968304380997
GTEX-11DXW-0011-R6a-SM-GM3E1,0,12651.3491941008,0,21.2293622411703,157.5757501351947,266.833871812346,1130.54523055338,2302.481600337589,708.521904744538
GTEX-11DXW-0326-SM-DECQG,0,31488.4678851656,0,19.8505117406499,72.2049644033142,55.9087303732756,2423.49414975303,4498.664901678492,265.541836514202
GTEX-11DXW-0426-SM-F5DZF,0,44874.8370152447,0,49.3858175614484,160.287296104987,127.85657613838,3229.22561385473,10797.799968895059,259.388658246926
GTEX-11DXW-0526-SM-F3JBV,0,9433.9463590222,0,24.3602915069428,161.429909070196,132.751623763922,1140.47186478421,3296.4533081950167,380.919311174369
GTEX-11DXW-0626-SM-F1X81,0,46100.7754967491,0,62.3790449624313,366.581021690619,184.527582130929,2377.2830231871,4561.97515832936,450.820788312674
GTEX-11DXW-0726-SM-DEUSB,0,9762.61779715466,0,5.5176384308059,13.4557467921691,92.4134350719999,1500.52677923556,3743.827490189836,155.398502588311
GTEX-11DXW-0826-SM-EZKS2,0,30175.1417789416,0,16.4038633604717,83.2656508024495,59.0897016785534,3238.54134074662,7487.555977318523,441.128884466304
GTEX-11DXW-1026-SM-EB7JM,0,18906.0051723575,0,10.6618367491216,57.30548278693453,65.052315266174,1287.18207731597,1134.3352068266,317.751000758582
GTEX-11DXW-1126-SM-F3JKN,0,19381.5864759359,0,8.36814016941346,52.5134950635487,54.6377220376653,867.223506577327,2815.25493709315,610.260856949811
GTEX-11DXW-1226-SM-EB7JN,0,8744.54382383861,0,27.1008384333811,165.98927553678,79.0569647869889,1811.02530260135,3354.452664389316,396.616103826269
GTEX-11DXX-0126-SM-EAQ9P,0,22249.9093340145,0,26.3285999479686,131.54692598241212,144.970310591646,2784.29421708351,4602.756485723297,514.079184874977
GTEX-11DXX-0326-SM-F113O,0,13332.2738069933,0,8.41719226293455,22.4211158203489,101.306876560274,2758.73057124896,12967.958645661718,1064.52201681314
GTEX-11DXX-0426-SM-GADUJ,0,31024.7604046949,0,53.5599574669975,337.377688473372,233.437318855398,1558.51665933565,4438.506463982833,426.857141796013
GTEX-11DXX-0526-SM-EZKR5,0,28991.3222798287,0,33.5192595501407,112.3505805475359,448.413302683932,2311.80571503649,8118.568774461788,907.292253818375
GTEX-11DXX-0726-SM-EAW6C,0,44970.4827729234,0,84.0821856079845,402.853788724794,347.226118600668,5287.83336448508,9510.103636872318,1410.07107066332
GTEX-11DXX-0826-SM-GEGS3,0,61898.6649493269,0,32.7819249465078,180.366835827703,75.3699443538148,2104.73043983684,7920.861321051685,265.465235734306
GTEX-11DXX-0926-SM-EB7JA,0,11659.5376968569,0,26.6567587331618,115.36765235263883,46.9871943361067,1196.86222724332,1765.739493368083,114.0329264469
GTEX-11DXX-1026-SM-F2TZ6,0,12041.3879563246,0,37.8665586693555,178.749024335015,171.680548085645,2911.42005295052,4040.75742411709,750.398044604938
GTEX-11DXX-1226-SM-F1KEL,0,29520.3545288138,0,26.2908521238599,98.3129683197458,152.089063530251,1838.30119101558,4064.6631084482988,470.553112500878
GTEX-11DXX-1326-SM-F1XBL,0,27144.4395619445,0,83.2808002025626,240.918996124478,248.041145456944,3893.00312437842,7543.359900847234,1111.39461479439
GTEX-11DXX-1426-SM-F55OY,0,47134.5890690234,0,35.8350665352783,192.68756487628735,46.0018306212982,2138.57234913986,10204.711943863509,104.030272507761
GTEX-11DXX-1626-SM-EVR7O,0,17873.1948763838,0,110.480846340352,625.309918154235,820.295249179378,4251.41206918873,11725.542918411411,1810.44621510742
GTEX-11DXX-1826-SM-DEUSI,0,10701.2041935714,0,57.7459327457915,111.123759718075,416.224505722159,4606.200352156,8073.554991326093,1721.77974528329
GTEX-11DXX-1926-SM-F55GR,0,15220.1241570485,0,14.8734452856308,56.61436078923984,44.6139869905408,1558.12210235385,4397.322669446521,196.750278002834
GTEX-11DXX-2026-SM-F55GS,0,25972.0719472782,0,30.1647989388576,178.39693454308724,170.409958775411,1699.77325020499,3520.1755990812744,427.294358757571
GTEX-11DXX-2126-SM-F5BB5,0,41759.0075179001,0,57.2069124803008,364.39048901121964,301.607440302134,3170.2008418308,10182.616801450902,465.17855600115
GTEX-11DXX-2326-SM-GAT6D,0,69206.508520186,0,62.3106623535437,266.983079866956,143.876243702932,3257.75256286106,9917.496941137353,370.870969670514
GTEX-11DXX-2426-SM-F2TZ5,0,34870.5437266465,0,58.8725321910878,669.143293810164,301.472843922428,3584.38013759389,9862.732842515972,626.854953709699
GTEX-11DXX-2526-SM-G5R67,0,20678.9501981773,0,36.941086678484,192.600429929629,154.512475140814,4244.40314545263,10165.729114970833,295.454948860445
GTEX-11DXX-2626-SM-GEGR5,0,29875.4061379034,0,22.5595433629601,84.05104491251541,132.963425041214,1764.18729042081,5872.547582115834,466.14687078827
GTEX-11DXY-0006-SM-EBMIJ,0,19394.4970374049,0,7.57063107029017,57.2144094101936,7.85337613792319,46377.0794362916,644274.3327898937,3637.11198792955
GTEX-11DXY-0008-SM-EXOPF,0,31566.1386313766,0,871.324243400669,699.2951874125417,1031.86336575005,2678.03546965853,7872.1386954587615,765.711150424679
GTEX-11DXY-0011-R10b-SM-GHHOR,0,7811.12338402668,0,7.49171818611751,17.897198103424,69.425725891953,707.066377158911,1394.83782901134,324.884515465097
GTEX-11DXY-0011-R11a-SM-GLPT8,0,17571.1401918152,0,12.1682642347963,100.413329347946,114.569175891488,1037.49807138404,855.954416681492,233.412879446911
GTEX-11DXY-0011-R5b-SM-GHHOO,0,6603.37500145051,0,14.7076456710265,82.484874479079,94.3052856075862,908.045938238565,2322.2754871635607,266.148381106293
GTEX-11DXY-0011-R6a-SM-GM3DW,0,6413.14108567439,0,9.31979634860027,60.205699172853,120.070270593593,593.805818514668,1366.533086784227,291.511983376633
GTEX-11DXY-0011-R7a-SM-GM3DZ,0,8954.89659736959,0,20.5005799419396,105.30967957766464,215.4780231985,993.814433468673,2425.6149639442956,495.317682901236
GTEX-11DXY-0126-SM-F4JD2,0,69738.9131208491,0,136.821646338507,724.282576147661,440.499798934773,3221.1788751228,13394.334929847759,528.497816020207
GTEX-11DXY-0226-SM-EB7GE,0,21233.1080152397,0,77.0086304392774,312.1566027662917,326.314238863289,2256.57184994869,9890.848641221277,340.098165718752
GTEX-11DXY-0326-SM-EAIOY,0,27631.595069962,0,86.7207389633288,351.22027094721585,288.120043035759,3596.78698874888,7436.44765335935,1016.36259570352
GTEX-11DXY-0426-SM-EUKLQ,0,24372.5521983572,2.22230358300066,87.3986625348955,345.126510944547,210.633438020375,2509.13424613518,6938.56475881092,602.742917129948
GTEX-11DXY-0526-SM-EAQ9I,0,9679.35580429217,0,112.757229756982,340.4124148407912,715.261920744078,2875.19752152899,16953.922561846208,902.015053147362
GTEX-11DXY-0826-SM-F39ZF,0,13573.7123844254,0,72.3267207737983,327.79320350584464,455.544247789612,2560.35659951123,8866.201910361637,1248.11049613567
GTEX-11DXY-1026-SM-F4VRC,0,26245.4164344637,0,103.493167713553,444.11318197339233,443.344698559837,2855.40287050344,6746.454311335592,1034.15320428115
GTEX-11DXY-1326-SM-EUKPE,0,18089.9351601441,0,18.6020942446203,123.76096334719946,131.940149705306,1372.73087816736,3802.0150098000577,457.851140674106
GTEX-11DXY-1426-SM-DECRI,0,20312.0456549078,0,28.5872154409049,104.51054560109054,319.48638155917,3706.19941668486,12450.153770685185,777.943130509472
GTEX-11DXY-1626-SM-EAW6Q,0,38726.6934539626,0,99.6477100835667,254.3364568012705,201.557975478326,4535.89565997768,12982.450119979636,1026.95958021152
GTEX-11DXY-2026-SM-F34M5,0,13270.607956924,0,34.6971790450543,222.117856908512,143.85300892609,803.027968047022,2762.871883100832,336.236320690656
GTEX-11DXY-2326-SM-F5WQU,0,34982.8922540875,0,34.175282471969,99.65855885254899,102.517438578174,3329.80940122681,5223.048262698421,422.529075589235
GTEX-11DXY-2626-SM-F55HI,0,54297.7928810634,0,53.6983638041758,368.50922030210495,217.421340552536,3685.45409090048,12003.750485424684,424.272895432722
GTEX-11DXY-3026-SM-EA5NP,0,5493.70419765333,0,9.54439586599451,44.9925829405011,23.4485076547299,1857.18093926792,3341.65811960146,158.337317527555
GTEX-11DXZ-0006-SM-EUPAH,0,7160.62559350105,0,6.54625153904779,54.7369357587724,66.1264152763909,32889.960241013,473030.5631467496,596.209579967243
GTEX-11DXZ-0126-SM-EAIMN,0,13089.8048801879,0,111.878651318288,368.6224098091842,484.846446162083,2531.7539950302,12562.303079442892,866.254742910687
GTEX-11DXZ-0326-SM-F4BEG,0,30274.1364872061,0,58.6093759984457,220.516268486838,283.207007329114,1789.16174715279,6454.172226890923,621.496547896996
GTEX-11DXZ-0426-SM-DECRW,0,18392.0766513158,0,12.2190618903254,43.0684249455782,34.8833881844732,646.457586710962,1951.902332564974,207.094697919566
GTEX-11DXZ-0526-SM-G5KDW,0,23002.1894799749,0,126.912894514638,834.3249077192693,413.611671496456,1743.90690585627,4828.724615140011,698.185932445981
GTEX-11DXZ-0626-SM-GEVKQ,0,16092.6460899931,0,6.84321053553971,28.9881258490959,227.215003049251,1782.05690473132,7047.92657750139,716.29025987971
GTEX-11DXZ-0826-SM-GL4L4,0,9729.56196411957,0,55.7971423860112,352.4482754284302,192.650778815613,883.84718580231,2158.1224962951937,217.216323403663
GTEX-11DXZ-0926-SM-F16CP,0,14584.6574010982,0,74.3931221722197,392.340479554664,255.072229928974,2358.03359257362,6379.61294966576,490.633609782663
GTEX-11DXZ-1026-SM-F1X7G,0,18385.8702379012,0,35.0230193656077,118.09389345295564,123.887012172291,1380.41377878728,3364.9433478366855,400.318172245153
GTEX-11DXZ-1226-SM-EBBAP,0,30545.7164382676,0,53.1691069179219,330.2015278894032,621.967664781586,3984.192945758,18019.159089880828,1494.46889821159
GTEX-11DXZ-1326-SM-EA5OK,0,10303.6120308413,0,23.4382250826646,87.360546299867,219.616488347846,8888.27963362009,23344.97355182893,2168.895552762
GTEX-11DXZ-1426-SM-F3JBT,0,40167.5546257159,0,43.9886181281125,308.0137390207357,184.605304948282,3050.11840915351,5456.219914371607,747.11759886577
GTEX-11DXZ-1626-SM-F2ULH,0,8467.10921848893,0,25.4914530978348,177.68346076171963,121.72988755758,1152.5998137743,3041.953050935069,368.880667442976
GTEX-11DXZ-1826-SM-F3JBS,0,7713.59660441919,0,25.6579114356479,129.603142667967,70.5508045775912,968.816079676648,2804.0186590875237,354.144315638947
GTEX-11DXZ-1926-SM-F3A2A,0,44565.1753815988,0,70.1188983070523,374.894908830846,252.443610786457,2916.21535708401,5549.035314295597,577.443836788869
GTEX-11DXZ-2026-SM-F55OF,0,79045.8758442786,0,71.8210826823485,375.36839444579,272.671866035842,3681.26124437295,13563.402138944886,465.815373045985
GTEX-11DXZ-2126-SM-GEGPY,0,24714.181263682,0,135.484537950722,289.95307517889717,482.04513380559,3341.91252969291,12229.441998571303,949.069438475372
GTEX-11DXZ-2426-SM-F4BDZ,0,7316.22302617839,0,5.71035712764552,31.4320571580742,88.6567359864451,665.928179967707,3116.7562717086325,113.178329182762
GTEX-11DXZ-2526-SM-GAMWV,0,36068.0049348518,0,97.3902735864528,399.717232540832,179.530913569839,3411.13500552567,9918.253922650954,322.158646176093
GTEX-11DXZ-2626-SM-F4JBQ,0,39185.292290533,0,47.8654041443719,248.29540949396522,154.405469099209,1127.63685129731,5126.61566951964,321.368444251453
GTEX-11DYG-0006-SM-EUPB5,0,82885.4215266392,0,0,0,57.3179998218157,64356.9062111468,350325.562596494,14175.0839975208
GTEX-11DYG-0008-SM-EXKTQ,0,32898.253359708,0,730.456951408661,569.0497032291248,698.3489412547,2508.28229186784,7321.6093849247145,635.038067958938
GTEX-11DYG-0011-R10b-SM-GM5R6,0,18954.9472974369,0,21.0337312100698,256.41565449945296,272.767557244823,962.47734082659,1820.1938485458222,737.583723951415
GTEX-11DYG-0011-R11a-SM-GJE5H,0,15464.1559158529,0,13.2524260179733,71.5690972777746,108.348503914614,1028.59227537804,991.4779738581392,303.60713618928
GTEX-11DYG-0011-R4b-SM-GM5O6,0,7496.87322854867,0,6.06063805828486,46.69668830310276,85.80411973119,914.42263492052,1521.34466674239,512.104405943906
GTEX-11DYG-0011-R8a-SM-GI2O9,0,14389.0590058596,0,12.2302602553246,63.55325739013945,187.546765788272,939.837506163708,1921.5687651386038,627.770415275522
GTEX-11DYG-0126-SM-F5E1M,0,80105.5094653044,0,52.7086061968888,370.4049991166395,297.694458355444,3584.78559818016,11160.969146458461,470.762299723204
GTEX-11DYG-0426-SM-GEV18,0,99465.4398130471,0,73.471441588255,183.571194771088,146.797222885291,3726.1403386094,18083.559214822537,266.238912618351
GTEX-11DYG-0826-SM-F1KOO,0,24488.2660774869,0,96.2517772665439,650.9347347867954,342.849077562925,4179.63661813964,10316.665187641009,1212.83403186011
GTEX-11DYG-1026-SM-G5OQR,0,15618.3777576688,0,5.10272666605646,40.9244623040778,92.1784759283625,7716.90400463718,20821.491439742163,1127.26981007299
GTEX-11DYG-1226-SM-DECQO,0,19497.2565191193,0,26.49380847252,102.329005258023,89.5337525983439,1393.99542522778,3657.4652052469214,292.358457141109
GTEX-11DYG-1326-SM-EUKL2,0,22843.150370815,0,62.5087855585551,227.720328508473,254.533407884826,2180.14002241301,8047.269195214143,808.251619498861
GTEX-11DYG-1426-SM-F55OU,0,44761.8875409252,0,7.74421778479191,43.0730497107092,55.1594471953718,2734.38068839236,6871.65038122905,497.723934869664
GTEX-11DYG-1526-SM-F1CLJ,0,65043.5961801129,0,29.6671480758938,212.154852751323,224.909541220082,3181.71938933606,11504.735800858958,1133.421303746
GTEX-11DYG-1926-SM-F34NQ,0,14738.1615426057,0,32.6167694869845,184.017209560275,155.574372985575,1699.32862638059,2678.156276170353,550.377207663406
GTEX-11DYG-2526-SM-EUKKZ,0,15549.3176142721,0,44.076187720039,312.73769509860654,160.333248075781,974.524275708464,3126.015643013273,494.653283689278
GTEX-11DYG-2926-SM-EUZCS,0,47963.0866444648,0,6.76660230334284,19.831008279346,39.8004056736345,1508.45879573321,1863.65911986961,452.38344256813
GTEX-11DYG-3126-SM-EAW6F,0,12952.0325864484,0,5.69878397730365,43.1476193258842,29.6981058615249,1865.88267898922,4694.455222098537,444.665761269523
GTEX-11DZ1-0011-R10b-SM-GKGNM,0,10130.1572562677,0,10.9111208416679,82.2458859559956,128.3161426868,502.56702902031,996.0156737967161,304.034966838275
GTEX-11DZ1-0011-R11b-SM-GM3E2,0,18950.7500257414,0,12.0586120230756,107.38298592834528,78.6155144868068,854.538470907461,695.395946019854,208.571863910333
GTEX-11DZ1-0011-R3a-SM-GHHOL,0,9858.57350477855,0.444065407548511,12.6064571975457,42.3549908621988,102.256702491967,742.174419687742,1519.0972958841107,305.19421575913
GTEX-11DZ1-0011-R6b-SM-GKBBQ,0,11078.4549099081,0.0910949405541865,15.5597801041895,116.55610151706284,187.815860770785,370.316952479667,1006.32180541165,311.246343728125
GTEX-11DZ1-0011-R7a-SM-GJMRB,0,12151.9683804513,0.262983163445056,19.2809263813514,133.328353484629,206.083767616683,777.474261426642,1969.4255572937236,507.255046480816
GTEX-11DZ1-0126-SM-G5KEY,0,46351.5179435714,0,200.632168594758,1700.748182180613,644.750289894576,3231.37700941695,8391.540325942007,690.196511007997
GTEX-11DZ1-0226-SM-GEUYY,0,89945.8004852958,0,13.8554430843646,83.5765561394621,69.5825200430578,6450.96376339575,8175.961332329574,570.967286296244
GTEX-11DZ1-0326-SM-GB1VA,0,44478.2846667639,0,61.3951754075858,380.83740419839,167.781894922453,3884.48370240546,4998.926229280348,560.666360977372
GTEX-11DZ1-0426-SM-EUPBM,0,38184.5825925832,0,128.290054926742,397.265706462313,386.926581983442,3277.36731059679,6894.069305945301,1167.98184183543
GTEX-11DZ1-2026-SM-EVR9O,0,59500.5543425884,0,42.098446290879,198.646328760302,277.109913287921,3539.56779342774,15594.811365015168,1265.66757807896
GTEX-11DZ1-2726-SM-F3SXX,0,46667.7218340728,0,4.36483830379515,198.199596282283,145.315493728639,5207.28524145193,13264.448606003905,1022.13739967182
GTEX-11DZ1-2926-SM-EVR6Y,0,72038.1287517787,0,6.60807334845361,30.2493661492075,81.5002329618873,1802.86039350774,3329.7228882432737,501.64945098228
GTEX-11DZ1-3126-SM-GM8KE,0,16045.06242473,0,33.9685711600882,91.18291904290697,89.2504180682904,2430.97256257174,4254.20770322676,409.682060583916
GTEX-11EI6-0005-SM-F4BG1,0,5621.31945599662,0,10.2735901533721,51.4127460903759,0,81101.3739172379,590954.4553246938,828.977987648299
GTEX-11EI6-0008-SM-EXOMY,0,37708.9146207872,0,792.484592231657,578.170443223022,1097.2850767027,2529.55414160584,7955.189472630513,783.961135883684
GTEX-11EI6-0011-R10a-SM-GI2SA,0,11501.6606833425,0,7.38546344465999,54.42928896348195,145.875198407019,781.030863317395,1548.2074771714051,416.710176333029
GTEX-11EI6-0011-R11a-SM-GJMRC,0,17978.6758165503,0,6.05106853874056,40.1912693564625,106.651321429018,882.574294261005,722.8039885111626,304.924584905433
GTEX-11EI6-0011-R1a-SM-GJ4ZS,0,12159.6478725461,0,23.9449798477983,136.0163984641,197.274224294759,836.55981832373,1817.9686499203954,594.323219281133
GTEX-11EI6-0011-R6a-SM-GM3HR,0,6761.46391219954,0,6.72702555016534,48.831557276053914,128.079620707098,446.63328237022,1207.6130221008066,369.48122223771
GTEX-11EI6-0011-R7a-SM-GM5MA,0,13065.2719937152,0.0592791137076757,23.9703988632201,165.51641903966498,294.032156204755,822.823160172384,1793.4548349254526,609.547746867596
GTEX-11EI6-0011-R8a-SM-GJMR8,0,10852.7203116863,0,20.140546537242,109.5542124055879,291.55560148288,972.918291938742,2362.518328518753,693.024258438694
GTEX-11EI6-0126-SM-G5OR5,0,53247.6283154819,0,166.396231222465,1997.25673763845,943.513922895864,4082.20220802531,11275.456902797514,959.609630487788
GTEX-11EI6-0226-SM-GB1WX,0,44591.6873038824,0,45.5844433936803,263.658247422456,162.119095310444,3781.13824741123,5678.515322599488,457.504459126589
GTEX-11EI6-0326-SM-G5R2C,0,7979.55749844768,0,7.77838304384973,48.71796465246534,71.5168626808753,1435.69518235583,4330.918155785837,182.617877145445
GTEX-11EI6-0426-SM-GAPMA,0,37300.3683850449,0,53.2188225061134,545.41161821139,300.779803349609,4127.81664362814,15337.730317222778,381.605651727274
GTEX-11EI6-0526-SM-F5WRL,0,24975.7452955299,0,17.796778326024,69.64115994578847,84.8695613355043,1319.7168011539,4003.0542939680063,285.017215675573
GTEX-11EI6-0626-SM-F5BBY,0,44062.9619827056,0,35.8435930966078,184.445033710722,76.7429989373557,2473.75309381072,3295.6473677275335,322.514704377165
GTEX-11EI6-0726-SM-F3IRF,0,17292.530185048,0,64.2403230539662,380.714850840297,319.659028517597,3468.76103519921,8863.909105500337,850.487482196933
GTEX-11EI6-1526-SM-EVRAI,0,16939.17561173,0,83.7841640007517,466.46807846947723,695.491740930565,2875.54532258101,7265.251653955313,1350.53106845318
GTEX-11EI6-2226-SM-F1HZH,0,38888.0060412759,0,179.782443316727,298.636864850388,688.905664785489,3402.74672615958,10962.390658355742,835.189513616254
GTEX-11EI6-2426-SM-F1CLE,0,15816.3086126945,0,19.9687122914723,172.67660041571816,103.681080498322,1287.58257360101,1911.885084241051,567.516863393074
GTEX-11EI6-2626-SM-F3JB5,0,11605.252479723,0,14.6536648253586,149.5425317946893,83.782209401627,1102.9734403227,2652.2036747624943,357.185255830677
GTEX-11EI6-2826-SM-F55HD,0,39516.4302015589,0,46.2896313807886,185.214798669799,150.093880295303,3125.94190608009,6627.68482500826,387.675854062588
GTEX-11EI6-2926-SM-EBNE9,0,34670.3577096823,0,16.0753183523141,76.027140779577,95.0606897901786,1307.03659097101,1267.49003847594,379.577146542255
GTEX-11EI6-3126-SM-EVYOI,0,15791.4572190843,0,47.1553263969779,247.441860584256,146.979203338935,2196.62071611848,4143.141567218185,465.98909290469
GTEX-11EM3-0001-SM-E9MC8,0,352.003984207154,0.558570602215705,514.296003676008,1000.6232755716514,2812.98733337037,11531.5593863743,40503.37540168309,2317.65068089811
GTEX-11EM3-0005-SM-EUKJI,0,3119.67245915348,0,5.91425515818279,45.92892492902136,32.5775830036574,55669.6804260667,700068.9793891804,1827.97640981245
GTEX-11EM3-0226-SM-F55G2,0,15989.0270574749,0,30.6184571377237,156.42469749886732,90.8325953718221,976.986433592146,3872.547153457089,238.291249231642
GTEX-11EM3-0326-SM-EAW5P,0,51292.8848053919,0,24.2406390676166,28.5525939456193,123.274479993608,3951.94658574821,7475.978924462737,1045.46142920555
GTEX-11EM3-0426-SM-GEGO3,0,35528.5629215297,0,23.7048074743655,91.0103226440221,225.016923915638,2259.98235220405,7237.880022635839,449.142840506742
GTEX-11EM3-0526-SM-F5DZH,0,19093.385013534,0,26.1351046345785,109.485652096708,111.46267080056,1446.71752244672,3605.5347616186173,240.621349909315
GTEX-11EM3-0626-SM-DECQS,0,10271.4675653063,0,25.2178390272809,45.9513263255855,319.137242233396,2081.70375465394,7692.30464206777,495.66059239811
GTEX-11EM3-0726-SM-EUU3Q,0,28337.0015544725,0,4.5992287956247,55.2909115224245,132.140751309088,2181.77657673223,5696.779437354973,571.627406886116
GTEX-11EM3-0826-SM-EVR5X,0,16314.5334682859,0,136.49286584224,371.6497372247102,546.021983482803,2213.48347755664,8251.999283632787,871.918598041256
GTEX-11EM3-0926-SM-F4JCJ,0,93498.2986053343,0,12.8444406027816,72.82577826862446,85.6914090562839,2428.47414434922,14919.184556248838,518.596063088877
GTEX-11EM3-1126-SM-EUZ1I,0,72664.6322631579,0,24.6848306360001,89.7725462120376,139.226657134141,7306.84791900138,15135.174023347987,2175.27181530158
GTEX-11EM3-1226-SM-GHHLP,0,47401.808209293,0,77.1094745749721,194.73278087933,178.496973714817,3180.25720840831,12341.48637820115,470.435078221197
GTEX-11EM3-1526-SM-EUP7R,0,41334.4006905918,0,52.3279214264296,189.407942731234,609.128830107291,5298.1092669039,21661.138485628795,3805.86702821928
GTEX-11EM3-1626-SM-F4JAS,0,20151.8966820669,0,60.4141426161522,360.85103326223964,299.090402078813,1852.07842486633,6664.583914127798,485.953012871713
GTEX-11EM3-1826-SM-F5WG4,0,48612.3806638418,0,9.11132870697616,46.9221891472687,20.7922877516696,2044.30434850615,6991.922370802478,152.524137870447
GTEX-11EM3-2126-SM-F27CI,0,13935.5851516488,0,8.71487325772665,36.7089837295834,122.202672830066,962.294040972709,3868.949671951298,245.714630565533
GTEX-11EM3-2226-SM-F5WEG,0,19347.1599902687,0,39.7066546870116,133.47268937086596,93.5454869489341,1580.33965069309,4188.947516343422,254.483446472688
GTEX-11EM3-2326-SM-GAMX8,0,35829.9959938756,0,64.4773470918638,368.890431326036,151.532279442333,3101.05835494454,4194.638241527754,456.825830996471
GTEX-11EMC-0002-SM-EXKU9,0,395.554414548129,0,2581.65094104375,1195.4133788192062,2619.78029941494,4481.02954859358,20446.624261935525,930.815867853456
GTEX-11EMC-0006-SM-E9MCR,0,18995.0289826302,0,0,57.9859859167473,29.39804484811,67410.7846158729,463034.5314041036,1686.70287484638
GTEX-11EMC-0008-SM-EWR21,0,13580.565748681,0,1995.49702435294,2166.5552627812995,3505.15483203126,6500.16954480244,8652.595489976215,2746.8683099507
GTEX-11EMC-0011-R10a-SM-GM5O4,0,6795.05773241629,0,4.16910788896406,39.3011685612143,118.359850682168,751.714407443181,1469.657448504106,335.745428158607
GTEX-11EMC-0011-R11b-SM-GH6HK,0,16307.3320478156,0,5.02804691866466,34.0011359971648,69.9604323783158,891.485618733337,780.7611298409136,199.460938635333
GTEX-11EMC-0011-R5a-SM-GM3E4,0,7607.35106493301,0,9.25998146928001,57.16634887655845,111.578902690426,494.822855254775,1246.1188251906299,338.623398857879
GTEX-11EMC-0011-R7a-SM-GM3HE,0,7465.36881941905,0,12.0740009368223,52.7396706698417,154.188584877564,748.144122042548,1513.2928671641778,391.136820165506
GTEX-11EMC-0011-R9b-SM-GI2O6,0,22434.7330701251,0.232667965231728,16.7422557181198,105.69996462585189,299.261882938085,1556.29750543262,2893.607404970894,655.948505402153
GTEX-11EMC-0126-SM-F1KDQ,0,53909.1896969753,0,72.3383776095483,258.3712221531,196.293002488162,3954.77227968974,6044.012964712923,917.410536743872
GTEX-11EMC-0226-SM-EVLR7,0,15427.9262314185,0,79.0526895433483,368.957770461825,293.171478270573,3360.76591768381,6230.970546366478,948.693308838552
GTEX-11EMC-0326-SM-GLDS2,0,5190.07718894866,0,54.3516788937669,221.952465038229,303.519904260777,4085.79351406105,9022.6033046358,609.213825511495
GTEX-11EMC-0526-SM-F34O5,0,21409.5554350101,0,76.5992002459741,355.766398273364,218.819306437926,2344.23291220066,3504.232443637186,548.188430580133
GTEX-11EMC-0626-SM-GLDSC,0,11860.7106329221,0,79.2037274554022,503.803080194593,188.486107525567,1728.94298634403,3261.1595301156385,267.552135740176
GTEX-11EMC-0726-SM-F4I76,0,20621.6705375768,0,94.3582006222513,374.77215460893825,277.729073014371,2358.35743301402,7773.343720514093,768.181753400873
GTEX-11EMC-0826-SM-F4GNO,0,25662.2304560549,0,105.393852275623,416.835018317171,234.536041073139,2956.562371333,5473.912355997664,768.586807306199
GTEX-11EMC-1426-SM-F1C19,0,12224.0236046468,0,24.9850604033958,193.051733273013,117.193100908302,1107.7276944547,3479.2416104897584,516.654249195809
GTEX-11EMC-1926-SM-EVYNA,0,45681.9417780573,0,11.1075747649176,85.229712253702,109.335485073372,2192.34071376494,9145.028258380753,577.365789125299
GTEX-11EMC-2026-SM-F5BBQ,0,74295.9293087745,0,7.08791796188254,46.2009950011583,31.9494800239597,3359.09120691481,8387.17854828482,281.189916226506
GTEX-11EMC-2226-SM-EBB8Q,0,31974.3058103531,0,23.7261361340059,185.04303735242,547.982555364573,4515.98033535013,16314.908509043304,2017.48114809637
GTEX-11EMC-2626-SM-GEGQT,0,19980.2496793507,0,34.696221266071,69.3050396432499,58.1039344465342,1155.6095340458,6001.638414733392,106.994912578567
GTEX-11EMC-2826-SM-F115A,0,26879.8473235429,0,12.4870664466629,106.424212490928,98.0059258996747,5362.11613095252,9333.752777312075,375.609961665737
GTEX-11EMC-2926-SM-GEJH5,0,107984.184755146,0,60.2880340883704,265.508479361499,184.849767748705,3778.67911277929,13329.574508317493,267.899208818336
GTEX-11EMC-3026-SM-GEGTK,0,35755.5618311985,0,41.2727194333347,176.654224537112,92.0938212181422,1848.81412321862,5992.690757560351,271.923278069875
GTEX-11EMC-3126-SM-EVYNH,0,15680.3764094615,0,27.8318414066015,195.862971369622,73.4378059087316,1398.61327768872,2643.5696805249695,237.637995577018
GTEX-11EMC-3326-SM-EUKP7,0,34145.4859726883,0,12.3086458842405,96.04140586587948,100.927246390862,1709.26239302655,4625.194857984851,392.600852077974
GTEX-11EQ8-0006-SM-F2UM2,0,62795.8801517703,0,0,172.76089305115,51.1621568462548,63833.3661182997,219856.9318231836,9468.74895193865
GTEX-11EQ8-0008-SM-EXONL,0,30871.4113265107,0,985.562946014654,416.02314061420293,902.548625295812,2739.05053547524,7599.947318233028,780.488657412231
GTEX-11EQ8-0426-SM-GB1VB,0,23415.9721389461,0,44.9036475013307,323.900841707659,152.442053341092,3058.43233489036,6211.576371055657,638.821241431306
GTEX-11EQ8-0526-SM-F23OK,0,14957.167580399,0,37.3134917431129,77.2939646587452,96.3144722671104,1015.1205728059,3730.694737905551,185.70121477752
GTEX-11EQ8-0926-SM-DECRO,0,38914.223916891,0,20.46956280024,150.39512303425,103.846850352725,3890.39361888026,6804.5246917115555,430.635825063258
GTEX-11EQ8-1426-SM-EVLR6,0,23619.8659495789,0,186.544068882598,478.0099612299284,696.951225469085,3691.78098266671,7943.170494971671,1117.4533036164
GTEX-11EQ8-2626-SM-GM5M1,0,15525.4831674263,0,7.94327396022091,70.8322597491856,33.5798741672835,1603.26310235546,2229.54426953086,403.227542068112
GTEX-11EQ8-2826-SM-GIR9L,0,42143.3689041934,0,8.74354443161158,24.6229163833036,29.4150247056135,1339.08968672331,1084.1854083133844,290.04908862307
GTEX-11EQ8-2926-SM-GJ4ZB,0,32280.311592708,0,0,15.1400180651811,48.5767460849301,1082.42817851529,3748.339463956724,667.562030996399
GTEX-11EQ9-0002-SM-EWYIM,0,36.2393930843229,0,2272.7930306037,2756.476596625915,4705.48660520228,7164.8448918431,16757.90164546638,2218.26045028232
GTEX-11EQ9-0006-SM-EV6VM,0,3606.50541046364,0,9.61212562051158,168.582744691741,0,58643.1898403935,605014.4142509617,1609.34075833417
GTEX-11EQ9-0008-SM-GJE4A,0,18250.9507873704,0,703.24429587517,940.1387471141854,1137.25428423367,3924.05564877688,7496.6785977478285,1113.12951098852
GTEX-11EQ9-0126-SM-EBB87,0,29157.5421155253,0,30.014775927373,96.0123466453813,178.185974255462,2798.64000462244,5651.616546735386,656.439506620675
GTEX-11EQ9-0226-SM-F1FCM,0,58644.7580200274,0,19.2357810269888,316.834247479864,374.876148957584,4550.40352091125,15967.226912310463,1695.11575374421
GTEX-11EQ9-0726-SM-DECQV,0,23143.0489015012,0,4.62881763250248,33.9508327159263,216.115520823289,3739.88106007403,15466.313691985975,978.09636635979
GTEX-11EQ9-0826-SM-F1FBK,0,9414.57633950134,0,22.6448380200999,102.04006685471448,97.7145996789249,994.685923938546,2257.744684405023,410.229476681916
GTEX-11EQ9-0926-SM-F1RON,0,29275.2446931126,0,17.7319804421781,82.138951347969,181.119894313951,1692.34300296019,4277.464642627236,486.393683572184
GTEX-11EQ9-1026-SM-EB7JO,0,13211.4279488289,0,37.8022663031053,135.6008640793006,62.4095339672192,1827.30884332531,3242.6934065907785,175.694927979914
GTEX-11EQ9-1326-SM-EB7EI,0,9990.86612925622,0,74.0870565683655,373.440044733395,618.203900005011,5129.9259413336,8964.408399242271,1527.27809949099
GTEX-11EQ9-1426-SM-F1C1H,0,15669.8350335184,0,24.4283106693042,164.6740808244411,99.2330866835856,1675.5720803706,3396.294733249701,453.023450949719
GTEX-11EQ9-1526-SM-F4193,0,20692.4535312352,0,41.6607464654653,215.713934350498,131.515618004184,1873.42542028442,4285.887126343072,433.766288339238
GTEX-11EQ9-1626-SM-F4VQC,0,61634.5919043855,0,142.887287710852,861.4010484320906,399.020685687766,4250.67302995549,11951.604469692218,605.811818834946
GTEX-11EQ9-1826-SM-GB1V4,0,36123.5790519888,0,71.6416562380868,453.905472580279,208.083977555443,4264.35405959833,6213.882962507765,467.153380112034
GTEX-11EQ9-1926-SM-EVLQ3,0,18943.1668465294,0,141.4853874248,343.3139104867945,810.335779555071,3480.48430934601,10333.336661925196,912.921952060948
GTEX-11EQ9-2126-SM-F1FAR,0,13692.0239421424,0,16.4986072355954,57.3130821047343,146.895798449532,1229.94999288032,4904.799214072396,349.788092683302
GTEX-11EQ9-2226-SM-GEGNU,0,22565.9030381533,0,27.5072922514727,95.41285158083305,72.3256917632445,1526.74555017985,4302.009187699081,228.609873323265
GTEX-11EQ9-2326-SM-GAMYZ,0,41591.7543673547,0,64.5736232944623,493.490262365509,152.552564583407,4327.06054941497,11933.777511887249,407.63119606865
GTEX-11EQ9-2526-SM-GAMZ1,0,39239.4456022801,0,53.5402959772836,281.292378409909,180.717077273818,3927.76032522614,4929.136229511736,564.433242995283
GTEX-11GS4-0006-SM-EX46V,0,14719.1497591265,0,2.87872212800585,130.011387743827,53.0364270289226,103416.372835876,404219.36418051284,3140.93895396045
GTEX-11GS4-0008-SM-EWYDN,0,19044.1206213227,0,821.881582564644,889.4109856513059,1168.57528500679,3286.55953867046,5309.650990712524,1119.83653613008
GTEX-11GS4-0011-R10a-SM-GM5RK,0,5795.1614536852,0,5.02195162378264,34.9447306064161,96.0654013951482,538.338984015575,1044.7238470026314,307.130521939917
GTEX-11GS4-0011-R11b-SM-GM83F,0,13957.1145640332,0.0540155472449128,6.53661062353745,23.1977735073573,49.2211850219167,905.605883897307,579.8120040798126,180.755843964804
GTEX-11GS4-0011-R1a-SM-GHHOQ,0,8354.42747759084,0.624394477258199,12.1268126675233,41.2337118794946,78.4357930852702,507.148323657591,833.860392225413,311.9248101565
GTEX-11GS4-0011-R3b-SM-GM3HO,0,6664.32844504635,0,9.64906493772014,54.2657422354547,82.7511641263182,551.163919509323,999.006851202553,296.12193594626
GTEX-11GS4-0011-R4a-SM-GM3HP,0,6347.2493219341,0.537906708964096,11.419258071728,37.2518217800915,89.34774080927,841.392772750296,1772.69334287704,396.975239803953
GTEX-11GS4-0011-R7a-SM-GM5RM,0,7559.49118422122,0,10.2538740560355,90.21087586658744,157.257464811085,676.421948303369,1558.1390694109,364.47663667206
GTEX-11GS4-0226-SM-F5WRK,0,72712.218902221,0,67.367267134368,235.796144609019,212.201323666053,3650.73737791887,13461.701316925726,395.353622511662
GTEX-11GS4-0426-SM-F51OF,0,28736.831068959,0,38.6071233519959,161.63008730422303,134.682707076079,2718.90700683935,5343.091622070991,574.727316600261
GTEX-11GS4-0626-SM-F4JCN,0,17792.2391103848,0,65.1704413268088,355.901875784499,146.868819224381,2140.6505773418,4472.119396257176,504.750473013057
GTEX-11GS4-0826-SM-F1ROG,0,19361.7583696818,0,85.9522510994599,311.34544344252,238.742768608818,3422.17489983869,8372.892008364652,813.655860217978
GTEX-11GS4-1026-SM-GAMWZ,0,49866.7573846749,0,94.8893421996535,296.039345620235,227.688400802996,3558.96450479188,7345.369335375708,683.027819499194
GTEX-11GS4-1426-SM-EZKRK,0,13386.0880892906,0,19.7423199206354,45.1094518553156,51.5632366458275,1519.19256464835,2896.5007553512955,364.746141196497
GTEX-11GS4-1826-SM-F27CA,0,15805.5412304784,0,36.9968687973031,202.588001176938,123.502654989903,1400.69826818737,3455.9202840709895,447.987260795453
GTEX-11GS4-2026-SM-F5BBU,0,33029.2537261172,0,94.7685029242261,252.62567992846465,472.893887924556,4186.56524423167,10751.620604702017,693.43155004868
GTEX-11GS4-2126-SM-F55HA,0,73869.485593559,0,10.5687386018063,72.0881274287763,59.3398157849552,2952.2173349686,6739.793573039199,384.266209984178
GTEX-11GS4-2326-SM-F4BFW,0,97593.7649798867,0,19.4437763147342,189.715609542762,228.890773984057,6782.00198914942,14063.968526179353,2658.12114026575
GTEX-11GS4-2526-SM-G5ORA,0,17771.406233767,0,20.6137597587805,130.954529699845,150.711324584324,1357.12288006824,5823.392041588728,349.767944346111
GTEX-11GS4-2626-SM-GEIYR,0,82361.3598751977,0,45.3298041608934,123.50143594695768,78.0185009452297,3485.31137165743,8024.507954894112,393.244984650757
GTEX-11GS4-2826-SM-G5R2I,0,47824.6220411297,0,211.016440475771,1496.9931496469,547.820362914016,3048.5343538111,11258.12772467305,459.565059257011
GTEX-11GS4-2926-SM-F1HZD,0,20972.34287717,0,29.331787821259,100.83003986114679,146.006308021285,1740.81046880623,5365.571461479905,675.946072237664
GTEX-11GS4-3026-SM-EA5NU,0,4173.78955368847,0,9.14831379177236,47.286592025422,24.6501896679739,2094.71373958353,2655.205830568294,188.837484957471
GTEX-11GS4-3126-SM-F16BL,0,22238.1793589924,0,2.23823327604944,50.5430641418786,64.4050218655767,1657.69876678147,4979.11902643736,527.857108371732
GTEX-11GSO-0005-SM-EAINA,0,59482.0620401327,0,3.83803946760438,169.688980857622,38.5167618777982,60247.110781981,262369.851275602,6963.69035024324
GTEX-11GSO-0011-R10a-SM-GLFXJ,0,10790.871297041,0,20.4732431595172,278.4039481714874,228.37777447083,834.400793107403,1683.943042762919,464.91627002171
GTEX-11GSO-0011-R11a-SM-GLDRZ,0,15392.3020663779,0.101106410068247,28.2335138844312,237.193399306559,147.697230059928,1036.62464625924,712.8255867579064,287.243214725264
GTEX-11GSO-0011-R1b-SM-F5BA1,0,11498.5499524745,0,15.1801461173285,57.451578139522546,156.735309419501,861.355034799115,2077.9829799163567,415.947606425098
GTEX-11GSO-0011-R3b-SM-F414A,0,8609.80336268427,0.435936893166929,13.9404038649497,74.844483186708,109.91884480594,547.934999026557,1082.2544843208145,340.720537702699
GTEX-11GSO-0011-R4b-SM-GM3EF,0,7911.82759546621,0,1.70882166698684,67.5915751920258,125.934336980857,596.535322547441,1347.5909395482267,406.917048228121
GTEX-11GSO-0011-R5b-SM-GLPX1,0,12016.2069376345,0.18676207392328,24.998755919132,258.76112641313915,239.413077021304,655.466736511785,1571.8376043911148,419.183219004916
GTEX-11GSO-0011-R6a-SM-GM5RJ,0,5614.26750220408,0,4.16096760202075,58.0796964399758,110.773826102104,615.598240784908,1385.0421815769,300.289381293151
GTEX-11GSO-0011-R8b-SM-GLPTA,0,11792.7462919742,0,25.8011410331116,238.5330126142415,210.167623772711,915.459322556602,1755.828505594719,438.772688301542
GTEX-11GSO-0226-SM-F5E1T,0,62251.145324226,0,49.0388351907155,154.838594921139,85.0404910460023,3420.68622553812,6841.511391549357,381.763012264712
GTEX-11GSO-0626-SM-DECRS,0,8425.37784778927,0,21.110125376787,113.978764367128,97.4075633164119,4477.0203471405,8382.145012028059,446.975400754794
GTEX-11GSO-1826-SM-GLDS5,0,9946.35391918377,0,58.393648523557,197.329177583488,302.232892045272,3112.31247353935,4931.572235282647,710.981435043489
GTEX-11GSO-1926-SM-G5R3L,0,89612.8766416291,0,28.8527689269139,421.246479612195,214.644599967146,4417.16275079163,11127.955853406382,1119.10090037847
GTEX-11GSO-2426-SM-GB1VK,0,38248.1072066636,0,67.2146921000009,672.764084565346,319.41384589928,3600.98509804601,7316.859298202831,388.866296426928
GTEX-11GSO-2526-SM-F1BZG,0,18690.1786424615,0,10.9802657649638,73.7281836972816,125.541293587986,1534.36719568585,6469.6814272024685,351.996220012759
GTEX-11GSO-2626-SM-GEJF9,0,95036.6501666431,0,77.0482395683055,179.628030624107,236.261173090524,3387.82878292487,22188.918132065468,248.11490587132
GTEX-11GSO-2826-SM-EAQAG,0,17469.6018663804,0,49.3849249650146,227.57278331988263,122.251169309126,1968.70346889866,4289.291878221666,513.344003576052
GTEX-11GSP-0006-SM-EAQ98,0,15568.969075606,0,2.68224839934125,37.8112503399388,26.9888011970082,51697.1200609056,626921.0505069743,2590.09133720662
GTEX-11GSP-0008-SM-EWDYK,0,15649.0375079974,0,861.987762734064,986.4179709576687,1450.03716979292,6431.87614295359,7570.275809496963,1741.30726098904
GTEX-11GSP-0011-R10a-SM-DEUSJ,0,8635.34036331838,0.0922459185017812,3.7692010208737,39.0925395761183,102.87543973299,620.071221944297,998.9944011016514,343.40141793519
GTEX-11GSP-0011-R11b-SM-DEUS1,0,11261.8283352839,0,3.43682996280303,22.37021217403447,55.2744430660693,929.242186128147,599.9888593733401,169.805920821515
GTEX-11GSP-0011-R1a-SM-GM5PL,0,12517.6771874202,0.0721052211999278,11.4112397135115,129.73099996612427,173.969271030468,710.324177668226,1280.6107573459035,432.740888060014
GTEX-11GSP-0011-R2b-SM-GKGLS,0,12626.9501336932,0,27.6993921248806,155.97404185455105,307.794173589633,946.167247377166,2745.0475109324198,502.947176483413
GTEX-11GSP-0011-R3a-SM-GM5N3,0,13359.5241193383,0,15.200125266908,115.78863628235763,228.917007929823,879.099127808725,2463.4993003122863,555.076666137402
GTEX-11GSP-0011-R5a-SM-F5E1H,0,10064.797637263,0,6.36860429320446,29.002085294817228,117.166184472199,708.183960067554,1979.0161991634714,241.653172643117
GTEX-11GSP-0011-R6b-SM-F5E1I,0,15080.4086509169,0,16.1354175158743,96.5190589943344,249.639898695639,992.685163414232,2848.8862719996423,469.020343030751
GTEX-11GSP-0011-R7b-SM-F4JC7,0,10485.0357379751,0,30.6068352263444,198.1806698549542,251.247645105174,640.464584759136,2078.9588129603094,315.997991536464
GTEX-11GSP-0011-R8b-SM-F4I6H,0,19259.7666759266,0.212861488407184,59.4309584856871,267.5027106658548,464.133596725382,1347.79410019687,3781.733965443951,782.02933475399
GTEX-11GSP-0011-R9b-SM-F1RQA,0,20994.1326335307,0,37.2281217046269,218.76101597206116,510.63540158963,1463.79485950376,3804.807732587924,960.196021157073
GTEX-11GSP-0126-SM-GHSEU,0,7680.53533661417,0,200.750615365823,664.9842186411529,707.918740794909,2333.73103514375,4942.494782155354,665.457562857073
GTEX-11GSP-0226-SM-EAW6E,0,61896.2104964561,0,69.8461675236296,378.53193967731573,105.544524019168,1445.48967876411,14411.26035681763,291.905904373679
GTEX-11GSP-0326-SM-EV6WY,0,38353.3363779871,0,9.3135076970893,86.4583853481299,116.712365458523,3249.24022194322,6196.4949813747535,1120.90444836039
GTEX-11GSP-0426-SM-EBB9L,0,27753.5179024744,0,23.825616500182,52.8992868609596,47.6031430174525,2415.97450561904,5823.392005244634,270.06573644982
GTEX-11GSP-0626-SM-EB7J9,0,9967.04052317506,0,147.480450860091,330.791726941328,446.420590145391,8099.27610245801,28691.92241078791,1094.0388527059
GTEX-11GSP-0926-SM-GIRCW,0,39479.6554273636,0,104.05521722175,679.3732389356571,293.447811911562,3593.25354717646,6988.831678881841,414.868312960606
GTEX-11GSP-1026-SM-GHSOJ,0,40200.8172738975,0,35.2523109342498,139.81327198027074,150.77066993423,3502.26612887628,6619.621418819959,469.324438326631
GTEX-11GSP-1126-SM-F5WEX,0,26879.1631313116,0,20.8651506019058,102.148357666906,91.1623786994685,878.307034071582,4278.618586536309,181.726728525775
GTEX-11GSP-1226-SM-EUKLO,0,24716.3124498574,0,48.1926737568566,202.430387472304,216.900807920103,2394.90595382939,5940.167444002576,860.437068720765
GTEX-11GSP-1326-SM-F4GNY,0,35943.6829088133,0,14.5644575665073,77.01261366727798,212.399412302463,2615.11272476857,11221.350654716456,1291.19675022793
GTEX-11GSP-1626-SM-EZKRY,0,18165.2089118324,0,35.6091522836302,169.66423288599768,116.720238012074,1032.07249976242,3257.3353830377664,359.055251933752
GTEX-11GSP-1726-SM-F2TZA,0,13992.7307663608,0,22.8607310270374,158.15211418114257,123.213790266686,1193.7671143647,3441.98947494962,367.729586377194
GTEX-11GSP-1826-SM-EUP9C,0,22522.4923080837,0,73.90099282747,273.557338871188,505.329713021507,2690.306083677,12649.516375396188,1318.40933478606
GTEX-11GSP-2226-SM-F1C1Q,0,30345.7763299132,0,62.9371469559423,468.46499196715,130.238442661672,1686.81055092921,5512.749499681528,319.686030957445
GTEX-11GSP-2426-SM-EZKR6,0,31920.6332931019,0,38.2269543857249,209.900890672424,92.9338404115362,1567.80647253845,4672.732418216196,185.067449921691
GTEX-11GSP-2526-SM-F3IQN,0,23365.4697235178,0,52.0006595112826,450.2104710651165,208.05745596965,2438.99743702823,4620.90198053675,588.587335761348
GTEX-11GSP-2726-SM-F4VRS,0,11927.8952042989,0,11.0844947810515,76.00838229589556,175.424973175868,1258.21051560066,7372.322361321504,302.443292339133
GTEX-11GSP-2826-SM-GADUT,0,37676.4212382168,0,86.657194663863,368.345968272061,259.958843886487,4570.71907415706,10307.100969012161,385.266096787555
GTEX-11GSP-2926-SM-G5R65,0,10298.7923174998,0,17.3629547565311,130.231738242258,90.1275678749904,1413.98404559508,4509.879452934072,267.408300540195
GTEX-11GSP-3126-SM-EUKL3,0,32611.4313306402,0,20.6299406331006,45.7947700636621,68.7718226548671,1242.38891938047,1302.06790076024,339.509535493932
GTEX-11GSP-3226-SM-F41A9,0,30179.0766994164,0,8.39156879146702,26.3562789777894,65.0488952165971,870.950627771439,2692.46230753702,511.792450762126
GTEX-11H98-0008-SM-EXOMZ,0,31939.9987558529,0,757.502888699369,550.3344327094981,915.589788187975,2972.45956403851,7977.739183591469,890.03556223806
GTEX-11H98-0011-R10b-SM-F1CLL,0,9596.53643149676,0.309364450810326,18.9128614178452,154.787112779146,158.539296053468,503.581459510289,1055.0771875817018,521.541325561991
GTEX-11H98-0011-R11b-SM-DEUQ7,0,8794.68999565657,0,3.60425248353581,18.72687287249046,28.8410610015922,1011.38928133674,574.3754768132803,138.279920476255
GTEX-11H98-0011-R5b-SM-F5WEB,0,11826.1676296708,0,11.8018510592769,54.28130133453879,125.456313480273,824.891207149354,2455.3506902590766,250.033710364225
GTEX-11H98-0011-R8a-SM-F55OJ,0,22291.6734482838,0,22.2120377450472,109.32224935300398,273.641793641581,2194.40354489248,3933.0160630319106,882.074014343149
GTEX-11H98-0126-SM-F51ET,0,44144.1099225104,0,68.8542530420799,285.812502589757,141.048655640513,4786.20975565441,8810.663849728026,448.941437466296
GTEX-11H98-0326-SM-F39ZJ,0,11463.0148004044,0,55.8896890588217,244.83483303255943,158.712580903714,1592.76054619588,5834.316954233333,297.142276686096
GTEX-11H98-0426-SM-F5BAN,0,63559.6700291767,0,59.6731719835059,338.91521039468,125.06020099718,3472.49265235557,8868.196314934623,371.291179539471
GTEX-11I78-0001-SM-E9MC9,0,400.735367933115,0,734.248391374079,1395.3325288056603,2661.99510988905,13480.0864803518,41951.35154513331,2460.66402043274
GTEX-11I78-0005-SM-EUP9W,0,4848.02721713112,0,4.92383470932732,106.130857319714,14.7684343184568,51578.4331404631,690865.2092763764,1592.56423061747
GTEX-11I78-0008-SM-EXONK,0,20506.6806620767,0,2430.74987046384,594.959826836197,1872.22552462594,4220.05601146101,10534.234474484341,1363.42628418523
GTEX-11I78-0126-SM-DECQN,0,14291.8127052559,0,14.4662704963375,71.9786337991107,171.25157521742,3057.11742468715,7639.810430063881,765.520932478975
GTEX-11I78-0226-SM-F55NR,0,54804.950342002,0,42.83856693811,82.9768161345999,103.79492622933,3363.50177090348,5935.447681596762,486.879826432305
GTEX-11I78-0526-SM-DECRQ,0,7149.07123115723,0,19.9496278779933,55.8366746332837,163.775481918192,2336.25758208235,4370.436933914247,488.303580483529
GTEX-11I78-0626-SM-EAVMO,0,20399.9205985376,0,31.71586723082,182.131210410917,44.0416152230235,1659.89778748901,2539.537072308105,213.572128011752
GTEX-11I78-0826-SM-F3SZC,0,21728.7686281409,0,2.44763166485549,9.80871657177798,123.777213166256,2222.96619637119,12737.265914872305,1223.5574152317
GTEX-11I78-1026-SM-F5WQB,0,35503.7730889557,0,24.5668699887962,99.8753501287071,99.881567257865,1705.73516308194,5376.782371237463,270.260132105863
GTEX-11I78-1126-SM-EAL41,0,27851.615269142,0,36.367057800733,224.62099680433687,401.042080687907,5466.6548283321,17745.387988441347,2239.12121864294
GTEX-11I78-1326-SM-F1RP6,0,17017.9973506265,0,28.5914329648153,150.41696950541825,183.601803588456,2117.10503362447,7215.427869458228,509.032415880603
GTEX-11I78-1426-SM-F1RO6,0,24562.3240503638,0,16.7822406364622,72.7319449826495,135.002814750359,2197.04437287728,4109.887187175912,534.438114288095
GTEX-11I78-1726-SM-EBB8S,0,16278.3415672125,0,46.6498605801875,241.33737168986963,240.56396475842,2699.14520287746,5749.806911697221,643.176804193529
GTEX-11I78-1826-SM-EBB8T,0,25483.0414833953,0,28.9128018077827,98.19507049618285,122.419495212875,3252.84969017336,7232.534325847517,732.622193764697
GTEX-11I78-1926-SM-DECR6,0,15410.781908285,0,19.3688889542976,54.9114838433682,25.9701490278698,1638.02458373975,12998.330107176062,53.3925034357368
GTEX-11I78-2026-SM-EBNCZ,0,24054.4974068918,0,76.037687794822,491.516989838364,375.845955572647,2136.81566270256,5957.896221161386,661.036553357664
GTEX-11I78-2126-SM-EB7IA,0,16024.9936141281,0,46.3754305068375,242.90307639584967,143.054980341684,2501.05774733936,8635.941467695506,257.76073248949
GTEX-11I78-2326-SM-GAT6G,0,30693.5062705404,0,21.8518442350054,92.0786947172631,79.7782773206319,2313.3418302926,7271.313022148694,330.495295812424
GTEX-11I78-2426-SM-F114H,0,32386.3493919399,0,9.13522845646201,45.7648215182795,88.6630297322741,1461.01634850423,7137.512255030343,339.475478207511
GTEX-11I78-2626-SM-GEIZU,0,80496.2147890677,0,22.4273226631689,88.50358745809774,52.5931539119618,4453.22439869604,9091.773899973467,447.898519907364
GTEX-11ILO-0006-SM-GIR9R,0,6545.94232538376,0,5.31226423583743,37.3284440580773,5.22508023146141,62698.9126666721,582529.2315094643,917.421820825785
GTEX-11ILO-0008-SM-GJCON,0,25341.3076824474,0,759.618932619065,925.2146971034513,1321.64403672334,3509.65110174333,7009.231867096206,1462.26573448825
GTEX-11ILO-0726-SM-GM8M3,0,50629.4565911447,0,67.6493433045461,177.754949854613,433.233266714523,11537.0393321855,26053.799130024854,3455.59076665203
GTEX-11ILO-1026-SM-GH6G4,0,26756.3662826209,0,39.4815663213236,188.37152449781,370.854475742303,2344.56248239945,9445.750968677752,695.881121378354
GTEX-11ILO-1526-SM-GJ4ZC,0,31349.8058893013,0,15.2636903176041,67.86352267159,105.236816125174,2808.04948677735,11263.605403205114,429.500469155788
GTEX-11ILO-2026-SM-GI2Q4,0,19251.2916424928,0.530748744699955,41.0565113009947,86.6598335157988,143.42639732931,2181.92916780586,5099.54989068814,616.140765295269
GTEX-11LCK-0126-SM-EB7IC,0,24854.3452274355,0,123.278622337077,361.003548678425,753.047933578733,6357.16516834888,11279.555173809229,1948.56224404862
GTEX-11LCK-0226-SM-EB7ID,0,13151.1283629778,0,23.815684381667,161.9647804145769,80.8166888053263,1191.10875139585,1848.8746543974376,152.445923188219
GTEX-11LCK-0326-SM-GEGUD,0,94765.1514066287,0,63.2998442016813,210.995612409636,143.415590593472,5758.17055251664,10337.494605717377,717.470183224866
GTEX-11LCK-0826-SM-F2TXF,0,18593.1183120983,0,35.7211820351962,175.998608231751,365.326684185067,2315.38234339342,5236.631856883118,884.795048468698
GTEX-11LCK-0926-SM-GEGUF,0,27025.5113235141,0,4.25999860853529,0,111.37221123727,2283.28380410263,10567.614281084956,773.502168008874
GTEX-11LCK-1026-SM-F1C11,0,63493.6875267497,0,18.8331814261245,188.922649540086,170.016439475872,3275.8072183487,11105.878125410702,814.644061400755
GTEX-11LCK-1426-SM-EUKK5,0,19276.8899832955,0,42.2407445564202,197.173043434174,193.292372561135,1188.30061815307,5004.601594522781,409.27544202852
GTEX-11LCK-1526-SM-EV6W5,0,17736.0976451983,0,22.7970961776281,100.24467820523537,144.050205961336,1097.03891110681,2270.1359613285613,508.348164760908
GTEX-11LCK-1626-SM-F3JIA,0,9937.25400474886,0.313997158191845,17.2967520823763,91.3040436222761,90.9851234709868,1138.43049272892,2025.7866400455628,373.25510585205
GTEX-11LCK-1726-SM-EXCSK,0,23605.6357867126,0,24.3153135899332,111.43027438294123,513.281977152106,2706.79444751872,13743.76411522631,1651.48800432099
GTEX-11LCK-1926-SM-F1ROC,0,30411.202372165,0,8.40744111594959,31.0635337870212,36.291966842834,1239.88791267285,3444.195731383622,580.219138533392
GTEX-11LCK-2026-SM-F3SXQ,0,22214.6519125817,0,55.8148761970939,366.208512099858,682.820425554443,3576.67145941244,10512.346496975591,2243.32033422101
GTEX-11LCK-2326-SM-DEUQS,0,13592.6448157496,0,41.7545911741861,71.331373516923,351.506805862827,2747.10814170002,6491.8519755236775,677.300632087215
GTEX-11LCK-2426-SM-F4BEI,0,68076.7004627442,0,98.9808140890754,482.4244622276357,179.023719266895,2672.05877145719,6823.870176688898,485.152821632723
GTEX-11NSD-0226-SM-EUPAB,0,24613.298965918,0,57.3811303120216,115.379480261438,175.309709793928,4544.02811268358,22477.818339310874,555.333302394838
GTEX-11NSD-0326-SM-EV6WG,0,37572.8767585447,0,87.1799070978112,311.007727670835,410.140331241348,3688.50529965994,9997.069040972608,1211.36900061068
GTEX-11NSD-0526-SM-E9MCP,0,3995.33849891006,0,9.07353561874467,41.54535962620781,23.3567801400082,836.599409673715,1910.5057091578549,59.0293742485645
GTEX-11NSD-0626-SM-F1ROE,0,61978.8390763417,0,89.6999647498432,362.110643450673,228.277046269735,3436.31033983376,11390.366291971195,728.853185237054
GTEX-11NSD-0826-SM-EV6TO,0,11573.7958787379,1.64506539946351,26.6686696867529,198.47074495145773,156.759253456457,1256.3700486699,3390.5886492875316,425.203398828317
GTEX-11NSD-0926-SM-F55EZ,0,53019.3666976173,0,30.3417426775387,228.29523113888,89.9667243917244,2799.3474795739,3669.14888796256,548.638544784953
GTEX-11NSD-1026-SM-EBBEU,0,13304.5706951183,0,134.459343528452,398.04465556224227,793.070787680345,2838.42319684982,7714.645806169836,946.035666323152
GTEX-11NSD-1226-SM-F34N3,0,12115.3026920393,0,28.4045817530515,118.1124982038813,113.627905252483,1105.28118838303,2152.1989771542985,343.867023064928
GTEX-11NSD-1426-SM-E9MI4,0,7532.91365220886,0,4.75372762359936,18.6193332228409,47.6702109597908,3708.03464420728,7384.641341907187,478.592770377174
GTEX-11NSD-1626-SM-EUU53,0,17618.4842805067,0,50.487805999722,104.53036284751,183.936888715944,1849.10364020657,5562.790616855638,753.892553269485
GTEX-11NSD-1826-SM-F413M,0,39953.7506311302,0,80.8658466481469,356.535163949969,219.461395787607,2866.68629619722,9345.97808056762,369.306416808382
GTEX-11NSD-2026-SM-GAT8E,0,11336.9634764566,0,8.2816705138335,16.515047688136,57.4637352542106,1467.9999922925,5375.3994796961015,130.146651106691
GTEX-11NSD-2226-SM-F27BJ,0,57391.9310392306,0,129.316409043266,526.023053854438,369.039737345948,3557.94009412865,9057.033034336066,734.947142503254
GTEX-11NUK-0005-SM-EV6XE,0,35183.1826790258,0,6.66921354032819,27.806245218715127,42.3105251919491,44357.4084320524,590131.1715958044,6495.75515712555
GTEX-11NUK-0011-R11b-SM-GLDV6,0,15625.2258059381,0.0451696019043056,22.8954800175493,232.40650327659432,136.474926570843,962.517657696403,650.1204767636218,282.42849687137
GTEX-11NUK-0011-R3b-SM-GM3HS,0,6800.99578225035,0,4.50053953607178,28.5409849263654,70.5000060202508,783.17718899786,1332.6119074241276,364.797453282442
GTEX-11NUK-0011-R6a-SM-GJE5F,0,13990.2352007342,0,27.3890368077134,140.51238012357166,249.801969751958,841.081610016541,2350.1180083211107,662.741570089486
GTEX-11NUK-0126-SM-F1KOX,0,79021.7667804637,0,32.932540389655,270.485522603159,151.61672520621,4109.2835079692,14524.88365346031,1244.05792648512
GTEX-11NUK-0226-SM-F2UMP,0,13795.739125654,0,6.9371081682784,86.643925714998,89.7489463154038,1331.87478515693,6505.027413820114,282.393234285981
GTEX-11NUK-0426-SM-G5R2J,0,52644.0336685682,0,217.225316320837,1700.49041074328,490.755838464608,3818.3110071219,15094.724238887218,630.105077244483
GTEX-11NUK-0726-SM-GEGQJ,0,36794.6022510258,0,48.2902628201433,146.397150764687,95.0244721515559,1689.69387145438,6488.738290522881,303.46460101331
GTEX-11NUK-0826-SM-EUKLA,0,29358.3110125951,0,77.1347521858224,409.166748073347,376.904958515074,3728.52736655351,8866.39716032623,1151.40411596685
GTEX-11NUK-0926-SM-F5BBZ,0,17715.6175834771,0,32.6186917905576,137.4066347843858,104.775269656149,2922.30406388515,5290.745152761164,435.952399514462
GTEX-11NUK-1026-SM-EUKLB,0,16798.6404545956,0,94.7694045372755,513.167940993885,376.534106447384,3372.70979518762,8078.588273807831,1039.91831194968
GTEX-11NUK-1226-SM-EB7JF,0,9858.9809394929,0,105.81492666236,487.5703206691222,680.461090374167,3359.654942509,15872.497225780993,975.052911183449
GTEX-11NUK-1426-SM-GJCP2,0,14359.4677856118,0,34.7135916191021,204.75800223920083,183.265411466752,1605.22380900225,3583.6071721959424,622.540196526068
GTEX-11NUK-1726-SM-EUZD5,0,39562.0338485122,0,7.78628748637135,24.5851502392006,64.8178945853608,2230.74096527872,8160.17853866037,693.628752664733
GTEX-11NUK-2026-SM-F1X9C,0,38209.9367783093,0,84.0719022616649,360.49665390760185,274.098859625763,5180.25364554653,8399.019013756264,1083.79142857525
GTEX-11NUK-2426-SM-EVR81,0,33639.4909391398,0,28.1083305115259,219.94685104309,355.659929596567,3017.89344254022,8090.3381578378285,1506.43490719557
GTEX-11NUK-2626-SM-F4GOE,0,13512.9496967369,0,664.880708067812,1670.1612675160789,1701.49609047028,2686.66311239403,6925.668950101966,893.609950222318
GTEX-11NUK-2726-SM-F51GB,0,55701.0165554963,0,49.7471412317792,309.717184477087,199.038794727591,3062.30940646625,8463.918355066544,461.479619462606
GTEX-11NUK-3026-SM-EVRAL,0,27904.0525314464,0,7.99701099990839,54.2295115129227,64.1121093043154,1337.91922558224,1111.945725427649,357.146903048932
GTEX-11NUK-3126-SM-EUPBC,0,14183.8881544376,0,36.6320762476954,178.34112802752193,89.8250004838675,1885.53045265197,4230.010161897544,488.654365174203
GTEX-11NV4-0005-SM-F3JA5,0,6857.89369038751,0,3.42569428964537,34.3764820841075,20.6046747729514,83441.6851010855,456086.1304401653,754.001792797142
GTEX-11NV4-0008-SM-EAVLA,0,18225.7025827698,0,722.23731850616,724.0592505159518,880.747285939469,3829.16330202227,7203.371262368142,1424.16263815486
GTEX-11NV4-0011-R11b-SM-GLFV3,0,16520.5720964003,0,11.0687149071653,90.99607670054942,80.5494786916841,1201.1576347397,797.1866301194734,219.453190758233
GTEX-11NV4-0011-R1a-SM-GM5M9,0,9244.08227746643,0,10.8014990135603,72.75790354359955,156.993561171235,893.977432244182,1794.4659815001073,446.198566132415
GTEX-11NV4-0011-R5a-SM-EUZC1,0,10964.4410205538,0,20.4671745118559,102.41999899923374,196.819593524039,898.074689144252,2184.1875504017953,529.686636722092
GTEX-11NV4-0011-R6a-SM-EV6TX,0,11929.9812462473,0,16.1779809501022,117.55727914721686,202.416590114144,589.318987918315,1536.7780172064924,486.930068070458
GTEX-11NV4-0011-R7a-SM-EBNDF,0,9573.12180096324,0,26.8946107995477,254.54139164453898,256.476176931509,882.230132339191,1947.2639820811683,542.902313669414
GTEX-11NV4-0826-SM-F2ULB,0,17150.1901036501,0,30.7708041810432,85.6946965157514,191.337839436835,3529.81887448482,13750.0522137096,1128.5759085622
GTEX-11NV4-1126-SM-F5WG8,0,36046.53843847,0,59.7655229096057,250.81141963902553,192.417185907562,8384.68756261889,10935.837884921453,920.36560094518
GTEX-11NV4-1326-SM-EAVOU,0,26890.1839769175,0,121.422167701646,468.266744132666,752.143676682082,3591.70586983207,21150.245565211037,1967.87628170275
GTEX-11NV4-1426-SM-G5KD9,0,58581.3735218321,0,209.919971676891,1135.89432019858,483.531068960003,4440.56887069256,6341.40322355769,1043.7740190952
GTEX-11NV4-1926-SM-EB7IE,0,11445.0794462033,0,14.9105058899585,146.563426986712,92.6507990219756,2015.07401853273,4621.391347647047,279.405266008141
GTEX-11NV4-2026-SM-G5R1K,0,56187.5043757409,0,142.635898765744,1164.0091268712,378.656081907334,2674.26001296274,4431.8105097101525,697.80524352473
GTEX-11NV4-2126-SM-F1CO3,0,17679.1414583888,0,19.5134556278405,153.402990326162,157.933712559475,672.263152887892,1886.1699927405677,833.731826450133
GTEX-11NV4-2226-SM-EAW5R,0,49643.1631305301,0,3.22664621037926,35.8908386526134,52.2949595935155,1905.18874737894,2026.45711912348,566.714517894129
GTEX-11NV4-2326-SM-EAQ8G,0,12363.7799951898,0,26.218355406382,147.884952982819,50.8970211426573,2004.08090531443,3368.1394961268625,316.913842757048
GTEX-11O72-0006-SM-E9MCQ,0,38173.0312719922,0,7.90635030780516,257.064852825824,53.352913181637,104535.135815122,237010.56942748884,4163.82397379403
GTEX-11O72-0008-SM-EXKU8,0,24947.8904265799,0,1015.23096582012,705.0348906326326,1216.68264000886,3277.58201311871,9186.221960598745,925.619147168644
GTEX-11O72-0011-R10a-SM-GLFYE,0,5167.49801973171,0,13.2555278817801,45.4504378430046,68.3179906191564,458.237383781131,1075.21327812442,333.456252080122
GTEX-11O72-0011-R11b-SM-GM83G,0,17025.0467466886,0,8.47976965324438,30.3540055473287,80.9602190157127,759.999183205306,652.0523217557143,266.37138328672
GTEX-11O72-0011-R3a-SM-GLFXM,0,12042.5870066925,0.519362250592374,18.071619464292,261.8120558723605,172.508639190571,555.407293808264,1125.5026757512815,399.158732662598
GTEX-11O72-0011-R7b-SM-GM5M8,0,11105.446148166,0.127325878718482,15.4358299403772,106.37675136778253,221.802375827378,805.285294178446,1902.358293139188,618.558026978058
GTEX-11O72-0011-R8a-SM-GLPTE,0,10295.2733868133,0,29.791300348078,368.66485088568663,286.128708845547,814.661679256767,1773.2038949894836,467.277979112855
GTEX-11O72-0126-SM-EUKK8,0,51731.6883237845,0,72.0830229406214,360.712910013497,354.462587963334,3206.39236388716,10340.319417509592,744.344643115805
GTEX-11O72-0326-SM-DECRG,0,25394.9659749876,0,5.94847885846976,28.3011255104752,58.2182753847452,2289.15691451371,7747.8775541492705,198.561503742051
GTEX-11O72-0426-SM-F5WEL,0,21671.2196870997,0,27.9654358258709,124.54062019924652,96.5505237291078,1407.95354612599,4019.3731704648753,281.429133001177
GTEX-11O72-0526-SM-GAPM8,0,41529.5382954386,0,49.488140933208,332.130544176269,163.026813323597,3187.97363264591,6191.206531345395,295.124081047342
GTEX-11O72-0626-SM-F3JIB,0,44092.8461955885,0,54.3893604457193,424.893311416501,252.174638017062,3640.71803109111,11049.62868723211,915.913431170883
GTEX-11O72-0726-SM-EBB7R,0,13665.1615401887,0,104.376299454723,368.0935573788033,631.642115827797,2222.45746464141,6861.171822163863,591.599638773749
GTEX-11O72-1026-SM-F1HYB,0,25226.7088034039,0,70.6720182596499,227.717693619895,221.437560463679,2553.15240978398,6201.595020438463,958.847470670699
GTEX-11O72-1126-SM-EV6TN,0,25975.7922000887,0,36.939507671299,194.30215251554,194.304865046018,1792.07952462914,6706.990843214335,1015.40740515734
GTEX-11O72-1326-SM-GEGUH,0,92637.4092856017,0,153.136493613598,413.417921734188,290.863478874779,8996.67495017438,21732.169985396486,1416.4372499488
GTEX-11O72-1926-SM-F1CLS,0,12860.1845160258,0,19.7272315675733,141.47603248313953,107.466810211908,1332.27249521147,3222.1619603163444,587.342271841478
GTEX-11O72-2026-SM-F1HXR,0,26662.2195816338,0,17.3675173710271,88.2010731009717,72.1574428759874,1297.45915539447,3010.419414822514,323.439072623746
GTEX-11O72-2326-SM-F2TXY,0,28748.0346354545,0,32.3020441787223,254.037610547309,156.982755521279,6583.35137799634,14424.725823941888,884.593378366988
GTEX-11O72-2526-SM-GM3E6,0,24179.4695767351,0,4.50111701143045,66.2156393918493,51.1562496764319,1490.13894241129,3639.557942338285,484.83487870002
GTEX-11O72-2726-SM-EUU23,0,16789.7619615721,0,20.6904158227318,123.03475885700604,84.344799035977,1479.06363542186,3831.5920148619934,404.669610789371
GTEX-11O72-2826-SM-EAW5D,0,29457.0228909454,0,5.22413744160259,18.9716085196141,22.8796177914135,1232.38727065095,795.3038280829146,316.093716000586
GTEX-11OC5-0004-SM-EWR23,0,139.574498003419,0,3554.47104713165,5596.734399267018,9068.050905005,9189.94653809158,22246.845906704577,4465.86098849877
GTEX-11OC5-0006-SM-F4BEX,0,7581.57803882209,0,0,101.491784889142,33.7768441579757,54952.9639712521,487546.232454099,321.402514631139
GTEX-11OC5-0008-SM-EX3Z8,0,15171.9349552748,0,1656.45037491745,1392.858150773989,1894.52093031685,4109.51158612428,7556.876365495261,1457.61468217647
GTEX-11OC5-0326-SM-F1KEI,0,21672.0092683351,0,13.6705420253896,36.8295951042923,123.80935756783,1166.93655399978,8273.763719068473,233.202397021389
GTEX-11OC5-0626-SM-EVLJ5,0,38918.956191841,0,8.16012537733216,40.8513835161582,63.3842010055074,1560.66522113915,1262.150866408918,402.602949891396
GTEX-11OC5-0726-SM-EUKP8,0,22281.2564658594,0,18.4032726768244,113.3580467311226,141.995168028279,788.394676859949,1715.415449049856,720.504795138186
GTEX-11OF3-0006-SM-EAW4S,0,80782.2131381963,0,6.40432830870381,12.7630506523348,8.4776308887337,57597.5178975389,335338.42022733437,9303.46917861815
GTEX-11OF3-0011-R11a-SM-EUKPH,0,14347.5288861799,0,4.63709443068501,66.4989302319834,69.1663360873025,965.311794799065,837.4587093513767,242.770119430728
GTEX-11OF3-0011-R1b-SM-GLFYD,0,4582.02192606844,0,2.83084426331243,24.1976219009089,46.380485138535,762.069248841924,1216.10217928591,252.374058262443
GTEX-11OF3-0011-R3b-SM-GLFYC,0,5194.53788312201,0,2.94447418001599,30.497742127806973,65.3292480746741,494.551486372995,983.914027346536,302.399811014267
GTEX-11OF3-0011-R4a-SM-GM5RI,0,7352.89213813817,0,10.7680711524488,99.1965172255605,143.037439029932,580.575728121753,1094.894772496838,388.7723051263
GTEX-11OF3-0011-R5a-SM-EBLWY,0,9791.1259150974,0,16.3449600986933,189.540408833266,234.049033699038,631.7258712145,1545.08945805315,430.433135911509
GTEX-11OF3-0011-R6b-SM-EUP7I,0,12604.5302147848,0,16.6944564450191,184.066107033414,322.268655062245,758.782168950673,2402.37826979633,636.992143769195
GTEX-11OF3-0011-R7a-SM-EUKPG,0,13082.2550299008,0,22.515744043899,189.016532200076,324.396568160616,1206.89389463462,3174.943083769103,770.969814123101
GTEX-11OF3-0011-R8b-SM-EUU59,0,7174.92949548603,0,18.1812401969454,54.4801465511413,121.772027383401,702.583601859123,1838.2351007390412,388.139488966661
GTEX-11OF3-0126-SM-F51E4,0,53862.9239013094,0,46.3810491200633,533.2173146837522,177.131906480747,2749.08076283081,7787.869452511774,393.417018127673
GTEX-11OF3-0626-SM-F1KDG,0,29655.1980353752,0,89.7563333697928,266.830451380872,206.169278838909,4407.43108757371,9249.820746762216,782.288084171274
GTEX-11OF3-0726-SM-EUZBA,0,10765.8477345792,0,99.9864920407983,270.214035716832,394.562494481514,3420.41859813498,13505.70575771204,851.185745496275
GTEX-11OF3-1126-SM-F1KN5,0,48293.5623239684,0,164.626907000963,994.862164204123,605.970520033607,6860.48792605255,12729.972079701329,1932.7382701012
GTEX-11OF3-1326-SM-F1RNO,0,46967.0962905084,0,44.2641435883739,217.888088249701,295.674565168923,3525.96739281799,8629.914266042128,1701.49810160907
GTEX-11OF3-1726-SM-EUZ1Y,0,14621.7301519089,0,33.4999804403064,139.484236503985,90.2349339434404,888.128033444622,2964.937004561415,358.252739161649
GTEX-11OF3-1826-SM-EAINH,0,19918.601233938,0,157.995291865942,355.143581899036,580.087499402423,3274.8256089344,11121.457371928358,931.870598569574
GTEX-11OF3-1926-SM-G5R3F,0,45522.9098261892,0,60.328734573678,456.068170816639,244.717672741044,3435.20014934598,4461.754075335025,516.042082708584
GTEX-11OF3-2326-SM-F1X8D,0,13707.1552041172,0,32.6734453425188,138.24404299090725,117.772878038765,1101.24022492949,2560.589364391418,367.677947381087
GTEX-11OF3-2426-SM-GADSQ,0,37723.8126250739,0,51.3496458580992,375.827744251038,137.957997797379,3797.84657242049,5448.494188333503,412.210921845156
GTEX-11OF3-2526-SM-EUKJM,0,11528.413857186,0,10.2382714774655,66.6282150884439,192.364676773295,1045.37586991467,5186.801856678664,380.781736342378
GTEX-11OF3-2626-SM-GEGU5,0,60780.8184040538,0.772125176945849,70.4335745175978,218.99916932938393,161.378411762536,3794.12737342325,9972.874356747954,516.753440503003
GTEX-11OF3-2926-SM-GJYL1,0,29372.5973779905,0,6.8242534059152,26.6288966493055,30.7454217843651,1457.17340421331,1578.0892127002485,323.826146089444
GTEX-11OF3-3026-SM-EV6WT,0,18387.1213506801,0,40.8303042977747,232.1118865132159,107.099298301688,2016.23406142971,4029.9398839206515,472.277610555243
GTEX-11ONC-0005-SM-EAW6I,0,29801.7405859357,0,80.7843962226997,1708.82591957245,123.022946505671,63191.0634947787,249215.9280174725,6015.60496993634
GTEX-11ONC-0008-SM-EWF6V,0,18013.4387192485,0,1161.89564471863,1512.9270487669012,1877.62878196914,5310.74553799219,6553.084215065736,1856.70352653233
GTEX-11ONC-0011-R10a-SM-GLPRK,0,15596.5316398001,0,37.4086558828767,253.001655788181,267.196380036468,868.896706135771,2502.249056458447,582.233178359897
GTEX-11ONC-0011-R11b-SM-GLDS1,0,15455.9865046719,0,17.5134302126399,162.191336311087,109.000053115064,935.7970571354,588.0783896604794,257.892962391344
GTEX-11ONC-0011-R4b-SM-GI2S9,0,10618.3676081566,0,17.3783879335348,80.22012603062872,253.757642176632,800.994865075269,2236.94460966059,475.896851342896
GTEX-11ONC-0011-R5b-SM-GKBBP,0,14227.3943729392,0,17.7778416266629,122.28111168084484,275.713115557229,928.312212587353,3322.983482360887,521.110760091
GTEX-11ONC-0011-R6a-SM-GJ4ZT,0,9766.76815663268,0,10.4626573058348,105.035156365126,213.529481377867,622.8999841624,1720.2177950526257,440.178172964637
GTEX-11ONC-0011-R7b-SM-GJMR7,0,13085.9130947824,0,15.7721072658832,120.27182015276793,252.450645029741,1288.23182010665,3144.433603809615,689.704892600372
GTEX-11ONC-0011-R8b-SM-EUKQJ,0,10280.7432391118,0,31.5582402527192,220.90764070343596,316.941710044252,952.28597179383,2734.165780333183,602.795665995396
GTEX-11ONC-0011-R9b-SM-EVR7Y,0,21104.6517488108,0,41.4719550552064,352.66977997528,557.884457268059,1215.55989503927,2946.259134682144,894.588555660684
GTEX-11ONC-0126-SM-F3IRC,0,18010.4525320003,0,29.6928614914987,151.783138470222,252.999755680932,2021.40575029268,6816.983006812605,1071.43664576774
GTEX-11ONC-0526-SM-EAVNI,0,24325.03395406,0,61.2540223881151,353.803177549451,97.9651954558572,1614.71115656314,4684.032089439507,263.238920454953
GTEX-11ONC-0926-SM-G5OQX,0,21836.5221513038,0,116.514637657362,917.8647586644189,390.168831348647,1101.38332537893,5557.78423070991,498.156386560136
GTEX-11ONC-1026-SM-G5KDU,0,15726.4825330319,0,76.2835873120018,597.382060438341,360.998793342217,2551.88701477805,5725.42490771895,1058.77879637461
GTEX-11ONC-1126-SM-GB1WE,0,14735.2154879761,0,20.9485332667956,131.94365865636,63.6188092982785,2269.40397240941,3965.1582174394507,343.030619335039
GTEX-11ONC-1226-SM-GM83V,0,25492.5047297387,0,35.7334692760409,61.0292096471325,84.1131668899889,2356.65934060881,4061.6135788601473,395.728714439296
GTEX-11ONC-1426-SM-F16CS,0,20707.0608147586,0,41.1282929343163,180.89949854438743,126.429939709116,1183.99520639401,2312.270737709282,416.612736168227
GTEX-11ONC-1526-SM-EVLKM,0,27570.518111009,0,82.5816649989781,355.94619547281,519.280785054524,2792.34473401327,11268.34903707261,1189.83206298398
GTEX-11ONC-1926-SM-EV6X9,0,11333.450829503,0,39.9920693479795,233.08272663329836,186.680923146695,1387.82118676492,3690.80101906639,720.708621244565
GTEX-11ONC-2026-SM-F55H9,0,32938.6763686137,0,48.7714452124271,238.2643483988042,145.058386124092,1771.4794042512,5652.5074663167,481.452302796138
GTEX-11ONC-2226-SM-DEUS7,0,14039.0908439478,0,33.1556418564003,66.20281059906472,183.379464960949,2224.78687116948,7658.668996874241,402.508085978277
GTEX-11ONC-2326-SM-F55PA,0,54797.3582469974,0,116.953969983548,663.1530949631191,307.216980819806,3313.68207614317,12767.775080368945,517.171204508676
GTEX-11ONC-2526-SM-G8KQV,0,52009.5784972975,0,67.8110805517942,351.775476044002,165.691391308432,3751.78781999767,6792.18111416212,408.994257646294
GTEX-11ONC-2726-SM-G5KDG,0,19962.5031577376,0,106.898951489075,778.4686881288762,478.217964561485,2578.86957232972,6294.092199033748,804.049843455445
GTEX-11ONC-2826-SM-EAVPT,0,16968.6850928461,0,34.9068280889643,114.447670380126,32.5571158970954,1693.03437702695,3672.5736056892238,346.124261926413
GTEX-11ONC-3026-SM-EVLRX,0,31800.6816936942,0,6.64900994787666,53.3188223586193,45.9055163704326,1400.41526112574,1173.38745042339,294.225443575849
GTEX-11P7K-0003-SM-EXCPE,0,530.226899095204,0,2311.46893185564,2664.5819441423546,4526.09824176822,6696.76343743857,18050.651651264394,2598.43764937975
GTEX-11P7K-0006-SM-EBB82,0,9760.3479639503,0,2.48760437284237,75.8969429185054,20.1293689370186,52949.1284991865,606931.969426589,2362.39686198603
GTEX-11P7K-0008-SM-EZHD6,0,17326.6347051462,0,1963.03211208708,1199.2083283991478,1890.87244753009,4496.03864880172,10988.796834250536,1591.37040558881
GTEX-11P7K-0126-SM-EAYX8,0,41053.9019053072,0,64.4135009648808,162.83142203519958,159.928680755556,3019.23291558108,6656.775686636687,858.414341762921
GTEX-11P7K-0226-SM-EVLJ6,0,15830.3584279784,0,71.5345141441025,258.896027357494,156.653729272771,3167.3232370867,6452.906236076358,636.942582820209
GTEX-11P7K-0426-SM-EB7HE,0,28592.7135282704,0,127.479782358434,549.069271128099,1008.87860309684,9198.27191792887,17965.187131526378,2234.5762323925
GTEX-11P7K-0526-SM-EBB7K,0,8972.57185128893,0,19.1150039955402,147.242289264285,68.3604363835038,1101.65551814863,1986.2047784428921,122.116778817818
GTEX-11P7K-0626-SM-EVLJ7,0,17472.1475613419,0,41.6690056267395,358.3421911678492,190.923167780692,1480.33474712155,4667.522344994226,613.554680593343
GTEX-11P7K-0726-SM-F16BK,0,19901.5398173134,0,12.4976399732809,70.38310094648452,49.393597494554,1827.88635683892,3812.1752367477866,161.318135936865
GTEX-11P7K-0826-SM-F2UL1,0,44296.9268233224,0,78.3514430682036,482.036063760906,360.504801667688,3618.96113146407,5890.966014012212,989.335587670874
GTEX-11P7K-1026-SM-EVLQP,0,34775.0666516123,0,77.9391181484629,250.41324595558302,318.213329437218,1908.64855469247,6975.220397731478,458.986968558183
GTEX-11P7K-1126-SM-F1XAK,0,66897.1202709034,0,71.3259218018114,356.7474105197693,365.973861339734,4185.1216784485,17142.859791041526,906.707812955191
GTEX-11P7K-1226-SM-F39ZK,0,10422.8451937363,0,24.686976069396,123.146398087314,132.905173949101,1330.595947827,2426.4087885954623,404.501999026695
GTEX-11P7K-1426-SM-F23PL,0,24716.1627665691,0,18.8435376961289,80.1808218152937,119.950427614955,1679.81422131458,3480.6515755130495,351.273023070911
GTEX-11P7K-1526-SM-DECR8,0,7731.33565030492,0,22.0818429748756,54.1441565155782,168.113250047678,2177.15123587148,4243.698688919273,747.40886598869
GTEX-11P7K-1726-SM-F5WFI,0,31509.2812728155,0,19.1203698608151,87.6015650244298,70.3994008324596,2193.55878952635,3638.1411709137406,239.765405921626
GTEX-11P7K-1826-SM-F419H,0,17385.3328481619,0,14.225215757361,112.384273123005,69.4087593112623,1429.72762383076,5375.260435329254,369.135121784159
GTEX-11P7K-1926-SM-F55OK,0,18835.876007211,0,8.45613874825268,20.6395761606057,114.966724643419,1112.90905986306,4344.7911578476505,240.653818753633
GTEX-11P7K-2026-SM-GADV3,0,43208.135599606,0,39.9808582700545,248.88266929442,249.573827934457,4291.25965339201,6238.5849377945615,616.99649409926
GTEX-11P7K-2126-SM-GAPO4,0,40961.198826941,0,23.0432234053076,363.804880646461,259.805069772917,4011.80237171832,10197.602470014983,611.792739322196
GTEX-11P7K-2226-SM-G5OPZ,0,48289.0002861364,0,181.986083028597,1297.20845508358,592.179400586777,3305.32344141267,12109.586755887118,600.476087714521
GTEX-11P7K-2326-SM-EUKKO,0,16992.9525641367,0,37.9989038241804,231.12899087538,155.240791079701,1430.44188013203,3940.0552841854646,398.833692004577
GTEX-11P81-0006-SM-F1HYH,0,4126.6393660336,0,2.4854590632868,19.9758136297162,4.946790441713,60800.983956097,683301.7803107349,728.879615575002
GTEX-11P81-0008-SM-EXKYG,0,22744.0852622199,0,2184.53851453058,1059.6326853002752,2212.03824353406,5384.94652226353,12769.212622554318,2028.93101668856
GTEX-11P81-0226-SM-F3SYL,0,24906.1711520871,0,77.9733862922289,365.055551173511,332.65342112088,4504.4534402803,8366.464460109144,1569.81293419165
GTEX-11P81-0326-SM-DEUQT,0,11522.8183517221,0,33.154136148819,64.1143114638554,113.373778091218,1642.33768259454,4160.604805260111,190.197488988657
GTEX-11P81-0526-SM-F4JBP,0,23605.0563812137,0,59.8937425218413,185.28878406407964,368.170372871065,1811.04169891342,7881.532892012905,751.848082435869
GTEX-11P81-0726-SM-F55N9,0,60223.7878948735,0,43.4774069120259,190.80362050331775,223.502075580208,5015.11309790012,7745.323909161019,666.481642786783
GTEX-11P81-0926-SM-EUZBS,0,14033.849035935,0,14.9303437747724,39.2358279999639,69.9780553226284,1104.1684882341,3009.1765217959037,362.771519817083
GTEX-11P81-1126-SM-G5R2Z,0,7860.18287658498,0,13.5475255329201,126.858841294694,117.233525977985,1798.52233724924,4136.626724064552,350.373894779643
GTEX-11P81-1326-SM-EAYYB,0,48395.4786335438,0,157.893690315895,542.7085803790746,880.221928542847,10169.3371369588,20856.22317124524,3567.67022102614
GTEX-11P81-1426-SM-EUZBK,0,14461.0489644342,0,22.9481668754811,156.6450290952913,79.2885074997922,1187.50511874219,3438.24569663327,349.549173409369
GTEX-11P81-1526-SM-EAVO1,0,30639.1740309523,0,82.9787713067871,427.34941084280433,141.100713815604,2590.95036513486,10192.550679599915,259.600020737488
GTEX-11P81-1626-SM-F2TXZ,0,22352.2114008783,0,43.187386641627,189.545422159396,129.976693764652,1773.16053565087,4406.101909517969,331.180185143233
GTEX-11P81-1926-SM-F4JB8,0,58510.2369568601,0,159.688489469638,752.8916517826337,369.514447149437,3668.46510574443,12081.25943523385,733.105917913545
GTEX-11P81-2026-SM-EAVO2,0,28196.8587047449,0,76.4781224101788,249.252184843125,167.041990348101,2328.94365859113,6036.036235772857,647.095066214123
GTEX-11P81-2126-SM-EUP9Y,0,36357.8007386408,0,98.6409415559218,260.668331175716,387.542686439507,2584.64392252182,8617.89275924822,711.519071018081
GTEX-11P81-2226-SM-F4194,0,59202.8127701321,0,72.246873433055,579.3460978611122,261.686257848175,3791.33974458863,13114.30579477586,821.168911387041
GTEX-11P81-2326-SM-GB1VH,0,44440.2884991916,0,74.5696413460192,600.241009724598,301.600115023932,4211.22627460824,9372.726973323646,544.400417904022
GTEX-11P81-2426-SM-GEJH1,0,97440.44380143,0,39.9707128386467,114.601719660931,107.651982655391,3948.63676584788,7943.17840671414,368.228566309961
GTEX-11P81-2526-SM-GEJGJ,0,20917.6239282898,0,6.35923369430107,12.6424560742594,54.8010346573405,1035.77138708956,4730.131636580456,176.278807255961
GTEX-11P81-2626-SM-GAPNN,0,65210.5853347985,0,88.9613390528572,546.420877932279,161.250305242574,3233.64790549301,10485.83757016539,315.951253808651
GTEX-11P82-0006-SM-EB7HS,0,5012.2559055923,0,3.87382192935126,88.8298702786084,42.0355028133692,48029.9553492759,633316.4182507619,2080.73368635862
GTEX-11P82-0008-SM-EVYMJ,0,16312.0636842649,0,1268.16995075739,959.4951586821221,1668.81018204755,3480.43641442144,7356.968752632459,1215.48732146638
GTEX-11P82-0126-SM-DEUQU,0,23034.2327619861,0,10.2975959540003,27.7464434286765,46.5863137633362,1127.34119741617,3179.619584474258,169.347755206231
GTEX-11P82-0326-SM-EAL3Q,0,46243.2983568161,0,101.542790934339,379.8567997570618,494.606258098059,4181.43248947282,10792.305414059127,1091.60071694257
GTEX-11P82-0526-SM-EBB86,0,22555.63696511,0,63.4162617040058,387.439975689534,694.089371793279,2989.07858170525,15783.966757451342,1259.57188076752
GTEX-11P82-0626-SM-F4VQD,0,22073.3039823021,0,22.245817685329,143.03977276030975,219.637038180636,1981.61829028988,4185.531597129409,484.03576028641
GTEX-11P82-0726-SM-F5WDZ,0,34302.3646305532,0,23.9608964274206,76.669325447543,58.4422218563056,2059.47497195816,3042.0788360486627,227.605862645706
GTEX-11P82-0826-SM-EAVO3,0,19985.1410786908,0,181.688781733507,922.154834128565,889.613911795888,5187.49286235831,16335.615027319785,1952.51882165895
GTEX-11P82-0926-SM-EAQ85,0,21293.2133713369,0,66.0217477057984,218.15352248796,210.981833418981,3077.79534909533,6426.443647524792,554.610452951823
GTEX-11P82-1026-SM-F3SY6,0,15003.018876472,0,124.526644346619,406.2434662109042,838.106565090794,3508.75290212613,9714.729523897406,2691.91557434949
GTEX-11P82-1126-SM-EAQ9Q,0,21980.2992713862,0.340891818796945,50.2200909988965,402.72586891248443,208.131018562554,1578.82959815322,5160.041849454476,569.791407725873
GTEX-11P82-1226-SM-GKGMN,0,27764.0542159216,0,65.9109432826063,202.78375248905,210.914583043626,2627.09326191449,6808.648461327713,586.015724825677
GTEX-11P82-1326-SM-F2TY5,0,34186.0518505707,0,53.9475716953388,322.628634465287,274.513291069706,2950.45817986026,5417.633727415787,721.394327079535
GTEX-11P82-1426-SM-F1RN4,0,65677.6889578795,0,99.1834720317934,603.243035229541,265.771037281407,3409.9338800967,14517.121756323846,713.883606367609
GTEX-11P82-1526-SM-DECRU,0,16271.2064623897,0,47.4780427634299,83.76300578292283,343.12086941673,2280.34500017296,5815.077689742389,552.688113307702
GTEX-11P82-1726-SM-GEIZW,0,65535.9590458482,0,29.5942189517878,92.6022308807826,74.5219019594287,4378.15547467221,8526.233344461167,395.497887281371
GTEX-11P82-1826-SM-F1KMU,0,12198.8635821683,0,9.54610467233359,54.7340736315809,126.09505337185,1032.22980378473,4274.995808033533,296.034388198877
GTEX-11P82-1926-SM-GEUYP,0,94013.0467001262,0,153.110904392439,382.686237791865,334.8258380624,13486.1953363667,32819.680904785586,1655.56641331812
GTEX-11PRG-0005-SM-F41D1,0,84317.7022456105,0,0,39.0722073400024,0,30664.8869071664,202765.05373059018,2815.61431314836
GTEX-11PRG-0008-SM-EVYRW,0,16586.4827336834,0,1283.95729572308,1341.741506012002,1678.04022907752,3636.89154155982,7392.513906987498,1264.9407062622
GTEX-11PRG-0011-R10b-SM-GHHOK,0,9479.36574018077,0,4.95936095140628,38.6117042734403,77.5157407143991,600.029501186471,1051.4943731805683,349.88094241846
GTEX-11PRG-0011-R11b-SM-GIRBL,0,16474.6549362727,0,14.9668024094725,48.285013186898325,66.1095607035603,852.750282461133,840.2804232477415,170.592601926792
GTEX-11PRG-0011-R1b-SM-GLFV4,0,11226.1082055277,0,18.5395183386434,171.683361582125,205.3719583854,690.536902902319,1348.4720321352568,461.427355906134
GTEX-11PRG-0011-R2a-SM-EWYIU,0,15373.2052139137,0,69.9028045740572,517.3182238329294,477.854811417129,727.965252868039,2438.406954596924,838.943424744065
GTEX-11PRG-0011-R3b-SM-GLFV5,0,12052.1662926958,0,18.7978370846704,201.755483562727,237.385717250287,713.225158519304,1608.88810291196,513.027175088081
GTEX-11PRG-0011-R6b-SM-GHHOI,0,16560.2009927821,0,22.3376184539488,103.551845762507,278.149957067883,855.42922750688,2295.6761441743247,616.170115271462
GTEX-11PRG-0011-R7a-SM-GM5O5,0,5669.98641033382,0,7.16602057038723,48.7920814614889,84.1589103281371,750.562997778917,1432.2839812626223,296.627210313059
GTEX-11PRG-0126-SM-GEGOE,0,98570.8554364002,0,78.8862420614388,188.28519780469,109.264098181604,3103.83389132511,18020.214227224336,250.828634742158
GTEX-11PRG-0426-SM-GLDUO,0,22025.993416996,0,108.260001978937,543.2989505202293,518.974052834905,1922.45999563276,6433.511794130976,598.263151217589
GTEX-11PRG-0626-SM-GAPO5,0,56421.9804147598,0,98.8768692691511,572.1400150454333,302.434168399007,4170.68555129983,6355.542023329275,695.737767568129
GTEX-11PRG-0726-SM-F1KDR,0,69726.0965518938,0,124.115758662875,582.8519061495126,402.028298060259,3131.30556703594,10604.69299371466,1164.22709884228
GTEX-11PRG-0826-SM-G5R5D,0,43649.5396109708,0,180.460259501499,1462.2424528806641,463.440617175183,3493.46681470052,5826.043237831862,481.742582260504
GTEX-11PRG-0926-SM-EVR7U,0,34262.6775811405,0,116.144152123927,406.512224327368,295.591985458798,3496.95181787784,6851.303291429184,1188.89084744952
GTEX-11PRG-1426-SM-GMK2D,0,24725.1700289086,0,47.4780647198562,154.299253087678,244.573834069814,4478.27151534272,7657.83855719573,804.965457634016
GTEX-11PRG-2026-SM-F1KE2,0,20566.601127552,0.354646484383951,36.551471652204,140.307058782572,88.5948167126404,1189.80302030357,2072.6453875519774,467.463293076342
GTEX-11PRG-2226-SM-GIRA3,0,46618.6924438664,0,108.684183116877,245.06827464464,99.9857402255959,5868.05286804246,7257.611161786682,885.879805110538
GTEX-11PRG-2826-SM-EVR6G,0,43050.0542469714,0,9.1624987304297,47.0135330318136,47.0194114229705,1405.99790571276,1181.84785732231,258.84324802846
GTEX-11PRG-2926-SM-F5WFK,0,25203.5167416004,0,5.79655292827198,64.9866754622151,60.7216938855695,892.618794100274,2015.3690064669597,417.056311854217
GTEX-11TT1-0004-SM-EXHXG,0,194.244080978912,0,1856.48722689285,3397.1543908741705,4679.48480571032,6257.53057426016,17441.992515678896,2373.09264567311
GTEX-11TT1-0005-SM-EAQ9Y,0,6082.60658373739,0.546281251128354,3.3774972364853,146.30717510824,23.745398483077,97226.141730646,505425.28771620104,2839.1840031144
GTEX-11TT1-0008-SM-EXKYW,0,20214.4813104186,0,2401.8102489335,645.2263813279642,1749.6534528216,4610.80945998882,11762.762948341115,1612.35774929224
GTEX-11TT1-0226-SM-GMKJS,0,31705.120540094,0,30.9912451017425,85.9524761928068,148.413798204926,2625.86097665716,6341.439682971859,386.144246851261
GTEX-11TT1-0326-SM-EAYWR,0,12648.3421247849,0,25.470242225049,344.705398087334,110.466531271378,1562.2851470413,3129.5766341359963,139.681332071266
GTEX-11TT1-0426-SM-EAL2I,0,20868.4381484284,0,18.551863044789,87.8923022202406,206.600123137175,1408.16610329518,5665.930981985277,509.636034318378
GTEX-11TT1-0526-SM-EVR85,0,19489.375585543,0,128.242536395621,255.7477282842804,560.872680515514,2549.46975752977,10407.29961868333,878.914287183008
GTEX-11TT1-0726-SM-E9LPO,0,5357.06620205939,0,7.95451399152944,38.35390442857168,36.9579313937395,1492.54671812211,2572.4315010464948,150.152234110609
GTEX-11TT1-0926-SM-EAQBH,0,21901.9642298502,0.207512430657587,31.5716391173236,137.1729987405704,192.929694633903,2097.01920057422,7003.3379779277975,596.860844283038
GTEX-11TT1-1026-SM-F4GOT,0,40874.6163975243,0,506.861222629256,1116.77792516165,935.280469342278,6108.90701561328,17089.588222003655,1766.64639850402
GTEX-11TT1-1226-SM-GAT6I,0,41122.3082219398,0,47.4084317033756,138.16893647909166,101.734076204314,862.946251240466,9385.481799460968,207.441834960482
GTEX-11TT1-1326-SM-G8KS6,0,17100.8759700245,0,18.5731592785132,80.2927742205795,372.820461744971,2045.91659471347,9206.798996586465,694.652220084437
GTEX-11TT1-1426-SM-F2TY1,0,22063.5720848657,0,37.4645802474943,117.740416909846,326.597474822138,1883.72005827121,8198.825930177103,594.203215195839
GTEX-11TT1-1526-SM-GAT7X,0,33555.2799673726,0,28.4050678397959,77.6683270368012,57.950240438589,1486.21122854762,7726.767091157408,253.304363472707
GTEX-11TT1-1626-SM-F16CM,0,39463.7121966001,0,89.7560028572707,417.7937467395963,586.861773984324,4705.88529360884,13710.240175722898,1417.27583862287
GTEX-11TT1-1726-SM-EB7HG,0,9511.56403858403,0,97.6882921636108,383.80260226911656,573.578114251196,3189.33890162525,22523.849014959225,699.518459390624
GTEX-11TT1-1826-SM-F1X9K,0,71909.4205234188,0,69.9207189964152,310.157025601335,541.445889716211,4067.43046424422,13234.71283056061,1315.41623877672
GTEX-11TT1-1926-SM-F114Q,0,40046.0500196795,0,39.1733299042324,88.0861103932824,254.782264442991,2816.14276095556,7976.055139417205,650.330970127732
GTEX-11TT1-2026-SM-EUU2H,0,12049.25033488,0,12.7772453305419,79.4271716595479,82.9714990434284,1343.97063379707,6483.380057513179,337.299597656412
GTEX-11TT1-2126-SM-F1RNS,0,28053.5399762925,0,58.7418967905295,263.163480597991,187.390901290251,3296.20392590888,7464.989367456381,400.876055412672
GTEX-11TT1-2226-SM-DEUSK,0,13285.6219581271,0,31.4833921238107,83.02991795368104,242.968281948058,1981.12415515336,6210.436669447483,415.731579237857
GTEX-11TT1-2326-SM-F1KCU,0,15223.1183822762,0,3.67347509228276,18.4388107241782,115.110986852126,872.889441320753,6431.958512108342,215.179177684574
GTEX-11TT1-2426-SM-F5E1D,0,70406.6670764338,0,28.3947295812301,135.813653577967,221.34178839649,3809.71950422485,9552.133116426041,470.768965381061
GTEX-11TT1-2626-SM-F1KNY,0,54741.3110553429,0,77.637954056409,471.214202548488,258.803111638174,3147.11773943465,13485.94453266811,546.661887208111
GTEX-11TT1-2726-SM-F5WFB,0,11520.4290235147,0,14.8745304297986,46.9719562926509,54.8017368387686,1467.33824784978,4018.4107958482036,223.610115967644
GTEX-11TTK-0005-SM-EA5NZ,0,14040.739681402,0,0,34.3507157136063,24.702806664812,71704.0119457934,381339.2803176968,1255.4417712073
GTEX-11TTK-0008-SM-EX3ZW,0,17305.8729622715,0,1392.48124512465,1161.8687105255556,1717.60884004638,4799.69505913761,7281.291068046839,1546.28925421651
GTEX-11TTK-0011-R10b-SM-GJ4ZR,0,26590.5591100121,0,31.3047723422874,275.0014258413555,308.166590624955,1744.19122657508,3841.56540147328,1003.91466785828
GTEX-11TTK-0011-R11b-SM-GM3DX,0,11256.3345035605,0,9.4026114682319,52.16430586731009,75.7222196263625,971.339147923074,905.7778068811838,229.2023213476
GTEX-11TTK-0011-R2b-SM-GLPTB,0,18268.6867903387,0,62.4216896170052,604.8511800856743,376.532319825338,935.510322870718,2415.691273514992,643.496057273108
GTEX-11TTK-0011-R5a-SM-GKGNO,0,12268.904955379,0.151048706742725,24.6406355351302,137.40934790813,193.285129370908,610.467054567455,1851.5005099848645,389.875803620124
GTEX-11TTK-0011-R6b-SM-GKGNP,0,14934.9390285405,0,24.6060047717313,160.67395024053508,248.706882474924,820.341613279751,2334.175905725676,469.68780472408
GTEX-11TTK-0011-R7b-SM-GI2SB,0,8583.39994577593,0,12.3803735015989,61.7217933101687,110.387905009602,573.080320570819,1539.4898381595763,261.459128169926
GTEX-11TTK-0011-R8b-SM-GHHOP,0,19364.0438603477,0,35.1717203835974,98.8913886667992,184.754360645666,1854.94168679679,3462.999212708383,610.365231556145
GTEX-11TTK-0126-SM-GB1VI,0,30846.331131665,0,50.6726371386988,425.113857413244,139.914737000601,4287.56612783029,8621.297138099355,330.256093413654
GTEX-11TTK-0226-SM-F5WQM,0,44385.0043465876,0,76.137957245249,278.576154367816,148.455877099046,6408.7656174928,4897.249256471091,447.171381461923
GTEX-11TTK-0326-SM-F2TXX,0,12486.7491001758,0,54.0334152505032,256.23033201923954,147.181071724706,1653.7241721997,5856.486701822621,187.996781585397
GTEX-11TTK-0826-SM-EVYN8,0,21122.839474073,0,93.0203061989753,584.2834867049926,426.565831384606,3087.16428261102,7414.856038861141,1058.41650022128
GTEX-11TTK-1926-SM-F1152,0,66054.3714594431,0,111.307847249224,712.3021871142321,314.16213804711,3565.12135424239,7397.471064833964,1147.86685374053
GTEX-11TTK-2426-SM-F5DYL,0,22692.5416448318,0,25.6922608675876,146.910030616575,105.743206266674,2554.72038328043,3247.2927567935553,653.215316917376
GTEX-11TTK-2826-SM-EB7J8,0,26800.865938682,0,8.78383203843489,72.5459293995604,81.0982347043391,1280.21607027073,1440.4391193940357,312.984867935684
GTEX-11TTK-2926-SM-F4JAQ,0,27457.4352879647,0,14.4205801917333,140.31407547071,73.3739842917879,673.291676774505,2291.3082541981485,381.875375024867
GTEX-11TUW-0006-SM-EB7IG,0,3290.99520782745,0,2.49017179582062,67.9555988920646,17.5470233833908,138558.975291661,514777.1632775887,1602.85658597822
GTEX-11TUW-0008-SM-EXCP7,0,22831.4613773832,0,965.345532226222,944.1284879845082,1518.17634919484,3226.80562896092,5999.690997615606,1270.08964585259
GTEX-11TUW-0011-R10a-SM-GJCQ8,0,14498.9920071585,0,11.2340226844765,112.38879214186736,184.607656145478,630.23562443969,1232.4800047026833,553.784188393163
GTEX-11TUW-0011-R1a-SM-GJMR6,0,18484.247129866,0.227526863056424,32.332935763552,145.3914394811486,235.02960852691,931.435693995506,2296.3759049756068,740.370346252493
GTEX-11TUW-0011-R5b-SM-F5DZ6,0,18644.8118529638,0,22.6920515603477,101.96405973181896,198.980834039602,1285.09036120873,1581.368320286736,568.302590641747
GTEX-11TUW-0226-SM-EVR9Q,0,16853.5871350707,0,95.3585234579128,465.964053754323,300.350007417005,2406.89524724685,5611.276746431392,690.879277425824
GTEX-11TUW-0526-SM-F3IPX,0,38627.7379402825,0,61.3050825589273,395.710591167104,290.244236158217,4409.75447349192,9205.614261121278,1333.24059010315
GTEX-11TUW-0626-SM-F1RNI,0,54908.6297117755,0,87.3418940427878,453.54034608769,401.482628264984,2982.97166426066,10949.389786288164,969.17145851184
GTEX-11TUW-1026-SM-F3IRR,0,20692.220257054,0,22.880277678017,133.402662097379,298.842907938803,2644.4547892918,5730.830861444362,1392.79992234132
GTEX-11TUW-1226-SM-EBLX5,0,11347.1163727395,0,44.2269987972867,198.848799852871,130.566210130535,916.889591013729,2101.37307273413,382.823878776347
GTEX-11TUW-1326-SM-EVR9R,0,23107.7252697947,0,59.3299170683743,302.67373336842843,439.265324354942,2304.82566355119,8959.664620192085,966.409609430589
GTEX-11TUW-1726-SM-EB7IF,0,7486.92243254792,0,82.3667003140449,389.419171770931,569.2155538647,3110.39393926714,11914.431282223195,834.893639057495
GTEX-11TUW-1826-SM-GEJGF,0,94409.8845843849,0,38.813124203418,87.91376295414318,113.412765653404,3899.06582930759,9382.927903649124,506.461850602996
GTEX-11TUW-1926-SM-GJ4ZD,0,22327.1943748367,0,164.088045438072,724.113898354578,645.964450799646,6250.05409925389,13588.965994866947,1414.21321737376
GTEX-11TUW-2026-SM-G8KVZ,0,11652.1781948094,0,10.4980335226634,70.2602098086179,70.2632406931847,1361.30301481403,2890.5032097795124,357.983198842916
GTEX-11TUW-2126-SM-EAW5S,0,25346.4584597495,1.75061368254237,46.7077489649592,434.99406547147925,163.9122733132,1717.24251738665,4776.683374292848,738.941291742088
GTEX-11TUW-2226-SM-EUPAC,0,24661.8274412587,0,170.677745582339,236.443417647042,730.447283951462,3857.32459284384,12078.413058197864,1250.74099860922
GTEX-11TUW-2326-SM-F3JJG,0,10577.7698767115,0,13.7377366031291,90.16309416384368,73.614258980371,863.895065836995,2687.1567148937133,394.044411849133
GTEX-11TUW-2526-SM-G5OQG,0,4694.65593821075,0,11.5279920008926,33.3819809001525,70.814098885649,885.192809113852,3079.1280116584676,178.982902921124
GTEX-11TUW-2626-SM-GEJH9,0,90020.6023197269,0,69.5494079254456,102.65891965309,162.639526649642,6162.1664545383,15530.6956670392,743.329243200876
GTEX-11TUW-2726-SM-GEJHA,0,78351.4364593093,0,30.5584765348211,119.414579665569,107.738251447124,3250.25426671359,12144.29370532147,356.761298566364
GTEX-11TUW-2926-SM-GEUZS,0,68777.505580871,0,38.663910045416,86.84941234228552,94.4154583403729,2742.21272860525,9088.597077324772,307.946202784366
GTEX-11TUW-3026-SM-F4I5W,0,6844.56722889189,0,33.9412651534254,141.93070682088822,74.9167713551688,1529.6084384761,2935.99996596595,330.646524799261
GTEX-11TUW-3126-SM-GJE4R,0,44036.434654139,0,34.9140915351364,126.974751673736,111.088809538727,1516.20523309887,4053.25505037139,902.328400922545
GTEX-11UD1-0008-SM-EZHDN,0,11513.7218985972,0,456.921726899697,187.68508513094397,502.737688568647,4372.67372144559,6880.479161416073,859.333443867893
GTEX-11UD1-0011-R11b-SM-GM84O,0,18882.3554835149,0,15.2013498134651,44.372828769421,92.3058708433226,1091.20524663454,1109.3806523930693,227.052219232701
GTEX-11UD1-0011-R1b-SM-F5BAK,0,21609.2968383775,0,17.0447805434239,89.0597159611728,191.193818030166,1799.1385910059,4338.188485875735,690.116510816524
GTEX-11UD1-0011-R2b-SM-F5WEM,0,22115.1318159042,0,22.9564564401033,106.22615882416346,230.213716029288,1680.68686225242,3837.890288928462,681.808828539152
GTEX-11UD1-0011-R3a-SM-EV6VA,0,10789.1346382947,0,6.54997420896792,80.5785731270751,186.828604184983,524.580379882444,1215.6145188090327,449.968219686106
GTEX-11UD1-0011-R5b-SM-F23P1,0,17192.2607541036,0,20.0922797269504,120.693533191837,310.746014158551,878.500477890318,2343.3880969755196,702.204266149726
GTEX-11UD1-0126-SM-F2UKE,0,29531.8013711982,0,108.032875006552,1103.2199234720833,477.213408003197,4028.94477867815,8346.45514676321,937.695344754657
GTEX-11UD1-0226-SM-GAMYF,0,22678.6164254432,0,37.7581513402498,231.80400497215,161.18668056547,4591.29884585951,5756.6485791145515,594.500514715276
GTEX-11UD1-0326-SM-G5OQE,0,9058.72512773115,0,27.6314201089524,128.333109080548,55.2200828694161,2335.72166180306,5135.966415322071,222.946910418518
GTEX-11UD2-0005-SM-EAVNM,0,9327.9225104689,0,5.75391566154896,103.858910197331,11.4840003056208,105606.711876156,457597.7324764405,1816.57472558764
GTEX-11UD2-0008-SM-EXKUS,0,21124.2751700286,0,2460.19168374017,702.405669329278,1647.88797196764,4472.48205397001,10538.834690034531,1315.23601466629
GTEX-11UD2-0011-R9b-SM-GJJWA,0,23580.8051884211,0,12.525844347121,169.093906106631,343.845214536759,1529.54673987273,3563.28452271881,821.452464108624
GTEX-11UD2-0226-SM-GJCQK,0,50326.6013766016,0,111.815318511618,559.1973630698487,389.076509229667,4290.2429483828,11107.824824902547,696.627121344973
GTEX-11UD2-0326-SM-F5BAL,0,10391.5491628997,0,6.27926622849099,36.143389618373845,92.278774701127,1030.40955895897,4333.288130163792,141.216242282977
GTEX-11UD2-0526-SM-GADUB,0,14653.1407889156,0,19.749834141265,99.2800859173941,60.1840348477002,1950.0880652467,3932.9964785757356,191.363470168285
GTEX-11UD2-0726-SM-F51EQ,0,28614.5658111792,0,55.502758818174,316.027244485532,430.36290148831,6383.89060925936,11536.77174691973,1233.869680235
GTEX-11UD2-0826-SM-GIRBZ,0,22753.7826668063,0,37.0307131578651,140.02655966346637,66.3314619015618,601.277921425033,4741.423846365427,239.501443035837
GTEX-11UD2-0926-SM-F1RQ2,0,18004.4771273597,0,58.758356217941,191.942089770669,209.576927702111,2169.79135638583,4406.109425213128,723.738045615297
GTEX-11UD2-1126-SM-GEGS6,0,44753.300638268,0,28.7462779542176,114.993696815781,87.1945967594496,2206.03282130154,7165.262809543537,327.723376787544
GTEX-11UD2-1226-SM-F5BB4,0,14991.5761235357,0,16.4087013366831,72.3804876478607,47.9600238391897,1449.40002398246,2865.9182354007166,261.775071812951
GTEX-11UD2-1426-SM-GM834,0,19130.7218060783,0,59.2856567108864,191.527903607154,447.204553082275,2484.25847746641,5942.516669589297,686.430094292135
GTEX-11UD2-1526-SM-F414E,0,11360.4695635245,0,25.7049318154085,120.51909865212676,83.9542908081529,1022.81391337203,2494.433289434365,369.341505443284
GTEX-11UD2-1626-SM-GM5PB,0,13622.3980045001,0,133.373503567979,510.1872821883495,406.645506657893,3491.15250541396,8018.244411042136,849.5798793278
GTEX-11UD2-2526-SM-F5WQD,0,47709.8889013223,0,64.4526341024458,280.032198293699,215.522961125242,3929.66140412217,8236.431237958655,372.305316659272
GTEX-11UD2-2826-SM-GI2MY,0,13667.6636449424,0,60.1849675141902,110.669584893754,244.6425147385,1756.76756606217,4788.853540916322,299.466563229121
GTEX-11UD2-2926-SM-GLDSB,0,11855.2543996633,0,26.8411439281571,261.6588029970422,79.9868363330445,1689.86122846124,2599.2320624032955,285.678930775613
GTEX-11VI4-0001-SM-EX46Y,0,366.534987634926,3.18479972989981,2825.63449037587,3486.3267856764032,6517.73400642857,5819.20613466116,19688.637035214437,1982.03639945021
GTEX-11VI4-0006-SM-EUKJH,0,4422.55936931524,0,13.9952051872806,213.640025126826,6.94895011176724,75712.1176045712,636120.0766683703,1511.48679384685
GTEX-11VI4-0126-SM-E9LPL,0,17126.7489080164,0,64.5377173068803,360.65225738683137,590.371234063144,11685.0930396203,23833.061271910716,1516.89443522838
GTEX-11VI4-0226-SM-F3SZ2,0,10305.8269911998,0,50.9009350962077,462.4884693305379,275.957250092081,1984.1189819263,7056.815063071165,610.072811630412
GTEX-11VI4-0326-SM-F5BAI,0,29877.0026865237,0,20.5320612951139,119.517568955764,77.1639934419366,1775.10157086093,3213.3802228713403,248.294842725099
GTEX-11VI4-0426-SM-EB7E2,0,12109.7142251714,0,37.5726828363643,189.1272682005438,99.1705897003725,1966.71672410096,4872.2956544355275,286.956288900798
GTEX-11VI4-0526-SM-F51MN,0,23445.9035046626,0,9.01734476560878,54.2268658864502,83.2415430015334,2549.70927040336,5167.46055779449,351.215013817764
GTEX-11VI4-0626-SM-EVR9S,0,13535.3794980927,0,21.6524917615357,117.146170504113,117.148515801416,2387.33838919521,10385.763346394288,447.453847979616
GTEX-11VI4-0726-SM-EAW69,0,34831.3838025457,0,40.8345705683662,235.477327093347,165.951057815274,2553.35815506351,7231.591877157656,567.345950634353
GTEX-11VI4-0826-SM-F3IQ9,0,17423.8729440632,0,21.776339423313,147.395799306832,101.641318289208,1008.79768380709,2745.7275050076837,335.783363655718
GTEX-11VI4-1026-SM-F1RPY,0,53564.3259557232,0,77.7658075037847,474.3496821781446,147.121926502226,3099.55276265137,14537.692562040986,182.838241776618
GTEX-11VI4-1126-SM-F414F,0,56952.2941757195,0,79.9286486242724,648.0319395779065,435.073501452258,4031.26501210179,12650.368151682667,887.621592155192
GTEX-11VI4-1426-SM-EAL4J,0,17976.7354786401,0,47.983553691129,260.8486184254647,205.87878599221,1722.42693211776,5081.5015631436045,720.607526887961
GTEX-11VI4-1526-SM-F3A11,0,23077.8021370632,0,127.516989110473,730.7540138025469,684.991798469284,2914.20372172141,8558.290708894612,1644.20004455451
GTEX-11VI4-1626-SM-EAVOV,0,18626.6750547759,0,101.959428500962,552.110154320465,442.681083574449,4111.07130983282,10362.565642413094,1197.43203249534
GTEX-11VI4-1726-SM-G8KW8,0,36274.924956478,0,42.4416046965604,205.605076385228,136.260119368704,3410.10500679283,5608.219111734986,400.905275661936
GTEX-11VI4-1926-SM-F1RPZ,0,22390.7037527484,0,8.33244425817744,29.4910730591889,84.9360264791671,1576.44009950105,10633.77732284543,305.056371590201
GTEX-11VI4-2026-SM-F5E1N,0,14182.2216860604,0,21.9155340515375,71.5548683396159,60.8058365053886,1515.74488972988,3275.9611180914494,214.211182762462
GTEX-11VI4-2126-SM-EAL2H,0,59690.1612497428,1.38189414486135,86.7772822106654,662.758012882733,309.535982507141,3272.51425227905,11388.207091106782,394.353322081157
GTEX-11WQC-0006-SM-EUKQ1,0,12519.5843934656,0,21.2206205675548,105.713052342806,109.047342347175,34316.335666705,390466.14329294104,2192.6555799711
GTEX-11WQC-0008-SM-EXHX3,0,21039.319475176,0,1979.35298005161,1357.5779109953537,2155.0165280326,3115.57085076949,8850.106714336738,1594.75702474588
GTEX-11WQC-0011-R11b-SM-EUZBV,0,32577.7750844581,0,17.1467488396635,95.97554179005279,126.160728366,1079.56449581246,1932.5828418269523,351.93693818869
GTEX-11WQC-0011-R1b-SM-GKGNK,0,15567.8318495875,0.058020367169866,36.9988115859572,206.32461010309973,301.52624487612,762.001191705645,2441.6784315305867,567.312788232823
GTEX-11WQC-0011-R2a-SM-GH6HI,0,17765.5430585483,0,31.3830310684535,119.584947998115,209.472159058194,1505.50919125628,3954.5009642787254,655.33089361628
GTEX-11WQC-0011-R3a-SM-GI2SC,0,8389.57581726075,0,7.57602613681462,38.0153911270141,102.59567410447,369.202227266981,979.4739996181393,328.5238240684
GTEX-11WQC-0011-R5a-SM-EUKPY,0,13656.3480527495,0,23.7583758486867,185.09526602290663,318.854405593383,599.193407614038,2196.5729557500686,560.042433905342
GTEX-11WQC-0011-R6a-SM-F3SXK,0,9421.50367974708,0.338594680172767,6.82310753314741,94.96973578626351,120.585265145051,491.932515218695,1579.904490856427,355.222333574875
GTEX-11WQC-0011-R7b-SM-EVRA5,0,12620.3232857376,0.261832668314128,30.0878464652621,233.70320748626028,345.225376608195,706.416698555117,2425.7725654095175,588.989189528766
GTEX-11WQC-0011-R8b-SM-F414M,0,9491.19638729465,0,11.4488458714161,73.458198577867,144.962291714593,968.506971114001,1943.9680141253425,463.618499245555
GTEX-11WQC-0626-SM-GAT85,0,59141.7738972053,0,69.6192948676139,298.638522401326,232.969117729166,7769.76588691192,14611.726673885238,1290.02179445622
GTEX-11WQC-0726-SM-EAVPO,0,17191.4506191993,0,86.8108296119984,241.42068184465984,300.229790836113,3616.45954772348,14523.824085926248,1111.44999084366
GTEX-11WQC-2326-SM-EVR7E,0,30414.9119206912,0,206.438669651159,515.1315786332761,617.777665888101,3446.73742117267,10531.83525070468,981.814580672513
GTEX-11WQC-2526-SM-G5OR4,0,42674.3155209669,0,216.247131039902,2083.351231373127,812.090282537799,2841.18092828378,7244.493449609887,809.968448250117
GTEX-11WQC-2726-SM-G5OPV,0,13866.466299379,0,103.743362046571,702.6299069838458,458.103015144554,1628.241908855,4976.364828382336,590.667976332507
GTEX-11WQC-2826-SM-G5KDV,0,64021.0549868967,0,237.877716168039,1714.05617278006,670.623860105943,3009.80033499183,10371.89001186442,693.92075244138
GTEX-11WQK-0011-R10a-SM-DEUS4,0,8163.14291393598,0,5.43308949974131,29.63174867354465,67.3641962909602,503.056880692701,927.3385883631252,325.423509116237
GTEX-11WQK-0011-R11a-SM-GJJUR,0,19335.6282810167,0,13.202298398823,89.4391561249564,105.717321917041,968.714346279596,703.62496973998,268.518697336937
GTEX-11WQK-0011-R8a-SM-EUKQI,0,9619.64256029837,0,26.4525680458013,198.83281922965347,259.456702986324,672.707226422664,1721.8500623142836,564.166130306684
GTEX-11WQK-0011-R9b-SM-GADTX,0,24669.8894407801,0,56.1282543163106,494.38059688493036,544.169651088018,1574.5106737103,3467.478207504292,1010.33420010557
GTEX-11WQK-0326-SM-GB1W5,0,20790.638353307,0,29.7850826083101,226.423155317907,90.5444071206373,1770.41735520119,6659.743680025669,312.150391490087
GTEX-11WQK-0526-SM-G5R6U,0,48055.3002074174,0,207.503691372675,2137.97597096938,1146.90285293495,3558.73086886355,11255.22717167467,1201.84056902007
GTEX-11WQK-0726-SM-F1ROO,0,27152.7974192012,0,3.44544652486559,29.4482714967335,81.6112498872175,1364.61510149295,13566.755617491943,256.113688742556
GTEX-11WQK-1026-SM-F5E1W,0,52205.1130653867,0,60.710703347183,260.257266409086,268.95516160043,4554.44819108156,11614.375763449185,731.916757135983
GTEX-11WQK-1526-SM-F41AW,0,56514.3542880681,0,135.637034840756,496.73920466029523,238.203678421068,3928.14636713753,7613.742201197727,725.577892355256
GTEX-11WQK-1826-SM-GI2QW,0,13699.1800858442,0,17.2949442149262,67.9065420913,98.6819182625485,1662.7663888569,2265.3837500561417,481.31334395534
GTEX-11WQK-2126-SM-EVR71,0,9685.47685293194,0,23.0538167271189,191.085051349446,104.748671051172,1093.23526428151,2615.3569139416895,337.304592943387
GTEX-11WQK-2326-SM-GJJVM,0,13830.6185027033,0,36.3380767629521,202.0320513298464,115.515937413967,1309.70346690063,3129.6980283978,408.930019644673
GTEX-11WQK-2426-SM-G5R3Q,0,22292.8466532189,0,36.4646033225703,211.430089811299,159.006893921213,2996.83327042549,5259.807847018174,514.43910628228
GTEX-11WQK-2526-SM-F4GNG,0,19722.4386793008,0,77.8824995416517,466.75887524052274,180.527361206036,1749.21725761572,4965.656238566959,459.534020438044
GTEX-11WQK-2626-SM-G5R3P,0,12787.7275083637,0,26.2247009443326,132.525272186392,104.909067063089,1822.04880252534,2095.920278259572,324.385215337004
GTEX-11WQK-2726-SM-F41AV,0,21596.467816432,0,39.3879312088126,348.21699864085156,160.163348785475,1477.90688844938,4860.367032216919,523.767057787618
GTEX-11WQK-2826-SM-GKGMC,0,23730.7967253963,0,130.870302979034,339.1410842069282,523.568815980128,2425.12889527663,9796.136748797948,625.331846680338
GTEX-11WQK-2926-SM-EUPB9,0,23964.8564298134,0,66.040495987603,279.19446910252543,163.351485806412,2550.35852931135,7255.374347051853,532.946338279534
GTEX-11WQK-3026-SM-F5E1X,0,44386.5596437289,0,4.62710698920587,48.4369078393488,79.8993575425673,1260.31152950414,4088.006373592192,484.918130449388
GTEX-11WQK-3126-SM-GLDVS,0,29811.8410766547,0,24.4715837024348,246.74579931203,123.025517535987,1614.000103717,1084.53908930547,400.77821981962
GTEX-11WQK-3226-SM-E9LQB,0,5193.91161063865,0,15.0685834894565,67.82866720161888,28.2988688730688,2011.51445241917,3122.75443786507,165.296057603436
GTEX-11XUK-0005-SM-F1HYG,0,5546.73592118719,0,5.21593004737997,38.2956457594154,20.8728674803447,48572.9295618576,717721.7847334321,1101.13445646099
GTEX-11XUK-0008-SM-EXOKR,0,26896.7198707304,0,766.205568327348,588.921013306048,1056.72734944787,2704.83441539658,7921.229191393379,922.415142211572
GTEX-11XUK-0126-SM-EAIN6,0,42429.3357378477,0,35.8950141793627,118.883861197244,150.54241707297,2889.87663356205,6645.083068886355,694.231953970236
GTEX-11XUK-0226-SM-EVR6Z,0,12178.4622540097,0,148.93294832958,707.072821442515,564.657625960662,3275.11038638564,8281.94387334823,995.753279070618
GTEX-11XUK-0326-SM-GL4O7,0,15092.1388784072,0,167.757059094355,1132.52848129732,1204.44765604384,5181.07098775729,7443.282220529034,1505.94192724036
GTEX-11XUK-0626-SM-E9MIC,0,5381.59461823832,0,7.14891092202945,47.0621323227056,16.7261722288553,831.974001118196,2064.2343742303383,51.8013342734657
GTEX-11XUK-0726-SM-F1RNL,0,21562.6423184818,0.308336149097491,7.23144989707032,46.87267394457852,132.176774651347,1468.84921175178,3752.494644103783,721.996693451832
GTEX-11XUK-0826-SM-F3SZ3,0,13557.558270258,0,61.2640724769422,291.9787373477494,383.965149179671,2388.17239896745,9136.665909471427,891.260410188822
GTEX-11XUK-0926-SM-F1C1C,0,14044.0544738887,0,24.4651039561624,150.240068751293,114.197838105605,1051.00016223605,1733.4689231034702,460.239703247855
GTEX-11XUK-1126-SM-GLPRC,0,20581.7834816449,0,30.2328294452875,247.5878974270792,135.183219921361,981.732377661034,2478.315699789175,344.735517607213
GTEX-11XUK-1326-SM-EVYNC,0,28760.1460433511,0,45.7361718977999,249.531605462461,295.897427304779,2619.35298336455,7579.2881853437275,592.27400103538
GTEX-11XUK-1426-SM-EAYXM,0,21590.2191253483,0,90.5085722952471,423.68584947391116,421.384106351266,7490.52882819899,32194.947149832667,1499.35604434258
GTEX-11XUK-1626-SM-DEURM,0,13381.7454970381,0,18.3878101775118,69.72279882504745,43.1464172910343,1391.85182517488,7630.895183415204,73.8759067805626
GTEX-11XUK-1726-SM-F3A17,0,37393.8886935568,0,54.8912308401622,272.017816219651,324.455232922491,2869.03301092879,6143.4245595701295,733.658354386106
GTEX-11XUK-2026-SM-GAMYI,0,30347.6793199784,0,25.9144514618142,207.721747614953,188.235955924959,4395.64311882078,6729.285680420219,506.14436186431
GTEX-11XUK-2126-SM-GAPOB,0,45786.925355277,0,68.7527032299301,344.87684132329,185.296562327803,2896.29029189035,4102.147595486867,364.330359390287
GTEX-11XUK-2226-SM-F414G,0,25636.4177827029,0,6.17257794193827,34.30619560668778,96.9581525922597,1294.79565677673,7123.035430946462,417.834979515401
GTEX-11XUK-2426-SM-F27BN,0,26309.7965762768,0,36.7273044896015,162.163693672577,140.611454930635,1431.19435072073,5607.907949038959,342.524260805536
GTEX-11ZTS-0005-SM-EAW6R,0,40881.6100626565,0.688171423479911,4.19214859148353,68.6938727908155,19.5884066707007,84617.3082348492,430400.11038544856,6637.90414593165
GTEX-11ZTS-0011-R10a-SM-GIRBJ,0,16037.067349458,0,10.4216336882467,81.5052994911296,143.798798902311,911.925502495036,1741.7207353517706,527.760679691324
GTEX-11ZTS-0011-R11a-SM-GKBBR,0,18823.1137003976,0,9.39873361238189,53.991084464667786,92.7233281382735,804.325585404897,735.242672420261,238.376374015198
GTEX-11ZTS-0011-R1a-SM-F3IRG,0,22444.9426186853,0,35.7655461043132,269.2060725073791,469.203766457032,1590.06683705037,4321.452571368462,1125.1854224271
GTEX-11ZTS-0011-R2b-SM-F1FCO,0,19818.5520668348,0,40.0227975579401,295.6638761519308,382.692850073672,1234.79568010199,3185.7903078996933,1105.05865968445
GTEX-11ZTS-0011-R3a-SM-EBNEB,0,12601.8368695577,0,18.2192037835139,168.518490399164,275.930636842628,538.453707418952,1052.9510843251,430.014496196099
GTEX-11ZTS-0011-R8a-SM-G5KEV,0,17997.4556846815,0,81.9393420728732,644.3615965143845,495.68381180691,1222.2825982582,2917.103559364702,840.337676453259
GTEX-11ZTS-0011-R9b-SM-GJMR9,0,19477.9532975988,0.126366070628144,25.8902479747583,181.45561069965729,356.841925119152,1503.08109415926,3187.037258999726,949.374257631763
GTEX-11ZTS-0126-SM-GEV1L,0,59494.1499893845,0,60.9024273887725,207.54246425881803,224.727834900368,3782.03148896786,8605.597383287179,572.88506000074
GTEX-11ZTS-0326-SM-GAPNJ,0,18408.6170988661,0,24.7545820380951,208.276961583229,112.9924322849,1687.47708227038,3322.8865701145087,239.013692791668
GTEX-11ZTS-1026-SM-G8KSM,0,18569.1940938004,0,22.1257753011589,104.50009229933,88.5133772128252,2013.84690398624,4355.62058943777,349.781822978556
GTEX-11ZTS-1126-SM-F1CLF,0,15856.7265963761,0,96.51460626779,462.95814775411,353.611822749718,2281.41811070764,4183.919779394124,1331.63420411085
GTEX-11ZTS-1226-SM-F1FCP,0,39084.9168856799,0,68.9322256992666,488.648564400909,360.002850697961,3506.66844054608,6582.728818325295,1122.065432024
GTEX-11ZTS-1526-SM-F4JCQ,0,22641.764406956,0,28.75111968019,168.35878346468724,76.6597836371131,1279.14119957883,5632.290059479497,410.375365440727
GTEX-11ZTS-1926-SM-F16CR,0,42577.424981304,0,126.472115522081,583.5021862803748,123.132899890113,1357.95819366442,5347.266553516014,119.070742540026
GTEX-11ZTS-2326-SM-EV6XF,0,34452.5474675943,0,32.1480390592354,204.646988963533,102.288631770061,1604.24599525741,6011.663429462538,429.685870664307
GTEX-11ZTS-2626-SM-EV6V4,0,24793.508504173,0,81.8336907011953,286.422720904946,388.777482099813,2760.7380495742,9735.626840832461,1207.24248768527
GTEX-11ZTS-2726-SM-F55PD,0,22229.0766589479,0,22.8124191487308,78.3118109432847,86.4900299776703,1585.40836153414,3493.1262581953015,312.946657147138
GTEX-11ZTS-3026-SM-F3JKL,0,29635.2929941971,0,66.2954106259428,283.321997923123,256.185832612029,3630.82414324029,9440.549928015384,1198.36532060391
GTEX-11ZTS-3226-SM-EAQBS,0,24431.5350755389,0,14.3879570972781,51.43387108607458,70.4364207443394,953.153235094863,781.099569305532,267.713133827883
GTEX-11ZTS-3326-SM-EAQBT,0,13701.2274959524,0,19.8297869111374,125.23763011601392,60.7856237443227,2032.10306172786,2681.2313928359836,268.959475893108
GTEX-11ZTT-0002-SM-EXHXZ,0,269.142042969098,1.16072101014475,2447.96857063275,2314.1797007513615,4111.01397403574,7221.5580965547,16496.0779261856,2512.93485676486
GTEX-11ZTT-0006-SM-EBLWV,0,4574.97220281856,0,1.82395622060989,413.724678244447,29.4824333145746,120053.4669777,526800.5578155343,2791.08901134461
GTEX-11ZTT-0008-SM-EXOKQ,0,29226.5182826343,0,627.496811226725,476.3619492307962,963.174411480829,2746.22006766034,7249.14203594171,861.693196759497
GTEX-11ZTT-0326-SM-GLDUL,0,16274.9902116518,0,106.512489949026,478.211144090361,568.895866783285,2706.93876660284,8101.135358760219,1474.30153616373
GTEX-11ZTT-0426-SM-F1RPX,0,35584.1307454637,0,49.6682790913234,234.76446857505596,243.972291820685,2339.58010052325,4943.581577794508,666.743317588249
GTEX-11ZTT-0526-SM-F3A13,0,25274.5941999512,0,16.3502694567892,112.38154282103639,218.323384059351,1760.79120286349,8755.810130746815,992.415557011165
GTEX-11ZTT-0926-SM-F1HY3,0,30249.8198436632,0,21.1731685529477,72.0790380278713,140.594198451102,1539.93431945754,4189.392803501791,485.32970360333
GTEX-11ZTT-1026-SM-DECRJ,0,9693.52658382234,0,23.0586444096683,95.4488241672781,85.8969020368276,2360.24892116219,3344.9031296481417,343.702741167074
GTEX-11ZTT-1626-SM-F414D,0,19685.7338601675,0,23.3187823443565,118.03844964896693,122.520863294247,1564.61071758276,5055.322748587084,510.87579850846
GTEX-11ZTT-1726-SM-F23PG,0,37944.3753457992,0,73.4730365392747,192.76715515310823,224.810898453064,1615.36522225953,7081.382610491237,364.707828335383
GTEX-11ZTT-1826-SM-EAYX6,0,38336.4129859427,0,62.7703306810021,309.740444962729,31.2562649245128,1142.52208550938,8773.808779225039,146.085864897354
GTEX-11ZTT-2126-SM-F55O7,0,66736.7977927511,0,38.9029016327821,210.06421181277108,139.358354813459,3576.3330175198,9963.862220061263,395.35237852008
GTEX-11ZTT-2326-SM-GAMXW,0,45227.2677887232,0,72.0496090643475,247.030386014327,161.174365887596,3656.61462649248,4453.417241353514,643.189425100685
GTEX-11ZTT-2426-SM-GEUZO,0,97702.4614418019,0,54.5121761215436,173.416099916605,128.718466832886,3012.31155731797,10908.699439163,281.695995684167
GTEX-11ZTT-2526-SM-GB1X3,0,35249.0104767605,0,23.4899694462153,188.375444861347,100.328606365016,4120.53668848671,4798.225011398597,473.905690356954
GTEX-11ZTT-2626-SM-F1X85,0,28757.1603534383,0,7.15250562650718,36.270493449031335,94.2386740538556,1130.97617346229,8842.05127591115,332.116527265675
GTEX-11ZU8-0005-SM-E9MI5,0,6886.12407346245,0,4.72455474135201,144.90677087996826,43.7500074334262,57482.1128631269,43897.24586716274,2233.26804739324
GTEX-11ZU8-0008-SM-EXKUM,0,28043.3611820951,0,1480.61920972372,574.711632390694,2196.01553215472,4003.07425715925,11155.44929913358,1785.27360742569
GTEX-11ZU8-0011-R3a-SM-GB1WA,0,29744.6540880085,0,54.1127636115083,362.1471353008913,520.157147375349,2472.14079382329,5927.558751583183,1226.83982818457
GTEX-11ZU8-0011-R4a-SM-F4VQO,0,13670.1769810218,0,39.0584052138437,268.4193800232714,276.998361427425,547.736493184574,1319.5370498860625,476.597016820593
GTEX-11ZU8-0011-R5a-SM-GM3E7,0,10372.0258551219,0,23.0989021016192,181.50725411854285,232.347966670444,706.507421407232,2039.8909728628892,492.175826115882
GTEX-11ZU8-0011-R6b-SM-GLPWY,0,15274.2331571496,0,48.869149633843,396.5820194007149,317.647596283024,813.150093434212,2251.000089741312,543.40762294221
GTEX-11ZU8-0011-R7a-SM-GM5R9,0,21043.9572289679,0.154395089652951,39.2397577555045,378.9272207376782,360.069236538997,1129.74297555394,2462.870351198333,691.930159245249
GTEX-11ZU8-0126-SM-G5R2A,0,47477.8701190667,0,188.206121292894,2062.58698960341,866.858745213788,3171.44424449855,11553.483525537074,886.489335864987
GTEX-11ZU8-1126-SM-F55FF,0,15875.684204555,0,8.4490534855534,81.6836059663951,47.807009991335,1134.46737953436,2246.609284445939,280.40208544069
GTEX-11ZU8-1526-SM-EVLJ3,0,26648.00449829,0,97.2103001791012,411.0415101924797,624.306174792137,2198.69919882007,8299.551558282184,1465.1458788045
GTEX-11ZU8-2426-SM-GEGOH,0,79679.8499008312,0,116.59989777842,142.088762508866,132.391516333498,6619.64920097534,11007.368324368459,758.785870360095
GTEX-11ZU8-2526-SM-GEJH8,0,136226.274789585,0,41.5353130852457,102.081578831102,114.945797374861,4615.94913173447,14323.828243677686,357.557839349335
GTEX-11ZUS-0008-SM-EXONQ,0,31844.9524088512,0,635.017181120649,562.3999773530145,1738.24881604294,3341.88734643668,11967.399752159341,1261.70005733557
GTEX-11ZUS-0011-R10b-SM-G5R6N,0,19001.3232243697,0.389605510749126,79.7734153354722,991.856716843429,707.724306719979,1733.58047333117,3576.687979400831,955.671996538763
GTEX-11ZUS-0011-R11b-SM-EUKJK,0,20986.6679365335,0,11.4215117033902,58.5825031775198,71.4673321605139,995.837172791697,1008.69057996852,266.619061558015
GTEX-11ZUS-0011-R8a-SM-F1KDH,0,17696.5548674838,0.260873783280178,26.1294391500886,123.14164055808746,218.912296878896,1260.96009830004,3288.9385594934374,797.228237977352
GTEX-11ZUS-0011-R9b-SM-GEIZ2,0,27187.599534266,0,17.666014024691,82.97165113630449,172.519229476929,1790.79496325361,3587.3751520183696,570.240690355074
GTEX-11ZUS-0326-SM-F5WEH,0,28622.6892199889,0,46.3584188337757,135.379741604192,197.243531831383,3542.93971242192,6853.015429258555,711.004370862693
GTEX-11ZUS-0526-SM-GH6WI,0,24906.0387295659,0,19.7868156993673,71.2366099428597,79.1626516946045,2637.02395367093,7319.1963846858935,384.041292069607
GTEX-11ZUS-0726-SM-GEJFM,0,79083.210614666,0,35.2539950101389,126.944806831085,131.69119795936,2398.42669239893,6285.090305777048,449.256957035256
GTEX-11ZUS-2026-SM-GL4LD,0,9615.77751582821,0,46.7611781759286,467.976864521671,195.866582764178,1247.56021585433,1493.2921142020155,307.396575456344
GTEX-11ZUS-2126-SM-EUJEO,0,19602.6291626752,0,31.462683875385,258.4840821350314,162.24272537668,824.16872888208,2965.0733819920883,547.473707020175
GTEX-11ZUS-2526-SM-EB7EJ,0,10640.7377641046,0,46.8242106137342,358.6277148882377,610.255375272064,2608.68828288664,13460.614323825152,841.656838399642
GTEX-11ZUS-2826-SM-E9MH4,0,17314.8450003413,0,5.50624193493513,24.6211341323212,54.5550231431524,3857.19184231647,13928.967112026228,449.624478613981
GTEX-11ZUS-3026-SM-EAQ79,0,9845.50754189296,0,31.5769968843222,165.1377956651445,49.0603573216209,1490.56842693853,2969.3466116940713,252.463098759562
GTEX-11ZVC-0006-SM-EAVO9,0,4444.12557128364,0,3.8069101224163,80.4196800094879,19.0828667713122,88545.1910972873,511795.53740818985,3714.73247733524
GTEX-11ZVC-0011-R11a-SM-GM83H,0,21180.3780117591,0,7.63112822242778,39.4274661850406,93.2585440997116,857.864574235498,771.1756809244853,235.810098952327
GTEX-11ZVC-0011-R1b-SM-F3IPE,0,16461.6430211398,0,12.0020381435091,117.57514788243,196.82655319242,800.303806344698,2239.5711198396593,520.90251240905
GTEX-11ZVC-0011-R3a-SM-EVR66,0,14606.2193774626,0,11.7407959062376,155.86072275202545,257.349806130246,557.581336466952,1556.4133163283996,487.870922613427
GTEX-11ZVC-0011-R9a-SM-F51ML,0,29233.5190747842,0,13.773587864227,122.30829868647785,281.616242644978,1866.19788390148,3819.47555929172,782.780112806881
GTEX-11ZVC-0126-SM-G5KEE,0,10183.2346153185,0,53.7950540054377,339.83155140367,161.379971645989,4995.26825924122,8704.58251478686,716.399764322104
GTEX-11ZVC-0226-SM-EXKUF,0,38132.7187735415,0,72.5043698766497,243.098838490575,411.837789435632,4512.57063303375,10493.446328853937,914.021560511323
GTEX-11ZVC-0426-SM-F413P,0,22735.9288026343,0,38.0450056780751,203.20108242412505,213.730006077221,1996.05317497979,9030.222626042789,865.478785903263
GTEX-11ZVC-1426-SM-EAQA2,0,34403.9602486784,0,123.532519603218,458.3415479577179,140.101700530831,2249.40280742224,17159.024084778,188.785413114022
GTEX-11ZVC-2126-SM-F27AI,0,17596.9659270916,0,42.375106490396,193.74186777126596,190.515816404471,1340.01465632911,4069.2185851077766,550.939006508653
GTEX-11ZVC-3026-SM-EUP9N,0,34346.2616942353,0,20.4864286173875,68.5834910890286,62.3441620918335,1305.91938284589,1260.378801098018,321.741170076717
GTEX-11ZVC-3226-SM-E9LQL,0,5646.33162574373,0,10.1351711348951,66.78048542404045,23.393625451702,1556.86636236874,2779.6425426396418,144.442771237923
GTEX-1211K-0001-SM-EWDZ2,0,113.697786588876,0,2301.08874934535,3841.614472265429,5744.75497790707,11191.7838319554,21496.3129667022,3386.97974616162
GTEX-1211K-0006-SM-EUU35,0,2468.18670233604,0,0,110.577240811669,12.1921483851516,95166.8742851724,606782.5487010928,2318.00019531492
GTEX-1211K-0008-SM-EWR2D,0,17443.3805807618,0,1214.58096288882,1571.123564676374,2113.32169440645,4582.20474915808,5690.019438130599,1879.19071402261
GTEX-1211K-0126-SM-EBB9K,0,21312.9283793242,0,40.2622696238521,148.62428802928122,193.076080319494,2703.89060989523,5325.6365914414,499.957391719895
GTEX-1211K-0226-SM-F3SXO,0,18033.9366939542,0,28.0779451703146,135.468382790179,222.53184155906,1844.4680982234,6712.0445227154505,649.947924379952
GTEX-1211K-0326-SM-GJZB4,0,22550.6832218771,0,26.5323387861723,116.015975205677,122.192262851514,1064.09228778458,7279.714840707995,279.82749543765
GTEX-1211K-0626-SM-GJE7X,0,15201.6922795723,0,12.4036094368334,90.6316797431191,247.127638423651,1606.55491225438,8082.720757603143,682.557312416224
GTEX-1211K-0726-SM-GMKJ3,0,10281.7797326654,0,24.9535852088426,93.35903771018305,94.2923283648162,2156.32248842108,5221.3230830515895,343.947451833089
GTEX-1211K-0826-SM-GLPS4,0,9000.25112395415,0,14.7181428674724,75.40663933265722,111.660837571881,6166.75355838954,6296.765569046264,535.851108762676
GTEX-1211K-0926-SM-EBBGY,0,13146.0447950466,0,79.2425667716922,317.5920402490783,560.803077116356,2391.17508651535,6667.57307781431,987.683488718585
GTEX-1211K-1026-SM-GEGU9,0,23810.4101456106,0,15.7840340086113,49.563919431968074,110.817669511479,1720.30315660576,4785.3432469756335,509.82296862522
GTEX-1211K-1126-SM-EAIOE,0,14991.9443014162,0,31.0707471393049,150.373355266507,52.0859045533417,1035.78829299504,2159.097202014046,118.130688656805
GTEX-1211K-1226-SM-G5R37,0,51154.6501525536,0,113.798255556074,949.8600483998395,790.733006149067,3642.03980485549,8660.307158176685,1257.19012172139
GTEX-1211K-1326-SM-GJMAW,0,15404.3190431784,0,29.3203680530235,119.41548488999965,122.964980374067,1236.97487481956,2747.8872177056246,399.400935233966
GTEX-1211K-1726-SM-GJE8T,0,27932.8098961525,0,214.420051669929,761.730883124732,944.75775745739,4272.72680923213,9821.442314954764,2264.1817084212
GTEX-1211K-1826-SM-F41D2,0,19597.9949254946,0,13.0535481290467,71.11113519366228,99.4212346480812,1356.56902732165,4056.1240606444135,410.911715621599
GTEX-1211K-1926-SM-GEUZD,0,70933.980820678,0,72.7935884388444,218.35570769759414,117.176861214863,2582.60918008689,9188.950492236705,199.702747221067
GTEX-1211K-2126-SM-F5BB7,0,33175.9350470727,0,13.7042266650177,58.274910298519,106.37653859265,1404.54336129071,8054.475826488429,246.963013264933
GTEX-1211K-2226-SM-GKBE3,0,55165.431900607,0,76.4049194941075,286.552179986214,213.547892869101,3275.12201563691,5454.372213013924,447.596988737485
GTEX-1211K-2426-SM-F5WFQ,0,25852.0189869569,0,21.6616871078171,111.13651168325268,91.6233031286865,1250.13135374541,4797.083675197566,299.483293480627
GTEX-12126-0006-SM-EVLR8,0,15315.1231804574,0,0,61.4685883865742,20.4234704260386,104301.682835045,293905.67231511686,1781.96805172613
GTEX-12126-0008-SM-EXKYN,0,27459.1426968851,0,958.236353809607,642.5303242350701,1173.19351152176,2804.05416632247,8141.4680204818,914.119969833861
GTEX-12126-0011-R10b-SM-F1KF8,0,8562.39029700067,0.214042198649849,8.8100364274435,65.9618778782028,113.607456453106,355.023275414803,827.2437603675028,427.160706051564
GTEX-12126-0011-R11a-SM-DEUQ4,0,10141.1211681075,0.0592161686039512,4.49149399186287,15.724041506358036,32.0982831780835,878.04957946938,587.3155671918504,171.23153588055
GTEX-12126-0011-R1a-SM-GM5RA,0,10137.9972301509,0,10.9175340612697,50.4188515550886,81.303301129273,813.929157844174,1182.359334497151,363.605793984647
GTEX-12126-0011-R3b-SM-GM5RL,0,10207.0644302265,0,1.63367812000456,55.38034303561231,121.258881418523,706.16057281608,1426.8503612743766,439.149558620087
GTEX-12126-0011-R6b-SM-GM5M6,0,12063.880900561,0,23.4271543859326,136.45572400156718,220.44141176515,587.114822896479,1533.6620841552099,458.654162326266
GTEX-12126-0011-R7a-SM-GM3E8,0,13604.5063312738,0.524716122619847,22.5393653809507,156.08781975599058,210.930880017242,844.8564848993,2105.831247712693,605.289200804373
GTEX-12126-0011-R9b-SM-GAMY5,0,14894.0425878807,0.304098923644622,27.808600865423,215.07082973405477,301.671857893424,1479.12404894063,3030.1605503041555,755.095375369065
GTEX-12126-0326-SM-F2UMS,0,33473.3181745401,0,101.144584537545,751.1156832528368,433.223268841157,3162.44672934336,8123.436644702274,840.928683984653
GTEX-12126-0426-SM-GEIZV,0,70106.0895848953,0,45.3340329874966,126.818653827809,93.0312885046289,3807.59234140352,9328.439987121385,376.532171955843
GTEX-12126-0526-SM-F4I6W,0,10517.1106780441,0,2.89120436110979,27.181820938004,82.7513613970059,958.183303672864,4742.8026274939275,169.273713880634
GTEX-12126-0626-SM-G5R4L,0,56138.0107743893,0,215.09762846879,1484.57649247762,475.400310452961,3495.97048330776,13756.417091017804,555.376225558455
GTEX-12126-1126-SM-EA5NH,0,3560.44938532152,0,14.5954012219104,65.0570301371874,32.1540942063936,1964.6394538378,2694.477260481929,145.39609014205
GTEX-1212Z-0002-SM-EWR1U,0,809.366946836681,0,3575.08821006488,5224.789782080861,7757.40849955929,9398.22386251949,22227.300487235414,3726.15016623038
GTEX-1212Z-0006-SM-EB7FZ,0,8659.30778733013,0,3.54865790383005,74.2449473340462,32.79665406472,111956.919553985,550948.2234086869,3775.52674434748
GTEX-1212Z-0008-SM-EWR47,0,20148.4538744038,0,721.999947628924,1257.557322158878,1402.05924273892,4415.66997715518,7952.055563114227,1489.55775470877
GTEX-1212Z-0011-R1b-SM-F16AJ,0,14801.2152187937,0,16.5592078874761,110.52989647829949,158.049548603014,650.560613520022,1481.19871233503,479.317899891686
GTEX-1212Z-0226-SM-EAYYA,0,13877.852473482,0,62.191200662118,270.9555554918038,280.461662814206,2543.47853819507,11221.247849565952,895.155390202602
GTEX-1212Z-0726-SM-EUPAW,0,16828.7665943211,0,66.4642167746427,226.52132094321684,293.018842303216,2864.26800339876,7887.801178365742,1153.14921257949
GTEX-1212Z-1026-SM-EUPAX,0,35218.5901737471,0,62.0758170628937,279.612157784098,321.203486942712,4934.58722040428,11049.494600775117,1589.24676839636
GTEX-1212Z-2026-SM-G5KDS,0,9668.60856814364,0,35.8034325266678,325.805260533265,201.457629527664,1390.30830131947,3063.500898895827,659.85376132848
GTEX-1212Z-2426-SM-GEJH7,0,72167.2115214312,0,26.0930003390483,86.0901189927365,54.5891465012811,3822.95791370167,6151.11278282849,306.867037340715
GTEX-1212Z-2526-SM-F4JBU,0,74375.6725724247,0,190.973532335098,1300.765433701144,517.289865513916,4010.44624404943,9942.156514138995,615.997211896015
GTEX-1212Z-2626-SM-F5WFG,0,11676.9814750339,0,4.52502401115067,16.5966165241702,46.3791323585258,952.386864034025,3882.854456001759,124.993322058069
GTEX-1212Z-2726-SM-GADSR,0,39346.6653936426,0,71.0221668349966,397.425647646849,178.799481917192,4474.70317805521,10363.53021890071,391.445400133707
GTEX-1212Z-2826-SM-G5R2H,0,18105.4392051937,0,91.8715866408338,905.5593107039451,426.12344776854,967.635693611975,4693.769114181258,536.514240912147
GTEX-1212Z-2926-SM-EAQ95,0,13536.3852917979,0.513151250014686,30.0404916732303,132.38339443639907,47.7371682485311,1504.01200707684,3651.8323903603923,403.851321360944
GTEX-12584-0005-SM-EA5NI,0,2920.45107776552,0,5.65231286161504,106.547291163279,28.1229948115371,195942.669762694,410216.4848750368,2328.92210120025
GTEX-12584-0008-SM-EXOKM,0,30501.4244475302,0,804.519863838426,611.7645839115215,950.62890949985,3384.61590933742,7007.241492522093,1009.64900711635
GTEX-12584-0011-R6a-SM-F1C1M,0,16950.2662483747,0.227567425496663,12.8950574674439,131.77138123173984,228.073870433072,468.692842029614,1227.3887989548246,499.66661130424
GTEX-12584-0126-SM-F5E22,0,56653.4468436197,0,46.8559756344746,121.155207587671,193.071584935505,3201.21438572448,9906.118969840378,457.458744266959
GTEX-12584-0226-SM-GEUZ9,0,91213.1517062071,0,80.9547083303632,186.93970316535,192.060441626334,4288.85021720332,13317.415410027337,499.889993276333
GTEX-12584-0326-SM-GADTU,0,33107.1101519987,0,107.489781522275,739.028610027079,327.000487623627,3610.55054486782,19769.42228722467,384.106973151986
GTEX-12584-1426-SM-F113L,0,50371.5043224563,0,125.682451162103,582.9775204089384,394.378918289349,4644.60139629917,12256.119597950768,1037.84859103344
GTEX-12584-3126-SM-EVRA1,0,12548.685043042,0,50.4088416165153,237.041213839683,94.212947598625,1740.42490157195,4779.981959416576,337.113056526835
GTEX-12696-0002-SM-EWYDZ,0,585.077858783557,0,3528.22810718369,2855.0330307605973,4497.44699914838,7185.93123257386,14972.920158752528,1855.36409195026
GTEX-12696-0005-SM-F1BZ4,0,7201.93057435909,0,0,32.73684053446961,37.0237931811329,76947.7139971603,652823.049067372,2000.81692456624
GTEX-12696-0008-SM-EZHCZ,0,11076.4082701727,0,548.400848994681,308.56364279458467,806.870696889591,5036.05897469094,8664.823702527876,1356.57126213692
GTEX-12696-0011-R11b-SM-GLFV6,0,20335.2866046218,0,17.8011467582464,102.421000541926,67.7976805966343,1105.09621662576,593.873519349746,221.375014440738
GTEX-12696-0126-SM-G8KVW,0,41109.5731912166,0,27.8795240235717,299.818203674219,217.466305554841,3805.40494589701,10513.582869506596,736.190708511059
GTEX-12696-0226-SM-EVR82,0,24252.2378202574,0,208.746741267799,519.73363428103,681.464317150642,2639.07073716439,11404.85122784455,714.264861015637
GTEX-12696-0326-SM-EUPBD,0,13756.8911856361,0,77.4208714165704,320.02808402303,196.113096409041,3395.72104225026,8832.697973158809,716.112914884076
GTEX-12696-0426-SM-DECS2,0,22465.8268693359,0,27.4817364244617,24.3917923559288,39.6701770660262,1618.35227262495,4662.78900271933,198.434730207555
GTEX-12696-0526-SM-GAPM9,0,18353.991698586,0,44.1730357155999,213.97031184825624,153.226510911396,1562.49925231216,4147.5964423203695,360.275839314035
GTEX-12696-0626-SM-EAQBR,0,17924.3773050312,0.212802465695623,36.7124342036825,150.25376562855,91.891472203396,1341.98784503198,4165.468509833775,460.984174540235
GTEX-12696-0826-SM-EAIOL,0,6457.35371853133,0,160.7033794572,542.2369068128849,675.628206904836,2898.45858460862,12882.854922133243,698.460202944915
GTEX-12696-1426-SM-F3IRH,0,11803.4229082594,0,19.9162593474604,81.8077967947929,80.3865878031957,1241.94980189858,3330.885768219543,406.274635061018
GTEX-12696-1526-SM-F1HZJ,0,23035.8350007604,0,27.4280730631151,85.0795863013223,63.8018103600049,1154.00525049298,2684.469706753607,272.597450492872
GTEX-12696-1826-SM-F4VSD,0,39270.6044749255,0,114.932631873755,428.2127593903397,370.225996610704,3778.53997391509,8312.18763753094,866.469410147599
GTEX-12696-1926-SM-F41B3,0,15969.1634713226,0,32.526492173778,170.55985528361,124.205977285241,1536.3390626846,3590.372652070562,537.815184706288
GTEX-12696-2126-SM-GM84T,0,21088.0676665678,0,46.8411788644546,112.47795683903146,240.850063363068,2549.84146797402,6847.509271629169,1026.13358383876
GTEX-12696-2426-SM-GAT8H,0,71969.5011112176,0,66.9038786810798,359.040703548426,273.783948667575,4568.51456545034,16427.681515295277,661.397944771114
GTEX-12696-2626-SM-GEJF5,0,87114.392838271,0,118.265604991135,339.929977523323,191.924731811299,3017.5679221451,18228.000413786147,294.401324239728
GTEX-1269C-0003-SM-EXCSE,0,542.748733744757,0,3127.70772712963,2976.55974779977,5621.68786618107,8060.26353881833,18665.99924922982,2911.385330179
GTEX-1269C-0005-SM-EAQ76,0,22172.7392415773,0,23.8679865151678,145.006561723332,78.4261332573733,98237.3767652641,258849.0437075552,4346.56535421633
GTEX-1269C-0008-SM-EWYIQ,0,17629.5384733406,0,1710.71317329465,1643.3719410949402,2628.02301001579,5104.7335539891,8470.62445328826,2239.76338089944
GTEX-1269C-0126-SM-G5KD6,0,49690.6795217168,0,102.686739607759,808.278329528247,646.594863141949,3590.94574969025,11338.715808268322,978.006854570375
GTEX-1269C-0226-SM-F4BG5,0,32147.5945245663,0,72.5511326516754,339.485552978905,217.645376895147,3790.49529603825,7685.680929949107,669.761957702596
GTEX-1269C-0626-SM-EB7HB,0,9335.39805669312,0,150.742213625607,591.519632191062,471.138912104726,2901.42976485743,9865.994085223894,938.163207165891
GTEX-1269C-0826-SM-F16BC,0,24560.2557290151,0,51.1613216258137,243.70009812433432,261.206760203379,1836.2346104311,5692.7606685030805,935.775907687966
GTEX-1269C-1026-SM-EUKPA,0,22430.9283172556,0,43.9438117837037,202.85754993694,399.066020217575,3232.00075926123,11323.630542047133,1464.41801904259
GTEX-1269C-1626-SM-GLFY1,0,37364.9043802375,0,39.8917813807351,262.891862366076,216.267979383586,3013.14203522219,3715.9812430625743,638.754142803287
GTEX-1269C-1826-SM-DECQP,0,16791.149956113,0,36.1022969404033,277.5227498464052,76.7384115644104,1872.55931609784,6040.0457139611235,81.8891953254011
GTEX-1269C-2526-SM-F16BH,0,29458.9942403648,0,9.49318346416988,80.71048606567086,68.3528636046149,3588.37643707261,4688.984365645812,420.988874399143
GTEX-1269C-2626-SM-F51EP,0,14561.6140884993,0,2.36941052819942,23.8851898068809,97.4389442991839,1119.8786014417,4889.608703699569,275.909362772636
GTEX-1269C-2726-SM-DECR4,0,36227.8972940896,0,3.611007576537,43.0592013088663,50.6937632920781,3543.54454634615,4503.806071807306,507.256343383235
GTEX-1269C-2826-SM-GEGRG,0,27655.6287053754,0,30.7188136529784,120.87469288636578,53.9382169347526,1374.04564344629,4974.6234014303045,277.178852144912
GTEX-1269C-3126-SM-EAYWG,0,42478.4956048847,0,8.57148258784005,71.3284395147518,90.2755558846348,1149.64588448028,1041.99442448681,367.224863515376
GTEX-1269C-3226-SM-EVR76,0,16827.8741294241,0,36.9026566473085,207.55608167333298,126.543123137654,2596.40455645442,6816.0184198616025,346.102235872832
GTEX-1269W-0005-SM-GMJZ6,0,11877.4740676693,0,30.5848787962454,288.606524918592,69.8724645933872,92323.9414032258,252350.57318178876,4383.17354845002
GTEX-1269W-0126-SM-GLDU4,0,10623.7337033787,0,80.4920257193069,295.159949629642,463.646649734376,2285.3506200144,8097.547571872146,746.298812257353
GTEX-1269W-0726-SM-GM3EH,0,16544.2792097747,0,11.8038294407799,89.44720432163297,117.316383955801,1294.25588169438,6039.450042520339,226.541124424083
GTEX-1269W-1026-SM-GL4N2,0,28596.1827914248,0,185.639038825574,1534.9025989926358,1927.06985740042,4133.87636556706,15985.087173813983,2229.33270108142
GTEX-1269W-1426-SM-GL4N1,0,27103.269679976,0,245.512751535344,1377.3323517054532,1888.15131231626,2605.24564699987,12351.314475703,1819.55642032616
GTEX-1269W-2126-SM-GM8MQ,0,12814.3395546713,0,12.8125786102141,62.3746503305842,76.058413415359,666.999816325768,2512.2479677178453,152.064240660251
GTEX-1269W-2926-SM-GLDU5,0,24303.1286131263,0,21.8665015046111,168.62430743556396,125.165795734263,1067.63241818129,944.5261229504773,309.230705677511
GTEX-1269W-3026-SM-GLPX5,0,17565.8790063884,0,15.7193309765093,95.401359517353,129.756461318462,822.490214047868,2741.9761532877,482.979367510361
GTEX-12BJ1-0003-SM-EXKU1,0,208.710787393893,1.63298885713788,3732.5096146193,2042.451226097679,3557.86750148,7055.45980218215,20359.778737624616,2155.9818331869
GTEX-12BJ1-0006-SM-EX3ZO,0,3214.38535716646,0,55.8945190471742,1869.60821133234,49.7810850751809,146452.377001537,434337.3381050209,2353.07413049142
GTEX-12BJ1-0008-SM-EX3YO,0,19295.3042997928,0,1534.72848094391,1121.2568416799647,1981.83764083672,6245.80530600615,11344.76192972812,1936.31045871785
GTEX-12BJ1-0226-SM-F419Z,0,19111.1142175942,0,13.0944587673724,56.6337551706356,318.010521113856,2370.20881378639,7944.782385866489,1072.31686075752
GTEX-12BJ1-0526-SM-EB7DX,0,31051.4995852522,0,50.7352295775155,201.8605136664757,191.237560170937,2482.96140306639,5435.326012386214,512.04048466691
GTEX-12BJ1-0726-SM-E9LPP,0,25159.7457765196,0,100.426220044888,526.4456994889076,928.218234427647,10194.8221409971,19564.952497589795,1790.48565118387
GTEX-12BJ1-0826-SM-GEJFC,0,115464.821464498,0,116.163005582378,157.790731373556,120.605683565097,4133.10485165862,10671.30988665593,375.706228988226
GTEX-12BJ1-0926-SM-F51MP,0,49096.0521391745,0,23.0723294061526,241.06742792590495,130.351730275754,2658.53324121128,6538.899168722882,375.312491173959
GTEX-12BJ1-1026-SM-F34O4,0,18152.7445113925,0,33.0292532658428,28.7962067953505,80.5664651259904,6171.80148746737,10066.039300216074,766.232218596366
GTEX-12BJ1-1126-SM-E9LPQ,0,3627.36636609378,0,8.32007638712648,33.179152536573504,18.4423738684035,716.087933647326,1511.7272094377795,55.770027311222
GTEX-12BJ1-1426-SM-F23P5,0,17484.5624624473,0,28.0415177011062,89.9226769494189,136.372032779129,1178.36007612692,3581.910609831323,452.162444527938
GTEX-12BJ1-1526-SM-F1RQ9,0,17466.9906646274,0,19.9635354831934,112.76042569517469,191.654182833582,1523.11405094135,3669.2924555132586,582.005122280975
GTEX-12BJ1-1626-SM-EUP79,0,31830.1687565155,0,94.9180870324354,349.708493845066,469.655569220425,3156.33971019411,14785.553734780198,1119.08715126002
GTEX-12BJ1-1826-SM-GEGTU,0,76137.012053571,0,65.0232185035785,164.10475730755525,113.658270747366,3191.64694982715,6030.530563128961,277.4290511756
GTEX-12BJ1-1926-SM-EV6TK,0,18372.407566502,0,101.482368428076,530.8680563179328,522.559198622808,3811.05497704346,9951.929301683245,1609.24662004713
GTEX-12BJ1-2126-SM-EUP6M,0,25018.5943340569,0,243.084846520918,477.306560590068,1189.59404689385,3831.63466343231,11362.400448136399,3004.09900815822
GTEX-12BJ1-2226-SM-EAL2J,0,42566.8728783032,0,84.5365400135998,369.71345437858,544.621334398086,4209.1624053982,18477.759572660685,1934.890306689
GTEX-12BJ1-2726-SM-F4I7J,0,33203.1402912731,0,81.3100395437077,420.7560986878835,169.246824938841,1296.31984845681,5090.111138025929,357.811488525431
GTEX-12C56-0006-SM-EVR78,0,9961.10548892524,0,0,109.76725042165,15.6289282807117,81316.4669709928,544112.4265697219,1124.27511642213
GTEX-12C56-0126-SM-GL4O6,0,12679.231545076,0,57.067445853937,180.0390272297527,317.441205402316,6815.05719157935,13244.591997217503,1298.18211032239
GTEX-12C56-0626-SM-EAYWE,0,27473.0947412678,0,190.10402171734,575.881253937629,896.967366274077,3969.6218103668,13531.950376639932,2788.34252568981
GTEX-12C56-0826-SM-EUPAJ,0,41333.4163799468,0,85.5141476766428,251.180447017479,363.475130228064,3767.35455832609,9512.702328484569,1403.20159045756
GTEX-12C56-1226-SM-EVYM8,0,25881.309362597,0,77.145237698126,384.9767452362709,773.397949417695,3119.40435209516,15960.799952510994,1437.40799974436
GTEX-12C56-1326-SM-EV6SM,0,23444.6967080401,1.12072925077794,40.359604592027,334.82045428277513,166.033384870793,1633.62346108705,4445.531931421576,682.87666625797
GTEX-12C56-1426-SM-EBBEQ,0,15103.4576289123,0,121.260238698251,505.049695418179,648.037035617166,2358.12591489659,9577.988946614132,775.354729588999
GTEX-12KS4-0005-SM-EXHXU,0,9581.95227178274,0,8.1241270011031,135.616797198329,16.2287349423304,110365.174848432,434937.79097401444,2232.98860870146
GTEX-12KS4-0008-SM-EXKYI,0,22548.6903449921,0,845.043352356237,602.25736471259,1070.66042992337,3154.69566193281,7523.651408722191,1153.93502544624
GTEX-12KS4-0126-SM-G5R1H,0,50100.7696125627,0,162.805026882416,1207.0547057050626,506.26634510049,3315.07951637767,7651.1501170469455,852.641602316502
GTEX-12KS4-0426-SM-GEJHB,0,97526.1727558185,0,64.8823911028233,159.841318443166,103.460431038309,3424.20888642587,9176.755949719154,344.958494265005
GTEX-12KS4-0626-SM-F3JI9,0,15115.2806318125,0,32.7533312887467,157.01074115313332,80.5546483787919,662.76266669806,2964.0461704570175,288.73484446551
GTEX-12KS4-0826-SM-F55FG,0,16078.6708621347,0,7.35043936161281,29.911251774840494,107.153766040953,969.38645801521,5150.494403503418,235.34999993682
GTEX-12KS4-1326-SM-EV6TC,0,8553.11210690538,0,107.608570682292,372.616625276417,305.149048582277,1961.57298853516,7907.142509714096,786.911553307983
GTEX-12KS4-1526-SM-F55NM,0,57701.5442557261,0,27.6449556967587,116.150205631633,185.39972004841,3046.26851579856,7195.08937631151,456.459819208172
GTEX-12KS4-2326-SM-F4I75,0,23597.5551154103,0,58.9560149685985,347.53327484001,147.572837711798,1453.36399273214,4133.719004029388,352.098408679653
GTEX-12WS9-0006-SM-GIR9Z,0,14758.050340567,0,14.5069423301253,188.948758406107,0,78769.410587308,353830.20260156784,1090.43524552409
GTEX-12WS9-0011-R10a-SM-GI2MT,0,31047.4980109556,0,43.5410413308518,174.46801088763578,371.854575856209,1670.26320876348,4024.8825750796423,909.828651539687
GTEX-12WS9-0011-R11a-SM-GM82V,0,18495.8375458076,0,5.36526772254469,67.53596894663997,92.591075332146,932.297859313984,803.2500673693362,218.767700305218
GTEX-12WS9-0011-R2a-SM-GGQR6,0,19787.7828203043,0.125567861748474,40.201430174142,180.57439280616842,260.311073190163,949.856947626559,2687.2867748102885,638.104904472856
GTEX-12WS9-0011-R3a-SM-GJYJE,0,11488.1007685188,0,10.5478383298059,66.11401400499298,148.387652865424,509.741612614611,1294.6078871511645,435.831785993467
GTEX-12WS9-0011-R7a-SM-GM3HL,0,10495.0546162187,0,12.385925076391,90.55865553375284,149.053000963429,1023.14711479343,2298.266228017982,520.34944161101
GTEX-12WS9-0226-SM-GI2PY,0,77924.4154275619,0,54.0359539872805,194.563350169135,107.876835991018,2801.34521580108,6732.315774009227,298.232364736576
GTEX-12WS9-0326-SM-GJCOD,0,54285.2647107685,0,117.062879875079,894.295990288036,545.008495592285,3068.45809955024,11524.186378629214,786.998249837689
GTEX-12WS9-0426-SM-GJE41,0,57575.0030443119,0,133.237734337124,754.3166961903444,318.663111197536,2805.45746053364,13032.68499951073,403.076589781728
GTEX-12WS9-0726-SM-GJBQM,0,15134.3587368898,0,77.8161649028498,367.105048288355,229.034331896098,4087.28141855834,7008.902842301646,810.467659589978
GTEX-12WS9-0826-SM-GH6FW,0,20470.2186396654,0,87.0023570502452,198.32986869693,173.96610647905,2114.75512521615,4999.041741136959,440.065070347875
GTEX-12WS9-1526-SM-GJMOT,0,36011.3758584406,0,151.777595434841,289.482600355462,457.659761785183,3720.56012926712,10638.82371714219,1389.30151853522
GTEX-12WS9-2426-SM-GLFVJ,0,4411.93286590983,0,4.84158153111842,18.2997397776783,17.2228898103247,739.21290152656,1399.83337398519,47.3279050559395
GTEX-12WS9-3026-SM-GHHMR,0,9554.69117492308,0,13.0130745924584,51.74311657525904,45.6093958313944,1755.85411741247,3138.2121001723094,225.329071008864
GTEX-12WSA-0005-SM-EV6TJ,0,45881.7584676544,0,0,133.289262938753,114.236516345689,13873.1745732581,139433.5765615819,1014.53858460584
GTEX-12WSA-0008-SM-EXCOT,0,16234.7070956815,0,1455.54342751959,1130.6231650002783,2592.6728085808,5338.99104163728,7512.999836015354,2066.11707528918
GTEX-12WSA-0011-R10b-SM-DECQH,0,8996.24151715854,0,4.44654526444045,37.75750837023225,146.978833530157,773.240077143004,1537.6280565256125,471.7129738224
GTEX-12WSA-0011-R2a-SM-F5BA2,0,22546.7447172512,0,32.7920645350447,196.4154377189221,275.716762010898,1716.97864370469,3739.10701208588,665.718165589656
GTEX-12WSA-0011-R7b-SM-F55NK,0,17415.2890627248,0.127663577034979,12.7701591587735,77.32492232568431,195.526486579593,984.403416311265,2366.2474886209784,562.114648735672
GTEX-12WSA-0226-SM-G5OR3,0,56364.7438377894,0,216.791901474685,2584.638797726037,1087.473124042,3972.84733947694,10486.3715424017,1056.21384319226
GTEX-12WSA-0326-SM-GB1WT,0,36501.0726072205,0,63.9816299612786,564.307092897039,222.767088369303,4659.56662089912,7052.736198229076,445.305692673324
GTEX-12WSA-1126-SM-F51EK,0,24530.1914896459,0,59.6793244834978,176.046563062606,223.806648891921,3359.88283885185,8316.146399002188,872.883661378425
GTEX-12WSA-1426-SM-F1155,0,37265.6802003928,0,35.4905267780651,251.84198708558,203.387787837058,2814.37648174689,8481.29155445013,763.597919887015
GTEX-12WSA-1626-SM-F55FC,0,41528.1972032304,0,61.5954222498687,340.9950657493033,315.20316681103,5877.09849321992,8680.461209794605,1024.41517583899
GTEX-12WSA-2826-SM-GM84N,0,47020.9255349917,0,10.7371897062371,50.8975897278537,64.5003213608162,1695.78395642786,1333.15248897829,404.81336492022
GTEX-12WSB-0008-SM-GI2M9,0,21988.0173938738,0,502.699174067125,462.3593602096005,1057.65308010814,4551.29387625251,8596.401270918093,1305.39776534944
GTEX-12WSB-0011-R11b-SM-GM3CD,0,26468.183991596,0,22.3736571921535,152.8360447189754,174.682220467407,891.552112342458,767.3463321674938,344.072454226756
GTEX-12WSB-0011-R1b-SM-GI2RB,0,20259.3028946416,0,10.0210145182402,77.39031638754622,276.866812751007,1326.59231731363,3339.3397356319556,686.254573929383
GTEX-12WSB-0011-R6b-SM-GJJUV,0,13835.0955534288,0,11.3333836018095,87.30945982600323,159.224133137276,623.675702465771,1708.7924023612832,418.017289000156
GTEX-12WSB-0011-R7b-SM-GJMPX,0,17783.1570635991,0,14.9354008794015,90.33561632832928,198.992856556619,969.868860211383,2571.734029944053,604.241226350598
GTEX-12WSB-0126-SM-GM3CB,0,45130.6945158844,0,75.6413669510725,456.16289642121006,270.187660272616,3080.27270815631,7308.691201842859,621.790112888181
GTEX-12WSB-0426-SM-GJYJL,0,52595.9550752818,0,58.0093788776717,256.014640497441,232.108069469995,3265.25414501143,13078.663837108956,433.11445582909
GTEX-12WSB-0726-SM-GMJZ7,0,29438.7294627245,2.0871760403888,85.9817109437794,234.0294825748553,283.425426863719,3543.46460496876,6541.6936445333595,1202.32748587813
GTEX-12WSB-2226-SM-GJCOF,0,48911.8841624196,0,141.891930100128,949.2461854995134,175.321491686316,2805.8516726455,9211.601823223096,153.180948745481
GTEX-12WSB-2426-SM-GJCOZ,0,31767.3374553557,0,50.3562478519126,340.573261598126,350.172582868374,2968.59856913361,8873.452532403167,825.008407434048
GTEX-12WSB-2926-SM-GJCOE,0,61392.3553714563,0,133.872623008086,1049.8400276209832,549.037211082153,2605.57289329269,13546.869722084506,763.6212563748
GTEX-12WSB-3026-SM-GM82U,0,28557.7929199556,0.290749083819086,13.0767629358255,58.4082554449851,118.706755152117,1156.12149561014,1220.6627118735785,322.611313844564
GTEX-12WSB-3226-SM-GL4OD,0,5779.13093035773,0,5.97317675009347,64.71865114113463,29.8037227665896,1575.50710486932,2086.8363940053987,245.946976261157
GTEX-12WSC-0008-SM-EXKUG,0,25626.5695040973,0,1971.63897151462,831.239426138525,1931.4521173284,4338.75105449205,9615.258178625561,1619.71215390227
GTEX-12WSC-0011-R10a-SM-DEURL,0,9976.76293620892,0,8.45498273494574,41.66476560786104,96.2444057481095,813.89582643514,963.032677759841,442.72140168966
GTEX-12WSC-0011-R5b-SM-F41BZ,0,11601.2177749634,0,20.4593285902768,104.662208831833,146.837563266869,639.519650132872,1595.8839433803528,390.049818905671
GTEX-12WSC-0011-R6b-SM-EUP6Y,0,11028.4753046313,0,14.0844916221772,125.099355587262,197.875822467494,485.286311244194,1339.1980471405218,429.864759325524
GTEX-12WSC-0011-R7b-SM-F1RNR,0,12943.695229382,0,19.0667925302508,121.50468957677694,165.805748869366,767.599851677475,2226.0268098441475,526.751991879563
GTEX-12WSC-0011-R9a-SM-F23PT,0,20057.8236378318,0,27.7511193646214,127.29723350742987,268.41645487694,1128.95356086715,2407.283729035381,699.77697476978
GTEX-12WSC-0126-SM-GEJH6,0,100104.714707319,0,55.3774438704009,160.78396587367314,115.859755232856,4121.21016121302,19857.09030177001,403.009105414789
GTEX-12WSC-0226-SM-GEJF6,0,106683.758357683,0,63.1127379184306,159.265252592143,165.967917795885,3466.83422720545,10031.726809758602,377.797797529788
GTEX-12WSC-0326-SM-G5R5B,0,12667.7692993799,0,28.0417643461316,237.924942610392,170.567743927849,1024.60379537481,3968.2936207088787,254.588464138777
GTEX-12WSC-0826-SM-F51MO,0,25748.7171574056,0,59.4076625932819,206.773421477125,233.032285159234,8952.085774728,14958.885138462305,1326.77584365087
GTEX-12WSC-0926-SM-F5WQ7,0,22263.3993455511,0,24.4654983963766,135.279727249226,83.6326814081359,2010.27006630369,3889.7379837043027,267.802341832143
GTEX-12WSC-1126-SM-F5BAG,0,25064.3177572903,0,27.9723166400335,121.58916503219066,226.018014173049,3155.36706163833,7204.259521159461,1010.69663783669
GTEX-12WSC-1326-SM-GM8KH,0,24977.9153526291,0,80.7748687419185,149.491029635776,444.897978971276,2924.42028210042,8555.84666508964,1153.02607953479
GTEX-12WSC-1726-SM-F5DZ1,0,61737.1944193622,0,27.66736115097,86.05971888630921,103.014219866042,3952.04750140748,5989.073478600934,359.835096205699
GTEX-12WSC-2726-SM-GMKHX,0,26250.407106554,0,153.340541505099,332.4516998714971,887.393664146409,3157.76088905583,10857.943887697986,990.256832802222
GTEX-12WSC-2826-SM-F41BW,0,68735.2541797824,0,91.469654273471,562.3979767594244,409.860098618442,3779.62854032183,10629.630053562825,1169.74191813235
GTEX-12WSC-2926-SM-EAYWI,0,42629.7481814181,0,7.52878062199704,39.6118123818194,47.1951129012776,1271.70465163493,1206.3261530115626,430.346912430589
GTEX-12WSC-3026-SM-G5R4X,0,32888.5549222211,0,51.4432148207828,292.12425469823245,115.670046871924,948.350117399832,2877.839419000926,625.186106916618
GTEX-12WSC-3126-SM-EAQB1,0,15606.0566940753,0,39.3054165025174,164.37223583984678,80.2069045924979,1706.57167503332,4683.753300057657,335.611768079058
GTEX-12WSD-0005-SM-EAVNT,0,6071.73011242443,0,5.79481843950956,98.9195066102888,34.8525526952811,117483.748079237,425794.44944156,2746.06975765105
GTEX-12WSD-0008-SM-EWF71,0,13437.8652971825,0,299.413287507059,305.2634725395646,835.128428549867,6080.73503580107,16185.975487363765,2482.73123525457
GTEX-12WSD-0011-R10b-SM-F51NM,0,14569.4206999336,0,10.0094315915977,63.23630432329625,146.830994200607,799.552748106653,1601.0876354657812,473.685024982211
GTEX-12WSD-0011-R11a-SM-GM82X,0,40809.0453194425,0,8.33769389464368,62.92817685299748,97.9405976542528,1086.05664692162,808.498413134047,373.156060817647
GTEX-12WSD-0011-R1b-SM-EVRAC,0,16023.9294513296,0,40.0480021499758,281.92190777355836,291.388340128043,735.993811651064,2124.6541248065737,686.076646378741
GTEX-12WSD-0011-R2a-SM-F4BFG,0,20802.0151717537,0,32.3516402992863,283.30837157778615,275.838946013313,1270.79985483769,3055.8187115528553,859.065094884964
GTEX-12WSD-0011-R3b-SM-EUP8K,0,13870.3664119527,0.179046975783461,32.4123247522639,214.2244427391571,283.569393957751,771.379184056442,1822.3615352247564,665.470710121059
GTEX-12WSD-0011-R4b-SM-F3JAK,0,8460.43856030753,0.670075980354728,13.3290060351332,138.81894301588,183.734657615253,736.004815667064,1400.790685067785,483.441802965891
GTEX-12WSD-0011-R7b-SM-F41CH,0,17725.722819711,0,12.0005383181402,105.89865569314068,133.241754146428,938.674403627407,2296.2613919237383,548.401726491015
GTEX-12WSD-0011-R8b-SM-GJZAC,0,26826.8280855106,0,18.7510180006585,120.60578934918652,268.894025497218,1696.4720937574,4333.596646207674,1158.89670841802
GTEX-12WSD-0011-R9a-SM-GEIZ3,0,27861.2268532384,0,14.2800327018226,35.04224069561674,152.69198672559,1654.225845724,3621.3096698609106,563.619400113764
GTEX-12WSD-0126-SM-GEGTX,0,68356.659970373,0,62.2851805836615,249.21603553872,121.22084928499,3340.25169315183,8910.504264621815,400.386697091415
GTEX-12WSD-0226-SM-GEV17,0,57692.3879232198,0,36.8878754598244,80.3175397407855,57.9040210092223,3689.74669002761,6464.180846792522,383.426278828618
GTEX-12WSD-0326-SM-GEJGA,0,72439.8989910959,0,71.3810126526608,157.699968909379,114.365672190754,3500.1005144023,13561.90562691708,346.236208428669
GTEX-12WSD-0526-SM-GEJFA,0,16514.6923218788,0,8.23501699415454,25.6126197760283,88.0389072001228,582.224501678214,4061.27409360926,101.619991325678
GTEX-12WSD-0626-SM-F55OZ,0,58789.8207845901,0,61.4388361951121,290.1247822841257,262.096119457107,3284.68952611985,9642.080851150578,549.237519734016
GTEX-12WSD-0826-SM-EV6X2,0,33698.6685749599,0,60.3527146586521,327.0456453182,382.442281108159,4293.32636013047,9514.502609537423,1625.60325404197
GTEX-12WSD-0926-SM-GEIXZ,0,47709.3947751836,0,94.2044296556463,235.482466642382,111.802852180648,5292.98781957615,15791.49894074276,626.931868687319
GTEX-12WSD-1026-SM-GEJFB,0,51796.2319364219,0,49.2647553689697,133.712532869968,98.5186354171871,1537.50451834991,9905.236774317102,256.834898645231
GTEX-12WSD-1126-SM-F55P1,0,23992.6204927514,0,20.7599886885721,74.55005661644596,241.69122671635,2288.08990617479,7183.25139569053,694.847179660969
GTEX-12WSD-1226-SM-F1X8Q,0,20286.9446855285,0,67.8042624886387,195.86254666944643,206.832141987278,2182.52740901422,7999.33366410766,758.889638195626
GTEX-12WSD-1326-SM-G5KDF,0,26252.8321315541,0,39.8908637640731,226.935792719761,172.008566655858,1243.0485905772,6538.000789834046,363.149964080852
GTEX-12WSD-1426-SM-EV6X3,0,15196.9000880466,0,134.736217416235,418.302537000426,579.703427464284,2910.07451015192,12318.073038996055,974.419830897782
GTEX-12WSD-1626-SM-EUKL4,0,29338.7115244234,0,53.4035252741915,289.752535911857,90.7575437750678,1565.47872947374,4350.102877992143,224.180093659111
GTEX-12WSD-1926-SM-F51FT,0,15368.6162456877,0,22.4673867815416,86.66534629023243,58.4794667676878,1294.52120116267,1848.280136621193,248.933765169845
GTEX-12WSD-2026-SM-F41CN,0,21930.6334243208,0,16.0589697975977,99.1151774488884,52.6194497412589,1302.69657426927,3642.6083089347003,239.222504935489
GTEX-12WSD-2126-SM-EVLRP,0,33458.850303787,0,58.8582541681612,152.6381624070156,131.593135989156,3612.96668351044,5861.84690847729,887.757004073995
GTEX-12WSD-2326-SM-EUKKW,0,17337.9863350701,0,25.6477491690368,156.64271556778522,160.942292849301,2145.81873616119,5594.597155028796,739.965286487115
GTEX-12WSD-2626-SM-EUU6O,0,17786.5805042608,0,32.7787824870475,218.692692403791,102.577384426147,1125.74253956151,3754.7703766196446,420.755704033097
GTEX-12WSD-2726-SM-EAYYD,0,35805.4353988123,0,38.0050444514789,199.22368108247989,48.5658470424358,2013.66881962967,12592.789210013678,104.883868049778
GTEX-12WSD-2826-SM-F1KEC,0,33249.9474615387,0,46.1709076229972,164.73357607960276,106.40114600205,1620.7219862444,7286.912250268197,252.623958020144
GTEX-12WSD-2926-SM-F51FS,0,27819.0812180342,0,22.8954419701675,130.367938362642,64.100157136537,1521.77810726308,3998.10954044371,148.578433327621
GTEX-12WSD-3126-SM-F41CM,0,23205.446872539,0,15.7727824312814,46.40348245525958,61.3972337435405,851.211430031744,2772.6833586865414,467.831400911521
GTEX-12WSD-3226-SM-EB7GF,0,7174.33962294123,0,25.472668303724,145.33113970986608,46.4272372310538,2363.73525522562,3219.779678602055,267.507275817284
GTEX-12WSE-0005-SM-EVLJV,0,27271.0586737599,0,3.61128142493788,77.3761712286166,55.5997168952001,96428.0690823516,401234.9971429573,6418.82133363095
GTEX-12WSE-0008-SM-EWR26,0,21463.4342606901,0,3204.06366637561,6971.528441783223,8374.06127114701,7158.0568329288,19142.81808901806,4311.10202262436
GTEX-12WSE-0011-R10b-SM-DECQF,0,6210.4455969507,0,2.97519710838064,19.318188751996402,49.073489168448,609.63121263934,644.3826330273984,313.417438553543
GTEX-12WSE-0011-R11b-SM-EVLQH,0,17498.9016969096,0,10.4043508939419,49.9773720230195,75.0146626659762,942.72993466176,904.460635764894,316.465378818927
GTEX-12WSE-0011-R1b-SM-F1C1L,0,11874.5748142311,0,13.7608083578912,110.127808482585,125.298764054049,664.705098652778,1120.6488839745211,594.875186341667
GTEX-12WSE-0011-R6b-SM-F39YX,0,10449.0880575952,0,32.3474418164268,258.34521838699084,236.265812776023,583.733815893211,1461.05868104423,546.61773239507
GTEX-12WSE-0011-R7a-SM-F1KMV,0,12668.0035299779,0,29.1540558815514,173.49401334906202,251.077300621278,956.549345990919,2181.023982496862,865.630857376483
GTEX-12WSE-0126-SM-GMKI4,0,14476.4076552094,0,112.749920688314,341.79862184863475,777.468062416218,2438.70628840188,7180.396493708286,718.418191474078
GTEX-12WSE-0526-SM-EWF7C,0,37299.2677482385,0,93.3305849419333,835.3553659351428,501.577434493917,4691.15387446712,10580.105903044005,1015.52025721491
GTEX-12WSE-0826-SM-EZKRP,0,35514.0225439058,3.43833745149618,79.5463368453446,314.724592391444,311.207489756972,13586.970820003,19815.91660188495,2079.1333722855
GTEX-12WSE-0926-SM-F55NP,0,22281.5451950881,0,54.0733922528338,208.20949625428273,239.122737291291,3488.00129202958,7734.395488069022,640.817498534002
GTEX-12WSE-1126-SM-G5R26,0,51466.318159317,0,216.757472965648,1624.1071545236298,795.984877861394,5960.99781799312,14121.420851165356,1597.70230329879
GTEX-12WSE-1226-SM-EXOLL,0,36081.8349896541,0,85.0192926043793,323.49978666417707,277.869677513919,4632.35640217274,9473.83160900391,1045.17272695575
GTEX-12WSE-2926-SM-EXHX4,0,29031.7253005311,0,8.11094211347137,56.8798015944845,63.6679772469094,1183.94219540454,1010.2707541532955,334.105295865204
GTEX-12WSE-3126-SM-EWDYN,0,11333.8212730114,0.0507852597822918,78.8404414595604,392.593917267165,208.809976922636,4603.79906438525,6691.367451153319,935.415055699653
GTEX-12WSF-0005-SM-EAQ94,0,36598.4357823674,0,11.0755051503865,349.313506710543,102.541956421499,91519.0938977245,315325.42112340126,7080.04752118601
GTEX-12WSF-0008-SM-EZHF3,0,12290.5272604734,0,531.685149462096,276.81483533283483,664.206962441389,3450.80819875819,8200.031912033137,1070.35296181033
GTEX-12WSF-0011-R10a-SM-DECRL,0,6085.79634140479,0,5.24217594762028,41.7811882924482,66.9104653075346,556.997192853259,860.739069967409,252.60804789786
GTEX-12WSF-0011-R11a-SM-EUZ1U,0,19553.7266489756,0,8.89554539488881,43.3453776180961,62.728030101721,943.02074008446,2039.4771233942902,217.62808729647
GTEX-12WSF-0011-R1a-SM-EUU2I,0,21819.9779416622,0.414429314052158,34.8192466145658,222.3089042026255,275.132753592542,1462.97408304396,3712.5232736423895,1097.41719809037
GTEX-12WSF-0011-R2a-SM-EV6WH,0,15167.3260922572,0,46.9375351144952,287.483633085497,417.985486393598,1067.21249875139,2709.600745309289,907.830778796154
GTEX-12WSF-0011-R3a-SM-EUKKG,0,11680.3569882951,0,21.1034993685884,133.86650500305353,200.934881458955,666.241678522782,1368.48510931582,486.293610360496
GTEX-12WSF-0011-R4b-SM-F114Y,0,27023.3984300676,0,24.4916258759886,220.22549918804702,124.726010226975,956.797427739976,1948.39314934438,509.667904408812
GTEX-12WSF-0011-R5a-SM-F51GO,0,9868.92295952993,0,8.20948759432797,57.816361868743606,116.157047224793,750.843558892062,2065.1918735028994,287.82370083168
GTEX-12WSF-0011-R6b-SM-F4VSU,0,16208.2984977315,0.297205975086231,16.9062073126044,196.42389460653845,199.974613377694,722.195086868636,1755.348060494975,391.887333538888
GTEX-12WSF-0011-R7b-SM-F4VSS,0,20068.6958509341,0,40.1957390162402,321.3478790842106,314.473312003822,1264.23492874785,2802.654578027612,648.287147110528
GTEX-12WSF-0426-SM-F4I68,0,56132.8842709045,0,163.79409379988,1204.4741945481,312.712020448843,3393.24975372518,13511.308155429313,312.058327306115
GTEX-12WSF-0926-SM-G5R33,0,7884.58279885914,0,39.500122166592,233.204821449044,121.387539755125,1402.17231697262,4313.364359423615,192.559399094692
GTEX-12WSF-1526-SM-G5R5Z,0,44349.9624973539,0,79.14565401445,729.4394115664657,412.74623746309,4898.60458755837,6402.894315002479,918.693471333669
GTEX-12WSF-1626-SM-F4I6U,0,66985.2775624422,1.2051428602297,138.254900772988,927.78745175835,457.504878968596,3360.96830769935,9645.751802844792,751.27903359225
GTEX-12WSF-3026-SM-EZHE6,0,9194.6232996365,0,11.3338563205878,70.69124386848847,19.540656416911,1595.64277068305,1891.0380221348914,139.958234123116
GTEX-12WSF-3126-SM-F41DJ,0,27310.3179107229,0,11.7924352277475,65.480503435967,60.0159877131758,747.721976153712,3437.77290128708,453.027071581382
GTEX-12WSG-0005-SM-EVYNM,0,10742.1187690627,0,2.61998314253519,200.857261279456,0,67032.6814701951,542331.3701093388,1379.88369593993
GTEX-12WSG-0008-SM-EZHCY,0,9537.48821807199,0,300.06703011597,93.610534788771,790.345757375692,5598.13965690774,9400.487184554368,1416.38816153257
GTEX-12WSG-0226-SM-DECRY,0,15066.7956599801,0,26.9196350865344,60.2484747484144,94.7711275920476,3023.79793231536,3835.9222552994083,393.220275756605
GTEX-12WSG-0826-SM-F4GMV,0,37183.0184786345,2.13297103507989,109.800004961321,699.0491386426515,504.342549951718,2994.83038903231,12359.917528658767,1231.99534336846
GTEX-12WSG-0926-SM-EAVNR,0,38719.4816896852,0,90.9118323310659,430.721138741706,469.038443822269,7331.68222132741,11889.9864342305,2570.60596689998
GTEX-12WSG-1026-SM-EAVNS,0,20251.0169803407,0,31.5530762743279,229.97554783836497,42.0279973736405,1357.89711249019,2608.881862121837,211.775046965154
GTEX-12WSG-1226-SM-GADSP,0,18504.0871109198,0,48.8130755690033,274.703461567651,282.98103900815,2716.93365325381,5647.244707138462,746.320267713334
GTEX-12WSG-2026-SM-EAVNN,0,20783.1538235999,0.421363954708592,135.487133240796,404.53900059717597,491.761509375453,2480.48555578962,4794.326804641129,1001.27316577781
GTEX-12WSG-2126-SM-F1XAV,0,28714.035664025,0,74.0395284896142,299.5576203396675,174.290804080304,2346.6201592623,9347.810591296615,232.110162042392
GTEX-12WSG-2426-SM-GEUZC,0,31486.5259698456,0,29.0509318696855,123.12147201221013,97.4972425858504,1702.63908813018,6085.763327672817,351.125177412897
GTEX-12WSG-2526-SM-GEIXT,0,10818.5775767472,0,4.57552942412672,28.4340744853652,91.9037868876787,785.013791574967,3605.523155273643,212.230581828493
GTEX-12WSG-2726-SM-G8KQP,0,63380.4317145554,0,101.716474720665,436.1401394167509,337.619372639967,3590.94133042648,14379.678206508954,405.377243050809
GTEX-12WSG-5001-SM-GIG1E,0,10377.269911853,0,8.87234897654627,30.8208062853618,139.315225770294,1872.59183487699,4313.183465778179,522.220635872688
GTEX-12WSG-5004-SM-EX48N,0,21876.1645479261,0.236223183167684,109.85268644156,830.8359229137675,847.206703935942,3509.52913869644,6515.175557131059,1368.66796183404
GTEX-12WSG-5007-SM-EWE1A,0,7628.87752755585,0.0718015884786287,45.7578086583149,350.19999640019296,378.493876555882,1384.87290333619,3002.080784372575,540.493310735336
GTEX-12WSH-0011-R10a-SM-F3SZA,0,7752.1384748078,0,11.8002229207287,85.1789751809223,123.1327038574,606.631802570928,1302.8943650457327,368.471408973775
GTEX-12WSH-0011-R11a-SM-DECQL,0,12284.6076964874,0,3.89485583599755,25.654296129666577,55.848306084016,831.72401855383,585.0564932539805,206.295779472418
GTEX-12WSH-0011-R1a-SM-GAMZ9,0,13151.9332128619,0,13.3905589826026,80.522968871708,139.981753510041,1248.71519259918,2463.083601948927,542.156870759737
GTEX-12WSH-0011-R4a-SM-G5OQ1,0,13818.8495726675,0,22.2877740793511,196.25610817921952,283.241536626401,1495.80226958205,3409.1974872343662,765.357745094477
GTEX-12WSH-0011-R5b-SM-F41DH,0,15446.3997808155,0,10.9983125554042,87.50820616862124,192.352356415396,904.497214372661,2626.852355446692,689.503303660166
GTEX-12WSH-0011-R6b-SM-F23QM,0,12712.6906435566,0,8.04574971282799,40.6938584398439,138.092423168857,653.520722551532,1748.6896554024493,470.68708768642
GTEX-12WSH-0011-R9b-SM-F5WGB,0,25147.2143218557,0.0849965661494533,30.64361030456,141.9340987929371,270.793947387687,1772.67402445016,3585.8065009991765,670.422624307203
GTEX-12WSH-0126-SM-GAMY3,0,23057.1206466314,0,46.5022313512888,279.118623554457,245.276872906701,5586.91691743454,10327.871039932426,646.950216664396
GTEX-12WSH-0226-SM-EUKLK,0,43612.2657904824,0,66.0984026673898,359.932293638105,212.984206566978,5905.69224175909,15178.441631552661,701.387775745754
GTEX-12WSH-0326-SM-F3JKQ,0,21119.9132860138,0,135.563542835322,405.46038959584,539.996538522506,2774.54514011485,9724.233641355273,771.532052101659
GTEX-12WSH-1526-SM-F4VSO,0,69838.8602528658,0,153.468897392975,1038.7910824268893,402.250484047564,3289.80575398421,12533.943292693526,684.932532612807
GTEX-12WSH-2526-SM-G5R5K,0,10833.1301340445,0,3.46506901968571,27.8618213854662,20.8760016436292,1277.5916129192,6700.57943147355,130.19171596176
GTEX-12WSH-2826-SM-GEJFU,0,46435.4383507856,0,43.0342804804035,140.999602473842,71.3322013607163,2382.19027295584,7516.275653471417,293.72253895676
GTEX-12WSH-2926-SM-EZKQU,0,24276.7380437069,0,43.0076235128178,226.855902962733,117.363704931611,2407.97093703787,6023.154187746283,497.806014368294
GTEX-12WSH-3026-SM-G5KF4,0,56473.7918238627,0,41.8799541503375,406.7333187969598,226.023189986671,884.396335127745,4827.49613742951,816.741226274254
GTEX-12WSH-3126-SM-EUU3M,0,29917.5790310573,0,6.79688348793039,27.2056666801822,40.8643385713682,967.594508560139,1150.746147349305,191.97744585389
GTEX-12WSI-0005-SM-EAVOR,0,75355.6291227268,0,2.8800048465183,48.3802529542244,36.7509343351062,103243.356793942,208430.4062718566,12597.0243850652
GTEX-12WSI-0011-R11b-SM-EUZ13,0,15388.9505350789,0,5.40215823177275,39.2094331756371,56.3109522129019,1025.33347182058,747.074158894103,258.860315914917
GTEX-12WSI-0011-R3a-SM-GM5RC,0,6916.35017893665,0,16.33473121764,72.3639640896361,78.3541649450539,488.274089185319,711.190294891258,278.806821397118
GTEX-12WSI-0011-R7b-SM-F1KO5,0,12860.5906930611,0,26.8260172521055,163.457272435637,147.10179928644,634.559068564984,1226.6289568705188,489.196091935997
GTEX-12WSI-0226-SM-EB7F5,0,21814.1496005281,0,89.4146018847561,479.140281819144,489.417664972355,5425.22424316873,15523.623965979286,2232.37786027912
GTEX-12WSI-0426-SM-G5R5C,0,25165.9260790189,0,169.541658031821,1256.32367127741,697.601814656534,4098.23032386808,7220.5002468923,1522.11716964093
GTEX-12WSI-0826-SM-F1HY6,0,41458.1537372563,0,55.6801046500698,228.116223495182,249.402024589231,4762.6768607612,8956.413782863958,1191.95723027281
GTEX-12WSI-2126-SM-EV6U1,0,21474.5651674492,0.698673704028469,135.097358667222,402.0616005820095,518.216049545311,2474.2622199251,8322.069902105934,972.319183574014
GTEX-12WSJ-0002-SM-EWR46,0,99.4188343652592,1.04523163271475,3456.84839896802,5221.704851153652,7092.14424882284,11491.1296481457,31530.120183500876,3726.48039062496
GTEX-12WSJ-0005-SM-EVR8U,0,3214.85141922107,0,20.1099246887886,470.752068543224,29.6970552326127,164867.212579531,451630.32324868964,2151.72699058764
GTEX-12WSJ-0008-SM-EXHXJ,0,15384.7729255744,0,1660.29238412427,1187.76814553557,1992.52969706973,3493.56266015167,6179.878714218136,1546.83488718885
GTEX-12WSJ-0126-SM-EBB8X,0,26151.5609209697,0,51.033041980296,186.07675521225866,156.912537311713,2654.22954435808,5035.480366726283,575.291026323206
GTEX-12WSJ-0226-SM-EV6U2,0,40986.5525608573,0,74.5374104809915,335.57456690797954,286.946623996894,2937.93505420412,5912.492429301421,1312.21317862291
GTEX-12WSJ-0326-SM-F1RPE,0,27243.2158313815,0,93.5641209744793,368.899989878632,300.632387790593,2295.38425353276,6451.495299019423,588.140177974509
GTEX-12WSJ-0826-SM-F1HXE,0,17140.6244907294,0,24.5701533665977,87.3633298009685,79.1707483454585,1258.38956267167,2084.7689218281876,636.356748664368
GTEX-12WSJ-0926-SM-EVR96,0,15972.9672849886,0,29.8425209142342,152.145790561824,95.3031750366627,1212.44060899284,2678.8864157366515,418.375653562857
GTEX-12WSJ-1126-SM-F5BAB,0,44807.2807222935,0,30.3131490712061,268.65462958570356,197.266747343373,3034.12206564902,7969.8339622753465,562.889977221302
GTEX-12WSJ-1226-SM-EVR63,0,27372.8829933844,0,78.8467968985648,405.651332245596,77.9865859302602,1550.87568391851,9794.609456368587,93.2839967268905
GTEX-12WSJ-1326-SM-F5WE8,0,28445.2466077207,0,24.7495276303488,101.3312160045481,69.3796394689415,1405.77316801357,2931.8032616422206,202.793978669053
GTEX-12WSJ-1426-SM-F16AZ,0,14508.6961197695,0,3.68487211071544,43.6839773977565,41.8268770165406,1556.83622081351,3954.0433354283523,298.947957348954
GTEX-12WSJ-1526-SM-G5R1X,0,23913.8900669741,0,102.745553054049,856.7416813933,310.123539751234,1481.56073060958,4661.026930551225,567.832838447572
GTEX-12WSJ-1726-SM-F5DZK,0,17182.5696555367,0,8.28807583459139,35.17149107471512,89.3340299243918,1123.68795771907,4319.588236536229,166.548055231312
GTEX-12WSJ-1826-SM-GEJ1A,0,78043.9366994365,0,54.6468577430321,159.82462596591432,133.470177985318,4224.4836113392,11187.038758966832,436.843378627243
GTEX-12WSK-0006-SM-EAVPP,0,3858.58933556148,0,4.32729247067389,404.798183653167,47.8054519960816,148696.606341223,411159.4387230615,3208.35367573914
GTEX-12WSK-0008-SM-EVYRY,0,9849.16040209442,0,2234.88280127779,1351.3624945930414,2499.4022866403,4775.03880655256,8782.306256684544,2073.97755903663
GTEX-12WSK-0126-SM-EUKKN,0,37939.0964208226,0,223.799968403258,676.8425019986288,873.395776504935,6494.31769408055,15753.739493007699,1664.73078841607
GTEX-12WSK-0226-SM-EAQ7B,0,12703.9991455498,0,43.6210718461179,191.61513091437882,102.616830945866,1622.82757199882,3510.691291796985,223.110497194004
GTEX-12WSK-0426-SM-GEGNS,0,49232.5090536741,0,44.6655898063148,93.95580569458386,89.3162424307839,1510.18465623992,9704.807380481181,235.447549605355
GTEX-12WSK-0526-SM-EUKPD,0,28187.7648100463,0,37.6634209890998,132.52308045943172,293.070388770175,2005.72930128777,8889.458504064096,1017.3977762412
GTEX-12WSK-0726-SM-F4I4Y,0,24763.6449536573,0,52.5899211844102,321.054061620665,292.563041679936,2232.64458941914,6541.721630982395,508.908999953274
GTEX-12WSK-0826-SM-EVR6O,0,29570.0573148461,0,79.5515757404398,316.945508386155,372.356724596728,3211.52553157748,6500.661534653477,1379.71061134142
GTEX-12WSK-0926-SM-F4VR9,0,25504.6028337247,0,199.08214724316,1151.2449157844,354.773292214512,3898.86949126661,9119.28857436219,495.382107109427
GTEX-12WSK-1026-SM-EUKK7,0,49981.6002189813,0,88.1878101305346,290.032695884571,407.724479392089,4608.72957621641,9982.655593619631,1103.48666812662
GTEX-12WSK-1326-SM-F1KNM,0,13394.7718616807,0,27.6064917283633,160.938434897959,117.538569797318,1066.90735628539,2081.7184076892227,416.132237087272
GTEX-12WSK-1426-SM-EBB85,0,13901.6208412329,0,42.3257915566977,263.993306980044,235.569952727751,2024.68439653233,4318.667083686476,663.011051121633
GTEX-12WSK-1526-SM-F1XAS,0,31318.5246308571,0,97.5749350146985,310.4045235977645,317.263138683414,2309.38965572025,5752.265753877962,787.920837211967
GTEX-12WSK-1926-SM-EV6U7,0,22049.8004194593,0,64.2498353078684,359.6563266631957,84.4910440586802,1149.89187570087,11027.02225160808,88.2773525514392
GTEX-12WSK-2026-SM-EUP7D,0,24806.6578102655,0,43.2611421960347,246.329900015709,146.428045589714,1879.66194386084,6512.019642177902,372.657848009327
GTEX-12WSK-2226-SM-G5OOZ,0,25890.6157461652,0,42.5381517476714,340.450716265998,180.394364321973,3274.27044582641,4033.6831529566134,501.146867050087
GTEX-12WSK-2326-SM-GEJ1B,0,93208.1484588678,0,58.8362717690768,213.579987301514,178.669392880144,3818.34977701839,16196.755092356954,387.481875196311
GTEX-12WSK-2626-SM-GEJGE,0,96985.132323631,0,58.539116681594,225.230503182288,103.316788632376,2816.79836299621,19157.368519084717,275.961426692746
GTEX-12WSK-2726-SM-F4GNH,0,25394.6562793359,0,87.3268988180303,470.226694995062,223.144954442131,1893.32954977611,4801.877390540518,376.434656603908
GTEX-12WSL-0002-SM-EX3ZA,0,451.079304322765,0,4213.40025714017,3894.384210852956,7045.25168810536,8110.65065224589,21670.857853628077,3469.43482808826
GTEX-12WSL-0005-SM-F3IQ4,0,4309.91767801278,0,3.47514433738037,191.286954846286,34.9253037292919,97419.3578636975,502067.4018217516,2465.42402407872
GTEX-12WSL-0008-SM-EWDYP,0,9881.52326861214,0,1133.4808751409,1036.0800892531024,1830.41540190682,7053.27058738481,8868.511780333458,2092.72900350731
GTEX-12WSL-0226-SM-GB1WB,0,11762.8350444573,0,51.7040762140472,329.675919587293,359.852659961518,2500.94085143718,10231.651536276255,618.329746011294
GTEX-12WSL-0326-SM-GEGO7,0,43775.0186762102,0,34.6739568190361,80.0788913559745,133.350249697109,3214.86795704671,6164.571712585111,716.568434943851
GTEX-12WSL-0426-SM-EBB8W,0,13577.2061363558,0,30.7909429598796,142.20345282816484,64.1647880767783,1472.31528620895,2247.4846715740987,174.108884613009
GTEX-12WSL-0626-SM-EVR75,0,25034.2890129984,0,83.1388333950398,415.7396713471329,301.711628142601,2935.72942661052,9149.231146245755,615.317367221774
GTEX-12WSL-1026-SM-F419V,0,50070.0211335465,0,69.4308952784537,330.174123742501,264.105612795479,3017.40992089949,7972.276070073688,646.438370121355
GTEX-12WSL-1226-SM-EUU5K,0,20081.1102352335,0,23.4089072754147,74.626264163616,118.840994716635,1424.93495751587,3391.3203620474546,367.028948907913
GTEX-12WSL-1326-SM-F4BDS,0,20680.7307207151,0,20.7025680331521,108.21882854620628,126.223738760309,1413.79440026085,3633.274131434554,433.410368919188
GTEX-12WSL-1626-SM-F5B9Y,0,17396.8493530036,0,11.7880017581227,99.9545632693925,69.9812944087392,1231.7140894248,4070.0475499501154,284.237015905225
GTEX-12WSL-1826-SM-F51M8,0,19458.081082377,0,11.4358613159133,68.0389481062688,60.8372073929874,1167.07278823762,4389.024506534772,235.235959851698
GTEX-12WSL-2126-SM-EAVMD,0,25066.3644993813,0,45.4495686712849,205.41233128010435,178.07930444819,2656.88535008789,5570.493466222075,650.783999330959
GTEX-12WSL-2326-SM-F2UKL,0,33139.2432392162,0,209.868072897075,592.739682420724,787.626759877996,3204.15591512819,9777.289424898638,777.921759853905
GTEX-12WSL-2526-SM-F5BC5,0,67463.8927646762,0,34.6397274182519,182.887862658849,129.178581841901,3288.94802556416,6237.804652413477,450.666525276651
GTEX-12WSL-2726-SM-F1XAR,0,14863.5517422752,0.280540738841757,14.4738599124511,67.42885727194982,92.3585114071515,1078.70287732079,5069.315395513089,201.830707738845
GTEX-12WSL-2826-SM-GEJFZ,0,80884.5606128911,0,72.7457568136867,228.405205185983,155.524294739076,3280.0168278449,17134.378332970522,249.007708339726
GTEX-12WSM-0005-SM-F1XBW,0,45133.5862422681,0,5.4715079467912,43.8493422748786,16.4110517006422,52919.6533134112,542885.0911420325,5268.568532607
GTEX-12WSM-0011-R10a-SM-F34OI,0,6826.28670780099,0,12.0810331688761,121.219244162425,176.501683115498,500.425747484935,1251.9684288345645,429.80898935453
GTEX-12WSM-0011-R11a-SM-DECQX,0,10904.2299552258,0,4.26630265424435,13.614451905866662,33.5871669481728,913.607010396257,528.7418236949836,153.801458724294
GTEX-12WSM-0011-R1a-SM-EUZCZ,0,16512.6759238526,0,24.3296281612305,155.498944988941,171.790500348204,780.829469876579,1870.0819178803395,574.607566805058
GTEX-12WSM-0011-R3b-SM-F1X98,0,8641.79683448364,0,10.7404452126653,71.40642245293955,127.765166164505,514.606949337063,1092.3976938586693,353.49479807828
GTEX-12WSM-0011-R5a-SM-G5R5A,0,13481.2161674928,0,31.9836602426284,441.303228466424,392.389452069297,560.82896195796,1746.5752909153978,641.315437557186
GTEX-12WSM-0011-R7b-SM-F415C,0,14364.2484206863,0.11607793909619,20.2843923945773,143.78374841252793,189.773293590632,799.309630210489,2413.4309406736347,511.061418654136
GTEX-12WSM-0011-R8a-SM-EUZCY,0,6128.43441537819,0,5.07993290804772,41.4904064959058,106.804289261271,702.788024571562,1475.9653101650883,410.841662064576
GTEX-12WSM-0226-SM-GEJFN,0,86844.8739600827,0,36.1563240607443,83.3014162138979,105.651961420012,4011.39485295599,7656.237039494458,314.082415718842
GTEX-12WSM-0326-SM-G5R71,0,17576.314928434,0,33.1854768217029,272.602323452364,292.418529665091,1295.40529327809,5509.335316743977,461.202603719133
GTEX-12WSM-0426-SM-F5WRH,0,39973.3861159538,0,58.6427352338844,273.103014571388,163.24050436382,2920.37303482199,9681.649925693593,294.361997222349
GTEX-12WSM-0526-SM-GAT71,0,11530.2070356206,0,51.37922501186,187.55430411983303,142.543465552732,1483.70486471444,6862.880634322077,322.090829377079
GTEX-12WSM-0726-SM-EVLRW,0,14648.9967264702,0,162.667406997338,641.3818184832636,489.548748431301,2648.56026299566,11656.426282690178,822.561361680083
GTEX-12WSM-1326-SM-EVRAG,0,32854.3001212384,0,61.9190629307439,311.099473703164,212.50830343236,2038.90728899527,5668.108090778702,484.652842202795
GTEX-12WSM-1426-SM-G5R6O,0,13387.619228913,0.362031640362901,107.790086009791,875.388656289675,410.35316926606,1339.72174169129,4287.922799282956,721.777337591702
GTEX-12WSM-1826-SM-EAIOJ,0,14134.8885739549,0,32.6290944948069,182.36523481579394,140.434015252689,1994.75191085004,4785.729376778849,360.198122798351
GTEX-12WSM-1926-SM-F4BFK,0,55323.0582892233,0,93.8004503054574,621.7049181070283,353.880606740965,3149.59977021851,8838.934967085519,646.499252093372
GTEX-12WSM-2126-SM-EZKS5,0,42218.571061306,0,9.07483365419963,25.1073269517474,26.5159232734837,1290.25847825319,932.757773242033,284.189612119006
GTEX-12WSM-2226-SM-G8KVU,0,17178.2127283749,0,10.9335829169362,134.268148522784,68.0866354366777,2723.65092573783,4150.157810441524,304.597502844299
GTEX-12WSN-0001-SM-EVYS1,0,1233.68195081566,0,2228.98074521003,3560.391302660835,4942.40546263358,7474.32131976302,22060.97309517968,2423.34790194537
GTEX-12WSN-0008-SM-EXONO,0,19160.4423121607,0,2518.29693442271,842.79373513924,2015.54123520394,5307.57597506307,10999.538175930913,2003.90348822636
