rank,mirna,accession,sequence,tem_expressao_no_dataset,score_modelo_sequencial,probabilidade_contrastiva_bruta,logit_modelo_sequencial,features_expressao_associadas,features_kmer_mais_influentes,marcadores_referencia_mais_proximos
1,mir-574-5p,MIMAT0004795,UGAGUGUGUGUGUGUGAGUGUGU,nao,1.000000,0.674272,0.727570,,kmer:GU:0.0104; kmer:UGU:0.0042; kmer:GUG:0.0041; kmer:UGUG:0.0020; kmer:GUGUG:0.0006; kmer:AGUG:0.0004; kmer:AGU:0.0004; kmer:GUGU:0.0003; kmer:UGA:0.0002; kmer:UGUGA:0.0001,mir-206:0.690; let-7b-5p:0.599; mir-210-3p:0.586
2,mir-1277-5p,MIMAT0022724,AAAUAUAUAUAUAUAUGUACGUAU,nao,0.999617,0.672903,0.721345,,kmer:UA:0.0053; kmer:GU:0.0027; kmer:AA:0.0008; kmer:UGU:0.0007; kmer:GUA:0.0006; kmer:AAU:0.0005; kmer:CGU:0.0004; kmer:AAA:0.0004; kmer:UAU:0.0003; kmer:AAAU:0.0003,mir-1-3p:0.483; mir-16-5p:0.445; let-7a-5p:0.362
3,mir-32-3p,MIMAT0004505,CAAUUUAGUGUGUGUGAUAUUU,nao,0.999234,0.672409,0.719102,,kmer:GU:0.0051; kmer:GUG:0.0023; kmer:UGU:0.0020; kmer:UA:0.0013; kmer:UGUG:0.0011; kmer:UAG:0.0005; kmer:AAU:0.0005; kmer:AA:0.0004; kmer:GUGUG:0.0003; kmer:AGUG:0.0002,mir-206:0.598; let-7b-5p:0.548; mir-373-3p:0.530
4,mir-297,MIMAT0004450,AUGUAUGUGUGCAUGUGCAUG,nao,0.998851,0.672236,0.718315,,kmer:GU:0.0058; kmer:UGU:0.0030; kmer:GUG:0.0019; kmer:UGUG:0.0013; kmer:GUGC:0.0012; kmer:UA:0.0007; kmer:GUGCA:0.0007; kmer:UGCA:0.0005; kmer:GCA:0.0005; kmer:GUA:0.0003,mir-206:0.575; mir-210-3p:0.534; mir-1-3p:0.509
5,mir-3149,MIMAT0015022,UUUGUAUGGAUAUGUGUGUGUAU,nao,0.998469,0.672089,0.717648,,kmer:GU:0.0064; kmer:UGU:0.0033; kmer:UA:0.0019; kmer:GUG:0.0017; kmer:UGUG:0.0011; kmer:GUA:0.0006; kmer:UUGU:0.0005; kmer:GUGUG:0.0002; kmer:UUG:0.0002; kmer:GUGU:0.0002,mir-206:0.663; mir-1-3p:0.592; let-7b-5p:0.569
6,mir-4703-3p,MIMAT0019802,UGUAGUUGUAUUGUAUUGCCAC,nao,0.998086,0.671920,0.716880,,kmer:GU:0.0056; kmer:UGU:0.0022; kmer:UA:0.0021; kmer:GUA:0.0010; kmer:UUGU:0.0010; kmer:UUG:0.0006; kmer:UAG:0.0006; kmer:GUAG:0.0005; kmer:UAUUG:0.0005; kmer:GUU:0.0003,let-7a-5p:0.625; mir-92a-3p:0.544; let-7b-5p:0.539
7,mir-12135,MIMAT0049031,UAAAGGUUUGUUUGUAAA,nao,0.997703,0.671910,0.716837,,kmer:GU:0.0050; kmer:AA:0.0019; kmer:UGU:0.0017; kmer:UA:0.0016; kmer:UUGU:0.0012; kmer:AAA:0.0009; kmer:GUU:0.0008; kmer:UAA:0.0006; kmer:UUG:0.0005; kmer:GUA:0.0004,let-7b-5p:0.496; mir-1-3p:0.495; let-7a-5p:0.476
8,mir-98-5p,MIMAT0000096,UGAGGUAGUAAGUUGUAUUGUU,nao,0.997320,0.671875,0.716679,,kmer:GU:0.0065; kmer:UA:0.0019; kmer:UGU:0.0014; kmer:GUA:0.0009; kmer:UUGU:0.0009; kmer:GUU:0.0006; kmer:UAG:0.0005; kmer:GUAG:0.0004; seed:GAGGUAG:0.0004; kmer:AGU:0.0004,let-7a-5p:0.867; let-7b-5p:0.790; mir-1-3p:0.568
9,mir-2054,MIMAT0009979,CUGUAAUAUAAAUUUAAUUUAUU,nao,0.996937,0.671564,0.715268,,kmer:UA:0.0032; kmer:AA:0.0015; kmer:AAU:0.0015; kmer:GU:0.0013; kmer:UAA:0.0008; kmer:UGU:0.0007; kmer:UUA:0.0004; kmer:AAA:0.0003; kmer:GUA:0.0003; kmer:AAAU:0.0003,mir-365a-3p:0.534; mir-155-5p:0.506; mir-1-3p:0.465
10,mir-568,MIMAT0003232,AUGUAUAAAUGUAUACACAC,nao,0.996554,0.671530,0.715115,,kmer:GU:0.0031; kmer:UA:0.0030; kmer:UGU:0.0016; kmer:AA:0.0009; kmer:GUA:0.0007; kmer:AAU:0.0006; kmer:AAA:0.0004; kmer:AAAU:0.0003; kmer:UAA:0.0003; kmer:AAUG:0.0002,mir-1-3p:0.652; mir-200a-3p:0.493; mir-16-5p:0.418
11,mir-126-3p,MIMAT0000445,UCGUACCGUGAGUAAUAAUGCG,nao,0.996172,0.671461,0.714799,,kmer:GU:0.0043; kmer:UA:0.0021; kmer:AAU:0.0011; kmer:CGU:0.0009; kmer:AA:0.0008; kmer:GUA:0.0007; kmer:GUG:0.0006; kmer:UAA:0.0006; kmer:CGUG:0.0003; kmer:UAAU:0.0002,mir-155-5p:0.584; mir-1-3p:0.499; mir-99a-5p:0.461
12,mir-559,MIMAT0003223,UAAAGUAAAUAUGCACCAAAA,nao,0.995789,0.671447,0.714736,,kmer:AA:0.0029; kmer:UA:0.0021; kmer:AAA:0.0015; kmer:GU:0.0014; kmer:UAA:0.0005; kmer:AAU:0.0005; kmer:GUA:0.0003; kmer:AAAU:0.0003; kmer:AAAUA:0.0003; kmer:UGCA:0.0003,mir-365a-3p:0.626; mir-19a-3p:0.621; mir-19b-3p:0.597
13,mir-411-5p,MIMAT0003329,UAGUAGACCGUAUAGCGUACG,nao,0.995406,0.671420,0.714616,,kmer:GU:0.0045; kmer:UA:0.0037; kmer:UAG:0.0019; kmer:GUA:0.0011; kmer:CGU:0.0010; kmer:GUAG:0.0005; kmer:UAGC:0.0004; kmer:AGU:0.0002; kmer:ACCG:0.0002; kmer:CGUA:0.0002,let-7a-5p:0.609; mir-20a-5p:0.492; mir-16-5p:0.476
14,mir-599,MIMAT0003267,GUUGUGUCAGUUUAUCAAAC,nao,0.995023,0.671417,0.714600,,kmer:GU:0.0055; kmer:UGU:0.0014; kmer:AA:0.0008; kmer:UA:0.0007; kmer:GUU:0.0006; kmer:GUG:0.0006; kmer:UUGU:0.0005; kmer:UGUG:0.0004; kmer:AAA:0.0004; kmer:UUGUG:0.0003,mir-223-3p:0.695; mir-34a-5p:0.516; let-7b-5p:0.494
15,mir-8068,MIMAT0030995,UGUUUGUUGUAAGGAUCGUUGU,nao,0.994640,0.671384,0.714449,,kmer:GU:0.0069; kmer:UGU:0.0029; kmer:UUGU:0.0015; kmer:GUU:0.0010; kmer:UA:0.0007; kmer:UUG:0.0006; kmer:CGU:0.0004; kmer:AA:0.0004; kmer:GUUG:0.0004; kmer:GUUGU:0.0004,mir-382-5p:0.640; let-7b-5p:0.585; mir-34a-5p:0.536
16,mir-2052,MIMAT0009977,UGUUUUGAUAACAGUAAUGU,nao,0.994257,0.671349,0.714294,,kmer:GU:0.0046; kmer:UGU:0.0016; kmer:UA:0.0015; kmer:AA:0.0009; kmer:UAA:0.0006; kmer:AAU:0.0006; kmer:GUA:0.0004; kmer:GUU:0.0004; kmer:AGU:0.0002; kmer:UUG:0.0002,mir-1-3p:0.548; mir-200a-3p:0.533; mir-155-5p:0.514
17,mir-8084,MIMAT0031011,GAAUACUAAGUAAAAAAUCAGUA,nao,0.993874,0.671248,0.713834,,kmer:AA:0.0028; kmer:GU:0.0028; kmer:UA:0.0027; kmer:AAA:0.0014; kmer:AAU:0.0010; kmer:GUA:0.0007; kmer:UAA:0.0005; kmer:AGU:0.0004; kmer:AAUC:0.0003; kmer:AAAU:0.0003,mir-365a-3p:0.622; mir-1-3p:0.581; mir-191-5p:0.512
18,mir-4703-5p,MIMAT0019801,UAGCAAUACAGUACAAAUAUAGU,nao,0.993492,0.671232,0.713763,,kmer:UA:0.0032; kmer:GU:0.0026; kmer:AA:0.0012; kmer:UAG:0.0011; kmer:AAU:0.0010; kmer:AGU:0.0004; kmer:AAA:0.0003; kmer:UAGC:0.0003; kmer:GUA:0.0003; kmer:AGCA:0.0003,mir-195-5p:0.590; mir-16-5p:0.574; mir-20a-5p:0.531
19,mir-548ah-5p,MIMAT0018972,AAAAGUGAUUGCAGUGUUUG,nao,0.993109,0.671195,0.713593,,kmer:GU:0.0042; kmer:GUG:0.0013; kmer:AA:0.0012; kmer:AAA:0.0007; kmer:UGU:0.0007; kmer:AGUG:0.0005; kmer:AGU:0.0004; kmer:UUG:0.0004; kmer:GUU:0.0003; kmer:AAGUG:0.0003,mir-106a-5p:0.618; mir-93-5p:0.595; mir-373-3p:0.574
20,mir-548ae-5p,MIMAT0032115,AAAAGUAAUUGUGGUUUUUG,nao,0.992726,0.671155,0.713415,,kmer:GU:0.0044; kmer:AA:0.0017; kmer:AAA:0.0008; kmer:UGU:0.0008; kmer:UA:0.0007; kmer:GUG:0.0007; kmer:AAU:0.0006; kmer:UUGU:0.0005; kmer:UGUG:0.0004; kmer:UUG:0.0004,mir-373-3p:0.581; mir-520c-3p:0.547; let-7b-5p:0.536
21,mir-548ad-5p,MIMAT0032114,AAAAGUAAUUGUGGUUUUUG,nao,0.992343,0.671155,0.713415,,kmer:GU:0.0044; kmer:AA:0.0017; kmer:AAA:0.0008; kmer:UGU:0.0008; kmer:UA:0.0007; kmer:GUG:0.0007; kmer:AAU:0.0006; kmer:UUGU:0.0005; kmer:UGUG:0.0004; kmer:UUG:0.0004,mir-373-3p:0.581; mir-520c-3p:0.547; let-7b-5p:0.536
22,mir-1277-3p,MIMAT0005933,UACGUAGAUAUAUAUGUAUUUU,nao,0.991960,0.671143,0.713359,,kmer:UA:0.0042; kmer:GU:0.0029; kmer:UGU:0.0007; kmer:GUA:0.0007; kmer:UAG:0.0006; kmer:GUAG:0.0005; kmer:CGU:0.0005; kmer:UAU:0.0002; kmer:UAUU:0.0001; kmer:CGUA:0.0001,mir-1-3p:0.516; let-7a-5p:0.495; mir-16-5p:0.456
23,let-7g-5p,MIMAT0000414,UGAGGUAGUAGUUUGUACAGUU,sim,0.991577,0.671082,0.713082,hsa-let-7g,kmer:GU:0.0061; kmer:UA:0.0018; kmer:UAG:0.0010; kmer:GUA:0.0009; kmer:GUAG:0.0008; kmer:UGU:0.0006; kmer:AGU:0.0006; kmer:GUU:0.0006; kmer:UUGU:0.0004; seed:GAGGUAG:0.0004,let-7a-5p:0.855; let-7b-5p:0.755; mir-17-5p:0.553
24,mir-1537-3p,MIMAT0007399,AAAACCGUCUAGUUACAGUUGU,nao,0.991194,0.671075,0.713052,,kmer:GU:0.0054; kmer:UA:0.0013; kmer:AA:0.0012; kmer:AAA:0.0007; kmer:UGU:0.0007; kmer:GUU:0.0006; kmer:UAG:0.0006; kmer:UUGU:0.0005; kmer:CGU:0.0004; kmer:AGU:0.0004,mir-451a:0.636; mir-106a-5p:0.547; mir-139-5p:0.536
25,mir-301a-3p,MIMAT0000688,CAGUGCAAUAGUAUUGUCAAAGC,sim,0.990812,0.670982,0.712630,hsa-mir-301a,kmer:GU:0.0037; kmer:UA:0.0012; kmer:AA:0.0011; kmer:UGU:0.0006; kmer:GUG:0.0006; kmer:UAG:0.0005; kmer:GUGC:0.0005; kmer:AAU:0.0005; kmer:AGUGC:0.0004; kmer:UUGU:0.0004,mir-17-5p:0.659; mir-20a-5p:0.641; mir-106a-5p:0.629
26,let-7f-5p,MIMAT0000067,UGAGGUAGUAGAUUGUAUAGUU,sim,0.990429,0.670869,0.712119,hsa-let-7f-1; hsa-let-7f-2,kmer:GU:0.0050; kmer:UA:0.0025; kmer:UAG:0.0016; kmer:GUA:0.0009; kmer:GUAG:0.0008; kmer:UGU:0.0006; kmer:UUGU:0.0004; seed:GAGGUAG:0.0004; kmer:AGU:0.0004; kmer:GGUAG:0.0003,let-7a-5p:0.920; let-7b-5p:0.736; mir-20a-5p:0.601
27,let-7i-5p,MIMAT0000415,UGAGGUAGUAGUUUGUGCUGUU,sim,0.990046,0.670859,0.712072,hsa-let-7i,kmer:GU:0.0058; kmer:UGU:0.0012; kmer:UA:0.0011; kmer:UAG:0.0010; kmer:GUAG:0.0008; kmer:GUA:0.0005; kmer:GUU:0.0005; kmer:GUG:0.0005; kmer:GUGC:0.0005; kmer:UUGU:0.0004,let-7b-5p:0.811; let-7a-5p:0.799; mir-93-5p:0.636
28,mir-595,MIMAT0003263,GAAGUGUGCCGUGGUGUGUCU,nao,0.989663,0.670821,0.711899,,kmer:GU:0.0083; kmer:GUG:0.0031; kmer:UGU:0.0022; kmer:UGUG:0.0008; kmer:GUGC:0.0006; kmer:CGU:0.0004; kmer:AA:0.0004; kmer:CGUG:0.0003; kmer:AAGUG:0.0003; kmer:AGUG:0.0003,mir-206:0.737; mir-210-3p:0.619; let-7b-5p:0.611
29,mir-548ay-5p,MIMAT0025452,AAAAGUAAUUGUGGUUUUUGC,nao,0.989280,0.670739,0.711532,,kmer:GU:0.0042; kmer:AA:0.0016; kmer:AAA:0.0007; kmer:UGU:0.0007; kmer:UA:0.0007; kmer:GUG:0.0006; kmer:AAU:0.0005; kmer:UUGU:0.0005; kmer:UGUG:0.0004; kmer:UUG:0.0004,mir-373-3p:0.591; mir-520c-3p:0.558; mir-1246:0.534
30,mir-33a-5p,MIMAT0000091,GUGCAUUGUAGUUGCAUUGCA,sim,0.988897,0.670703,0.711367,hsa-mir-33a,kmer:GU:0.0043; kmer:UGCA:0.0008; kmer:UGU:0.0008; kmer:GCA:0.0007; kmer:UA:0.0007; kmer:GUG:0.0006; kmer:UUG:0.0006; kmer:UAG:0.0006; kmer:GUGC:0.0006; kmer:UUGU:0.0005,mir-181b-5p:0.535; mir-25-3p:0.532; mir-92a-3p:0.519
31,mir-592,MIMAT0003260,UUGUGUCAAUAUGCGAUGAUGU,nao,0.988515,0.670703,0.711367,,kmer:GU:0.0041; kmer:UGU:0.0022; kmer:UA:0.0007; kmer:GUG:0.0006; kmer:AAU:0.0005; kmer:UUGU:0.0005; kmer:AA:0.0004; kmer:UGUG:0.0004; kmer:UUGUG:0.0003; kmer:UGUC:0.0002,mir-206:0.521; mir-21-5p:0.510; mir-1-3p:0.499
32,mir-5692c,MIMAT0022476,AAUAAUAUCACAGUAGGUGUAC,nao,0.988132,0.670675,0.711240,,kmer:GU:0.0041; kmer:UA:0.0027; kmer:AAU:0.0010; kmer:AA:0.0008; kmer:UGU:0.0007; kmer:GUA:0.0007; kmer:GUG:0.0006; kmer:UAG:0.0006; kmer:GUAG:0.0005; kmer:AAUA:0.0003,let-7a-5p:0.585; mir-1-3p:0.519; mir-20a-5p:0.516
33,mir-548as-3p,MIMAT0022268,UAAAACCCACAAUUAUGUUUGU,nao,0.987749,0.670627,0.711022,,kmer:GU:0.0029; kmer:AA:0.0017; kmer:UGU:0.0015; kmer:UA:0.0014; kmer:AAA:0.0008; kmer:AAU:0.0006; kmer:UUGU:0.0005; kmer:GUU:0.0003; kmer:UAA:0.0003; kmer:ACCC:0.0003,mir-223-3p:0.585; mir-365a-3p:0.561; mir-10b-5p:0.544
34,mir-548n,MIMAT0005916,CAAAAGUAAUUGUGGAUUUUGU,nao,0.987366,0.670607,0.710931,,kmer:GU:0.0039; kmer:AA:0.0015; kmer:UGU:0.0013; kmer:UUGU:0.0009; kmer:AAA:0.0007; kmer:UA:0.0006; kmer:GUG:0.0006; kmer:AAU:0.0005; kmer:UGUG:0.0004; kmer:UUG:0.0004,mir-1246:0.606; mir-373-3p:0.591; mir-382-5p:0.562
35,mir-5692b,MIMAT0022497,AAUAAUAUCACAGUAGGUGU,nao,0.986983,0.670605,0.710922,,kmer:GU:0.0045; kmer:UA:0.0022; kmer:AAU:0.0011; kmer:AA:0.0009; kmer:UGU:0.0008; kmer:GUG:0.0007; kmer:UAG:0.0006; kmer:GUAG:0.0005; kmer:GUA:0.0004; kmer:AAUA:0.0003,let-7a-5p:0.564; mir-20a-5p:0.512; let-7b-5p:0.496
36,mir-4455,MIMAT0018977,AGGGUGUGUGUGUUUUU,nao,0.986600,0.670573,0.710779,,kmer:GU:0.0088; kmer:UGU:0.0036; kmer:GUG:0.0031; kmer:UGUG:0.0015; kmer:GUGUG:0.0005; kmer:GUU:0.0004; kmer:GUGU:0.0003; kmer:UGUGU:0.0001; kmer:GUUUU:0.0000; kmer:GGU:0.0000,let-7b-5p:0.626; mir-206:0.616; mir-373-3p:0.580
37,mir-548g-3p,MIMAT0005912,AAAACUGUAAUUACUUUUGUAC,nao,0.986217,0.670490,0.710404,,kmer:GU:0.0026; kmer:UA:0.0019; kmer:AA:0.0015; kmer:UGU:0.0014; kmer:AAA:0.0007; kmer:GUA:0.0006; kmer:AAU:0.0005; kmer:UUGU:0.0005; kmer:UAA:0.0003; kmer:UUA:0.0002,mir-451a:0.549; mir-10b-5p:0.531; mir-200a-3p:0.502
38,mir-325,MIMAT0000771,CCUAGUAGGUGUCCAGUAAGUGU,nao,0.985835,0.670480,0.710356,,kmer:GU:0.0076; kmer:UA:0.0019; kmer:UGU:0.0013; kmer:GUG:0.0011; kmer:UAG:0.0011; kmer:AGU:0.0006; kmer:GUA:0.0006; kmer:GUAG:0.0004; kmer:AA:0.0004; kmer:AAGUG:0.0003,let-7a-5p:0.681; let-7b-5p:0.671; mir-20a-5p:0.597
39,mir-590-3p,MIMAT0004801,UAAUUUUAUGUAUAAGCUAGU,nao,0.985452,0.670455,0.710244,,kmer:UA:0.0039; kmer:GU:0.0032; kmer:AA:0.0009; kmer:UGU:0.0008; kmer:UAG:0.0007; kmer:UAA:0.0006; kmer:AAU:0.0006; kmer:GUA:0.0004; kmer:AGU:0.0003; kmer:UUA:0.0003,mir-1-3p:0.608; mir-20a-5p:0.555; let-7a-5p:0.535
40,mir-4720-3p,MIMAT0019834,UGCUUAAGUUGUACCAAGUAU,nao,0.985069,0.670411,0.710045,,kmer:GU:0.0048; kmer:UA:0.0024; kmer:AA:0.0009; kmer:UGU:0.0008; kmer:GUA:0.0008; kmer:UUGU:0.0006; kmer:AGU:0.0005; kmer:AAGU:0.0005; kmer:CUUA:0.0004; kmer:GUU:0.0004,mir-20a-5p:0.614; mir-17-5p:0.585; mir-106a-5p:0.581
41,mir-548aj-5p,MIMAT0022739,UGCAAAAGUAAUUGCAGUUUUUG,nao,0.984686,0.670411,0.710044,,kmer:GU:0.0024; kmer:AA:0.0014; kmer:AAA:0.0006; kmer:UA:0.0006; kmer:AAU:0.0004; kmer:UGCA:0.0004; kmer:GCA:0.0004; kmer:AGU:0.0004; kmer:UUG:0.0003; kmer:GUA:0.0003,mir-106a-5p:0.544; mir-19a-3p:0.535; mir-19b-3p:0.528
42,mir-548x-5p,MIMAT0022733,UGCAAAAGUAAUUGCAGUUUUUG,nao,0.984303,0.670411,0.710044,,kmer:GU:0.0024; kmer:AA:0.0014; kmer:AAA:0.0006; kmer:UA:0.0006; kmer:AAU:0.0004; kmer:UGCA:0.0004; kmer:GCA:0.0004; kmer:AGU:0.0004; kmer:UUG:0.0003; kmer:GUA:0.0003,mir-106a-5p:0.544; mir-19a-3p:0.535; mir-19b-3p:0.528
43,mir-548g-5p,MIMAT0022722,UGCAAAAGUAAUUGCAGUUUUUG,nao,0.983920,0.670411,0.710044,,kmer:GU:0.0024; kmer:AA:0.0014; kmer:AAA:0.0006; kmer:UA:0.0006; kmer:AAU:0.0004; kmer:UGCA:0.0004; kmer:GCA:0.0004; kmer:AGU:0.0004; kmer:UUG:0.0003; kmer:GUA:0.0003,mir-106a-5p:0.544; mir-19a-3p:0.535; mir-19b-3p:0.528
44,mir-4774-5p,MIMAT0019929,UCUGGUAUGUAGUAGGUAAUAA,nao,0.983538,0.670389,0.709946,,kmer:GU:0.0054; kmer:UA:0.0033; kmer:GUA:0.0013; kmer:UAG:0.0011; kmer:GUAG:0.0009; kmer:AA:0.0008; kmer:UGU:0.0007; kmer:GGUA:0.0006; kmer:UAA:0.0005; kmer:AAU:0.0005,let-7a-5p:0.748; let-7b-5p:0.649; mir-1-3p:0.642
45,mir-374a-3p,MIMAT0004688,CUUAUCAGAUUGUAUUGUAAUU,sim,0.983155,0.670347,0.709757,hsa-mir-374a,kmer:GU:0.0027; kmer:UA:0.0020; kmer:UGU:0.0014; kmer:UUGU:0.0009; kmer:GUA:0.0006; kmer:AAU:0.0005; kmer:AA:0.0004; kmer:UUG:0.0004; kmer:CUUA:0.0003; kmer:UAA:0.0003,mir-21-5p:0.554; mir-1-3p:0.515; let-7a-5p:0.444
46,mir-548ar-5p,MIMAT0022265,AAAAGUAAUUGCAGUUUUUGC,nao,0.982772,0.670344,0.709739,,kmer:GU:0.0027; kmer:AA:0.0016; kmer:AAA:0.0007; kmer:UA:0.0007; kmer:AAU:0.0005; kmer:AGU:0.0004; kmer:UUG:0.0004; kmer:GUA:0.0003; kmer:GUU:0.0003; kmer:UAA:0.0003,mir-520c-3p:0.540; mir-106a-5p:0.533; mir-1246:0.525
47,mir-511-3p,MIMAT0026606,AAUGUGUAGCAAAAGACAGA,nao,0.982389,0.670336,0.709705,,kmer:GU:0.0029; kmer:AA:0.0017; kmer:UGU:0.0015; kmer:AAA:0.0008; kmer:UA:0.0007; kmer:GUG:0.0006; kmer:UAG:0.0006; kmer:AAU:0.0005; kmer:GUAG:0.0005; kmer:UGUG:0.0004,mir-1-3p:0.592; mir-19a-3p:0.568; mir-191-5p:0.565
48,mir-548h-5p,MIMAT0005928,AAAAGUAAUCGCGGUUUUUGUC,nao,0.982006,0.670305,0.709567,,kmer:GU:0.0042; kmer:AA:0.0016; kmer:AAA:0.0007; kmer:UGU:0.0007; kmer:UA:0.0007; kmer:AAU:0.0005; kmer:UUGU:0.0005; kmer:GUA:0.0003; kmer:GUU:0.0003; kmer:AAUC:0.0003,mir-520c-3p:0.531; mir-373-3p:0.525; mir-382-5p:0.470
49,mir-545-3p,MIMAT0003165,UCAGCAAACAUUUAUUGUGUGC,nao,0.981623,0.670291,0.709503,,kmer:GU:0.0028; kmer:UGU:0.0014; kmer:GUG:0.0012; kmer:AA:0.0008; kmer:UGUG:0.0008; kmer:UA:0.0007; kmer:GUGC:0.0006; kmer:UUGU:0.0005; kmer:AAA:0.0004; kmer:AGCA:0.0003,mir-497-5p:0.584; mir-19b-3p:0.563; mir-19a-3p:0.562
50,mir-4789-5p,MIMAT0019959,GUAUACACCUGAUAUGUGUAUG,nao,0.981240,0.670287,0.709483,,kmer:GU:0.0043; kmer:UA:0.0028; kmer:UGU:0.0015; kmer:GUA:0.0007; kmer:GUG:0.0006; kmer:UGUG:0.0004; kmer:CUGA:0.0002; kmer:UAU:0.0002; kmer:UGA:0.0001; kmer:CCUGA:0.0001,mir-1-3p:0.592; mir-200a-3p:0.502; mir-21-5p:0.469
51,mir-122b-5p,MIMAT0019876,UUUAGUGUGAUAAUGGCGUUUGA,nao,0.980858,0.670256,0.709344,,kmer:GU:0.0039; kmer:UA:0.0013; kmer:GUG:0.0012; kmer:UGU:0.0007; kmer:UAG:0.0005; kmer:AAU:0.0005; kmer:CGU:0.0004; kmer:AA:0.0004; kmer:UGUG:0.0004; kmer:GUU:0.0003,mir-373-3p:0.579; mir-155-5p:0.577; mir-206:0.552
52,mir-548d-5p,MIMAT0004812,AAAAGUAAUUGUGGUUUUUGCC,nao,0.980475,0.670160,0.708908,,kmer:GU:0.0041; kmer:AA:0.0016; kmer:AAA:0.0007; kmer:UGU:0.0007; kmer:UA:0.0007; kmer:GUG:0.0006; kmer:AAU:0.0005; kmer:UUGU:0.0005; kmer:UGUG:0.0004; kmer:UUG:0.0004,mir-373-3p:0.586; mir-520c-3p:0.562; mir-1246:0.529
53,mir-4999-5p,MIMAT0021017,UGCUGUAUUGUCAGGUAGUGA,nao,0.980092,0.670134,0.708793,,kmer:GU:0.0052; kmer:UGU:0.0014; kmer:UA:0.0013; kmer:GUA:0.0006; kmer:GUG:0.0006; kmer:UAG:0.0005; kmer:UUGU:0.0005; kmer:GUAG:0.0004; kmer:GGUAG:0.0003; kmer:AGGUA:0.0003,let-7a-5p:0.668; let-7b-5p:0.661; mir-93-5p:0.645
54,mir-301b-3p,MIMAT0004958,CAGUGCAAUGAUAUUGUCAAAGC,sim,0.979709,0.670127,0.708761,hsa-mir-301b,kmer:GU:0.0025; kmer:AA:0.0011; kmer:UGU:0.0006; kmer:UA:0.0006; kmer:GUG:0.0006; kmer:GUGC:0.0005; kmer:AAU:0.0005; kmer:AGUGC:0.0004; kmer:UUGU:0.0004; kmer:AAA:0.0003,mir-19a-3p:0.611; mir-19b-3p:0.603; mir-17-5p:0.575
55,mir-1973,MIMAT0009448,ACCGUGCAAAGGUAGCAUA,nao,0.979326,0.670109,0.708678,,kmer:GU:0.0032; kmer:UA:0.0016; kmer:AA:0.0009; kmer:GUG:0.0007; kmer:UAG:0.0007; kmer:GUGC:0.0006; kmer:GCA:0.0005; kmer:GUAG:0.0005; kmer:CGU:0.0005; kmer:AAA:0.0004,mir-93-5p:0.655; mir-17-5p:0.630; mir-20a-5p:0.611
56,mir-545-5p,MIMAT0004785,UCAGUAAAUGUUUAUUAGAUGA,nao,0.978943,0.670095,0.708615,,kmer:GU:0.0028; kmer:UA:0.0021; kmer:AA:0.0008; kmer:UGU:0.0007; kmer:UAG:0.0006; kmer:AAU:0.0005; kmer:UUA:0.0004; kmer:AAA:0.0004; kmer:GUA:0.0003; kmer:GUU:0.0003,mir-1-3p:0.603; mir-21-5p:0.572; mir-155-5p:0.492
57,mir-4803,MIMAT0019983,UAACAUAAUAGUGUGGAUUGA,nao,0.978560,0.670080,0.708547,,kmer:GU:0.0030; kmer:UA:0.0022; kmer:GUG:0.0013; kmer:AA:0.0009; kmer:UGU:0.0008; kmer:UAG:0.0006; kmer:UAA:0.0006; kmer:AAU:0.0006; kmer:UGUG:0.0004; kmer:AGUG:0.0003,mir-206:0.612; mir-155-5p:0.527; mir-1-3p:0.507
58,mir-95-5p,MIMAT0026473,UCAAUAAAUGUCUGUUGAAUU,nao,0.978178,0.670073,0.708514,,kmer:GU:0.0029; kmer:AA:0.0017; kmer:AAU:0.0017; kmer:UGU:0.0015; kmer:UA:0.0007; kmer:AAA:0.0004; kmer:GUU:0.0003; kmer:AAAU:0.0003; kmer:UAA:0.0003; kmer:UGUC:0.0002,mir-1-3p:0.543; mir-19a-3p:0.529; mir-223-3p:0.507
59,mir-548a-5p,MIMAT0004803,AAAAGUAAUUGCGAGUUUUACC,nao,0.977795,0.670071,0.708507,,kmer:GU:0.0028; kmer:AA:0.0016; kmer:UA:0.0014; kmer:AAA:0.0007; kmer:AAU:0.0005; kmer:AGU:0.0004; kmer:GUA:0.0003; kmer:GUU:0.0003; kmer:UAA:0.0003; kmer:UUA:0.0002,mir-451a:0.564; mir-520c-3p:0.562; mir-106a-5p:0.507
60,mir-548t-5p,MIMAT0015009,CAAAAGUGAUCGUGGUUUUUG,nao,0.977412,0.670056,0.708440,,kmer:GU:0.0040; kmer:GUG:0.0012; kmer:AA:0.0012; kmer:AAA:0.0007; kmer:CGU:0.0004; kmer:CGUG:0.0003; kmer:GUU:0.0003; kmer:AAGUG:0.0003; kmer:AGUG:0.0003; kmer:UCGUG:0.0002,mir-373-3p:0.617; mir-382-5p:0.613; mir-520c-3p:0.545
61,let-7c-5p,MIMAT0000064,UGAGGUAGUAGGUUGUAUGGUU,sim,0.977029,0.670048,0.708402,hsa-let-7c,kmer:GU:0.0061; kmer:UA:0.0018; kmer:UAG:0.0010; kmer:GUA:0.0009; kmer:GUAG:0.0008; kmer:UGU:0.0006; kmer:GUU:0.0006; kmer:UUGU:0.0004; seed:GAGGUAG:0.0004; kmer:AGGU:0.0004,let-7a-5p:0.934; let-7b-5p:0.915; mir-34a-5p:0.542
62,mir-548az-5p,MIMAT0025456,CAAAAGUGAUUGUGGUUUUUGC,nao,0.976646,0.670000,0.708184,,kmer:GU:0.0039; kmer:GUG:0.0011; kmer:AA:0.0011; kmer:AAA:0.0007; kmer:UGU:0.0007; kmer:UUGU:0.0005; kmer:UGUG:0.0004; kmer:UUG:0.0004; kmer:GUU:0.0003; kmer:AAGUG:0.0003,mir-373-3p:0.654; mir-382-5p:0.568; mir-1246:0.561
63,mir-4460,MIMAT0018982,AUAGUGGUUGUGAAUUUACCUU,nao,0.976263,0.669971,0.708056,,kmer:GU:0.0040; kmer:UA:0.0013; kmer:GUG:0.0012; kmer:UGU:0.0007; kmer:UAG:0.0005; kmer:AAU:0.0005; kmer:UUGU:0.0005; kmer:AA:0.0004; kmer:UGUG:0.0004; kmer:GUU:0.0003,let-7b-5p:0.624; mir-10b-5p:0.597; mir-382-5p:0.566
64,mir-15a-5p,MIMAT0000068,UAGCAGCACAUAAUGGUUUGUG,sim,0.975881,0.669949,0.707955,hsa-mir-15a,kmer:GU:0.0026; kmer:UA:0.0013; seed:AGCAGCA:0.0010; kmer:UGU:0.0007; kmer:AGCA:0.0006; kmer:GUG:0.0006; kmer:UAG:0.0005; kmer:AAU:0.0005; kmer:UUGU:0.0005; kmer:GCA:0.0004,mir-497-5p:0.813; mir-195-5p:0.702; mir-16-5p:0.664
65,mir-548at-3p,MIMAT0022278,CAAAACCGCAGUAACUUUUGU,nao,0.975498,0.669897,0.707717,,kmer:GU:0.0029; kmer:AA:0.0017; kmer:AAA:0.0008; kmer:UGU:0.0008; kmer:UA:0.0007; kmer:UUGU:0.0005; kmer:GUA:0.0003; kmer:UAA:0.0003; kmer:CAAA:0.0002; kmer:AAC:0.0002,mir-19a-3p:0.505; mir-191-5p:0.502; mir-451a:0.500
66,mir-548f-3p,MIMAT0005895,AAAAACUGUAAUUACUUUU,nao,0.975115,0.669890,0.707690,,kmer:AA:0.0023; kmer:GU:0.0015; kmer:UA:0.0015; kmer:AAA:0.0012; kmer:UGU:0.0008; kmer:AAU:0.0006; kmer:GUA:0.0004; kmer:UAA:0.0003; kmer:UUA:0.0002; kmer:UUAC:0.0001,mir-451a:0.525; mir-365a-3p:0.523; mir-19a-3p:0.506
67,mir-190a-5p,MIMAT0000458,UGAUAUGUUUGAUAUAUUAGGU,nao,0.974732,0.669845,0.707486,,kmer:GU:0.0028; kmer:UA:0.0027; kmer:UGU:0.0007; kmer:UAG:0.0006; kmer:GUU:0.0003; kmer:UGA:0.0003; kmer:UUA:0.0002; kmer:AGGU:0.0002; kmer:UUG:0.0002; kmer:AUAUU:0.0002,mir-21-5p:0.522; mir-155-5p:0.520; let-7a-5p:0.506
68,mir-3666,MIMAT0018088,CAGUGCAAGUGUAGAUGCCGA,nao,0.974349,0.669829,0.707411,,kmer:GU:0.0044; kmer:GUG:0.0013; kmer:UGU:0.0008; kmer:UA:0.0007; kmer:UAG:0.0006; kmer:GUGC:0.0006; kmer:AGUG:0.0006; kmer:AGUGC:0.0005; kmer:GUAG:0.0005; kmer:AGU:0.0005,mir-17-5p:0.673; mir-106a-5p:0.650; mir-93-5p:0.644
69,mir-624-5p,MIMAT0003293,UAGUACCAGUACCUUGUGUUCA,nao,0.973966,0.669811,0.707328,,kmer:GU:0.0057; kmer:UA:0.0021; kmer:UGU:0.0015; kmer:GUA:0.0007; kmer:GUG:0.0006; kmer:UAG:0.0006; kmer:UUGU:0.0005; kmer:AGU:0.0005; kmer:UGUG:0.0004; kmer:GUU:0.0003,let-7b-5p:0.560; let-7a-5p:0.556; mir-139-5p:0.538
70,mir-96-3p,MIMAT0004510,AAUCAUGUGCAGUGCCAAUAUG,nao,0.973583,0.669807,0.707311,,kmer:GU:0.0029; kmer:GUG:0.0013; kmer:GUGC:0.0012; kmer:AAU:0.0011; kmer:AA:0.0008; kmer:UGU:0.0008; kmer:UA:0.0007; kmer:AGUGC:0.0005; kmer:UGUG:0.0004; kmer:GUGCA:0.0003,mir-19b-3p:0.610; mir-19a-3p:0.595; mir-17-5p:0.542
71,mir-374c-3p,MIMAT0022735,CACUUAGCAGGUUGUAUUAUAU,nao,0.973201,0.669806,0.707307,,kmer:GU:0.0025; kmer:UA:0.0025; kmer:UGU:0.0007; kmer:UAG:0.0005; kmer:UUGU:0.0004; kmer:UUA:0.0004; kmer:UAGC:0.0003; kmer:GUA:0.0003; kmer:CUUA:0.0003; kmer:AGCA:0.0003,let-7a-5p:0.590; mir-20a-5p:0.548; mir-16-5p:0.536
72,mir-548f-5p,MIMAT0026739,UGCAAAAGUAAUCACAGUUUUU,nao,0.972818,0.669788,0.707225,,kmer:GU:0.0025; kmer:AA:0.0015; kmer:AAA:0.0007; kmer:UA:0.0006; kmer:AAU:0.0005; kmer:AGU:0.0004; kmer:GUA:0.0003; kmer:GUU:0.0003; kmer:AAUC:0.0003; kmer:UAA:0.0002,mir-106a-5p:0.541; mir-17-5p:0.521; mir-19b-3p:0.511
73,mir-4536-5p,MIMAT0019078,UGUGGUAGAUAUAUGCACGAU,nao,0.972435,0.669783,0.707202,,kmer:GU:0.0028; kmer:UA:0.0020; kmer:UGU:0.0007; kmer:GUG:0.0006; kmer:UAG:0.0006; kmer:GUAG:0.0005; kmer:UGUG:0.0004; kmer:GGUAG:0.0004; kmer:GUA:0.0003; kmer:GGUA:0.0003,mir-1-3p:0.479; mir-200a-3p:0.469; mir-16-5p:0.463
74,mir-137-3p,MIMAT0000429,UUAUUGCUUAAGAAUACGCGUAG,nao,0.972052,0.669779,0.707185,,kmer:UA:0.0028; kmer:GU:0.0014; kmer:AA:0.0008; kmer:UAG:0.0006; kmer:AAU:0.0005; kmer:GUAG:0.0005; kmer:CGU:0.0005; kmer:UUA:0.0005; kmer:GUA:0.0003; kmer:CUUA:0.0003,mir-20a-5p:0.560; mir-16-5p:0.554; mir-155-5p:0.494
75,mir-429,MIMAT0001536,UAAUACUGUCUGGUAAAACCGU,nao,0.971669,0.669778,0.707182,,kmer:GU:0.0038; kmer:UA:0.0019; kmer:AA:0.0015; kmer:AAA:0.0007; kmer:UGU:0.0007; kmer:UAA:0.0005; kmer:AAU:0.0005; kmer:CGU:0.0004; kmer:GUA:0.0003; kmer:GGUA:0.0003,mir-200a-3p:0.698; mir-451a:0.509; mir-365a-3p:0.492
76,mir-20b-5p,MIMAT0001413,CAAAGUGCUCAUAGUGCAGGUAG,sim,0.971286,0.669772,0.707154,hsa-mir-20b,kmer:GU:0.0036; kmer:UA:0.0012; kmer:GUG:0.0011; kmer:UAG:0.0010; kmer:GUGC:0.0009; seed:AAAGUGC:0.0009; kmer:AGUGC:0.0008; kmer:AA:0.0007; kmer:AGUG:0.0005; kmer:GUAG:0.0004,mir-20a-5p:0.874; mir-17-5p:0.872; mir-106a-5p:0.842
77,mir-374a-5p,MIMAT0000727,UUAUAAUACAACCUGAUAAGUG,sim,0.970904,0.669718,0.706910,hsa-mir-374a,kmer:UA:0.0030; kmer:GU:0.0015; kmer:AA:0.0013; kmer:GUG:0.0007; kmer:UAA:0.0006; kmer:AAU:0.0006; kmer:AAGUG:0.0003; kmer:AGUG:0.0003; kmer:AGU:0.0002; kmer:UUA:0.0002,mir-155-5p:0.513; mir-20a-5p:0.508; mir-365a-3p:0.504
78,mir-4680-3p,MIMAT0019765,UCUGAAUUGUAAGAGUUGUUA,nao,0.970521,0.669706,0.706853,,kmer:GU:0.0046; kmer:UGU:0.0016; kmer:UA:0.0015; kmer:UUGU:0.0011; kmer:AA:0.0009; kmer:GUU:0.0007; kmer:AAU:0.0006; kmer:UUG:0.0004; kmer:GUA:0.0004; kmer:UAA:0.0003,mir-1-3p:0.563; let-7a-5p:0.558; mir-382-5p:0.556
79,mir-1206,MIMAT0005870,UGUUCAUGUAGAUGUUUAAGC,nao,0.970138,0.669701,0.706833,,kmer:GU:0.0044; kmer:UGU:0.0023; kmer:UA:0.0014; kmer:GUU:0.0007; kmer:UAG:0.0006; kmer:GUAG:0.0005; kmer:AA:0.0004; kmer:GUA:0.0003; kmer:UAA:0.0003; kmer:UUA:0.0002,mir-1-3p:0.551; mir-21-5p:0.544; let-7a-5p:0.498
80,mir-302b-3p,MIMAT0000715,UAAGUGCUUCCAUGUUUUAGUAG,sim,0.969755,0.669684,0.706756,hsa-mir-302b,kmer:GU:0.0036; kmer:UA:0.0018; kmer:UAG:0.0010; kmer:UGU:0.0006; kmer:GUG:0.0005; kmer:GUGC:0.0005; kmer:AGUGC:0.0004; kmer:GUAG:0.0004; kmer:AGU:0.0004; kmer:AA:0.0004,mir-520c-3p:0.729; mir-20a-5p:0.640; mir-373-3p:0.597
81,mir-106b-5p,MIMAT0000680,UAAAGUGCUGACAGUGCAGAU,sim,0.969372,0.669669,0.706690,hsa-mir-106b,kmer:GU:0.0025; kmer:GUG:0.0011; kmer:GUGC:0.0010; seed:AAAGUGC:0.0010; kmer:AGUGC:0.0009; kmer:AA:0.0007; kmer:UA:0.0006; kmer:AGUG:0.0005; kmer:AGU:0.0004; kmer:AAA:0.0003,mir-106a-5p:0.771; mir-17-5p:0.768; mir-20a-5p:0.708
82,mir-598-3p,MIMAT0003266,UACGUCAUCGUUGUCAUCGUCA,nao,0.968989,0.669615,0.706446,,kmer:GU:0.0060; kmer:CGU:0.0014; kmer:UGU:0.0008; kmer:UA:0.0007; kmer:UUGU:0.0005; kmer:UCGU:0.0005; kmer:UCG:0.0005; kmer:GUU:0.0003; kmer:UGUC:0.0002; kmer:UUG:0.0002,mir-223-3p:0.511; mir-1307-3p:0.485; mir-181b-5p:0.453
83,mir-489-5p,MIMAT0026605,GGUCGUAUGUGUGACGCCAUUU,nao,0.968606,0.669590,0.706332,,kmer:GU:0.0061; kmer:UGU:0.0016; kmer:GUG:0.0014; kmer:UGUG:0.0009; kmer:UA:0.0007; kmer:CGU:0.0005; kmer:GUA:0.0004; kmer:UCGU:0.0002; kmer:UCG:0.0002; kmer:UGA:0.0002,mir-210-3p:0.569; let-7b-5p:0.548; mir-181b-5p:0.545
84,mir-3182,MIMAT0015062,GCUUCUGUAGUGUAGUC,nao,0.968224,0.669589,0.706326,,kmer:GU:0.0072; kmer:UGU:0.0019; kmer:UA:0.0018; kmer:UAG:0.0015; kmer:GUAG:0.0012; kmer:GUA:0.0008; kmer:GUG:0.0008; kmer:AGU:0.0006; kmer:AGUG:0.0003; kmer:UAGU:0.0002,let-7a-5p:0.606; let-7b-5p:0.561; mir-34a-5p:0.545
85,mir-10a-5p,MIMAT0000253,UACCCUGUAGAUCCGAAUUUGUG,nao,0.967841,0.669588,0.706322,,kmer:GU:0.0023; kmer:UGU:0.0012; kmer:UA:0.0011; kmer:GUG:0.0005; kmer:UAG:0.0005; kmer:AAU:0.0004; kmer:UUGU:0.0004; seed:ACCCUGU:0.0004; kmer:GUAG:0.0004; kmer:AA:0.0003,mir-10b-5p:0.901; mir-99a-5p:0.688; mir-125a-5p:0.584
86,mir-548au-5p,MIMAT0022291,AAAAGUAAUUGCGGUUUUUGC,nao,0.967458,0.669579,0.706284,,kmer:GU:0.0029; kmer:AA:0.0017; kmer:AAA:0.0008; kmer:UA:0.0007; kmer:AAU:0.0006; kmer:UUG:0.0004; kmer:GUA:0.0003; kmer:GUU:0.0003; kmer:UAA:0.0003; kmer:AGU:0.0002,mir-520c-3p:0.552; mir-373-3p:0.543; mir-1246:0.517
87,mir-5700,MIMAT0022493,UAAUGCAUUAAAUUAUUGAAGG,nao,0.967075,0.669536,0.706086,,kmer:UA:0.0021; kmer:AA:0.0017; kmer:AAU:0.0011; kmer:UAA:0.0006; kmer:UUA:0.0005; kmer:AAA:0.0004; kmer:AAAU:0.0003; kmer:UGCA:0.0003; kmer:GCA:0.0002; kmer:UAUUG:0.0002,mir-365a-3p:0.574; mir-155-5p:0.553; mir-1-3p:0.506
88,mir-100-5p,MIMAT0000098,AACCCGUAGAUCCGAACUUGUG,nao,0.966692,0.669527,0.706046,,kmer:GU:0.0027; kmer:AA:0.0008; kmer:UGU:0.0007; kmer:UA:0.0007; kmer:GUG:0.0006; kmer:UAG:0.0006; kmer:UUGU:0.0005; kmer:GUAG:0.0004; kmer:CGU:0.0004; kmer:UGUG:0.0004,mir-99a-5p:0.882; mir-10b-5p:0.668; mir-125b-5p:0.576
89,mir-187-3p,MIMAT0000262,UCGUGUCUUGUGUUGCAGCCGG,nao,0.966309,0.669523,0.706027,,kmer:GU:0.0052; kmer:UGU:0.0020; kmer:GUG:0.0012; kmer:UUGU:0.0005; kmer:CGU:0.0004; kmer:UGUG:0.0004; kmer:UUG:0.0004; kmer:CGUG:0.0003; kmer:GUU:0.0003; kmer:CUUGU:0.0003,mir-34a-5p:0.658; mir-92a-3p:0.582; mir-25-3p:0.579
90,mir-302d-3p,MIMAT0000718,UAAGUGCUUCCAUGUUUGAGUGU,sim,0.965926,0.669521,0.706020,hsa-mir-302d,kmer:GU:0.0049; kmer:UGU:0.0013; kmer:GUG:0.0011; kmer:UA:0.0006; kmer:GUGC:0.0005; kmer:AGUG:0.0005; kmer:AGUGC:0.0004; kmer:AGU:0.0004; kmer:AA:0.0004; kmer:GUU:0.0003,mir-373-3p:0.678; mir-520c-3p:0.641; mir-93-5p:0.586
91,mir-7973,MIMAT0031176,UGUGACCCUAGAAUAAUUAC,nao,0.965544,0.669519,0.706009,,kmer:UA:0.0023; kmer:GU:0.0015; kmer:AAU:0.0012; kmer:AA:0.0009; kmer:UGU:0.0008; kmer:GUG:0.0007; kmer:UAG:0.0006; kmer:UGUG:0.0004; kmer:UAA:0.0003; kmer:ACCC:0.0003,mir-10b-5p:0.648; mir-125b-5p:0.601; mir-125a-5p:0.585
92,mir-891a-3p,MIMAT0026717,AGUGGCACAUGUUUGUUGUGAG,nao,0.965161,0.669497,0.705911,,kmer:GU:0.0054; kmer:UGU:0.0021; kmer:GUG:0.0012; kmer:UUGU:0.0009; kmer:GUU:0.0006; kmer:UGUG:0.0004; kmer:UUG:0.0004; kmer:UUGUG:0.0003; kmer:AGUG:0.0003; kmer:GCA:0.0002,mir-497-5p:0.640; mir-34a-5p:0.626; let-7b-5p:0.615
93,mir-101-3p,MIMAT0000099,UACAGUACUGUGAUAACUGAA,nao,0.964778,0.669459,0.705741,,kmer:GU:0.0028; kmer:UA:0.0021; kmer:AA:0.0008; kmer:UGU:0.0007; kmer:GUG:0.0006; kmer:UGUG:0.0004; kmer:GUA:0.0003; kmer:UGA:0.0003; kmer:UAA:0.0003; kmer:AGU:0.0002,mir-200a-3p:0.606; mir-21-5p:0.493; mir-125b-5p:0.486
94,mir-7852-3p,MIMAT0030427,UAUGUAGUAGUCAAAGGCAUUU,nao,0.964395,0.669439,0.705650,,kmer:GU:0.0042; kmer:UA:0.0021; kmer:UAG:0.0012; kmer:GUAG:0.0009; kmer:AA:0.0008; kmer:UGU:0.0007; kmer:GUA:0.0007; kmer:AGU:0.0004; kmer:AAA:0.0004; kmer:CAAA:0.0002,let-7a-5p:0.657; mir-20a-5p:0.575; mir-1-3p:0.568
95,mir-2053,MIMAT0009978,GUGUUAAUUAAACCUCUAUUUAC,nao,0.964012,0.669414,0.705534,,kmer:GU:0.0030; kmer:UA:0.0029; kmer:AA:0.0013; kmer:UGU:0.0008; kmer:UUA:0.0007; kmer:GUG:0.0007; kmer:UAA:0.0006; kmer:AAU:0.0006; kmer:AAA:0.0004; kmer:GUU:0.0003,mir-451a:0.592; mir-365a-3p:0.535; mir-155-5p:0.494
96,mir-29b-3p,MIMAT0000100,UAGCACCAUUUGAAAUCAGUGUU,sim,0.963629,0.669413,0.705530,hsa-mir-29b-1,kmer:GU:0.0025; kmer:AA:0.0007; kmer:UGU:0.0007; kmer:UA:0.0006; kmer:GUG:0.0006; kmer:UAG:0.0005; kmer:AAU:0.0005; kmer:AAA:0.0003; kmer:UAGC:0.0003; kmer:AGCA:0.0003,mir-195-5p:0.561; mir-223-3p:0.542; mir-497-5p:0.528
97,mir-548m,MIMAT0005917,CAAAGGUAUUUGUGGUUUUUG,nao,0.963247,0.669406,0.705500,,kmer:GU:0.0041; kmer:AA:0.0008; kmer:UGU:0.0007; kmer:UA:0.0007; kmer:GUG:0.0006; kmer:UUGU:0.0005; kmer:UGUG:0.0004; kmer:UUG:0.0004; kmer:AAA:0.0004; kmer:AGGUA:0.0003,mir-373-3p:0.614; mir-1246:0.598; let-7b-5p:0.588
98,mir-670-5p,MIMAT0010357,GUCCCUGAGUGUAUGUGGUG,nao,0.962864,0.669404,0.705491,,kmer:GU:0.0071; kmer:GUG:0.0019; kmer:UGU:0.0015; kmer:UA:0.0007; kmer:UGUG:0.0004; kmer:GUA:0.0003; kmer:AGUG:0.0003; kmer:AGU:0.0002; kmer:CUGA:0.0002; kmer:UCCC:0.0002,mir-206:0.638; let-7b-5p:0.625; mir-34a-5p:0.556
99,mir-1468-3p,MIMAT0026638,AGCAAAAUAAGCAAAUGGAAAA,nao,0.962481,0.669395,0.705451,,kmer:AA:0.0039; kmer:AAA:0.0019; kmer:AAU:0.0011; kmer:UA:0.0007; kmer:AGCA:0.0007; kmer:AAAU:0.0006; kmer:CAAA:0.0005; kmer:GCA:0.0005; kmer:GCAAA:0.0004; kmer:AAAUA:0.0003,mir-191-5p:0.682; mir-19a-3p:0.666; mir-19b-3p:0.654
100,mir-548b-5p,MIMAT0004798,AAAAGUAAUUGUGGUUUUGGCC,nao,0.962098,0.669389,0.705421,,kmer:GU:0.0039; kmer:AA:0.0015; kmer:AAA:0.0007; kmer:UGU:0.0007; kmer:UA:0.0006; kmer:GUG:0.0006; kmer:AAU:0.0005; kmer:UUGU:0.0005; kmer:UGUG:0.0004; kmer:UUG:0.0004,mir-373-3p:0.586; let-7b-5p:0.555; mir-382-5p:0.540
101,mir-548am-3p,MIMAT0019076,CAAAAACUGCAGUUACUUUUGU,nao,0.961715,0.669386,0.705412,,kmer:GU:0.0026; kmer:AA:0.0015; kmer:AAA:0.0010; kmer:UGU:0.0007; kmer:UA:0.0006; kmer:UUGU:0.0005; kmer:GUU:0.0003; kmer:UGCA:0.0002; kmer:CAAA:0.0002; kmer:GCA:0.0002,mir-19a-3p:0.592; mir-19b-3p:0.569; mir-451a:0.544
102,let-7d-5p,MIMAT0000065,AGAGGUAGUAGGUUGCAUAGUU,sim,0.961332,0.669353,0.705262,hsa-let-7d,kmer:GU:0.0051; kmer:UA:0.0019; kmer:UAG:0.0016; kmer:GUAG:0.0008; kmer:GUA:0.0006; kmer:GUU:0.0006; seed:GAGGUAG:0.0004; kmer:AGU:0.0004; kmer:AGGU:0.0004; kmer:GGUAG:0.0003,let-7a-5p:0.913; let-7b-5p:0.789; mir-20a-5p:0.630
103,mir-144-3p,MIMAT0000436,UACAGUAUAGAUGAUGUACU,nao,0.960949,0.669352,0.705254,,kmer:GU:0.0031; kmer:UA:0.0030; kmer:UGU:0.0008; kmer:GUA:0.0007; kmer:UAG:0.0006; kmer:AGU:0.0002; kmer:AUAG:0.0002; kmer:CAGU:0.0002; kmer:UGA:0.0002; kmer:GAUGU:0.0001,mir-1-3p:0.568; mir-21-5p:0.542; let-7a-5p:0.522
104,mir-7844-5p,MIMAT0030419,AAAACUAGGACUGUGUGGUGUA,nao,0.960567,0.669351,0.705251,,kmer:GU:0.0055; kmer:UGU:0.0022; kmer:GUG:0.0019; kmer:UA:0.0014; kmer:AA:0.0012; kmer:UGUG:0.0008; kmer:AAA:0.0007; kmer:UAG:0.0006; kmer:GUA:0.0003; kmer:GUGUG:0.0001,mir-206:0.699; let-7b-5p:0.620; mir-200a-3p:0.573
105,mir-573,MIMAT0003238,CUGAAGUGAUGUGUAACUGAUCAG,nao,0.960184,0.669333,0.705171,,kmer:GU:0.0035; kmer:UGU:0.0012; kmer:GUG:0.0010; kmer:AA:0.0007; kmer:UA:0.0006; kmer:UGA:0.0004; kmer:CUGA:0.0003; kmer:UGUG:0.0003; kmer:GUA:0.0003; kmer:AAGUG:0.0003,mir-206:0.626; mir-21-5p:0.625; mir-200a-3p:0.564
106,mir-454-3p,MIMAT0003885,UAGUGCAAUAUUGCUUAUAGGGU,nao,0.959801,0.669329,0.705150,,kmer:GU:0.0024; kmer:UA:0.0023; kmer:UAG:0.0010; kmer:GUG:0.0005; kmer:GUGC:0.0005; kmer:AAU:0.0004; kmer:AGUGC:0.0004; kmer:AA:0.0003; kmer:GUGCA:0.0003; kmer:CUUA:0.0003,mir-20a-5p:0.736; mir-155-5p:0.569; mir-17-5p:0.568
107,mir-335-5p,MIMAT0000765,UCAAGAGCAAUAACGAAAAAUGU,nao,0.959418,0.669323,0.705127,,kmer:AA:0.0032; kmer:GU:0.0015; kmer:AAA:0.0012; kmer:AAU:0.0012; kmer:UGU:0.0008; kmer:UA:0.0008; kmer:AGCA:0.0004; kmer:AAAU:0.0003; kmer:UAA:0.0003; kmer:GCA:0.0003,mir-191-5p:0.673; mir-19a-3p:0.610; mir-19b-3p:0.601
108,mir-1244,MIMAT0005896,AAGUAGUUGGUUUGUAUGAGAUGGUU,nao,0.959035,0.669318,0.705102,,kmer:GU:0.0058; kmer:UA:0.0011; kmer:GUU:0.0008; kmer:UGU:0.0006; kmer:GUA:0.0005; kmer:UAG:0.0005; kmer:UUGU:0.0004; kmer:GUAG:0.0004; kmer:AGU:0.0004; kmer:AA:0.0003,let-7b-5p:0.734; let-7a-5p:0.722; mir-382-5p:0.595
109,mir-655-5p,MIMAT0026626,AGAGGUUAUCCGUGUUAUGUUC,nao,0.958652,0.669316,0.705091,,kmer:GU:0.0057; kmer:UGU:0.0015; kmer:UA:0.0014; kmer:GUU:0.0010; kmer:GUG:0.0006; kmer:CGU:0.0005; kmer:UUA:0.0005; kmer:CGUG:0.0003; kmer:UUAU:0.0002; kmer:AGGU:0.0002,let-7b-5p:0.577; mir-382-5p:0.555; let-7a-5p:0.551
110,mir-1267,MIMAT0005921,CCUGUUGAAGUGUAAUCCCCA,nao,0.958270,0.669315,0.705088,,kmer:GU:0.0040; kmer:UGU:0.0014; kmer:AA:0.0008; kmer:UA:0.0007; kmer:GUG:0.0006; kmer:AAU:0.0005; kmer:GUA:0.0003; kmer:GUU:0.0003; kmer:AAUC:0.0003; kmer:AAGUG:0.0003,mir-125a-5p:0.559; mir-206:0.549; mir-10b-5p:0.544
111,mir-3668,MIMAT0018091,AAUGUAGAGAUUGAUCAAAAU,nao,0.957887,0.669301,0.705027,,kmer:AA:0.0017; kmer:GU:0.0014; kmer:AAU:0.0011; kmer:AAA:0.0008; kmer:UGU:0.0008; kmer:UA:0.0007; kmer:UAG:0.0006; kmer:GUAG:0.0005; kmer:GUA:0.0003; kmer:AAAU:0.0003,mir-1-3p:0.588; mir-19a-3p:0.516; mir-19b-3p:0.502
112,mir-3974,MIMAT0019359,AAAGGUCAUUGUAAGGUUAAUGC,nao,0.957504,0.669298,0.705013,,kmer:GU:0.0041; kmer:AA:0.0016; kmer:UA:0.0013; kmer:UGU:0.0007; kmer:UAA:0.0005; kmer:AAU:0.0005; kmer:UUGU:0.0005; kmer:AGGU:0.0004; kmer:AAA:0.0004; kmer:GUA:0.0003,mir-155-5p:0.582; mir-1-3p:0.574; let-7b-5p:0.533
113,mir-3657,MIMAT0018077,UGUGUCCCAUUAUUGGUGAUU,nao,0.957121,0.669292,0.704984,,kmer:GU:0.0041; kmer:UGU:0.0014; kmer:GUG:0.0012; kmer:UA:0.0007; kmer:UGUG:0.0004; kmer:UAUUG:0.0002; kmer:UGUC:0.0002; kmer:UUA:0.0002; kmer:UUG:0.0002; kmer:UCCC:0.0001,mir-181b-5p:0.559; mir-92a-3p:0.540; mir-373-3p:0.525
114,mir-3129-5p,MIMAT0014992,GCAGUAGUGUAGAGAUUGGUUU,nao,0.956738,0.669289,0.704972,,kmer:GU:0.0054; kmer:UA:0.0013; kmer:UAG:0.0011; kmer:GUAG:0.0009; kmer:UGU:0.0007; kmer:GUA:0.0006; kmer:GUG:0.0006; kmer:AGU:0.0004; kmer:GUU:0.0003; kmer:AGUG:0.0003,let-7a-5p:0.700; let-7b-5p:0.683; mir-34a-5p:0.581
115,mir-374b-3p,MIMAT0004956,CUUAGCAGGUUGUAUUAUCAUU,sim,0.956355,0.669289,0.704970,hsa-mir-374b,kmer:GU:0.0025; kmer:UA:0.0018; kmer:UGU:0.0006; kmer:UAG:0.0005; kmer:UUGU:0.0004; kmer:UUA:0.0004; kmer:UAGC:0.0003; kmer:GUA:0.0003; kmer:CUUA:0.0003; kmer:AGCA:0.0003,let-7a-5p:0.554; mir-21-5p:0.521; mir-34a-5p:0.516
116,mir-577,MIMAT0003242,UAGAUAAAAUAUUGGUACCUG,nao,0.955972,0.669271,0.704888,,kmer:UA:0.0030; kmer:GU:0.0015; kmer:AA:0.0014; kmer:AAA:0.0008; kmer:UAG:0.0006; kmer:AAU:0.0006; kmer:GUA:0.0004; kmer:GGUA:0.0003; kmer:AAAU:0.0003; kmer:AAAUA:0.0003,mir-365a-3p:0.570; mir-16-5p:0.566; mir-1-3p:0.530
117,mir-450a-5p,MIMAT0001545,UUUUGCGAUGUGUUCCUAAUAU,sim,0.955590,0.669256,0.704821,hsa-mir-450a-1; hsa-mir-450a-2,kmer:GU:0.0028; kmer:UGU:0.0014; kmer:UA:0.0014; kmer:GUG:0.0006; kmer:AAU:0.0005; kmer:AA:0.0004; kmer:UGUG:0.0004; kmer:GUU:0.0003; kmer:UAA:0.0003; kmer:UUG:0.0002,mir-373-3p:0.553; mir-155-5p:0.499; mir-382-5p:0.478
118,mir-369-5p,MIMAT0001621,AGAUCGACCGUGUUAUAUUCGC,nao,0.955207,0.669248,0.704785,,kmer:GU:0.0030; kmer:UA:0.0015; kmer:UGU:0.0008; kmer:GUG:0.0007; kmer:CGU:0.0005; kmer:UCG:0.0005; kmer:CGUG:0.0004; kmer:GUU:0.0004; kmer:UUA:0.0002; kmer:ACCG:0.0002,mir-99a-5p:0.567; mir-382-5p:0.529; mir-21-5p:0.440
119,mir-548ar-3p,MIMAT0022266,UAAAACUGCAGUUAUUUUUGC,nao,0.954824,0.669244,0.704766,,kmer:GU:0.0014; kmer:UA:0.0014; kmer:AA:0.0012; kmer:AAA:0.0007; kmer:GUU:0.0003; kmer:UAA:0.0003; kmer:UGCA:0.0003; kmer:GCA:0.0002; kmer:AGU:0.0002; kmer:UUA:0.0002,mir-1246:0.536; mir-520c-3p:0.505; mir-19a-3p:0.501
120,mir-548ab,MIMAT0018928,AAAAGUAAUUGUGGAUUUUGCU,nao,0.954441,0.669236,0.704731,,kmer:GU:0.0026; kmer:AA:0.0015; kmer:AAA:0.0007; kmer:UGU:0.0007; kmer:UA:0.0006; kmer:GUG:0.0006; kmer:AAU:0.0005; kmer:UUGU:0.0005; kmer:UGUG:0.0004; kmer:UUG:0.0004,mir-1246:0.633; mir-373-3p:0.626; mir-520c-3p:0.536
121,mir-5688,MIMAT0022479,UAACAAACACCUGUAAAACAGC,nao,0.954058,0.669235,0.704726,,kmer:AA:0.0025; kmer:GU:0.0014; kmer:UA:0.0014; kmer:AAA:0.0011; kmer:UGU:0.0008; kmer:UAA:0.0006; kmer:AAC:0.0004; kmer:GUA:0.0003; kmer:CAAA:0.0002; kmer:UAAC:0.0002,mir-191-5p:0.552; mir-200a-3p:0.537; mir-19a-3p:0.516
122,mir-5692a,MIMAT0022484,CAAAUAAUACCACAGUGGGUGU,nao,0.953675,0.669234,0.704721,,kmer:GU:0.0040; kmer:UA:0.0013; kmer:GUG:0.0012; kmer:AA:0.0012; kmer:AAU:0.0010; kmer:UGU:0.0007; kmer:AAA:0.0004; kmer:AAUA:0.0003; kmer:AAAU:0.0003; kmer:AAAUA:0.0003,mir-223-3p:0.550; mir-17-5p:0.512; mir-106a-5p:0.500
123,mir-582-5p,MIMAT0003247,UUACAGUUGUUCAACCAGUUACU,nao,0.953292,0.669217,0.704647,,kmer:GU:0.0038; kmer:UA:0.0012; kmer:GUU:0.0009; kmer:UGU:0.0007; kmer:UUGU:0.0004; kmer:AGU:0.0004; kmer:UUA:0.0004; kmer:AA:0.0004; kmer:AGUU:0.0004; kmer:CAGUU:0.0003,mir-451a:0.626; mir-223-3p:0.536; mir-139-5p:0.510
124,mir-1265,MIMAT0005918,CAGGAUGUGGUCAAGUGUUGUU,nao,0.952910,0.669194,0.704541,,kmer:GU:0.0067; kmer:UGU:0.0021; kmer:GUG:0.0012; kmer:GUU:0.0006; kmer:UUGU:0.0005; kmer:AA:0.0004; kmer:UGUG:0.0004; kmer:AAGUG:0.0003; kmer:AGUG:0.0003; kmer:AGU:0.0002,mir-206:0.681; let-7b-5p:0.673; mir-382-5p:0.664
125,mir-5590-3p,MIMAT0022300,AAUAAAGUUCAUGUAUGGCAA,nao,0.952527,0.669174,0.704451,,kmer:GU:0.0030; kmer:AA:0.0017; kmer:UA:0.0015; kmer:UGU:0.0008; kmer:AAU:0.0006; kmer:AAA:0.0004; kmer:GUA:0.0004; kmer:GUU:0.0003; kmer:UAA:0.0003; kmer:GCA:0.0002,mir-1-3p:0.701; mir-19a-3p:0.534; mir-19b-3p:0.519
126,mir-633,MIMAT0003303,CUAAUAGUAUCUACCACAAUAAA,nao,0.952144,0.669166,0.704414,,kmer:UA:0.0036; kmer:AA:0.0017; kmer:GU:0.0015; kmer:AAU:0.0011; kmer:UAG:0.0006; kmer:UAA:0.0006; kmer:AAA:0.0004; kmer:GUA:0.0003; kmer:AAUA:0.0003; kmer:AGU:0.0002,mir-365a-3p:0.572; mir-155-5p:0.475; mir-1-3p:0.473
127,mir-10395-3p,MIMAT0041622,AUGUAUUCGUACUGUCUGAUG,nao,0.951761,0.669163,0.704402,,kmer:GU:0.0041; kmer:UGU:0.0014; kmer:UA:0.0013; kmer:GUA:0.0006; kmer:CGU:0.0004; kmer:UGUC:0.0002; kmer:UCGU:0.0002; kmer:UCG:0.0002; kmer:CUGA:0.0002; kmer:UUCG:0.0002,mir-200a-3p:0.623; mir-25-3p:0.530; mir-1-3p:0.521
128,mir-651-3p,MIMAT0026624,AAAGGAAAGUGUAUCCUAAAAG,nao,0.951378,0.669158,0.704378,,kmer:AA:0.0028; kmer:GU:0.0028; kmer:AAA:0.0014; kmer:UA:0.0014; kmer:UGU:0.0007; kmer:GUG:0.0006; kmer:GUA:0.0003; kmer:AAGUG:0.0003; kmer:UAA:0.0003; kmer:AGUG:0.0003,mir-1-3p:0.626; mir-365a-3p:0.582; mir-191-5p:0.566
129,mir-3662,MIMAT0018083,GAAAAUGAUGAGUAGUGACUGAUG,nao,0.950995,0.669153,0.704356,,kmer:GU:0.0024; kmer:AA:0.0010; kmer:AAA:0.0006; kmer:UA:0.0006; kmer:GUG:0.0005; kmer:UAG:0.0005; kmer:UGA:0.0005; kmer:AAU:0.0004; kmer:GUAG:0.0004; kmer:AGU:0.0004,mir-21-5p:0.575; mir-1-3p:0.508; mir-19a-3p:0.483
130,mir-9-3p,MIMAT0000442,AUAAAGCUAGAUAACCGAAAGU,sim,0.950613,0.669148,0.704333,hsa-mir-9-1; hsa-mir-9-2; hsa-mir-9-3,kmer:UA:0.0022; kmer:AA:0.0022; kmer:GU:0.0015; kmer:AAA:0.0008; kmer:UAG:0.0006; kmer:UAA:0.0006; kmer:AGU:0.0002; kmer:ACCG:0.0002; kmer:AAGU:0.0002; kmer:AAAGU:0.0002,mir-1-3p:0.533; mir-191-5p:0.514; mir-20a-5p:0.506
131,mir-4789-3p,MIMAT0019960,CACACAUAGCAGGUGUAUAUA,nao,0.950230,0.669122,0.704216,,kmer:GU:0.0030; kmer:UA:0.0030; kmer:UGU:0.0008; kmer:GUG:0.0007; kmer:UAG:0.0006; kmer:UAGC:0.0004; kmer:GUA:0.0004; kmer:AGCA:0.0004; kmer:AGCAG:0.0003; kmer:GCA:0.0003,mir-195-5p:0.577; mir-16-5p:0.541; mir-20a-5p:0.519
132,mir-562,MIMAT0003226,AAAGUAGCUGUACCAUUUGC,nao,0.949847,0.669102,0.704126,,kmer:GU:0.0029; kmer:UA:0.0014; kmer:AA:0.0008; kmer:UGU:0.0008; kmer:GUA:0.0007; kmer:UAG:0.0006; kmer:GUAG:0.0005; kmer:AAA:0.0004; kmer:UAGC:0.0003; kmer:AGU:0.0002,mir-93-5p:0.540; mir-10b-5p:0.533; mir-106a-5p:0.525
133,mir-208b-3p,MIMAT0004960,AUAAGACGAACAAAAGGUUUGU,sim,0.949464,0.669100,0.704118,hsa-mir-208b,kmer:GU:0.0030; kmer:AA:0.0022; kmer:AAA:0.0008; kmer:UGU:0.0008; kmer:UA:0.0007; kmer:UUGU:0.0005; kmer:GUU:0.0004; kmer:UAA:0.0003; kmer:CAAA:0.0003; kmer:AGGU:0.0002,mir-191-5p:0.548; mir-1-3p:0.507; mir-106a-5p:0.472
134,mir-32-5p,MIMAT0000090,UAUUGCACAUUACUAAGUUGCA,nao,0.949081,0.669089,0.704068,,kmer:UA:0.0020; kmer:GU:0.0013; seed:AUUGCAC:0.0006; kmer:UGCA:0.0005; kmer:GCA:0.0004; kmer:AA:0.0004; kmer:UUG:0.0004; kmer:GUU:0.0003; kmer:UAA:0.0003; kmer:UAUUG:0.0002,mir-92a-3p:0.546; mir-25-3p:0.509; mir-195-5p:0.491
135,mir-153-3p,MIMAT0000439,UUGCAUAGUCACAAAAGUGAUC,sim,0.948698,0.669060,0.703936,hsa-mir-153-1; hsa-mir-153-2,kmer:GU:0.0029; kmer:AA:0.0013; kmer:AAA:0.0008; kmer:UA:0.0007; kmer:GUG:0.0006; kmer:UAG:0.0006; kmer:AGU:0.0005; kmer:AAGUG:0.0003; kmer:AGUG:0.0003; kmer:UGCA:0.0003,mir-106a-5p:0.586; mir-17-5p:0.572; mir-19b-3p:0.571
136,mir-12132,MIMAT0049026,UAUUACUGUGAGAAUUAUGAUG,nao,0.948315,0.669051,0.703898,,kmer:UA:0.0019; kmer:GU:0.0013; kmer:UGU:0.0007; kmer:GUG:0.0006; kmer:AAU:0.0005; kmer:UUA:0.0004; kmer:AA:0.0004; kmer:UGUG:0.0004; kmer:UGA:0.0003; kmer:GAAU:0.0002,mir-21-5p:0.579; mir-1-3p:0.505; mir-10b-5p:0.485
137,mir-449a,MIMAT0001541,UGGCAGUGUAUUGUUAGCUGGU,sim,0.947933,0.669036,0.703826,hsa-mir-449a,kmer:GU:0.0049; kmer:UGU:0.0013; kmer:UA:0.0012; kmer:GUG:0.0006; kmer:UAG:0.0005; kmer:UUGU:0.0004; kmer:UAGC:0.0003; kmer:GUA:0.0003; kmer:GUU:0.0003; seed:GGCAGUG:0.0003,mir-34a-5p:0.864; let-7b-5p:0.596; let-7a-5p:0.549
138,mir-3148,MIMAT0015021,UGGAAAAAACUGGUGUGUGCUU,nao,0.947550,0.669026,0.703784,,kmer:GU:0.0039; kmer:AA:0.0019; kmer:GUG:0.0017; kmer:AAA:0.0013; kmer:UGU:0.0013; kmer:UGUG:0.0007; kmer:GUGC:0.0005; kmer:GUGCU:0.0002; kmer:GUGUG:0.0002; kmer:UGCUU:0.0002,mir-206:0.651; mir-19a-3p:0.613; mir-19b-3p:0.584
139,mir-3613-5p,MIMAT0017990,UGUUGUACUUUUUUUUUUGUUC,nao,0.947167,0.669021,0.703760,,kmer:GU:0.0043; kmer:UGU:0.0022; kmer:UUGU:0.0010; kmer:UA:0.0007; kmer:GUU:0.0007; kmer:UUG:0.0004; kmer:GUA:0.0003; kmer:GUUG:0.0002; kmer:GUUGU:0.0002; kmer:UUUGU:0.0002,mir-1246:0.530; mir-373-3p:0.516; mir-520c-3p:0.482
140,mir-548am-5p,MIMAT0022740,AAAAGUAAUUGCGGUUUUUGCC,nao,0.946784,0.669008,0.703701,,kmer:GU:0.0029; kmer:AA:0.0017; kmer:AAA:0.0007; kmer:UA:0.0007; kmer:AAU:0.0005; kmer:UUG:0.0004; kmer:GUA:0.0003; kmer:GUU:0.0003; kmer:UAA:0.0003; kmer:AGU:0.0002,mir-520c-3p:0.556; mir-373-3p:0.538; mir-1246:0.513
141,mir-548o-5p,MIMAT0022738,AAAAGUAAUUGCGGUUUUUGCC,nao,0.946401,0.669008,0.703701,,kmer:GU:0.0029; kmer:AA:0.0017; kmer:AAA:0.0007; kmer:UA:0.0007; kmer:AAU:0.0005; kmer:UUG:0.0004; kmer:GUA:0.0003; kmer:GUU:0.0003; kmer:UAA:0.0003; kmer:AGU:0.0002,mir-520c-3p:0.556; mir-373-3p:0.538; mir-1246:0.513
142,mir-548c-5p,MIMAT0004806,AAAAGUAAUUGCGGUUUUUGCC,nao,0.946018,0.669008,0.703701,,kmer:GU:0.0029; kmer:AA:0.0017; kmer:AAA:0.0007; kmer:UA:0.0007; kmer:AAU:0.0005; kmer:UUG:0.0004; kmer:GUA:0.0003; kmer:GUU:0.0003; kmer:UAA:0.0003; kmer:AGU:0.0002,mir-520c-3p:0.556; mir-373-3p:0.538; mir-1246:0.513
143,mir-548aw,MIMAT0022471,GUGCAAAAGUCAUCACGGUU,nao,0.945636,0.669000,0.703666,,kmer:GU:0.0047; kmer:AA:0.0014; kmer:AAA:0.0008; kmer:GUG:0.0007; kmer:GUGC:0.0006; kmer:GUGCA:0.0004; kmer:GUU:0.0004; kmer:UGCA:0.0003; kmer:CAAA:0.0003; kmer:GCA:0.0003,mir-19b-3p:0.604; mir-19a-3p:0.584; mir-93-5p:0.570
144,mir-548bc,MIMAT0039765,AAAAACUGUGAUUACUUUUGC,nao,0.945253,0.668993,0.703633,,kmer:AA:0.0016; kmer:GU:0.0014; kmer:AAA:0.0011; kmer:UGU:0.0007; kmer:UA:0.0007; kmer:GUG:0.0006; kmer:UGUG:0.0004; kmer:UUA:0.0002; kmer:UUG:0.0002; kmer:UGA:0.0001,mir-19a-3p:0.568; mir-19b-3p:0.530; mir-451a:0.516
145,mir-649,MIMAT0003319,AAACCUGUGUUGUUCAAGAGUC,nao,0.944870,0.668992,0.703629,,kmer:GU:0.0058; kmer:UGU:0.0023; kmer:AA:0.0013; kmer:GUU:0.0007; kmer:GUG:0.0006; kmer:UUGU:0.0005; kmer:UGUG:0.0004; kmer:AAA:0.0004; kmer:AGU:0.0002; kmer:UUG:0.0002,mir-382-5p:0.564; mir-93-5p:0.553; mir-223-3p:0.535
146,mir-18b-5p,MIMAT0001412,UAAGGUGCAUCUAGUGCAGUUAG,nao,0.944487,0.668986,0.703604,,kmer:GU:0.0042; kmer:UA:0.0021; kmer:GUG:0.0013; kmer:UAG:0.0012; kmer:GUGC:0.0011; kmer:GUGCA:0.0007; kmer:UGCA:0.0005; kmer:AGUGC:0.0005; kmer:GCA:0.0005; kmer:AGU:0.0004,mir-20a-5p:0.765; mir-17-5p:0.727; mir-106a-5p:0.713
147,mir-548aj-3p,MIMAT0018990,UAAAAACUGCAAUUACUUUUA,nao,0.944104,0.668977,0.703562,,kmer:UA:0.0022; kmer:AA:0.0022; kmer:AAA:0.0012; kmer:AAU:0.0006; kmer:UUA:0.0005; kmer:UAA:0.0003; kmer:UGCA:0.0003; kmer:GCA:0.0002; kmer:UGCAA:0.0002; kmer:UAAA:0.0001,mir-19a-3p:0.605; mir-19b-3p:0.559; mir-365a-3p:0.553
148,mir-548p,MIMAT0005934,UAGCAAAAACUGCAGUUACUUU,nao,0.943721,0.668976,0.703558,,kmer:AA:0.0015; kmer:GU:0.0013; kmer:UA:0.0013; kmer:AAA:0.0010; kmer:UAG:0.0005; kmer:GCA:0.0004; kmer:UAGC:0.0003; kmer:AGCA:0.0003; kmer:GUU:0.0003; kmer:UGCA:0.0002,mir-19a-3p:0.626; mir-19b-3p:0.594; mir-106a-5p:0.563
149,mir-548l,MIMAT0005889,AAAAGUAUUUGCGGGUUUUGUC,nao,0.943338,0.668975,0.703555,,kmer:GU:0.0041; kmer:AA:0.0012; kmer:AAA:0.0007; kmer:UGU:0.0007; kmer:UA:0.0007; kmer:UUGU:0.0005; kmer:UUG:0.0004; kmer:GUA:0.0003; kmer:GUU:0.0003; kmer:UGUC:0.0002,mir-373-3p:0.623; mir-520c-3p:0.572; mir-1246:0.520
150,mir-3977,MIMAT0019362,GUGCUUCAUCGUAAUUAACCUUA,nao,0.942956,0.668960,0.703487,,kmer:GU:0.0027; kmer:UA:0.0020; kmer:AA:0.0008; kmer:GUG:0.0006; kmer:GUGC:0.0005; kmer:UAA:0.0005; kmer:AAU:0.0005; kmer:CGU:0.0004; kmer:UUA:0.0004; kmer:GUA:0.0003,mir-155-5p:0.534; mir-520c-3p:0.518; mir-365a-3p:0.507
151,mir-5582-3p,MIMAT0022280,UAAAACUUUAAGUGUGCCUAGG,nao,0.942573,0.668949,0.703437,,kmer:GU:0.0029; kmer:UA:0.0021; kmer:AA:0.0017; kmer:GUG:0.0013; kmer:AAA:0.0007; kmer:UGU:0.0007; kmer:UAG:0.0006; kmer:GUGC:0.0006; kmer:UAA:0.0005; kmer:UGUG:0.0004,mir-20a-5p:0.606; mir-520c-3p:0.600; mir-106a-5p:0.593
152,mir-181a-3p,MIMAT0000270,ACCAUCGACCGUUGAUUGUACC,sim,0.942190,0.668938,0.703385,hsa-mir-181a-1; hsa-mir-181a-2,kmer:GU:0.0030; kmer:UGU:0.0008; kmer:UA:0.0007; kmer:UUGU:0.0005; kmer:CGU:0.0005; kmer:UUG:0.0004; kmer:GUA:0.0004; kmer:GUU:0.0003; kmer:ACCG:0.0002; kmer:UCG:0.0002,mir-451a:0.598; mir-99a-5p:0.578; mir-425-5p:0.573
153,mir-3924,MIMAT0018199,AUAUGUAUAUGUGACUGCUACU,nao,0.941807,0.668936,0.703377,,kmer:GU:0.0029; kmer:UA:0.0028; kmer:UGU:0.0015; kmer:GUG:0.0006; kmer:UGUG:0.0004; kmer:GUA:0.0003; kmer:UGCU:0.0002; kmer:UAU:0.0002; kmer:UGA:0.0001; kmer:UGUGA:0.0001,mir-1-3p:0.550; mir-21-5p:0.520; mir-200a-3p:0.483
154,mir-548bb-3p,MIMAT0035704,CAAAAACCAUAGUUACUUUUGC,nao,0.941424,0.668935,0.703374,,kmer:AA:0.0016; kmer:GU:0.0014; kmer:UA:0.0013; kmer:AAA:0.0011; kmer:UAG:0.0006; kmer:GUU:0.0003; kmer:CAAA:0.0002; kmer:AGU:0.0002; kmer:UUA:0.0002; kmer:AGUU:0.0002,mir-451a:0.630; mir-19b-3p:0.505; mir-19a-3p:0.495
155,mir-223-5p,MIMAT0004570,CGUGUAUUUGACAAGCUGAGUU,nao,0.941041,0.668920,0.703306,,kmer:GU:0.0041; kmer:UGU:0.0007; kmer:UA:0.0007; kmer:GUG:0.0006; kmer:CGU:0.0004; kmer:AA:0.0004; kmer:CGUG:0.0003; kmer:GUA:0.0003; kmer:GUU:0.0003; kmer:UGA:0.0003,mir-210-3p:0.578; mir-21-5p:0.532; mir-373-3p:0.528
156,mir-3908,MIMAT0018182,GAGCAAUGUAGGUAGACUGUUU,nao,0.940658,0.668903,0.703228,,kmer:GU:0.0039; kmer:UGU:0.0014; kmer:UA:0.0013; kmer:UAG:0.0011; kmer:GUAG:0.0009; kmer:GUA:0.0006; kmer:AAU:0.0005; kmer:AA:0.0004; kmer:GGUAG:0.0003; kmer:AGGUA:0.0003,let-7a-5p:0.665; let-7b-5p:0.627; mir-93-5p:0.549
157,mir-8067,MIMAT0030994,CCUAGAAACUGUAAACUUAGUC,nao,0.940276,0.668885,0.703145,,kmer:GU:0.0026; kmer:UA:0.0019; kmer:AA:0.0015; kmer:UAG:0.0011; kmer:AAA:0.0007; kmer:UGU:0.0007; kmer:GUA:0.0003; kmer:CUUA:0.0003; kmer:UAA:0.0003; kmer:AAC:0.0002,mir-200a-3p:0.500; mir-10b-5p:0.480; mir-19a-3p:0.474
158,mir-548y,MIMAT0018354,AAAAGUAAUCACUGUUUUUGCC,nao,0.939893,0.668884,0.703144,,kmer:GU:0.0026; kmer:AA:0.0015; kmer:AAA:0.0007; kmer:UGU:0.0007; kmer:UA:0.0006; kmer:AAU:0.0005; kmer:GUA:0.0003; kmer:GUU:0.0003; kmer:AAUC:0.0003; kmer:UAA:0.0003,mir-520c-3p:0.526; mir-365a-3p:0.478; mir-373-3p:0.476
159,mir-374b-5p,MIMAT0004955,AUAUAAUACAACCUGCUAAGUG,sim,0.939510,0.668873,0.703090,hsa-mir-374b,kmer:UA:0.0031; kmer:GU:0.0016; kmer:AA:0.0014; kmer:GUG:0.0007; kmer:UAA:0.0006; kmer:AAU:0.0006; kmer:AAGUG:0.0003; kmer:AGUG:0.0003; kmer:AGU:0.0003; kmer:AAGU:0.0002,mir-20a-5p:0.534; mir-365a-3p:0.531; mir-155-5p:0.522
160,mir-3686,MIMAT0018114,AUCUGUAAGAGAAAGUAAAUGA,nao,0.939127,0.668869,0.703073,,kmer:GU:0.0028; kmer:AA:0.0020; kmer:UA:0.0014; kmer:AAA:0.0007; kmer:UGU:0.0007; kmer:GUA:0.0007; kmer:UAA:0.0005; kmer:AAU:0.0005; kmer:AAAU:0.0003; kmer:AGU:0.0002,mir-1-3p:0.729; mir-206:0.532; mir-19a-3p:0.481
161,mir-542-3p,MIMAT0003389,UGUGACAGAUUGAUAACUGAAA,nao,0.938744,0.668840,0.702945,,kmer:GU:0.0014; kmer:AA:0.0012; kmer:UGU:0.0007; kmer:UA:0.0007; kmer:GUG:0.0006; kmer:UGA:0.0004; kmer:UGUG:0.0004; kmer:AAA:0.0004; kmer:UAA:0.0003; kmer:ACUGA:0.0002,mir-21-5p:0.567; mir-210-3p:0.526; mir-125b-5p:0.520
162,mir-5011-3p,MIMAT0021046,GUGCAUGGCUGUAUAUAUAACA,nao,0.938361,0.668819,0.702849,,kmer:GU:0.0029; kmer:UA:0.0029; kmer:UGU:0.0008; kmer:GUG:0.0007; kmer:GUGC:0.0006; kmer:AA:0.0004; kmer:GUGCA:0.0004; kmer:GUA:0.0003; kmer:UAA:0.0003; kmer:UGCA:0.0003,mir-1-3p:0.500; mir-20a-5p:0.497; mir-31-5p:0.474
163,mir-548ak,MIMAT0019013,AAAAGUAACUGCGGUUUUUGA,nao,0.937979,0.668800,0.702764,,kmer:GU:0.0029; kmer:AA:0.0017; kmer:AAA:0.0008; kmer:UA:0.0007; kmer:GUA:0.0003; kmer:GUU:0.0003; kmer:UAA:0.0003; kmer:AGU:0.0002; kmer:AAGU:0.0002; kmer:AAAGU:0.0002,mir-520c-3p:0.564; mir-373-3p:0.529; mir-1246:0.478
164,mir-6516-5p,MIMAT0030417,UUUGCAGUAACAGGUGUGAGCA,nao,0.937596,0.668782,0.702681,,kmer:GU:0.0042; kmer:GUG:0.0013; kmer:UGU:0.0007; kmer:UA:0.0007; kmer:GCA:0.0005; kmer:AA:0.0004; kmer:UGUG:0.0004; kmer:GUA:0.0003; kmer:AGCA:0.0003; kmer:UAA:0.0003,mir-17-5p:0.647; mir-497-5p:0.632; mir-106a-5p:0.625
165,mir-33b-5p,MIMAT0003301,GUGCAUUGCUGUUGCAUUGC,nao,0.937213,0.668781,0.702679,,kmer:GU:0.0029; kmer:UGU:0.0008; kmer:GUG:0.0007; kmer:UUG:0.0006; kmer:GUGC:0.0006; kmer:UGCA:0.0005; kmer:GCA:0.0005; kmer:GUGCA:0.0004; kmer:GUU:0.0003; kmer:AUUGC:0.0003,mir-181b-5p:0.599; mir-25-3p:0.543; mir-92a-3p:0.539
166,mir-3650,MIMAT0018070,AGGUGUGUCUGUAGAGUCC,nao,0.936830,0.668781,0.702676,,kmer:GU:0.0080; kmer:UGU:0.0025; kmer:GUG:0.0014; kmer:UA:0.0008; kmer:UAG:0.0007; kmer:GUAG:0.0005; kmer:UGUG:0.0005; kmer:GUA:0.0004; kmer:UGUC:0.0003; kmer:AGU:0.0003,let-7b-5p:0.673; mir-206:0.599; mir-34a-5p:0.594
167,mir-29c-3p,MIMAT0000681,UAGCACCAUUUGAAAUCGGUUA,sim,0.936447,0.668778,0.702665,hsa-mir-29c,kmer:GU:0.0014; kmer:UA:0.0013; kmer:AA:0.0008; kmer:UAG:0.0006; kmer:AAU:0.0005; kmer:AAA:0.0004; kmer:UAGC:0.0003; kmer:AGCA:0.0003; kmer:GUU:0.0003; kmer:AAUC:0.0003,mir-195-5p:0.540; mir-16-5p:0.519; mir-451a:0.514
168,mir-4795-5p,MIMAT0019968,AGAAGUGGCUAAUAAUAUUGA,nao,0.936064,0.668778,0.702663,,kmer:UA:0.0021; kmer:GU:0.0014; kmer:AA:0.0013; kmer:AAU:0.0011; kmer:GUG:0.0006; kmer:UAA:0.0006; kmer:AAUA:0.0003; kmer:AAGUG:0.0003; kmer:AGUG:0.0003; kmer:UAAU:0.0002,mir-155-5p:0.574; mir-1-3p:0.560; mir-195-5p:0.523
169,mir-590-5p,MIMAT0003258,GAGCUUAUUCAUAAAAGUGCAG,nao,0.935681,0.668756,0.702565,,kmer:GU:0.0013; kmer:UA:0.0013; kmer:AA:0.0012; kmer:AAA:0.0007; kmer:GUG:0.0006; kmer:GUGC:0.0005; kmer:AGUGC:0.0005; seed:AGCUUAU:0.0005; kmer:GUGCA:0.0003; kmer:CUUA:0.0003,mir-20a-5p:0.695; mir-106a-5p:0.682; mir-17-5p:0.643
170,mir-548ap-5p,MIMAT0021037,AAAAGUAAUUGCGGUCUUU,nao,0.935299,0.668751,0.702543,,kmer:GU:0.0032; kmer:AA:0.0019; kmer:AAA:0.0008; kmer:UA:0.0008; kmer:AAU:0.0006; kmer:GUA:0.0004; kmer:UAA:0.0003; kmer:AGU:0.0003; kmer:AAGU:0.0002; kmer:AAAGU:0.0002,mir-520c-3p:0.546; mir-106a-5p:0.486; mir-365a-3p:0.478
171,mir-499a-5p,MIMAT0002870,UUAAGACUUGCAGUGAUGUUU,sim,0.934916,0.668747,0.702522,hsa-mir-499a,kmer:GU:0.0028; kmer:UGU:0.0007; kmer:UA:0.0007; kmer:GUG:0.0006; kmer:AA:0.0004; kmer:GUU:0.0003; kmer:UAA:0.0003; kmer:AGUG:0.0003; kmer:UGCA:0.0003; kmer:GCA:0.0002,mir-21-5p:0.625; mir-373-3p:0.519; mir-34a-5p:0.510
172,mir-34c-5p,MIMAT0000686,AGGCAGUGUAGUUAGCUGAUUGC,sim,0.934533,0.668743,0.702504,hsa-mir-34c,kmer:GU:0.0036; kmer:UA:0.0012; kmer:UAG:0.0010; kmer:UGU:0.0006; kmer:GUG:0.0005; kmer:GUAG:0.0004; kmer:AGU:0.0004; kmer:UAGC:0.0003; kmer:GUA:0.0003; kmer:GUU:0.0003,mir-34a-5p:0.720; let-7a-5p:0.597; mir-20a-5p:0.589
173,mir-586,MIMAT0003252,UAUGCAUUGUAUUUUUAGGUCC,nao,0.934150,0.668724,0.702419,,kmer:GU:0.0029; kmer:UA:0.0021; kmer:UGU:0.0007; kmer:UAG:0.0006; kmer:UUGU:0.0005; kmer:GUA:0.0003; kmer:UGCA:0.0003; kmer:GCA:0.0002; kmer:UUA:0.0002; kmer:AGGU:0.0002,mir-1246:0.545; let-7a-5p:0.509; mir-373-3p:0.500
174,mir-876-3p,MIMAT0004925,UGGUGGUUUACAAAGUAAUUCA,nao,0.933767,0.668687,0.702255,,kmer:GU:0.0042; kmer:UA:0.0014; kmer:AA:0.0012; kmer:GUG:0.0006; kmer:AAU:0.0005; kmer:AAA:0.0004; kmer:GUA:0.0003; kmer:GUU:0.0003; kmer:UAA:0.0003; kmer:CAAA:0.0002,mir-382-5p:0.572; let-7b-5p:0.536; mir-181b-5p:0.535
175,mir-6073,MIMAT0023698,GGUAGUGAGUUAUCAGCUAC,nao,0.933384,0.668686,0.702248,,kmer:GU:0.0045; kmer:UA:0.0022; kmer:GUG:0.0007; kmer:UAG:0.0006; kmer:GUAG:0.0005; kmer:AGU:0.0005; kmer:GGUAG:0.0004; kmer:GUA:0.0004; kmer:GUU:0.0003; kmer:GGUA:0.0003,let-7a-5p:0.652; mir-20a-5p:0.610; let-7b-5p:0.561
176,mir-410-5p,MIMAT0026558,AGGUUGUCUGUGAUGAGUUCG,nao,0.933002,0.668684,0.702239,,kmer:GU:0.0052; kmer:UGU:0.0014; kmer:GUU:0.0006; kmer:GUG:0.0006; kmer:UUGU:0.0005; kmer:UGUG:0.0004; kmer:UGA:0.0003; kmer:UGUC:0.0002; kmer:AGU:0.0002; kmer:UCG:0.0002,let-7b-5p:0.650; mir-382-5p:0.639; mir-34a-5p:0.589
177,mir-553,MIMAT0003216,AAAACGGUGAGAUUUUGUUUU,nao,0.932619,0.668684,0.702238,,kmer:GU:0.0029; kmer:AA:0.0013; kmer:AAA:0.0008; kmer:UGU:0.0008; kmer:GUG:0.0006; kmer:UUGU:0.0005; kmer:GUU:0.0003; kmer:UUG:0.0002; kmer:UUUGU:0.0002; kmer:UGA:0.0001,mir-373-3p:0.616; mir-1246:0.615; mir-520c-3p:0.531
178,mir-941,MIMAT0004984,CACCCGGCUGUGUGCACAUGUGC,nao,0.932236,0.668682,0.702229,,kmer:GU:0.0037; kmer:UGU:0.0019; kmer:GUG:0.0017; kmer:UGUG:0.0011; kmer:GUGC:0.0010; kmer:GUGCA:0.0003; kmer:UGCA:0.0002; kmer:ACCC:0.0002; kmer:GCA:0.0002; kmer:GCAC:0.0002,mir-210-3p:0.684; mir-92a-3p:0.554; mir-497-5p:0.550
179,mir-3123,MIMAT0014985,CAGAGAAUUGUUUAAUC,nao,0.931853,0.668680,0.702221,,kmer:GU:0.0019; kmer:AAU:0.0015; kmer:AA:0.0011; kmer:UGU:0.0010; kmer:UA:0.0010; kmer:UUGU:0.0007; kmer:GUU:0.0005; kmer:AAUC:0.0004; kmer:UAA:0.0004; kmer:UUA:0.0003,mir-155-5p:0.479; mir-10b-5p:0.472; mir-1246:0.469
180,mir-190b-5p,MIMAT0004929,UGAUAUGUUUGAUAUUGGGUUG,sim,0.931470,0.668658,0.702122,hsa-mir-190b,kmer:GU:0.0026; kmer:UA:0.0013; kmer:UGU:0.0007; kmer:GUU:0.0006; kmer:UUG:0.0005; kmer:UGA:0.0003; kmer:UAUUG:0.0002; kmer:GUUG:0.0002; kmer:AUAUU:0.0001; kmer:AUUGG:0.0001,mir-373-3p:0.523; mir-21-5p:0.522; mir-155-5p:0.513
181,mir-4272,MIMAT0016902,CAUUCAACUAGUGAUUGU,nao,0.931087,0.668648,0.702079,,kmer:GU:0.0038; kmer:UGU:0.0010; kmer:UA:0.0009; kmer:GUG:0.0008; kmer:UAG:0.0008; kmer:UUGU:0.0007; kmer:AA:0.0006; kmer:AGUG:0.0004; kmer:AGU:0.0003; kmer:UUG:0.0003,mir-181b-5p:0.571; mir-382-5p:0.481; mir-21-5p:0.476
182,mir-519a-3p,MIMAT0002869,AAAGUGCAUCCUUUUAGAGUGU,sim,0.930704,0.668643,0.702056,hsa-mir-519a-1; hsa-mir-519a-2,kmer:GU:0.0043; kmer:GUG:0.0013; kmer:AA:0.0008; kmer:UGU:0.0007; kmer:UA:0.0007; kmer:UAG:0.0006; kmer:GUGC:0.0006; kmer:AGUG:0.0005; kmer:AGUGC:0.0005; kmer:AGU:0.0005,mir-520c-3p:0.776; mir-106a-5p:0.642; mir-20a-5p:0.637
183,mir-548aq-5p,MIMAT0022263,GAAAGUAAUUGCUGUUUUUGCC,nao,0.930322,0.668638,0.702032,,kmer:GU:0.0028; kmer:AA:0.0012; kmer:UGU:0.0007; kmer:UA:0.0007; kmer:AAU:0.0005; kmer:UUG:0.0004; kmer:AAA:0.0004; kmer:GUA:0.0003; kmer:GUU:0.0003; kmer:UAA:0.0003,mir-373-3p:0.578; mir-520c-3p:0.561; mir-1246:0.517
184,mir-218-5p,MIMAT0000275,UUGUGCUUGAUCUAACCAUGU,nao,0.929939,0.668635,0.702016,,kmer:GU:0.0029; kmer:UGU:0.0015; kmer:UA:0.0007; kmer:GUG:0.0006; kmer:GUGC:0.0006; kmer:UUGU:0.0005; kmer:AA:0.0004; kmer:UGUG:0.0004; kmer:UUG:0.0004; kmer:UUGUG:0.0003,mir-99a-5p:0.561; mir-21-5p:0.518; mir-125b-5p:0.512
185,mir-196a-5p,MIMAT0000226,UAGGUAGUUUCAUGUUGUUGGG,sim,0.929556,0.668623,0.701961,hsa-mir-196a-1; hsa-mir-196a-2,kmer:GU:0.0052; kmer:UGU:0.0014; kmer:UA:0.0013; kmer:UAG:0.0011; kmer:GUU:0.0009; kmer:UUGU:0.0005; kmer:GUAG:0.0004; kmer:UUG:0.0004; kmer:GUUG:0.0003; kmer:GGUAG:0.0003,let-7b-5p:0.707; let-7a-5p:0.703; mir-382-5p:0.571
186,mir-323b-5p,MIMAT0001630,AGGUUGUCCGUGGUGAGUUCGCA,sim,0.929173,0.668618,0.701940,hsa-mir-323b,kmer:GU:0.0066; kmer:GUG:0.0012; kmer:UGU:0.0007; kmer:GUU:0.0006; kmer:UUGU:0.0005; kmer:CGU:0.0004; kmer:CGUG:0.0003; kmer:GCA:0.0002; kmer:UGUC:0.0002; kmer:AGU:0.0002,mir-382-5p:0.742; let-7b-5p:0.700; mir-34a-5p:0.607
187,mir-153-5p,MIMAT0026480,UCAUUUUUGUGAUGUUGCAGCU,sim,0.928790,0.668613,0.701920,hsa-mir-153-1; hsa-mir-153-2,kmer:GU:0.0025; kmer:UGU:0.0013; kmer:GUG:0.0006; kmer:UUGU:0.0004; kmer:UGUG:0.0004; kmer:UUG:0.0003; kmer:GUU:0.0003; kmer:UUGUG:0.0002; kmer:UGCA:0.0002; kmer:GCA:0.0002,mir-1246:0.585; mir-373-3p:0.571; mir-21-5p:0.545
188,mir-4798-5p,MIMAT0019974,UUCGGUAUACUUUGUGAAUUGG,nao,0.928407,0.668589,0.701810,,kmer:GU:0.0028; kmer:UA:0.0014; kmer:UGU:0.0007; kmer:GUG:0.0006; kmer:AAU:0.0005; kmer:UUGU:0.0005; kmer:AA:0.0004; kmer:UGUG:0.0004; kmer:UUG:0.0004; kmer:GUA:0.0003,mir-373-3p:0.597; mir-382-5p:0.556; mir-181b-5p:0.537
189,mir-3942-5p,MIMAT0018358,AAGCAAUACUGUUACCUGAAAU,nao,0.928025,0.668560,0.701681,,kmer:AA:0.0017; kmer:GU:0.0014; kmer:UA:0.0014; kmer:AAU:0.0011; kmer:UGU:0.0007; kmer:AAA:0.0004; kmer:AGCA:0.0003; kmer:GUU:0.0003; kmer:AAAU:0.0003; kmer:GCA:0.0002,mir-451a:0.581; mir-19a-3p:0.569; mir-19b-3p:0.536
190,let-7e-5p,MIMAT0000066,UGAGGUAGGAGGUUGUAUAGUU,sim,0.927642,0.668541,0.701595,hsa-let-7e,kmer:GU:0.0049; kmer:UA:0.0018; kmer:UAG:0.0010; kmer:UGU:0.0006; kmer:GUA:0.0006; kmer:GUU:0.0006; kmer:UUGU:0.0004; kmer:GUAG:0.0004; seed:GAGGUAG:0.0004; kmer:AGGU:0.0004,let-7a-5p:0.930; let-7b-5p:0.820; mir-20a-5p:0.551
191,mir-4765,MIMAT0019916,UGAGUGAUUGAUAGCUAUGUUC,nao,0.927259,0.668526,0.701525,,kmer:GU:0.0028; kmer:UA:0.0014; kmer:UGU:0.0007; kmer:GUG:0.0006; kmer:UAG:0.0006; kmer:UGA:0.0004; kmer:UAGC:0.0003; kmer:GUU:0.0003; kmer:AGUG:0.0003; kmer:AGU:0.0002,mir-21-5p:0.654; mir-155-5p:0.518; mir-382-5p:0.481
192,mir-548z,MIMAT0018446,CAAAAACCGCAAUUACUUUUGCA,nao,0.926876,0.668518,0.701492,,kmer:AA:0.0020; kmer:AAA:0.0011; kmer:UA:0.0007; kmer:AAU:0.0005; kmer:GCA:0.0005; kmer:UGCA:0.0003; kmer:CAAA:0.0002; kmer:UUA:0.0002; kmer:ACCG:0.0002; kmer:UUG:0.0002,mir-19a-3p:0.598; mir-19b-3p:0.596; mir-191-5p:0.548
193,mir-548h-3p,MIMAT0022723,CAAAAACCGCAAUUACUUUUGCA,nao,0.926493,0.668518,0.701492,,kmer:AA:0.0020; kmer:AAA:0.0011; kmer:UA:0.0007; kmer:AAU:0.0005; kmer:GCA:0.0005; kmer:UGCA:0.0003; kmer:CAAA:0.0002; kmer:UUA:0.0002; kmer:ACCG:0.0002; kmer:UUG:0.0002,mir-19a-3p:0.598; mir-19b-3p:0.596; mir-191-5p:0.548
194,mir-4500,MIMAT0019036,UGAGGUAGUAGUUUCUU,nao,0.926110,0.668518,0.701490,,kmer:GU:0.0050; kmer:UA:0.0016; kmer:UAG:0.0014; kmer:GUAG:0.0011; kmer:GUA:0.0008; seed:GAGGUAG:0.0005; kmer:AGU:0.0005; kmer:GGUAG:0.0004; kmer:AGGUA:0.0004; kmer:GUU:0.0004,let-7a-5p:0.826; let-7b-5p:0.724; mir-20a-5p:0.518
195,mir-3611,MIMAT0017988,UUGUGAAGAAAGAAAUUCUUA,nao,0.925727,0.668516,0.701480,,kmer:AA:0.0022; kmer:GU:0.0015; kmer:AAA:0.0008; kmer:UGU:0.0008; kmer:UA:0.0007; kmer:GUG:0.0007; kmer:AAU:0.0006; kmer:UUGU:0.0005; kmer:UGUG:0.0004; kmer:CUUA:0.0004,mir-1-3p:0.533; mir-10b-5p:0.481; mir-520c-3p:0.467
196,mir-365b-3p,MIMAT0022834,UAAUGCCCCUAAAAAUCCUUAU,sim,0.925345,0.668513,0.701466,hsa-mir-365b,kmer:UA:0.0019; kmer:AA:0.0019; kmer:AAA:0.0010; kmer:AAU:0.0010; kmer:UAA:0.0005; kmer:CUUA:0.0003; kmer:AAUC:0.0003; kmer:AAAU:0.0003; kmer:AAUCC:0.0002; kmer:CUUAU:0.0002,mir-365a-3p:1.000; mir-19a-3p:0.495; mir-191-5p:0.486
197,mir-122-5p,MIMAT0000421,UGGAGUGUGACAAUGGUGUUUG,nao,0.924962,0.668507,0.701439,,kmer:GU:0.0058; kmer:GUG:0.0019; kmer:UGU:0.0015; kmer:AAU:0.0005; kmer:AA:0.0004; kmer:UGUG:0.0004; kmer:GUU:0.0003; kmer:AGUG:0.0003; kmer:AGU:0.0002; kmer:UUG:0.0002,mir-206:0.717; let-7b-5p:0.630; mir-210-3p:0.611
198,mir-548ai,MIMAT0018989,AAAGGUAAUUGCAGUUUUUCCC,nao,0.924579,0.668505,0.701430,,kmer:GU:0.0026; kmer:AA:0.0011; kmer:UA:0.0006; kmer:AAU:0.0005; kmer:AAA:0.0003; kmer:AGGUA:0.0003; kmer:GUA:0.0003; kmer:GUU:0.0003; kmer:GGUA:0.0003; kmer:UAA:0.0002,mir-145-5p:0.608; mir-520c-3p:0.585; mir-1246:0.531
199,mir-570-5p,MIMAT0022707,AAAGGUAAUUGCAGUUUUUCCC,nao,0.924196,0.668505,0.701430,,kmer:GU:0.0026; kmer:AA:0.0011; kmer:UA:0.0006; kmer:AAU:0.0005; kmer:AAA:0.0003; kmer:AGGUA:0.0003; kmer:GUA:0.0003; kmer:GUU:0.0003; kmer:GGUA:0.0003; kmer:UAA:0.0002,mir-145-5p:0.608; mir-520c-3p:0.585; mir-1246:0.531
200,mir-5701,MIMAT0022494,UUAUUGUCACGUUCUGAUU,nao,0.923813,0.668499,0.701402,,kmer:GU:0.0033; kmer:UGU:0.0008; kmer:UA:0.0008; kmer:UUGU:0.0006; kmer:CGU:0.0005; kmer:GUU:0.0004; kmer:UAUUG:0.0003; kmer:UGUC:0.0003; kmer:UUA:0.0003; kmer:CUGA:0.0002,mir-25-3p:0.562; mir-382-5p:0.504; mir-21-5p:0.495
201,mir-889-3p,MIMAT0004921,UUAAUAUCGGACAACCAUUGU,nao,0.923430,0.668481,0.701323,,kmer:GU:0.0015; kmer:UA:0.0015; kmer:AA:0.0009; kmer:UGU:0.0008; kmer:AAU:0.0006; kmer:UUGU:0.0005; kmer:UAA:0.0003; kmer:UUA:0.0002; kmer:UCG:0.0002; kmer:UUG:0.0002,mir-451a:0.502; mir-181b-5p:0.489; mir-155-5p:0.477
202,mir-487a-5p,MIMAT0026559,GUGGUUAUCCCUGCUGUGUUCG,sim,0.923047,0.668479,0.701315,hsa-mir-487a,kmer:GU:0.0051; kmer:UGU:0.0013; kmer:GUG:0.0011; kmer:UA:0.0006; kmer:GUU:0.0006; kmer:UGUG:0.0004; kmer:UUA:0.0002; kmer:UCG:0.0002; kmer:UGCU:0.0002; kmer:AUCC:0.0001,mir-382-5p:0.604; mir-34a-5p:0.581; mir-93-5p:0.559
203,mir-497-3p,MIMAT0004768,CAAACCACACUGUGGUGUUAGA,nao,0.922665,0.668475,0.701297,,kmer:GU:0.0041; kmer:UGU:0.0014; kmer:GUG:0.0012; kmer:AA:0.0008; kmer:UA:0.0007; kmer:UAG:0.0006; kmer:UGUG:0.0004; kmer:AAA:0.0004; kmer:GUU:0.0003; kmer:CAAA:0.0002,mir-497-5p:0.653; mir-200a-3p:0.605; let-7b-5p:0.502
204,mir-4790-3p,MIMAT0019962,UGAAUGGUAAAGCGAUGUCACA,nao,0.922282,0.668475,0.701296,,kmer:GU:0.0030; kmer:AA:0.0013; kmer:UGU:0.0008; kmer:UA:0.0007; kmer:AAU:0.0006; kmer:AAA:0.0004; kmer:GUA:0.0004; kmer:GGUA:0.0003; kmer:UAA:0.0003; kmer:UGUC:0.0002,mir-1-3p:0.652; mir-200a-3p:0.605; mir-206:0.561
205,mir-1278,MIMAT0005936,UAGUACUGUGCAUAUCAUCUAU,nao,0.921899,0.668468,0.701265,,kmer:GU:0.0029; kmer:UA:0.0029; kmer:UGU:0.0008; kmer:GUG:0.0007; kmer:UAG:0.0006; kmer:GUGC:0.0006; kmer:UGUG:0.0004; kmer:GUGCA:0.0004; kmer:GUA:0.0003; kmer:UGCA:0.0003,mir-20a-5p:0.492; mir-19a-3p:0.482; mir-21-5p:0.471
206,mir-676-3p,MIMAT0018204,CUGUCCUAAGGUUGUUGAGUU,nao,0.921516,0.668466,0.701256,,kmer:GU:0.0056; kmer:UGU:0.0015; kmer:GUU:0.0010; kmer:UA:0.0007; kmer:UUGU:0.0005; kmer:AA:0.0004; kmer:UUG:0.0004; kmer:GUUG:0.0004; kmer:UAA:0.0003; kmer:UGUC:0.0002,let-7b-5p:0.644; let-7a-5p:0.596; mir-34a-5p:0.588
207,mir-130a-3p,MIMAT0000425,CAGUGCAAUGUUAAAAGGGCAU,sim,0.921133,0.668463,0.701243,hsa-mir-130a,kmer:GU:0.0029; kmer:AA:0.0017; kmer:AAA:0.0008; kmer:UGU:0.0008; kmer:UA:0.0007; kmer:GUG:0.0006; kmer:GUGC:0.0006; kmer:AAU:0.0005; kmer:AGUGC:0.0005; kmer:GCA:0.0005,mir-106a-5p:0.658; mir-17-5p:0.627; mir-19b-3p:0.622
208,mir-1294,MIMAT0005884,UGUGAGGUUGGCAUUGUUGUCU,nao,0.920750,0.668459,0.701224,,kmer:GU:0.0051; kmer:UGU:0.0020; kmer:UUGU:0.0009; kmer:GUU:0.0006; kmer:GUG:0.0006; kmer:UUG:0.0005; kmer:UGUG:0.0004; kmer:GUUG:0.0003; kmer:GCA:0.0002; kmer:UGUC:0.0002,mir-34a-5p:0.691; let-7b-5p:0.683; mir-25-3p:0.577
209,mir-411-3p,MIMAT0004813,UAUGUAACACGGUCCACUAACC,nao,0.920368,0.668459,0.701222,,kmer:GU:0.0029; kmer:UA:0.0021; kmer:AA:0.0008; kmer:UGU:0.0008; kmer:UAA:0.0006; kmer:GUA:0.0003; kmer:UAAC:0.0003; kmer:AAC:0.0002; kmer:CUAA:0.0002; kmer:AACC:0.0001,mir-200a-3p:0.658; mir-425-5p:0.437; mir-1-3p:0.431
210,mir-6755-3p,MIMAT0027411,UGUUGUCAUGUUUUUUCCCUAG,nao,0.919985,0.668458,0.701221,,kmer:GU:0.0039; kmer:UGU:0.0020; kmer:UA:0.0006; kmer:GUU:0.0006; kmer:UAG:0.0005; kmer:UUGU:0.0005; kmer:UGUC:0.0002; kmer:UUG:0.0002; kmer:GUUG:0.0002; kmer:UUGUC:0.0002,mir-145-5p:0.545; mir-223-3p:0.536; mir-373-3p:0.487
211,mir-190b-3p,MIMAT0037332,ACUAAAUGUCAAACAUAUUCU,sim,0.919602,0.668444,0.701155,hsa-mir-190b,kmer:AA:0.0018; kmer:GU:0.0015; kmer:UA:0.0015; kmer:AAA:0.0008; kmer:UGU:0.0008; kmer:AAU:0.0006; kmer:AAAU:0.0003; kmer:UAA:0.0003; kmer:CAAA:0.0003; kmer:UGUC:0.0002,mir-19a-3p:0.578; mir-365a-3p:0.551; mir-19b-3p:0.528
212,mir-19a-5p,MIMAT0004490,AGUUUUGCAUAGUUGCACUACA,sim,0.919219,0.668443,0.701150,hsa-mir-19a,kmer:GU:0.0029; kmer:UA:0.0014; kmer:GUU:0.0007; kmer:UAG:0.0006; kmer:UGCA:0.0005; kmer:GCA:0.0005; kmer:AGU:0.0005; kmer:AGUU:0.0004; kmer:UUG:0.0004; kmer:GCAC:0.0002,mir-497-5p:0.530; mir-92a-3p:0.473; mir-17-5p:0.473
213,mir-450b-5p,MIMAT0004909,UUUUGCAAUAUGUUCCUGAAUA,nao,0.918836,0.668434,0.701109,,kmer:GU:0.0014; kmer:UA:0.0014; kmer:AAU:0.0011; kmer:AA:0.0008; kmer:UGU:0.0007; kmer:GUU:0.0003; kmer:AAUA:0.0003; kmer:UGCA:0.0003; kmer:GCA:0.0002; kmer:GAAU:0.0002,mir-19a-3p:0.501; mir-1246:0.485; mir-19b-3p:0.471
214,mir-4503,MIMAT0019039,UUUAAGCAGGAAAUAGAAUUUA,nao,0.918453,0.668422,0.701057,,kmer:UA:0.0020; kmer:AA:0.0016; kmer:AAU:0.0010; kmer:UAG:0.0006; kmer:UUA:0.0004; kmer:AAA:0.0004; kmer:AGCA:0.0003; kmer:AGCAG:0.0003; kmer:AAAU:0.0003; kmer:AAAUA:0.0003,mir-195-5p:0.573; mir-1246:0.552; mir-520c-3p:0.503
215,mir-4798-3p,MIMAT0019975,AACUCACGAAGUAUACCGAAGU,nao,0.918070,0.668415,0.701026,,kmer:GU:0.0028; kmer:UA:0.0014; kmer:AA:0.0012; kmer:AGU:0.0004; kmer:AAGU:0.0004; kmer:GUA:0.0003; kmer:CGA:0.0003; kmer:GAAGU:0.0002; kmer:ACCG:0.0002; kmer:CGAA:0.0002,mir-1-3p:0.493; mir-10b-5p:0.476; mir-425-5p:0.434
216,mir-4295,MIMAT0016844,CAGUGCAAUGUUUUCCUU,nao,0.917688,0.668411,0.701005,,kmer:GU:0.0032; kmer:UGU:0.0008; kmer:GUG:0.0007; kmer:GUGC:0.0006; kmer:AAU:0.0006; kmer:AGUGC:0.0006; kmer:AA:0.0005; kmer:GUGCA:0.0004; kmer:GUU:0.0004; kmer:AGUG:0.0003,mir-520c-3p:0.587; mir-145-5p:0.526; mir-373-3p:0.518
217,mir-7-5p,MIMAT0000252,UGGAAGACUAGUGAUUUUGUUGUU,sim,0.917305,0.668403,0.700972,hsa-mir-7-1; hsa-mir-7-2; hsa-mir-7-3,kmer:GU:0.0037; kmer:UGU:0.0013; kmer:UUGU:0.0009; kmer:UA:0.0006; kmer:GUU:0.0006; kmer:GUG:0.0006; kmer:UAG:0.0005; kmer:AA:0.0004; kmer:UUG:0.0003; kmer:AGUG:0.0002,mir-373-3p:0.647; mir-382-5p:0.617; mir-1246:0.589
218,mir-548ah-3p,MIMAT0020957,CAAAAACUGCAGUUACUUUUGC,nao,0.916922,0.668400,0.700959,,kmer:AA:0.0015; kmer:GU:0.0013; kmer:AAA:0.0010; kmer:UA:0.0006; kmer:GUU:0.0003; kmer:UGCA:0.0002; kmer:CAAA:0.0002; kmer:GCA:0.0002; kmer:AGU:0.0002; kmer:UUA:0.0002,mir-19a-3p:0.605; mir-19b-3p:0.581; mir-106a-5p:0.527
219,mir-548bb-5p,MIMAT0035703,AAAAGUAACUAUGGUUUUUGCC,nao,0.916539,0.668395,0.700935,,kmer:GU:0.0029; kmer:AA:0.0017; kmer:UA:0.0014; kmer:AAA:0.0008; kmer:GUA:0.0003; kmer:GUU:0.0003; kmer:UAA:0.0003; kmer:AGU:0.0002; kmer:AAGU:0.0002; kmer:AAAGU:0.0002,mir-520c-3p:0.569; mir-373-3p:0.515; mir-1246:0.502
220,mir-548j-5p,MIMAT0005875,AAAAGUAAUUGCGGUCUUUGGU,nao,0.916156,0.668391,0.700915,,kmer:GU:0.0041; kmer:AA:0.0016; kmer:AAA:0.0007; kmer:UA:0.0007; kmer:AAU:0.0005; kmer:UUG:0.0004; kmer:GUA:0.0003; kmer:UAA:0.0003; kmer:AGU:0.0002; kmer:AAGU:0.0002,mir-373-3p:0.545; mir-520c-3p:0.542; mir-181b-5p:0.505
221,mir-517b-3p,MIMAT0002857,AUCGUGCAUCCCUUUAGAGUGU,sim,0.915773,0.668384,0.700886,hsa-mir-517b,kmer:GU:0.0042; kmer:GUG:0.0013; kmer:UGU:0.0007; kmer:UA:0.0007; kmer:UAG:0.0006; kmer:GUGC:0.0006; kmer:CGU:0.0005; kmer:GUGCA:0.0003; kmer:CGUG:0.0003; kmer:AGUG:0.0003,mir-520c-3p:0.563; mir-93-5p:0.544; mir-99a-5p:0.542
222,mir-517a-3p,MIMAT0002852,AUCGUGCAUCCCUUUAGAGUGU,sim,0.915391,0.668384,0.700886,hsa-mir-517a,kmer:GU:0.0042; kmer:GUG:0.0013; kmer:UGU:0.0007; kmer:UA:0.0007; kmer:UAG:0.0006; kmer:GUGC:0.0006; kmer:CGU:0.0005; kmer:GUGCA:0.0003; kmer:CGUG:0.0003; kmer:AGUG:0.0003,mir-520c-3p:0.563; mir-93-5p:0.544; mir-99a-5p:0.542
223,mir-548ba,MIMAT0031175,AAAGGUAACUGUGAUUUUUGCU,nao,0.915008,0.668383,0.700879,,kmer:GU:0.0026; kmer:AA:0.0012; kmer:UGU:0.0007; kmer:UA:0.0006; kmer:GUG:0.0006; kmer:UGUG:0.0004; kmer:AAA:0.0003; kmer:AGGUA:0.0003; kmer:GUA:0.0003; kmer:GGUA:0.0003,mir-373-3p:0.625; mir-1246:0.563; mir-520c-3p:0.560
224,mir-3616-5p,MIMAT0017995,AUGAAGUGCACUCAUGAUAUGU,nao,0.914625,0.668375,0.700843,,kmer:GU:0.0028; kmer:UGU:0.0007; kmer:UA:0.0007; kmer:GUG:0.0006; kmer:GUGC:0.0006; kmer:AGUGC:0.0005; kmer:AA:0.0004; kmer:GUGCA:0.0003; kmer:AAGUG:0.0003; kmer:UGA:0.0003,mir-1-3p:0.527; mir-19a-3p:0.505; mir-21-5p:0.500
225,mir-6499-3p,MIMAT0025451,AGCAGUGUUUGUUUUGCCCACA,nao,0.914242,0.668372,0.700832,,kmer:GU:0.0041; kmer:UGU:0.0014; kmer:GUU:0.0006; kmer:GUG:0.0006; kmer:UUGU:0.0005; kmer:UUG:0.0004; kmer:AGCA:0.0003; kmer:AGCAG:0.0003; kmer:AGUG:0.0003; kmer:GCA:0.0002,mir-497-5p:0.659; mir-223-3p:0.544; mir-34a-5p:0.533
226,mir-6516-3p,MIMAT0030418,AUCAUGUAUGAUACUGCAAACA,nao,0.913859,0.668370,0.700823,,kmer:GU:0.0014; kmer:UA:0.0014; kmer:AA:0.0008; kmer:UGU:0.0007; kmer:AAA:0.0004; kmer:GUA:0.0003; kmer:UGCA:0.0003; kmer:CAAA:0.0002; kmer:GCA:0.0002; kmer:GCAAA:0.0002,mir-19a-3p:0.665; mir-19b-3p:0.647; mir-1-3p:0.534
227,mir-4666b,MIMAT0022485,UUGCAUGUCAGAUUGUAAUUCCC,nao,0.913476,0.668370,0.700821,,kmer:GU:0.0027; kmer:UGU:0.0014; kmer:UA:0.0007; kmer:AAU:0.0005; kmer:UUGU:0.0005; kmer:AA:0.0004; kmer:UUG:0.0004; kmer:GUA:0.0003; kmer:UAA:0.0003; kmer:UGCA:0.0002,mir-223-3p:0.579; mir-92a-3p:0.554; mir-181b-5p:0.517
228,mir-3171,MIMAT0015046,AGAUGUAUGGAAUCUGUAUAUAUC,nao,0.913093,0.668368,0.700811,,kmer:GU:0.0025; kmer:UA:0.0025; kmer:UGU:0.0013; kmer:GUA:0.0006; kmer:AAU:0.0005; kmer:AA:0.0004; kmer:AAUC:0.0003; kmer:GAAU:0.0002; kmer:GGAAU:0.0002; kmer:UAU:0.0002,mir-1-3p:0.700; mir-206:0.463; mir-21-5p:0.462
229,mir-4666a-5p,MIMAT0019741,AUACAUGUCAGAUUGUAUGCC,nao,0.912711,0.668364,0.700794,,kmer:GU:0.0031; kmer:UGU:0.0016; kmer:UA:0.0015; kmer:UUGU:0.0005; kmer:GUA:0.0004; kmer:UGUC:0.0002; kmer:UUG:0.0002; kmer:AUGC:0.0002; kmer:AUUG:0.0001; kmer:UGUCA:0.0001,mir-1-3p:0.537; mir-223-3p:0.534; mir-21-5p:0.510
230,mir-302a-3p,MIMAT0000684,UAAGUGCUUCCAUGUUUUGGUGA,sim,0.912328,0.668356,0.700759,hsa-mir-302a,kmer:GU:0.0036; kmer:GUG:0.0011; kmer:UGU:0.0006; kmer:UA:0.0006; kmer:GUGC:0.0005; kmer:AGUGC:0.0004; kmer:AA:0.0004; kmer:GUU:0.0003; seed:AAGUGCU:0.0003; kmer:AAGUG:0.0003,mir-373-3p:0.767; mir-520c-3p:0.677; mir-382-5p:0.552
231,mir-142-5p,MIMAT0000433,CAUAAAGUAGAAAGCACUACU,nao,0.911945,0.668354,0.700748,,kmer:UA:0.0022; kmer:AA:0.0018; kmer:GU:0.0015; kmer:AAA:0.0008; kmer:UAG:0.0006; kmer:GUAG:0.0005; kmer:GUA:0.0004; kmer:AGCA:0.0004; kmer:UAA:0.0003; kmer:GCA:0.0003,mir-195-5p:0.530; mir-20a-5p:0.528; mir-106a-5p:0.524
232,mir-100-3p,MIMAT0004512,CAAGCUUGUAUCUAUAGGUAUG,nao,0.911562,0.668333,0.700656,,kmer:GU:0.0029; kmer:UA:0.0028; kmer:UGU:0.0007; kmer:GUA:0.0007; kmer:UAG:0.0006; kmer:UUGU:0.0005; kmer:AA:0.0004; kmer:AGGUA:0.0003; kmer:GGUA:0.0003; kmer:CUUGU:0.0003,let-7a-5p:0.627; mir-1-3p:0.577; mir-20a-5p:0.566
233,mir-517c-3p,MIMAT0002866,AUCGUGCAUCCUUUUAGAGUGU,sim,0.911179,0.668316,0.700579,hsa-mir-517c,kmer:GU:0.0043; kmer:GUG:0.0013; kmer:UGU:0.0007; kmer:UA:0.0007; kmer:UAG:0.0006; kmer:GUGC:0.0006; kmer:CGU:0.0005; kmer:GUGCA:0.0003; kmer:CGUG:0.0003; kmer:AGUG:0.0003,mir-520c-3p:0.637; mir-93-5p:0.544; mir-373-3p:0.538
234,mir-5582-5p,MIMAT0022279,UAGGCACACUUAAAGUUAUAGC,nao,0.910796,0.668308,0.700542,,kmer:UA:0.0027; kmer:GU:0.0014; kmer:UAG:0.0011; kmer:AA:0.0008; kmer:UUA:0.0004; kmer:AAA:0.0004; kmer:UAGC:0.0003; kmer:CUUA:0.0003; kmer:GUU:0.0003; kmer:UAA:0.0003,mir-20a-5p:0.626; mir-195-5p:0.543; mir-16-5p:0.534
235,mir-548x-3p,MIMAT0015081,UAAAAACUGCAAUUACUUUC,nao,0.910413,0.668291,0.700466,,kmer:AA:0.0023; kmer:UA:0.0015; kmer:AAA:0.0012; kmer:AAU:0.0006; kmer:UAA:0.0003; kmer:UGCA:0.0003; kmer:GCA:0.0003; kmer:UUA:0.0003; kmer:UGCAA:0.0002; kmer:UAAA:0.0001,mir-19a-3p:0.655; mir-19b-3p:0.612; mir-365a-3p:0.564
236,mir-3145-3p,MIMAT0015016,AGAUAUUUUGAGUGUUUGGAAUUG,nao,0.910031,0.668271,0.700376,,kmer:GU:0.0024; kmer:UGU:0.0006; kmer:UA:0.0006; kmer:GUG:0.0005; kmer:UUG:0.0005; kmer:AAU:0.0004; kmer:AA:0.0003; kmer:GUU:0.0003; kmer:AGUG:0.0002; kmer:AGU:0.0002,mir-1246:0.682; mir-373-3p:0.644; mir-382-5p:0.520
237,mir-3912-5p,MIMAT0027036,AUGUCCAUAUUAUGGGUUAGU,nao,0.909648,0.668271,0.700374,,kmer:GU:0.0045; kmer:UA:0.0022; kmer:UGU:0.0008; kmer:UAG:0.0006; kmer:UUA:0.0005; kmer:GUU:0.0003; kmer:UGUC:0.0002; kmer:AGU:0.0002; kmer:AUAUU:0.0002; kmer:UUAU:0.0001,let-7a-5p:0.514; mir-155-5p:0.511; mir-181b-5p:0.487
238,mir-5583-3p,MIMAT0022282,GAAUAUGGGUAUAUUAGUUUGG,nao,0.909265,0.668262,0.700337,,kmer:GU:0.0028; kmer:UA:0.0028; kmer:UAG:0.0006; kmer:AAU:0.0005; kmer:AA:0.0004; kmer:GUA:0.0003; kmer:GUU:0.0003; kmer:GGUA:0.0003; kmer:AGU:0.0002; kmer:UUA:0.0002,let-7a-5p:0.557; mir-1-3p:0.533; mir-155-5p:0.523
239,mir-208a-3p,MIMAT0000241,AUAAGACGAGCAAAAAGCUUGU,sim,0.908882,0.668257,0.700314,hsa-mir-208a,kmer:AA:0.0023; kmer:GU:0.0015; kmer:AAA:0.0012; kmer:UGU:0.0008; kmer:UA:0.0008; kmer:UUGU:0.0005; kmer:AGCA:0.0004; kmer:CUUGU:0.0003; kmer:UAA:0.0003; kmer:CAAA:0.0003,mir-191-5p:0.661; mir-19a-3p:0.559; mir-19b-3p:0.536
240,mir-944,MIMAT0004987,AAAUUAUUGUACAUCGGAUGAG,nao,0.908499,0.668256,0.700307,,kmer:GU:0.0016; kmer:UA:0.0015; kmer:AA:0.0009; kmer:UGU:0.0008; kmer:AAU:0.0006; kmer:UUGU:0.0006; kmer:AAA:0.0004; kmer:GUA:0.0004; kmer:AAAU:0.0003; kmer:UAUUG:0.0003,mir-1-3p:0.525; mir-155-5p:0.486; mir-21-5p:0.483
241,mir-548ag,MIMAT0018969,AAAGGUAAUUGUGGUUUCUGC,nao,0.908116,0.668246,0.700263,,kmer:GU:0.0046; kmer:AA:0.0014; kmer:UGU:0.0008; kmer:UA:0.0008; kmer:GUG:0.0007; kmer:AAU:0.0006; kmer:UUGU:0.0005; kmer:UGUG:0.0004; kmer:AAA:0.0004; kmer:AGGUA:0.0004,let-7b-5p:0.666; mir-382-5p:0.585; mir-373-3p:0.567
242,mir-154-5p,MIMAT0000452,UAGGUUAUCCGUGUUGCCUUCG,nao,0.907734,0.668237,0.700222,,kmer:GU:0.0043; kmer:UA:0.0014; kmer:UGU:0.0008; kmer:GUU:0.0007; kmer:GUG:0.0006; kmer:UAG:0.0006; kmer:CGU:0.0005; kmer:CGUG:0.0003; kmer:UUA:0.0002; kmer:UCG:0.0002,mir-382-5p:0.565; let-7b-5p:0.558; let-7a-5p:0.525
243,mir-4760-5p,MIMAT0019906,UUUAGAUUGAACAUGAAGUUAG,nao,0.907351,0.668234,0.700210,,kmer:GU:0.0016; kmer:UA:0.0015; kmer:UAG:0.0013; kmer:AA:0.0009; kmer:UUA:0.0005; kmer:GUU:0.0004; kmer:UGA:0.0003; kmer:AGU:0.0003; kmer:AAGU:0.0002; kmer:AGUU:0.0002,mir-21-5p:0.524; mir-520c-3p:0.515; mir-373-3p:0.474
244,mir-363-3p,MIMAT0000707,AAUUGCACGGUAUCCAUCUGUA,nao,0.906968,0.668223,0.700159,,kmer:GU:0.0027; kmer:UA:0.0013; kmer:UGU:0.0007; kmer:GUA:0.0006; seed:AUUGCAC:0.0006; kmer:AAU:0.0005; kmer:AA:0.0004; kmer:GGUA:0.0003; kmer:UGCA:0.0003; kmer:GCA:0.0002,mir-25-3p:0.576; mir-92a-3p:0.566; mir-181b-5p:0.519
245,mir-759,MIMAT0010497,GCAGAGUGCAAACAAUUUUGAC,nao,0.906585,0.668207,0.700088,,kmer:GU:0.0014; kmer:AA:0.0012; kmer:GUG:0.0006; kmer:GUGC:0.0006; kmer:AAU:0.0005; kmer:AGUGC:0.0005; kmer:GCA:0.0005; kmer:AAA:0.0004; kmer:GUGCA:0.0003; kmer:AGUG:0.0003,mir-19b-3p:0.602; mir-19a-3p:0.593; mir-17-5p:0.554
246,mir-338-3p,MIMAT0000763,UCCAGCAUCAGUGAUUUUGUUG,nao,0.906202,0.668206,0.700080,,kmer:GU:0.0026; kmer:UGU:0.0007; kmer:GUG:0.0006; kmer:UUGU:0.0005; kmer:UUG:0.0004; kmer:AGCA:0.0003; kmer:GUU:0.0003; kmer:AGUG:0.0003; kmer:CAGCA:0.0002; kmer:GCA:0.0002,mir-497-5p:0.573; mir-1246:0.568; mir-373-3p:0.539
247,mir-424-5p,MIMAT0001341,CAGCAGCAAUUCAUGUUUUGAA,nao,0.905819,0.668184,0.699981,,kmer:GU:0.0013; seed:AGCAGCA:0.0010; kmer:AA:0.0008; kmer:UGU:0.0007; kmer:AGCA:0.0006; kmer:AAU:0.0005; kmer:CAGCA:0.0005; kmer:GCA:0.0004; kmer:GUU:0.0003; kmer:CAGC:0.0003,mir-497-5p:0.661; mir-195-5p:0.614; mir-1246:0.568
248,mir-3064-5p,MIMAT0019864,UCUGGCUGUUGUGGUGUGCAA,nao,0.905436,0.668183,0.699979,,kmer:GU:0.0053; kmer:UGU:0.0021; kmer:GUG:0.0018; kmer:UGUG:0.0008; kmer:GUGC:0.0005; kmer:UUGU:0.0005; kmer:AA:0.0004; kmer:GUGCA:0.0003; kmer:GUU:0.0003; kmer:UUGUG:0.0003,mir-34a-5p:0.676; mir-210-3p:0.657; mir-206:0.607
249,mir-548ac,MIMAT0018938,CAAAAACCGGCAAUUACUUUUG,nao,0.905054,0.668181,0.699971,,kmer:AA:0.0020; kmer:AAA:0.0011; kmer:UA:0.0007; kmer:AAU:0.0005; kmer:CAAA:0.0002; kmer:GCA:0.0002; kmer:UUA:0.0002; kmer:ACCG:0.0002; kmer:UUG:0.0002; kmer:AACCG:0.0002,mir-451a:0.544; mir-19a-3p:0.538; mir-19b-3p:0.531
250,mir-548i,MIMAT0005935,AAAAGUAAUUGCGGAUUUUGCC,nao,0.904671,0.668177,0.699950,,kmer:AA:0.0016; kmer:GU:0.0014; kmer:AAA:0.0007; kmer:UA:0.0007; kmer:AAU:0.0005; kmer:UUG:0.0004; kmer:GUA:0.0003; kmer:UAA:0.0003; kmer:AGU:0.0002; kmer:AAGU:0.0002,mir-1246:0.584; mir-373-3p:0.545; mir-520c-3p:0.495
251,mir-1912-3p,MIMAT0007887,UACCCAGAGCAUGCAGUGUGAA,nao,0.904288,0.668172,0.699929,,kmer:GU:0.0028; kmer:GUG:0.0012; kmer:UGU:0.0007; kmer:UA:0.0007; kmer:GCA:0.0005; kmer:AA:0.0004; kmer:UGUG:0.0004; kmer:AGCA:0.0003; kmer:AGUG:0.0003; kmer:UGCA:0.0003,mir-17-5p:0.563; mir-106a-5p:0.541; mir-139-5p:0.537
252,mir-548an,MIMAT0019079,AAAAGGCAUUGUGGUUUUUG,nao,0.903905,0.668168,0.699910,,kmer:GU:0.0031; kmer:AA:0.0014; kmer:AAA:0.0008; kmer:UGU:0.0008; kmer:GUG:0.0007; kmer:UUGU:0.0005; kmer:UGUG:0.0004; kmer:UUG:0.0004; kmer:GUU:0.0004; kmer:UUGUG:0.0003,mir-1246:0.606; mir-373-3p:0.592; mir-520c-3p:0.536
253,mir-200c-5p,MIMAT0004657,CGUCUUACCCAGCAGUGUUUGG,sim,0.903522,0.668160,0.699873,hsa-mir-200c,kmer:GU:0.0038; kmer:UGU:0.0007; kmer:UA:0.0006; kmer:GUG:0.0006; kmer:CGU:0.0004; kmer:CUUA:0.0003; kmer:AGCA:0.0003; kmer:GUU:0.0003; kmer:AGCAG:0.0003; kmer:AGUG:0.0002,mir-34a-5p:0.640; mir-497-5p:0.602; mir-139-5p:0.567
254,mir-548av-3p,MIMAT0022304,AAAACUGCAGUUACUUUUGC,nao,0.903139,0.668158,0.699868,,kmer:GU:0.0015; kmer:AA:0.0013; kmer:AAA:0.0008; kmer:UA:0.0007; kmer:GUU:0.0003; kmer:UGCA:0.0003; kmer:GCA:0.0002; kmer:AGU:0.0002; kmer:UUA:0.0002; kmer:GCAG:0.0002,mir-451a:0.540; mir-19a-3p:0.531; mir-106a-5p:0.511
255,mir-181d-5p,MIMAT0002821,AACAUUCAUUGUUGUCGGUGGGU,nao,0.902757,0.668150,0.699830,,kmer:GU:0.0048; kmer:UGU:0.0012; kmer:UUGU:0.0008; kmer:GUG:0.0005; kmer:AA:0.0003; kmer:UUG:0.0003; kmer:GUU:0.0003; kmer:UGUC:0.0002; kmer:UCG:0.0002; kmer:GUUG:0.0002,mir-181b-5p:0.890; mir-382-5p:0.619; mir-25-3p:0.555
256,mir-4760-3p,MIMAT0019907,AAAUUCAUGUUCAAUCUAAACC,nao,0.902374,0.668150,0.699830,,kmer:AA:0.0021; kmer:GU:0.0014; kmer:AAU:0.0011; kmer:AAA:0.0008; kmer:UGU:0.0008; kmer:UA:0.0007; kmer:GUU:0.0003; kmer:AAUC:0.0003; kmer:AAAU:0.0003; kmer:UAA:0.0003,mir-365a-3p:0.565; mir-19a-3p:0.547; mir-19b-3p:0.524
257,mir-203a-5p,MIMAT0031890,AGUGGUUCUUAACAGUUCAACAGUU,sim,0.901991,0.668142,0.699794,hsa-mir-203a,kmer:GU:0.0049; kmer:GUU:0.0009; kmer:AA:0.0007; kmer:UA:0.0006; kmer:AGU:0.0006; kmer:GUG:0.0006; kmer:AGUU:0.0004; kmer:CAGUU:0.0003; kmer:CUUA:0.0003; kmer:CAGU:0.0003,mir-24-3p:0.604; mir-17-5p:0.540; mir-139-5p:0.523
258,mir-367-3p,MIMAT0000719,AAUUGCACUUUAGCAAUGGUGA,nao,0.901608,0.668140,0.699782,,kmer:GU:0.0014; kmer:AAU:0.0010; kmer:AA:0.0008; kmer:UA:0.0007; seed:AUUGCAC:0.0006; kmer:GUG:0.0006; kmer:UAG:0.0006; kmer:GCA:0.0005; kmer:UAGC:0.0003; kmer:AGCA:0.0003,mir-25-3p:0.554; mir-92a-3p:0.544; mir-195-5p:0.524
259,mir-147a,MIMAT0000251,GUGUGUGGAAAUGCUUCUGC,nao,0.901225,0.668133,0.699753,,kmer:GU:0.0044; kmer:GUG:0.0020; kmer:UGU:0.0015; kmer:AA:0.0009; kmer:UGUG:0.0009; kmer:AAU:0.0006; kmer:AAA:0.0004; kmer:AAAU:0.0003; kmer:GUGUG:0.0003; kmer:UGCUU:0.0002,mir-206:0.711; mir-210-3p:0.597; mir-373-3p:0.558
260,mir-3912-3p,MIMAT0018186,UAACGCAUAAUAUGGACAUGU,nao,0.900842,0.668132,0.699749,,kmer:UA:0.0027; kmer:GU:0.0019; kmer:AA:0.0011; kmer:UGU:0.0010; kmer:UAA:0.0007; kmer:AAU:0.0007; kmer:GCA:0.0003; kmer:AAUAU:0.0002; kmer:AAUA:0.0002; kmer:UAAC:0.0002,mir-200a-3p:0.541; mir-1-3p:0.540; mir-16-5p:0.513
261,mir-606,MIMAT0003274,AAACUACUGAAAAUCAAAGAU,nao,0.900459,0.668132,0.699749,,kmer:AA:0.0031; kmer:AAA:0.0016; kmer:UA:0.0007; kmer:AAU:0.0006; kmer:AAUC:0.0003; kmer:AAAU:0.0003; kmer:CAAA:0.0003; kmer:ACUGA:0.0002; kmer:CUGA:0.0002; kmer:UGA:0.0002,mir-19a-3p:0.671; mir-19b-3p:0.631; mir-191-5p:0.597
262,mir-1537-5p,MIMAT0026765,AGCUGUAAUUAGUCAGUUUUCU,nao,0.900077,0.668125,0.699717,,kmer:GU:0.0040; kmer:UA:0.0013; kmer:UGU:0.0007; kmer:UAG:0.0006; kmer:AAU:0.0005; kmer:AGU:0.0004; kmer:AA:0.0004; kmer:GUA:0.0003; kmer:GUU:0.0003; kmer:UAA:0.0003,mir-520c-3p:0.539; mir-34a-5p:0.533; mir-223-3p:0.511
263,mir-889-5p,MIMAT0026719,AAUGGCUGUCCGUAGUAUGGUC,nao,0.899694,0.668117,0.699681,,kmer:GU:0.0058; kmer:UA:0.0014; kmer:UGU:0.0008; kmer:GUA:0.0007; kmer:UAG:0.0006; kmer:AAU:0.0005; kmer:GUAG:0.0005; kmer:CGU:0.0005; kmer:AA:0.0004; kmer:UGUC:0.0002,mir-34a-5p:0.556; let-7b-5p:0.552; mir-1-3p:0.551
264,mir-16-1-3p,MIMAT0004489,CCAGUAUUAACUGUGCUGCUGA,nao,0.899311,0.668117,0.699679,,kmer:GU:0.0026; kmer:UA:0.0013; kmer:UGU:0.0007; kmer:GUG:0.0006; kmer:GUGC:0.0005; kmer:AA:0.0004; kmer:UGUG:0.0004; kmer:UGCU:0.0003; kmer:GUA:0.0003; kmer:UAA:0.0003,mir-210-3p:0.583; mir-93-5p:0.538; mir-200a-3p:0.509
265,mir-140-5p,MIMAT0000431,CAGUGGUUUUACCCUAUGGUAG,nao,0.898928,0.668093,0.699572,,kmer:GU:0.0041; kmer:UA:0.0020; kmer:GUG:0.0006; kmer:UAG:0.0006; kmer:GUAG:0.0004; kmer:GGUAG:0.0004; kmer:GUA:0.0003; kmer:GUU:0.0003; kmer:GGUA:0.0003; kmer:AGUG:0.0003,let-7b-5p:0.602; let-7a-5p:0.559; mir-34a-5p:0.536
266,mir-548as-5p,MIMAT0022267,AAAAGUAAUUGCGGGUUUUGCC,nao,0.898545,0.668091,0.699562,,kmer:GU:0.0029; kmer:AA:0.0017; kmer:AAA:0.0007; kmer:UA:0.0007; kmer:AAU:0.0005; kmer:UUG:0.0004; kmer:GUA:0.0003; kmer:GUU:0.0003; kmer:UAA:0.0003; kmer:AGU:0.0002,mir-373-3p:0.559; mir-520c-3p:0.558; mir-1246:0.483
267,mir-548aq-3p,MIMAT0022264,CAAAAACUGCAAUUACUUUUGC,nao,0.898162,0.668083,0.699527,,kmer:AA:0.0020; kmer:AAA:0.0011; kmer:UA:0.0007; kmer:AAU:0.0005; kmer:UGCA:0.0003; kmer:CAAA:0.0002; kmer:GCA:0.0002; kmer:UUA:0.0002; kmer:UUG:0.0002; kmer:UGCAA:0.0002,mir-19a-3p:0.686; mir-19b-3p:0.660; mir-191-5p:0.511
268,mir-579-3p,MIMAT0003244,UUCAUUUGGUAUAAACCGCGAUU,nao,0.897779,0.668079,0.699508,,kmer:GU:0.0014; kmer:UA:0.0014; kmer:AA:0.0008; kmer:AAA:0.0004; kmer:GUA:0.0003; kmer:GGUA:0.0003; kmer:UAA:0.0003; kmer:ACCG:0.0002; kmer:UUG:0.0002; kmer:CGAU:0.0002,mir-181b-5p:0.516; mir-373-3p:0.509; mir-1246:0.493
269,mir-548ap-3p,MIMAT0021038,AAAAACCACAAUUACUUUU,nao,0.897397,0.668078,0.699503,,kmer:AA:0.0026; kmer:AAA:0.0014; kmer:UA:0.0009; kmer:AAU:0.0007; kmer:UUA:0.0003; kmer:UUAC:0.0002; kmer:AAC:0.0001; kmer:AACC:0.0001; kmer:AAAA:0.0001; kmer:AAAAC:0.0001,mir-451a:0.580; mir-365a-3p:0.498; mir-191-5p:0.479
270,mir-5687,MIMAT0022478,UUAGAACGUUUUAGGGUCAAAU,nao,0.897014,0.668074,0.699489,,kmer:GU:0.0027; kmer:UA:0.0013; kmer:AA:0.0012; kmer:UAG:0.0011; kmer:AAU:0.0005; kmer:CGU:0.0004; kmer:UUA:0.0004; kmer:AAA:0.0004; kmer:GUU:0.0003; kmer:AAAU:0.0003,mir-520c-3p:0.591; mir-155-5p:0.483; mir-223-3p:0.450
271,mir-16-2-3p,MIMAT0004518,CCAAUAUUACUGUGCUGCUUUA,nao,0.896631,0.668069,0.699464,,kmer:UA:0.0020; kmer:GU:0.0013; kmer:UGU:0.0007; kmer:GUG:0.0006; kmer:GUGC:0.0005; kmer:AAU:0.0005; kmer:UUA:0.0004; kmer:AA:0.0004; kmer:UGUG:0.0004; kmer:UGCU:0.0003,mir-520c-3p:0.481; mir-451a:0.477; mir-20a-5p:0.466
272,mir-374c-5p,MIMAT0018443,AUAAUACAACCUGCUAAGUGCU,nao,0.896248,0.668066,0.699450,,kmer:UA:0.0022; kmer:GU:0.0015; kmer:AA:0.0013; kmer:GUG:0.0007; kmer:GUGC:0.0006; kmer:UAA:0.0006; kmer:AAU:0.0006; kmer:AGUGC:0.0005; kmer:UGCU:0.0004; kmer:AAGUG:0.0003,mir-20a-5p:0.569; mir-106a-5p:0.547; mir-17-5p:0.542
273,mir-372-3p,MIMAT0000724,AAAGUGCUGCGACAUUUGAGCGU,nao,0.895865,0.668053,0.699391,,kmer:GU:0.0028; kmer:AA:0.0008; kmer:GUG:0.0006; kmer:GUGC:0.0006; kmer:AGUGC:0.0005; kmer:CGU:0.0004; kmer:AAA:0.0004; seed:AAGUGCU:0.0003; kmer:AAGUG:0.0003; kmer:AGUG:0.0003,mir-373-3p:0.597; mir-210-3p:0.595; mir-93-5p:0.591
274,mir-6509-5p,MIMAT0025474,AUUAGGUAGUGGCAGUGGAAC,nao,0.895482,0.668052,0.699386,,kmer:GU:0.0041; kmer:UA:0.0013; kmer:GUG:0.0012; kmer:UAG:0.0011; kmer:AGUG:0.0005; kmer:GUAG:0.0004; kmer:AGU:0.0004; kmer:AA:0.0004; kmer:GGUAG:0.0004; kmer:AGGUA:0.0003,let-7b-5p:0.641; let-7a-5p:0.623; mir-20a-5p:0.623
275,mir-375-3p,MIMAT0000728,UUUGUUCGUUCGGCUCGCGUGA,nao,0.895100,0.668041,0.699340,,kmer:GU:0.0041; kmer:CGU:0.0009; kmer:UGU:0.0007; kmer:GUU:0.0006; kmer:UCG:0.0006; kmer:GUG:0.0006; kmer:UUGU:0.0005; kmer:CGUG:0.0003; kmer:UUCG:0.0003; kmer:UCGU:0.0002,mir-382-5p:0.669; mir-1307-3p:0.634; mir-373-3p:0.509
276,mir-1248,MIMAT0005900,ACCUUCUUGUAUAAGCACUGUGCUAAA,nao,0.894717,0.668037,0.699321,,kmer:GU:0.0023; kmer:UA:0.0017; kmer:UGU:0.0012; kmer:AA:0.0010; kmer:GUG:0.0005; kmer:GUGC:0.0005; kmer:UAA:0.0004; kmer:UUGU:0.0004; kmer:UGUG:0.0003; kmer:AAA:0.0003,mir-200a-3p:0.545; mir-92a-3p:0.539; mir-19a-3p:0.525
277,mir-569,MIMAT0003234,AGUUAAUGAAUCCUGGAAAGU,nao,0.894334,0.668025,0.699268,,kmer:GU:0.0029; kmer:AA:0.0017; kmer:AAU:0.0011; kmer:UA:0.0007; kmer:AGU:0.0005; kmer:AAA:0.0004; kmer:GUU:0.0003; kmer:AAUC:0.0003; kmer:UAA:0.0003; kmer:AAUCC:0.0003,mir-1-3p:0.614; mir-206:0.570; mir-365a-3p:0.554
278,mir-5586-5p,MIMAT0022287,UAUCCAGCUUGUUACUAUAUGC,nao,0.893951,0.668023,0.699259,,kmer:UA:0.0028; kmer:GU:0.0014; kmer:UGU:0.0007; kmer:UUGU:0.0005; kmer:GUU:0.0003; kmer:CUUGU:0.0003; kmer:UUA:0.0002; kmer:UUG:0.0002; kmer:AUCC:0.0002; kmer:CAGC:0.0002,mir-21-5p:0.545; mir-92a-3p:0.466; mir-20a-5p:0.446
279,mir-101-5p,MIMAT0004513,CAGUUAUCACAGUGCUGAUGCU,nao,0.893568,0.668019,0.699237,,kmer:GU:0.0025; kmer:UA:0.0006; kmer:GUG:0.0006; kmer:GUGC:0.0005; kmer:AGUGC:0.0004; kmer:AGU:0.0004; kmer:UGCU:0.0003; kmer:GUU:0.0003; kmer:CAGU:0.0003; kmer:AGUG:0.0002,mir-17-5p:0.595; mir-21-5p:0.570; mir-106a-5p:0.565
280,mir-449b-5p,MIMAT0003327,AGGCAGUGUAUUGUUAGCUGGC,nao,0.893185,0.668005,0.699177,,kmer:GU:0.0039; kmer:UGU:0.0013; kmer:UA:0.0013; kmer:GUG:0.0006; kmer:UAG:0.0005; kmer:UUGU:0.0005; kmer:UAGC:0.0003; kmer:GUA:0.0003; kmer:GUU:0.0003; seed:GGCAGUG:0.0003,mir-34a-5p:0.812; mir-31-5p:0.596; let-7a-5p:0.544
281,mir-6818-5p,MIMAT0027536,UUGUGUGAGUACAGAGAGCAUC,nao,0.892802,0.668002,0.699161,,kmer:GU:0.0045; kmer:UGU:0.0016; kmer:GUG:0.0013; kmer:UGUG:0.0009; kmer:UA:0.0007; kmer:UUGU:0.0005; kmer:GUA:0.0004; kmer:AGCA:0.0004; kmer:UUGUG:0.0003; kmer:GCA:0.0002,let-7b-5p:0.570; mir-210-3p:0.531; mir-206:0.518
282,mir-548at-5p,MIMAT0022277,AAAAGUUAUUGCGGUUUUGGCU,nao,0.892420,0.668001,0.699156,,kmer:GU:0.0027; kmer:AA:0.0012; kmer:AAA:0.0007; kmer:UA:0.0007; kmer:GUU:0.0006; kmer:UUG:0.0004; kmer:UAUUG:0.0002; kmer:AGU:0.0002; kmer:UUA:0.0002; kmer:AAGU:0.0002,mir-373-3p:0.584; mir-520c-3p:0.566; mir-1246:0.531
283,mir-7153-5p,MIMAT0028216,UGAGAACUGACAAAUGUGGUAGG,nao,0.892037,0.667996,0.699134,,kmer:GU:0.0025; kmer:AA:0.0011; kmer:UGU:0.0006; kmer:UA:0.0006; kmer:GUG:0.0006; kmer:UAG:0.0005; kmer:AAU:0.0005; kmer:GUAG:0.0004; kmer:UGUG:0.0004; kmer:AAA:0.0003,mir-206:0.596; let-7b-5p:0.563; mir-19a-3p:0.560
284,mir-4796-3p,MIMAT0019971,UAAAGUGGCAGAGUAUAGACAC,nao,0.891654,0.667996,0.699134,,kmer:GU:0.0028; kmer:UA:0.0020; kmer:AA:0.0008; kmer:GUG:0.0006; kmer:UAG:0.0006; kmer:AGU:0.0004; kmer:AAA:0.0004; kmer:GUA:0.0003; kmer:AAGUG:0.0003; kmer:UAA:0.0003,mir-20a-5p:0.641; mir-106a-5p:0.585; mir-17-5p:0.580
285,mir-122-3p,MIMAT0004590,AACGCCAUUAUCACACUAAAUA,nao,0.891271,0.667991,0.699114,,kmer:UA:0.0021; kmer:AA:0.0013; kmer:AAU:0.0005; kmer:AAA:0.0004; kmer:AAAU:0.0003; kmer:AAAUA:0.0003; kmer:UAA:0.0003; kmer:UUA:0.0002; kmer:CUAA:0.0002; kmer:AAUA:0.0002,mir-365a-3p:0.516; mir-16-5p:0.489; mir-451a:0.456
286,mir-4645-5p,MIMAT0019705,ACCAGGCAAGAAAUAUUGU,nao,0.890888,0.667969,0.699015,,kmer:GU:0.0016; kmer:AA:0.0014; kmer:UGU:0.0008; kmer:UA:0.0008; kmer:AAU:0.0006; kmer:UUGU:0.0006; kmer:AAA:0.0004; kmer:AAAU:0.0003; kmer:AAAUA:0.0003; kmer:GCA:0.0003,mir-195-5p:0.671; mir-16-5p:0.555; mir-191-5p:0.518
287,mir-522-3p,MIMAT0002868,AAAAUGGUUCCCUUUAGAGUGU,nao,0.890505,0.667962,0.698982,,kmer:GU:0.0043; kmer:AA:0.0013; kmer:AAA:0.0008; kmer:UGU:0.0008; kmer:UA:0.0007; kmer:GUG:0.0006; kmer:UAG:0.0006; kmer:AAU:0.0005; kmer:GUU:0.0003; kmer:AAAU:0.0003,mir-520c-3p:0.682; mir-365a-3p:0.542; mir-125a-5p:0.525
288,mir-3942-3p,MIMAT0019230,UUUCAGAUAACAGUAUUACAU,nao,0.890123,0.667961,0.698978,,kmer:UA:0.0023; kmer:GU:0.0015; kmer:AA:0.0005; kmer:GUA:0.0004; kmer:UAA:0.0003; kmer:AGU:0.0002; kmer:UUA:0.0002; kmer:UAAC:0.0002; kmer:CAGU:0.0002; kmer:UAUU:0.0001,mir-24-3p:0.494; mir-195-5p:0.480; mir-17-5p:0.456
289,mir-3152-3p,MIMAT0015025,UGUGUUAGAAUAGGGGCAAUAA,nao,0.889740,0.667960,0.698974,,kmer:GU:0.0029; kmer:UA:0.0022; kmer:UGU:0.0015; kmer:AA:0.0013; kmer:UAG:0.0012; kmer:AAU:0.0011; kmer:GUG:0.0007; kmer:UGUG:0.0004; kmer:GUU:0.0003; kmer:AAUA:0.0003,mir-155-5p:0.620; mir-206:0.552; mir-1-3p:0.509
290,mir-3618,MIMAT0017998,UGUCUACAUUAAUGAAAAGAGC,nao,0.889357,0.667955,0.698949,,kmer:AA:0.0017; kmer:GU:0.0015; kmer:UA:0.0015; kmer:AAA:0.0008; kmer:UGU:0.0008; kmer:AAU:0.0006; kmer:UAA:0.0003; kmer:UGUC:0.0002; kmer:UUA:0.0002; kmer:AAUG:0.0002,mir-1-3p:0.561; mir-19a-3p:0.537; mir-365a-3p:0.536
291,mir-495-5p,MIMAT0022924,GAAGUUGCCCAUGUUAUUUUCG,nao,0.888974,0.667955,0.698949,,kmer:GU:0.0029; kmer:UGU:0.0007; kmer:UA:0.0007; kmer:GUU:0.0007; kmer:AA:0.0004; kmer:AGU:0.0002; kmer:UUA:0.0002; kmer:UCG:0.0002; kmer:AAGU:0.0002; kmer:AGUU:0.0002,mir-373-3p:0.578; mir-382-5p:0.566; mir-145-5p:0.497
292,mir-199b-3p,MIMAT0004563,ACAGUAGUCUGCACAUUGGUUA,sim,0.888591,0.667953,0.698943,hsa-mir-199b,kmer:GU:0.0041; kmer:UA:0.0014; kmer:UAG:0.0006; kmer:GUAG:0.0005; kmer:AGU:0.0004; kmer:GUA:0.0003; kmer:GUU:0.0003; kmer:UGCA:0.0003; kmer:GCA:0.0002; kmer:UUA:0.0002,mir-139-5p:0.592; mir-497-5p:0.580; mir-17-5p:0.563
293,mir-199a-3p,MIMAT0000232,ACAGUAGUCUGCACAUUGGUUA,sim,0.888208,0.667953,0.698943,hsa-mir-199a-1; hsa-mir-199a-2,kmer:GU:0.0041; kmer:UA:0.0014; kmer:UAG:0.0006; kmer:GUAG:0.0005; kmer:AGU:0.0004; kmer:GUA:0.0003; kmer:GUU:0.0003; kmer:UGCA:0.0003; kmer:GCA:0.0002; kmer:UUA:0.0002,mir-139-5p:0.592; mir-497-5p:0.580; mir-17-5p:0.563
294,mir-196b-5p,MIMAT0001080,UAGGUAGUUUCCUGUUGUUGGG,nao,0.887825,0.667953,0.698942,,kmer:GU:0.0051; kmer:UGU:0.0013; kmer:UA:0.0013; kmer:UAG:0.0011; kmer:GUU:0.0009; kmer:UUGU:0.0005; kmer:GUAG:0.0004; kmer:UUG:0.0004; kmer:GUUG:0.0003; kmer:GGUAG:0.0003,let-7b-5p:0.704; let-7a-5p:0.693; mir-34a-5p:0.571
295,mir-4491,MIMAT0019026,AAUGUGGACUGGUGUGACCAAA,nao,0.887443,0.667950,0.698926,,kmer:GU:0.0042; kmer:GUG:0.0019; kmer:UGU:0.0015; kmer:AA:0.0012; kmer:UGUG:0.0008; kmer:AAU:0.0005; kmer:AAA:0.0004; kmer:CAAA:0.0002; kmer:AAUG:0.0002; kmer:UGA:0.0001,mir-206:0.705; mir-210-3p:0.587; mir-200a-3p:0.536
296,mir-561-3p,MIMAT0003225,CAAAGUUUAAGAUCCUUGAAGU,nao,0.887060,0.667948,0.698920,,kmer:GU:0.0029; kmer:AA:0.0017; kmer:UA:0.0007; kmer:AGU:0.0005; kmer:AAGU:0.0004; kmer:AAA:0.0004; kmer:GUU:0.0003; kmer:UAA:0.0003; kmer:CAAA:0.0002; kmer:UUA:0.0002,mir-520c-3p:0.621; mir-1-3p:0.506; mir-106a-5p:0.473
297,mir-3118,MIMAT0014980,UGUGACUGCAUUAUGAAAAUUCU,nao,0.886677,0.667948,0.698917,,kmer:GU:0.0014; kmer:AA:0.0013; kmer:AAA:0.0008; kmer:UGU:0.0008; kmer:UA:0.0007; kmer:GUG:0.0006; kmer:AAU:0.0005; kmer:UGUG:0.0004; kmer:UGA:0.0003; kmer:AAAU:0.0003,mir-19a-3p:0.658; mir-19b-3p:0.607; mir-21-5p:0.527
298,mir-148a-3p,MIMAT0000243,UCAGUGCACUACAGAACUUUGU,sim,0.886294,0.667945,0.698907,hsa-mir-148a,kmer:GU:0.0026; kmer:UGU:0.0007; kmer:UA:0.0006; kmer:GUG:0.0006; kmer:GUGC:0.0005; kmer:AGUGC:0.0005; kmer:UUGU:0.0005; kmer:AA:0.0004; kmer:GUGCA:0.0003; kmer:AGUG:0.0002,mir-139-5p:0.626; mir-17-5p:0.595; mir-497-5p:0.577
299,mir-520g-3p,MIMAT0002858,ACAAAGUGCUUCCCUUUAGAGUGU,nao,0.885911,0.667938,0.698876,,kmer:GU:0.0036; kmer:GUG:0.0011; kmer:AA:0.0007; kmer:UGU:0.0006; kmer:UA:0.0006; kmer:UAG:0.0005; kmer:GUGC:0.0005; kmer:AGUG:0.0005; kmer:AGUGC:0.0004; kmer:AGU:0.0004,mir-520c-3p:0.806; mir-17-5p:0.659; mir-106a-5p:0.645
300,mir-4775,MIMAT0019931,UUAAUUUUUUGUUUCGGUCACU,nao,0.885528,0.667925,0.698817,,kmer:GU:0.0027; kmer:UGU:0.0007; kmer:UA:0.0007; kmer:AAU:0.0005; kmer:UUGU:0.0005; kmer:AA:0.0004; kmer:GUU:0.0003; kmer:UAA:0.0003; kmer:UUA:0.0002; kmer:UCG:0.0002,mir-373-3p:0.554; mir-1246:0.553; mir-520c-3p:0.495
301,mir-371b-3p,MIMAT0019893,AAGUGCCCCCACAGUUUGAGUGC,nao,0.885145,0.667924,0.698809,,kmer:GU:0.0039; kmer:GUG:0.0011; kmer:GUGC:0.0010; kmer:AGUGC:0.0009; kmer:AGU:0.0006; kmer:AGUG:0.0005; kmer:AA:0.0004; kmer:GUU:0.0003; kmer:AAGUG:0.0003; kmer:AAGU:0.0002,mir-17-5p:0.586; mir-106a-5p:0.574; mir-223-3p:0.538
302,mir-5583-5p,MIMAT0022281,AAACUAAUAUACCCAUAUUCUG,nao,0.884763,0.667920,0.698793,,kmer:UA:0.0028; kmer:AA:0.0013; kmer:AAU:0.0005; kmer:AAA:0.0004; kmer:UAA:0.0003; kmer:ACCC:0.0002; kmer:AAUAU:0.0002; kmer:CUAA:0.0002; kmer:AAUA:0.0002; kmer:AUAUU:0.0002,mir-365a-3p:0.565; mir-451a:0.443; mir-19a-3p:0.434
303,mir-18a-5p,MIMAT0000072,UAAGGUGCAUCUAGUGCAGAUAG,sim,0.884380,0.667919,0.698790,hsa-mir-18a,kmer:GU:0.0029; kmer:UA:0.0021; kmer:GUG:0.0013; kmer:UAG:0.0012; kmer:GUGC:0.0011; kmer:GUGCA:0.0007; kmer:UGCA:0.0005; kmer:AGUGC:0.0005; kmer:GCA:0.0005; kmer:AA:0.0004,mir-20a-5p:0.750; mir-17-5p:0.676; mir-106a-5p:0.663
304,mir-4678,MIMAT0019762,AAGGUAUUGUUCAGACUUAUGA,nao,0.883997,0.667913,0.698763,,kmer:GU:0.0028; kmer:UA:0.0014; kmer:UGU:0.0007; kmer:UUGU:0.0005; kmer:AA:0.0004; kmer:AGGUA:0.0003; kmer:GUA:0.0003; kmer:CUUA:0.0003; kmer:GUU:0.0003; kmer:GGUA:0.0003,mir-21-5p:0.660; let-7a-5p:0.537; mir-1-3p:0.494
305,mir-33a-3p,MIMAT0004506,CAAUGUUUCCACAGUGCAUCAC,sim,0.883614,0.667911,0.698753,hsa-mir-33a,kmer:GU:0.0028; kmer:UGU:0.0007; kmer:GUG:0.0006; kmer:GUGC:0.0006; kmer:AAU:0.0005; kmer:AGUGC:0.0005; kmer:AA:0.0004; kmer:GUGCA:0.0003; kmer:GUU:0.0003; kmer:AGUG:0.0003,mir-139-5p:0.598; mir-497-5p:0.542; mir-17-5p:0.525
306,mir-4434,MIMAT0018950,AGGAGAAGUAAAGUAGAA,nao,0.883231,0.667910,0.698747,,kmer:GU:0.0033; kmer:AA:0.0019; kmer:UA:0.0016; kmer:GUA:0.0008; kmer:UAG:0.0007; kmer:GUAG:0.0005; kmer:AGU:0.0005; kmer:AAGU:0.0005; kmer:AAA:0.0004; kmer:UAA:0.0003,mir-1-3p:0.630; mir-20a-5p:0.508; mir-106a-5p:0.488
307,mir-302a-5p,MIMAT0000683,ACUUAAACGUGGAUGUACUUGCU,sim,0.882848,0.667899,0.698698,hsa-mir-302a,kmer:GU:0.0027; kmer:UA:0.0013; kmer:AA:0.0008; kmer:UGU:0.0007; kmer:GUG:0.0006; kmer:CGU:0.0004; kmer:AAA:0.0004; kmer:CGUG:0.0003; kmer:GUA:0.0003; kmer:CUUA:0.0003,mir-200a-3p:0.573; mir-21-5p:0.469; mir-1-3p:0.460
308,mir-34b-5p,MIMAT0000685,UAGGCAGUGUCAUUAGCUGAUUG,nao,0.882466,0.667890,0.698659,,kmer:GU:0.0024; kmer:UA:0.0012; kmer:UAG:0.0010; kmer:UGU:0.0006; kmer:GUG:0.0005; kmer:UAGC:0.0003; kmer:AGUG:0.0002; kmer:GCA:0.0002; kmer:UGUC:0.0002; kmer:AGU:0.0002,mir-34a-5p:0.684; mir-31-5p:0.567; mir-21-5p:0.555
309,mir-12133,MIMAT0049027,CUUGGCACCAUUAAAAAGUACA,nao,0.882083,0.667886,0.698638,,kmer:AA:0.0016; kmer:GU:0.0014; kmer:UA:0.0014; kmer:AAA:0.0011; kmer:GUA:0.0003; kmer:UAA:0.0003; kmer:GCA:0.0002; kmer:AGU:0.0002; kmer:UUA:0.0002; kmer:AAGU:0.0002,mir-106a-5p:0.535; mir-451a:0.528; mir-191-5p:0.520
310,mir-302c-3p,MIMAT0000717,UAAGUGCUUCCAUGUUUCAGUGG,nao,0.881700,0.667885,0.698636,,kmer:GU:0.0037; kmer:GUG:0.0011; kmer:UGU:0.0006; kmer:UA:0.0006; kmer:GUGC:0.0005; kmer:AGUG:0.0005; kmer:AGUGC:0.0004; kmer:AGU:0.0004; kmer:AA:0.0004; kmer:GUU:0.0003,mir-520c-3p:0.657; mir-373-3p:0.652; mir-17-5p:0.595
311,mir-5697,MIMAT0022490,UCAAGUAGUUUCAUGAUAAAGG,nao,0.881317,0.667873,0.698581,,kmer:GU:0.0029; kmer:UA:0.0014; kmer:AA:0.0013; kmer:UAG:0.0006; kmer:GUAG:0.0005; kmer:AGU:0.0005; kmer:AAA:0.0004; kmer:GUA:0.0003; kmer:GUU:0.0003; kmer:UAA:0.0003,let-7a-5p:0.541; mir-20a-5p:0.534; mir-1-3p:0.528
312,mir-576-3p,MIMAT0004796,AAGAUGUGGAAAAAUUGGAAUC,nao,0.880934,0.667868,0.698556,,kmer:AA:0.0024; kmer:GU:0.0014; kmer:AAA:0.0011; kmer:AAU:0.0010; kmer:UGU:0.0007; kmer:GUG:0.0006; kmer:UGUG:0.0004; kmer:AAUC:0.0003; kmer:AAAU:0.0003; kmer:GAAU:0.0002,mir-206:0.633; mir-1-3p:0.619; mir-191-5p:0.531
313,mir-487b-5p,MIMAT0026614,GUGGUUAUCCCUGUCCUGUUCG,sim,0.880551,0.667859,0.698515,hsa-mir-487b,kmer:GU:0.0050; kmer:UGU:0.0013; kmer:UA:0.0006; kmer:GUU:0.0006; kmer:GUG:0.0006; kmer:UGUC:0.0002; kmer:UUA:0.0002; kmer:UCG:0.0002; kmer:CCUGU:0.0002; kmer:AUCC:0.0001,mir-92a-3p:0.560; mir-125a-5p:0.552; mir-382-5p:0.549
314,mir-302f,MIMAT0005932,UAAUUGCUUCCAUGUUU,nao,0.880168,0.667848,0.698467,,kmer:GU:0.0018; kmer:UGU:0.0009; kmer:UA:0.0009; kmer:AAU:0.0007; kmer:AA:0.0005; kmer:GUU:0.0004; kmer:UAA:0.0003; kmer:UGCUU:0.0003; kmer:UUG:0.0002; kmer:UGCU:0.0002,mir-373-3p:0.510; mir-520c-3p:0.508; mir-181b-5p:0.471
315,mir-548e-5p,MIMAT0026736,CAAAAGCAAUCGCGGUUUUUGC,nao,0.879786,0.667837,0.698416,,kmer:AA:0.0018; kmer:GU:0.0015; kmer:AAA:0.0008; kmer:AAU:0.0006; kmer:AGCA:0.0004; kmer:GUU:0.0004; kmer:AAUC:0.0003; kmer:CAAA:0.0003; kmer:GCA:0.0003; kmer:UCG:0.0002,mir-191-5p:0.572; mir-1246:0.522; mir-19b-3p:0.500
316,mir-412-5p,MIMAT0026557,UGGUCGACCAGUUGGAAAGUAAU,nao,0.879403,0.667831,0.698391,,kmer:GU:0.0042; kmer:AA:0.0012; kmer:UA:0.0007; kmer:AAU:0.0005; kmer:AGU:0.0004; kmer:AAA:0.0004; kmer:GUA:0.0003; kmer:GUU:0.0003; kmer:UAA:0.0003; kmer:UCG:0.0002,mir-206:0.585; mir-1-3p:0.584; mir-382-5p:0.569
317,mir-4477b,MIMAT0019005,AUUAAGGACAUUUGUGAUUGAU,nao,0.879020,0.667826,0.698369,,kmer:GU:0.0015; kmer:UGU:0.0008; kmer:UA:0.0007; kmer:GUG:0.0007; kmer:UUGU:0.0005; kmer:AA:0.0004; kmer:UGUG:0.0004; kmer:UUG:0.0004; kmer:UGA:0.0003; kmer:UUGUG:0.0003,mir-1246:0.557; mir-373-3p:0.520; mir-21-5p:0.507
318,mir-3683,MIMAT0018111,UGCGACAUUGGAAGUAGUAUCA,nao,0.878637,0.667826,0.698368,,kmer:GU:0.0028; kmer:UA:0.0014; kmer:GUA:0.0007; kmer:UAG:0.0006; kmer:GUAG:0.0005; kmer:AGU:0.0004; kmer:AA:0.0004; kmer:AAGU:0.0002; kmer:UUG:0.0002; kmer:AUUGG:0.0002,mir-1-3p:0.580; let-7a-5p:0.549; mir-206:0.484
319,mir-5047,MIMAT0020541,UUGCAGCUGCGGUUGUAAGGU,nao,0.878254,0.667817,0.698329,,kmer:GU:0.0045; kmer:UGU:0.0008; kmer:UA:0.0007; kmer:UUGU:0.0005; kmer:AA:0.0004; kmer:UUG:0.0004; kmer:GUA:0.0004; kmer:GUU:0.0003; kmer:UAA:0.0003; kmer:UGCA:0.0003,mir-34a-5p:0.641; mir-93-5p:0.607; let-7b-5p:0.586
320,mir-570-3p,MIMAT0003235,CGAAAACAGCAAUUACCUUUGC,nao,0.877871,0.667812,0.698305,,kmer:AA:0.0017; kmer:AAA:0.0007; kmer:UA:0.0007; kmer:AAU:0.0005; kmer:AGCA:0.0003; kmer:CAGCA:0.0003; kmer:GCA:0.0002; kmer:UUA:0.0002; kmer:UUG:0.0002; kmer:CAGC:0.0002,mir-191-5p:0.570; mir-195-5p:0.533; mir-19a-3p:0.522
321,mir-3973,MIMAT0019358,ACAAAGUACAGCAUUAGCCUUAG,nao,0.877489,0.667805,0.698275,,kmer:UA:0.0020; kmer:GU:0.0014; kmer:UAG:0.0011; kmer:AA:0.0008; kmer:UUA:0.0004; kmer:AAA:0.0004; kmer:UAGC:0.0003; kmer:GUA:0.0003; kmer:CUUA:0.0003; kmer:AGCA:0.0003,mir-17-5p:0.609; mir-106a-5p:0.579; mir-195-5p:0.575
322,mir-5707,MIMAT0022501,ACGUUUGAAUGCUGUACAAGGC,nao,0.877106,0.667802,0.698260,,kmer:GU:0.0030; kmer:AA:0.0009; kmer:UGU:0.0008; kmer:UA:0.0007; kmer:AAU:0.0006; kmer:CGU:0.0005; kmer:GUA:0.0004; kmer:GUU:0.0003; kmer:GAAU:0.0002; kmer:UUG:0.0002,mir-93-5p:0.537; mir-10b-5p:0.508; mir-31-5p:0.507
323,mir-340-5p,MIMAT0004692,UUAUAAAGCAAUGAGACUGAUU,nao,0.876723,0.667794,0.698224,,kmer:UA:0.0014; kmer:AA:0.0012; kmer:AAU:0.0005; kmer:AAA:0.0004; kmer:AGCA:0.0003; kmer:UGA:0.0003; kmer:UAA:0.0003; kmer:GCA:0.0002; kmer:UUA:0.0002; kmer:ACUGA:0.0002,mir-21-5p:0.611; mir-19a-3p:0.519; mir-1-3p:0.499
324,mir-448,MIMAT0001532,UUGCAUAUGUAGGAUGUCCCAU,nao,0.876340,0.667786,0.698187,,kmer:GU:0.0028; kmer:UGU:0.0014; kmer:UA:0.0014; kmer:UAG:0.0006; kmer:GUAG:0.0005; kmer:GUA:0.0003; kmer:UGCA:0.0003; kmer:GCA:0.0002; kmer:UGUC:0.0002; kmer:UUG:0.0002,mir-1-3p:0.517; mir-92a-3p:0.515; mir-21-5p:0.447
325,mir-3606-5p,MIMAT0017983,UUAGUGAAGGCUAUUUUAAUU,nao,0.875957,0.667755,0.698047,,kmer:UA:0.0024; kmer:GU:0.0016; kmer:AA:0.0009; kmer:GUG:0.0007; kmer:UAG:0.0007; kmer:AAU:0.0006; kmer:UUA:0.0005; kmer:UAA:0.0003; kmer:AGUG:0.0003; kmer:AGU:0.0003,mir-520c-3p:0.592; mir-155-5p:0.546; mir-373-3p:0.536
326,mir-548ao-5p,MIMAT0021029,AGAAGUAACUACGGUUUUUGCA,nao,0.875574,0.667751,0.698032,,kmer:GU:0.0030; kmer:UA:0.0015; kmer:AA:0.0009; kmer:GUA:0.0004; kmer:GUU:0.0003; kmer:UAA:0.0003; kmer:UGCA:0.0003; kmer:GCA:0.0002; kmer:AGU:0.0002; kmer:AAGU:0.0002,mir-520c-3p:0.550; mir-373-3p:0.545; mir-1246:0.501
327,mir-5009-3p,MIMAT0021042,UCCUAAAUCUGAAAGUCCAAAA,nao,0.875191,0.667750,0.698024,,kmer:AA:0.0029; kmer:AAA:0.0015; kmer:GU:0.0014; kmer:UA:0.0007; kmer:AAU:0.0005; kmer:AAUC:0.0003; kmer:AAAU:0.0003; kmer:UAA:0.0003; kmer:CAAA:0.0002; kmer:AGU:0.0002,mir-365a-3p:0.677; mir-191-5p:0.624; mir-19a-3p:0.604
328,mir-6808-3p,MIMAT0027517,GUGUGACCACCGUUCCUGCAG,nao,0.874809,0.667746,0.698009,,kmer:GU:0.0046; kmer:GUG:0.0014; kmer:UGU:0.0008; kmer:CGU:0.0005; kmer:UGUG:0.0004; kmer:GUU:0.0004; kmer:UGCA:0.0003; kmer:GCA:0.0003; kmer:ACCG:0.0002; kmer:GCAG:0.0002,mir-210-3p:0.573; mir-125a-5p:0.570; mir-139-5p:0.535
329,mir-8066,MIMAT0030993,CAAUGUGAUCUUUUGGAUGUA,nao,0.874426,0.667741,0.697985,,kmer:GU:0.0029; kmer:UGU:0.0015; kmer:UA:0.0007; kmer:GUG:0.0006; kmer:AAU:0.0005; kmer:AA:0.0004; kmer:UGUG:0.0004; kmer:GUA:0.0003; kmer:UUG:0.0002; kmer:AAUG:0.0002,mir-1246:0.611; mir-373-3p:0.561; mir-206:0.546
330,mir-2278,MIMAT0011778,GAGAGCAGUGUGUGUUGCCUGG,nao,0.874043,0.667739,0.697978,,kmer:GU:0.0054; kmer:UGU:0.0021; kmer:GUG:0.0018; kmer:UGUG:0.0008; kmer:AGCA:0.0003; kmer:GUU:0.0003; kmer:AGCAG:0.0003; kmer:AGUG:0.0003; kmer:GUGUG:0.0002; kmer:GCA:0.0002,mir-206:0.649; mir-34a-5p:0.644; mir-210-3p:0.613
331,mir-548o-3p,MIMAT0005919,CCAAAACUGCAGUUACUUUUGC,nao,0.873660,0.667735,0.697961,,kmer:GU:0.0013; kmer:AA:0.0012; kmer:AAA:0.0007; kmer:UA:0.0007; kmer:GUU:0.0003; kmer:UGCA:0.0002; kmer:CAAA:0.0002; kmer:GCA:0.0002; kmer:AGU:0.0002; kmer:UUA:0.0002,mir-19a-3p:0.568; mir-19b-3p:0.560; mir-451a:0.556
332,mir-6715a-3p,MIMAT0025841,CCAAACCAGUCGUGCCUGUGG,sim,0.873277,0.667732,0.697945,hsa-mir-6715a,kmer:GU:0.0044; kmer:GUG:0.0013; kmer:AA:0.0009; kmer:UGU:0.0008; kmer:GUGC:0.0006; kmer:CGU:0.0005; kmer:UGUG:0.0004; kmer:AAA:0.0004; kmer:CGUG:0.0004; kmer:UCGUG:0.0003,mir-93-5p:0.579; mir-139-5p:0.557; mir-19b-3p:0.505
333,mir-129-1-3p,MIMAT0004548,AAGCCCUUACCCCAAAAAGUAU,nao,0.872894,0.667722,0.697901,,kmer:AA:0.0020; kmer:GU:0.0014; kmer:UA:0.0014; kmer:AAA:0.0011; kmer:GUA:0.0003; kmer:CUUA:0.0003; kmer:CAAA:0.0002; kmer:ACCC:0.0002; kmer:AGU:0.0002; kmer:UUA:0.0002,mir-365a-3p:0.682; mir-191-5p:0.594; mir-223-3p:0.494
334,mir-384,MIMAT0001075,AUUCCUAGAAAUUGUUCAUA,nao,0.872511,0.667719,0.697887,,kmer:GU:0.0016; kmer:UA:0.0016; kmer:AA:0.0009; kmer:UGU:0.0008; kmer:UAG:0.0007; kmer:AAU:0.0006; kmer:UUGU:0.0006; kmer:AAA:0.0004; kmer:GUU:0.0004; kmer:AAAU:0.0003,mir-205-5p:0.519; mir-365a-3p:0.478; mir-10b-5p:0.470
335,mir-10527-5p,MIMAT0041997,AAAGCAAAUGUUGGGUGAACGGC,nao,0.872129,0.667715,0.697866,,kmer:GU:0.0028; kmer:AA:0.0020; kmer:AAA:0.0007; kmer:UGU:0.0007; kmer:GUG:0.0006; kmer:AAU:0.0005; kmer:AGCA:0.0003; kmer:GUU:0.0003; kmer:AAAU:0.0003; kmer:CAAA:0.0002,mir-19a-3p:0.601; mir-19b-3p:0.592; mir-191-5p:0.586
336,mir-4504,MIMAT0019040,UGUGACAAUAGAGAUGAACAUG,nao,0.871746,0.667712,0.697856,,kmer:GU:0.0016; kmer:AA:0.0009; kmer:UGU:0.0008; kmer:UA:0.0008; kmer:GUG:0.0007; kmer:UAG:0.0007; kmer:AAU:0.0006; kmer:UGUG:0.0005; kmer:UGA:0.0003; kmer:AAUA:0.0002,mir-21-5p:0.514; mir-425-5p:0.496; mir-1-3p:0.482
337,mir-203a-3p,MIMAT0000264,GUGAAAUGUUUAGGACCACUAG,sim,0.871363,0.667684,0.697730,hsa-mir-203a,kmer:GU:0.0031; kmer:UA:0.0015; kmer:UAG:0.0013; kmer:AA:0.0009; kmer:UGU:0.0008; kmer:GUG:0.0007; kmer:AAU:0.0006; kmer:AAA:0.0004; kmer:GUU:0.0004; kmer:AAAU:0.0003,mir-21-5p:0.513; mir-206:0.512; mir-10b-5p:0.511
338,mir-224-5p,MIMAT0000281,UCAAGUCACUAGUGGUUCCGUUUAG,nao,0.870980,0.667681,0.697716,,kmer:GU:0.0053; kmer:UA:0.0013; kmer:UAG:0.0011; kmer:GUU:0.0006; kmer:GUG:0.0006; kmer:CGU:0.0004; kmer:AGU:0.0004; kmer:AA:0.0004; kmer:AGUG:0.0003; kmer:UUA:0.0002,mir-520c-3p:0.554; mir-382-5p:0.544; let-7b-5p:0.538
339,mir-449c-5p,MIMAT0010251,UAGGCAGUGUAUUGCUAGCGGCUGU,nao,0.870597,0.667680,0.697713,,kmer:GU:0.0034; kmer:UA:0.0017; kmer:UGU:0.0012; kmer:UAG:0.0009; kmer:GUG:0.0005; kmer:UAGC:0.0003; kmer:GUA:0.0003; kmer:AGUG:0.0002; kmer:GCA:0.0002; kmer:UAUUG:0.0002,mir-34a-5p:0.645; mir-31-5p:0.598; mir-210-3p:0.591
340,mir-4536-3p,MIMAT0020959,UCGUGCAUAUAUCUACCACAU,nao,0.870214,0.667673,0.697680,,kmer:UA:0.0024; kmer:GU:0.0016; kmer:GUG:0.0007; kmer:GUGC:0.0007; kmer:CGU:0.0005; kmer:GUGCA:0.0004; kmer:CGUG:0.0004; kmer:UGCA:0.0003; kmer:UCGUG:0.0003; kmer:GCA:0.0003,mir-139-5p:0.470; mir-16-5p:0.418; mir-19a-3p:0.402
341,mir-509-3p,MIMAT0002881,UGAUUGGUACGUCUGUGGGUAG,sim,0.869832,0.667666,0.697647,hsa-mir-509-3,kmer:GU:0.0057; kmer:UA:0.0014; kmer:UGU:0.0007; kmer:GUA:0.0007; kmer:GUG:0.0006; kmer:GGUA:0.0006; kmer:UAG:0.0006; kmer:GUAG:0.0005; kmer:CGU:0.0005; kmer:UGUG:0.0004,let-7b-5p:0.677; mir-6861-5p:0.593; mir-181b-5p:0.581
342,mir-181a-2-3p,MIMAT0004558,ACCACUGACCGUUGACUGUACC,nao,0.869449,0.667663,0.697635,,kmer:GU:0.0027; kmer:UGU:0.0007; kmer:UA:0.0007; kmer:CGU:0.0004; kmer:GUA:0.0003; kmer:GUU:0.0003; kmer:UGA:0.0003; kmer:ACUGA:0.0002; kmer:ACCG:0.0002; kmer:CUGA:0.0002,mir-451a:0.588; mir-425-5p:0.557; mir-125a-5p:0.537
343,mir-379-3p,MIMAT0004690,UAUGUAACAUGGUCCACUAACU,nao,0.869066,0.667659,0.697617,,kmer:GU:0.0030; kmer:UA:0.0022; kmer:AA:0.0009; kmer:UGU:0.0008; kmer:UAA:0.0006; kmer:GUA:0.0004; kmer:UAAC:0.0003; kmer:AAC:0.0003; kmer:CUAA:0.0002; kmer:CUAAC:0.0001,mir-200a-3p:0.694; mir-1-3p:0.513; mir-19a-3p:0.430
344,mir-3609,MIMAT0017986,CAAAGUGAUGAGUAAUACUGGCUG,nao,0.868683,0.667657,0.697608,,kmer:GU:0.0024; kmer:UA:0.0012; kmer:AA:0.0011; kmer:GUG:0.0005; kmer:AAU:0.0005; kmer:AGU:0.0004; kmer:AAA:0.0003; kmer:GUA:0.0003; kmer:AAGUG:0.0003; kmer:UGA:0.0002,mir-1-3p:0.547; mir-206:0.531; mir-19a-3p:0.526
345,mir-548j-3p,MIMAT0026737,CAAAAACUGCAUUACUUUUGC,nao,0.868300,0.667656,0.697603,,kmer:AA:0.0017; kmer:AAA:0.0011; kmer:UA:0.0007; kmer:UGCA:0.0003; kmer:CAAA:0.0002; kmer:GCA:0.0002; kmer:UUA:0.0002; kmer:UUG:0.0002; kmer:UUAC:0.0001; kmer:AAC:0.0001,mir-19a-3p:0.629; mir-19b-3p:0.612; mir-451a:0.520
346,mir-369-3p,MIMAT0000721,AAUAAUACAUGGUUGAUCUUU,nao,0.867917,0.667647,0.697564,,kmer:GU:0.0016; kmer:UA:0.0015; kmer:AAU:0.0012; kmer:AA:0.0009; kmer:GUU:0.0004; kmer:AAUA:0.0004; kmer:UAA:0.0003; kmer:UUG:0.0002; kmer:GUUG:0.0002; kmer:GUUGA:0.0002,mir-155-5p:0.555; mir-21-5p:0.466; mir-1246:0.445
347,mir-494-5p,MIMAT0026607,AGGUUGUCCGUGUUGUCUUCUCU,nao,0.867534,0.667643,0.697542,,kmer:GU:0.0064; kmer:UGU:0.0020; kmer:UUGU:0.0009; kmer:GUU:0.0006; kmer:GUG:0.0006; kmer:CGU:0.0004; kmer:UGUC:0.0004; kmer:UUG:0.0004; kmer:GUUG:0.0003; kmer:UUGUC:0.0003,mir-34a-5p:0.636; mir-25-3p:0.598; mir-382-5p:0.551
348,mir-3938,MIMAT0018353,AAUUCCCUUGUAGAUAACCCGG,nao,0.867152,0.667638,0.697521,,kmer:GU:0.0014; kmer:UA:0.0014; kmer:AA:0.0008; kmer:UGU:0.0007; kmer:UAG:0.0006; kmer:AAU:0.0005; kmer:UUGU:0.0005; kmer:GUAG:0.0005; kmer:GUA:0.0003; kmer:CUUGU:0.0003,mir-99a-5p:0.663; mir-10b-5p:0.627; mir-125a-5p:0.585
349,mir-4693-5p,MIMAT0019784,AUACUGUGAAUUUCACUGUCACA,nao,0.866769,0.667636,0.697511,,kmer:GU:0.0025; kmer:UGU:0.0013; kmer:UA:0.0006; kmer:GUG:0.0006; kmer:AAU:0.0005; kmer:AA:0.0004; kmer:UGUG:0.0004; kmer:UGUC:0.0002; kmer:GAAU:0.0002; kmer:UGA:0.0001,mir-200a-3p:0.567; mir-497-5p:0.535; mir-181b-5p:0.483
350,mir-3133,MIMAT0014998,UAAAGAACUCUUAAAACCCAAU,nao,0.866386,0.667629,0.697480,,kmer:AA:0.0030; kmer:UA:0.0014; kmer:AAA:0.0012; kmer:UAA:0.0006; kmer:AAU:0.0006; kmer:CUUA:0.0003; kmer:UAAA:0.0003; kmer:ACCC:0.0003; kmer:AAC:0.0003; kmer:UUA:0.0002,mir-365a-3p:0.639; mir-191-5p:0.588; mir-19a-3p:0.520
351,mir-126-5p,MIMAT0000444,CAUUAUUACUUUUGGUACGCG,nao,0.866003,0.667622,0.697451,,kmer:UA:0.0024; kmer:GU:0.0016; kmer:UUA:0.0005; kmer:GUA:0.0004; kmer:GGUA:0.0003; kmer:UUG:0.0002; kmer:UUAU:0.0001; kmer:UAUU:0.0001; kmer:UUAC:0.0001; kmer:CG:0.0001,mir-451a:0.541; mir-1246:0.480; mir-373-3p:0.467
352,mir-148b-3p,MIMAT0000759,UCAGUGCAUCACAGAACUUUGU,sim,0.865620,0.667602,0.697361,hsa-mir-148b,kmer:GU:0.0026; kmer:UGU:0.0007; kmer:GUG:0.0006; kmer:GUGC:0.0005; kmer:AGUGC:0.0005; kmer:UUGU:0.0005; kmer:AA:0.0004; kmer:GUGCA:0.0003; kmer:AGUG:0.0003; kmer:UGCA:0.0002,mir-24-3p:0.601; mir-139-5p:0.577; mir-497-5p:0.565
353,mir-4643,MIMAT0019703,GACACAUGACCAUAAAUGCUAA,nao,0.865237,0.667588,0.697294,,kmer:UA:0.0014; kmer:AA:0.0012; kmer:UAA:0.0005; kmer:AAU:0.0005; kmer:AAA:0.0004; kmer:AAAU:0.0003; kmer:UGCU:0.0002; kmer:AAUG:0.0002; kmer:CUAA:0.0002; kmer:AUGC:0.0001,mir-425-5p:0.503; mir-19b-3p:0.502; mir-365a-3p:0.491
354,mir-142-3p,MIMAT0000434,UGUAGUGUUUCCUACUUUAUGGA,nao,0.864855,0.667577,0.697246,,kmer:GU:0.0041; kmer:UA:0.0020; kmer:UGU:0.0014; kmer:GUG:0.0006; kmer:UAG:0.0006; kmer:GUAG:0.0005; kmer:GUA:0.0003; kmer:GUU:0.0003; kmer:AGUG:0.0003; kmer:AGU:0.0002,mir-520c-3p:0.569; let-7a-5p:0.541; let-7b-5p:0.538
355,mir-548ae-3p,MIMAT0018954,CAAAAACUGCAAUUACUUUCA,nao,0.864472,0.667574,0.697232,,kmer:AA:0.0021; kmer:AAA:0.0012; kmer:UA:0.0007; kmer:AAU:0.0006; kmer:UGCA:0.0003; kmer:CAAA:0.0003; kmer:GCA:0.0002; kmer:UUA:0.0002; kmer:UGCAA:0.0002; kmer:UUAC:0.0001,mir-19a-3p:0.688; mir-19b-3p:0.670; mir-191-5p:0.552
356,mir-4473,MIMAT0019000,CUAGUGCUCUCCGUUACAAGUA,nao,0.864089,0.667567,0.697200,,kmer:GU:0.0044; kmer:UA:0.0022; kmer:GUG:0.0007; kmer:UAG:0.0006; kmer:GUGC:0.0006; kmer:AGUGC:0.0005; kmer:CGU:0.0005; kmer:AGU:0.0005; kmer:AA:0.0004; kmer:GUA:0.0003,mir-139-5p:0.606; mir-17-5p:0.603; mir-20a-5p:0.594
357,mir-548aa,MIMAT0018447,AAAAACCACAAUUACUUUUGCACCA,nao,0.863706,0.667566,0.697195,,kmer:AA:0.0018; kmer:AAA:0.0010; kmer:UA:0.0006; kmer:AAU:0.0005; kmer:UGCA:0.0002; kmer:GCA:0.0002; kmer:UUA:0.0002; kmer:GCAC:0.0002; kmer:UUG:0.0002; kmer:UGCAC:0.0001,mir-451a:0.575; mir-19b-3p:0.524; mir-191-5p:0.507
358,mir-548t-3p,MIMAT0022730,AAAAACCACAAUUACUUUUGCACCA,nao,0.863323,0.667566,0.697195,,kmer:AA:0.0018; kmer:AAA:0.0010; kmer:UA:0.0006; kmer:AAU:0.0005; kmer:UGCA:0.0002; kmer:GCA:0.0002; kmer:UUA:0.0002; kmer:GCAC:0.0002; kmer:UUG:0.0002; kmer:UGCAC:0.0001,mir-451a:0.575; mir-19b-3p:0.524; mir-191-5p:0.507
359,mir-4684-3p,MIMAT0019770,UGUUGCAAGUCGGUGGAGACGU,nao,0.862940,0.667562,0.697178,,kmer:GU:0.0057; kmer:UGU:0.0007; kmer:GUG:0.0006; kmer:CGU:0.0005; kmer:AA:0.0004; kmer:GUU:0.0003; kmer:UGCA:0.0003; kmer:GCA:0.0002; kmer:AGU:0.0002; kmer:UCG:0.0002,mir-382-5p:0.652; mir-181b-5p:0.565; mir-1307-3p:0.564
360,mir-548av-5p,MIMAT0022303,AAAAGUACUUGCGGAUUU,nao,0.862557,0.667559,0.697166,,kmer:GU:0.0018; kmer:AA:0.0015; kmer:AAA:0.0009; kmer:UA:0.0009; kmer:GUA:0.0004; kmer:AGU:0.0003; kmer:ACUUG:0.0003; kmer:AAGU:0.0003; kmer:AAAGU:0.0003; kmer:UUG:0.0002,mir-520c-3p:0.524; mir-373-3p:0.503; mir-1246:0.490
361,mir-99b-5p,MIMAT0000689,CACCCGUAGAACCGACCUUGCG,sim,0.862175,0.667557,0.697155,hsa-mir-99b,kmer:GU:0.0014; kmer:UA:0.0007; kmer:UAG:0.0006; kmer:GUAG:0.0005; kmer:CGU:0.0004; kmer:AA:0.0004; kmer:GUA:0.0003; kmer:ACCC:0.0002; kmer:ACCG:0.0002; kmer:UUG:0.0002,mir-99a-5p:0.664; mir-10b-5p:0.644; mir-125a-5p:0.523
362,mir-539-5p,MIMAT0003163,GGAGAAAUUAUCCUUGGUGUGU,nao,0.861792,0.667552,0.697135,,kmer:GU:0.0041; kmer:UGU:0.0014; kmer:GUG:0.0012; kmer:AA:0.0008; kmer:UA:0.0007; kmer:AAU:0.0005; kmer:UGUG:0.0004; kmer:AAA:0.0004; kmer:AAAU:0.0003; kmer:UUA:0.0002,mir-206:0.636; mir-373-3p:0.565; let-7b-5p:0.544
363,mir-380-3p,MIMAT0000735,UAUGUAAUAUGGUCCACAUCUU,nao,0.861409,0.667540,0.697082,,kmer:GU:0.0030; kmer:UA:0.0022; kmer:UGU:0.0008; kmer:AAU:0.0006; kmer:AA:0.0004; kmer:GUA:0.0004; kmer:UAA:0.0003; kmer:AAUAU:0.0002; kmer:AAUA:0.0002; kmer:UAAU:0.0001,mir-1-3p:0.566; mir-200a-3p:0.504; mir-155-5p:0.468
364,mir-4719,MIMAT0019832,UCACAAAUCUAUAAUAUGCAGG,nao,0.861026,0.667537,0.697065,,kmer:UA:0.0021; kmer:AA:0.0013; kmer:AAU:0.0011; kmer:AAA:0.0004; kmer:AAUC:0.0003; kmer:AAAU:0.0003; kmer:UAA:0.0003; kmer:UGCA:0.0003; kmer:CAAA:0.0002; kmer:GCA:0.0002,mir-19a-3p:0.610; mir-195-5p:0.541; mir-365a-3p:0.535
365,mir-548ax,MIMAT0022474,AGAAGUAAUUGCGGUUUUGCCA,nao,0.860643,0.667536,0.697061,,kmer:GU:0.0029; kmer:AA:0.0009; kmer:UA:0.0007; kmer:AAU:0.0006; kmer:UUG:0.0004; kmer:GUA:0.0003; kmer:GUU:0.0003; kmer:UAA:0.0003; kmer:AGU:0.0002; kmer:AAGU:0.0002,mir-373-3p:0.581; mir-520c-3p:0.526; mir-1246:0.519
366,mir-8065,MIMAT0030992,UGUAGGAACAGUUGAAUUUUGGCU,nao,0.860260,0.667533,0.697047,,kmer:GU:0.0024; kmer:AA:0.0007; kmer:UGU:0.0006; kmer:UA:0.0006; kmer:UAG:0.0005; kmer:AAU:0.0004; kmer:GUAG:0.0004; kmer:UUG:0.0003; kmer:GUA:0.0003; kmer:GUU:0.0003,mir-1246:0.623; mir-373-3p:0.599; mir-10b-5p:0.546
367,mir-5000-5p,MIMAT0021019,CAGUUCAGAAGUGUUCCUGAGU,nao,0.859877,0.667531,0.697040,,kmer:GU:0.0052; kmer:UGU:0.0007; kmer:AGU:0.0006; kmer:GUU:0.0006; kmer:GUG:0.0006; kmer:AA:0.0004; kmer:AAGUG:0.0003; kmer:AGUG:0.0002; kmer:AAGU:0.0002; kmer:CUGA:0.0002,mir-24-3p:0.562; mir-93-5p:0.550; mir-382-5p:0.544
368,mir-802,MIMAT0004185,CAGUAACAAAGAUUCAUCCUUGU,nao,0.859495,0.667529,0.697032,,kmer:GU:0.0028; kmer:AA:0.0012; kmer:UGU:0.0007; kmer:UA:0.0007; kmer:UUGU:0.0005; kmer:AAA:0.0004; kmer:GUA:0.0003; kmer:CUUGU:0.0003; kmer:UAA:0.0003; kmer:CAAA:0.0002,mir-205-5p:0.539; mir-191-5p:0.509; mir-223-3p:0.505
369,mir-4705,MIMAT0019805,UCAAUCACUUGGUAAUUGCUGU,nao,0.859112,0.667527,0.697020,,kmer:GU:0.0028; kmer:AAU:0.0010; kmer:AA:0.0008; kmer:UGU:0.0007; kmer:UA:0.0007; kmer:UUG:0.0004; kmer:GUA:0.0003; kmer:AAUC:0.0003; kmer:GGUA:0.0003; kmer:UAA:0.0003,mir-181b-5p:0.598; mir-25-3p:0.566; mir-92a-3p:0.537
370,mir-548q,MIMAT0011163,GCUGGUGCAAAAGUAAUGGCGG,nao,0.858729,0.667526,0.697016,,kmer:GU:0.0026; kmer:AA:0.0015; kmer:AAA:0.0007; kmer:UA:0.0006; kmer:GUG:0.0006; kmer:GUGC:0.0005; kmer:AAU:0.0005; kmer:GUGCA:0.0003; kmer:GUA:0.0003; kmer:UAA:0.0003,mir-19a-3p:0.631; mir-19b-3p:0.606; mir-93-5p:0.574
371,mir-29a-3p,MIMAT0000086,UAGCACCAUCUGAAAUCGGUUA,sim,0.858346,0.667523,0.697005,hsa-mir-29a,kmer:GU:0.0014; kmer:UA:0.0014; kmer:AA:0.0008; kmer:UAG:0.0006; kmer:AAU:0.0005; kmer:AAA:0.0004; kmer:UAGC:0.0003; kmer:AGCA:0.0003; kmer:GUU:0.0003; kmer:AAUC:0.0003,mir-195-5p:0.511; mir-191-5p:0.498; mir-16-5p:0.489
372,mir-607,MIMAT0003275,GUUCAAAUCCAGAUCUAUAAC,nao,0.857963,0.667518,0.696979,,kmer:GU:0.0015; kmer:UA:0.0015; kmer:AA:0.0013; kmer:AAU:0.0006; kmer:AAA:0.0004; kmer:GUU:0.0003; kmer:AAUC:0.0003; kmer:AAAU:0.0003; kmer:UAA:0.0003; kmer:AAUCC:0.0003,mir-365a-3p:0.536; mir-191-5p:0.504; mir-19a-3p:0.501
373,mir-4666a-3p,MIMAT0019742,CAUACAAUCUGACAUGUAUUU,nao,0.857580,0.667507,0.696929,,kmer:GU:0.0016; kmer:UA:0.0016; kmer:UGU:0.0008; kmer:AAU:0.0006; kmer:AA:0.0005; kmer:GUA:0.0004; kmer:AAUC:0.0004; kmer:CUGA:0.0002; kmer:UGA:0.0002; kmer:UAUU:0.0001,mir-1-3p:0.473; mir-21-5p:0.458; mir-425-5p:0.452
374,mir-105-3p,MIMAT0004516,ACGGAUGUUUGAGCAUGUGCUA,nao,0.857198,0.667504,0.696917,,kmer:GU:0.0029; kmer:UGU:0.0015; kmer:UA:0.0007; kmer:GUG:0.0006; kmer:GUGC:0.0006; kmer:UGUG:0.0004; kmer:AGCA:0.0003; kmer:GUU:0.0003; kmer:GUGCU:0.0003; kmer:GCA:0.0002,mir-21-5p:0.570; mir-210-3p:0.548; mir-373-3p:0.526
375,mir-219a-5p,MIMAT0000276,UGAUUGUCCAAACGCAAUUCU,sim,0.856815,0.667495,0.696875,hsa-mir-219a-2,kmer:GU:0.0017; kmer:AA:0.0015; kmer:UGU:0.0009; kmer:AAU:0.0006; kmer:UUGU:0.0006; kmer:AAA:0.0004; kmer:CAAA:0.0003; kmer:GCA:0.0003; kmer:UGUC:0.0003; kmer:UUG:0.0002,mir-19b-3p:0.598; mir-19a-3p:0.576; mir-191-5p:0.541
376,mir-597-5p,MIMAT0003265,UGUGUCACUCGAUGACCACUGU,nao,0.856432,0.667485,0.696833,,kmer:GU:0.0041; kmer:UGU:0.0022; kmer:GUG:0.0006; kmer:UGUG:0.0004; kmer:UGUC:0.0002; kmer:UCG:0.0002; kmer:CGAU:0.0002; kmer:CGA:0.0001; kmer:UGA:0.0001; kmer:UGUCA:0.0001,mir-200a-3p:0.618; mir-425-5p:0.589; mir-25-3p:0.518
377,mir-624-3p,MIMAT0004807,CACAAGGUAUUGGUAUUACCU,nao,0.856049,0.667464,0.696736,,kmer:GU:0.0031; kmer:UA:0.0023; kmer:GUA:0.0007; kmer:GGUA:0.0007; kmer:AA:0.0005; kmer:AGGUA:0.0004; kmer:UAUU:0.0003; kmer:UAUUG:0.0003; kmer:UUA:0.0003; kmer:AGGU:0.0002,let-7a-5p:0.508; mir-451a:0.468; mir-16-5p:0.452
378,mir-196a-1-3p,MIMAT0037307,CAACAACAUUAAACCACCCGA,nao,0.855666,0.667463,0.696731,,kmer:AA:0.0020; kmer:UA:0.0008; kmer:AAA:0.0004; kmer:AAC:0.0004; kmer:UAA:0.0003; kmer:ACCC:0.0003; kmer:UUA:0.0003; kmer:CGA:0.0002; kmer:UAAA:0.0001; kmer:AACC:0.0001,mir-451a:0.534; mir-191-5p:0.509; mir-19b-3p:0.430
379,mir-101-2-5p,MIMAT0037312,UCGGUUAUCAUGGUACCGAUGC,nao,0.855283,0.667455,0.696697,,kmer:GU:0.0029; kmer:UA:0.0014; kmer:GUA:0.0003; kmer:GUU:0.0003; kmer:GGUA:0.0003; kmer:UUA:0.0002; kmer:ACCG:0.0002; kmer:UCG:0.0002; kmer:CGAU:0.0002; kmer:CGA:0.0002,mir-181b-5p:0.523; mir-155-5p:0.480; mir-99a-5p:0.473
380,mir-133a-5p,MIMAT0026478,AGCUGGUAAAAUGGAACCAAAU,nao,0.854900,0.667445,0.696652,,kmer:AA:0.0025; kmer:GU:0.0014; kmer:AAA:0.0011; kmer:AAU:0.0011; kmer:UA:0.0007; kmer:AAAU:0.0006; kmer:GUA:0.0003; kmer:GGUA:0.0003; kmer:UAA:0.0003; kmer:CAAA:0.0002,mir-191-5p:0.643; mir-19a-3p:0.584; mir-19b-3p:0.576
381,mir-302e,MIMAT0005931,UAAGUGCUUCCAUGCUU,nao,0.854518,0.667444,0.696648,,kmer:GU:0.0016; kmer:UA:0.0008; kmer:GUG:0.0007; kmer:GUGC:0.0007; kmer:AGUGC:0.0006; kmer:UGCUU:0.0005; kmer:AA:0.0005; kmer:UGCU:0.0004; seed:AAGUGCU:0.0004; kmer:AAGUG:0.0004,mir-520c-3p:0.650; mir-373-3p:0.568; mir-20a-5p:0.544
382,mir-3177-5p,MIMAT0019215,UGUGUACACACGUGCCAGGCGCU,nao,0.854135,0.667440,0.696628,,kmer:GU:0.0045; kmer:UGU:0.0016; kmer:GUG:0.0013; kmer:UA:0.0007; kmer:GUGC:0.0006; kmer:CGU:0.0005; kmer:UGUG:0.0004; kmer:CGUG:0.0004; kmer:GUA:0.0004; kmer:CACG:0.0001,mir-139-5p:0.613; mir-210-3p:0.600; mir-497-5p:0.566
383,mir-4662a-3p,MIMAT0019732,AAAGAUAGACAAUUGGCUAAAU,sim,0.853752,0.667439,0.696625,hsa-mir-4662a,kmer:AA:0.0021; kmer:UA:0.0014; kmer:AAU:0.0011; kmer:AAA:0.0008; kmer:UAG:0.0006; kmer:AAAU:0.0003; kmer:UAA:0.0003; kmer:UUG:0.0002; kmer:CUAA:0.0002; kmer:AUAG:0.0002,mir-195-5p:0.541; mir-365a-3p:0.526; mir-16-5p:0.512
384,mir-3613-3p,MIMAT0017991,ACAAAAAAAAAAGCCCAACCCUUC,nao,0.853369,0.667439,0.696623,,kmer:AA:0.0042; kmer:AAA:0.0030; kmer:CAAA:0.0002; kmer:ACCC:0.0002; kmer:AAAA:0.0002; kmer:ACCCU:0.0002; kmer:CCCU:0.0001; kmer:AAC:0.0001; kmer:AACC:0.0001; kmer:CAAAA:0.0001,mir-191-5p:0.639; mir-365a-3p:0.631; mir-19b-3p:0.525
385,mir-548w,MIMAT0015060,AAAAGUAACUGCGGUUUUUGCCU,nao,0.852986,0.667438,0.696621,,kmer:GU:0.0027; kmer:AA:0.0016; kmer:AAA:0.0007; kmer:UA:0.0007; kmer:GUA:0.0003; kmer:GUU:0.0003; kmer:UAA:0.0003; kmer:AGU:0.0002; kmer:AAGU:0.0002; kmer:AAAGU:0.0002,mir-520c-3p:0.583; mir-373-3p:0.511; mir-106a-5p:0.476
386,mir-219b-3p,MIMAT0019748,AGAAUUGCGUUUGGACAAUCAGU,sim,0.852603,0.667429,0.696581,hsa-mir-219b,kmer:GU:0.0027; kmer:AAU:0.0010; kmer:AA:0.0008; kmer:CGU:0.0004; kmer:UUG:0.0004; kmer:GUU:0.0003; kmer:AAUC:0.0003; kmer:AGU:0.0002; kmer:GAAU:0.0002; kmer:CAGU:0.0001,mir-1246:0.563; mir-373-3p:0.506; mir-382-5p:0.486
387,mir-582-3p,MIMAT0004797,UAACUGGUUGAACAACUGAACC,nao,0.852221,0.667429,0.696578,,kmer:AA:0.0016; kmer:GU:0.0014; kmer:UA:0.0007; kmer:AAC:0.0005; kmer:GUU:0.0003; kmer:UGA:0.0003; kmer:UAA:0.0003; kmer:ACUGA:0.0002; kmer:CUGA:0.0002; kmer:UUG:0.0002,mir-200a-3p:0.592; mir-19a-3p:0.491; mir-125b-5p:0.482
388,mir-3923,MIMAT0018198,AACUAGUAAUGUUGGAUUAGGG,nao,0.851838,0.667420,0.696540,,kmer:GU:0.0028; kmer:UA:0.0020; kmer:UAG:0.0011; kmer:AA:0.0008; kmer:UGU:0.0007; kmer:AAU:0.0005; kmer:GUA:0.0003; kmer:GUU:0.0003; kmer:UAA:0.0003; kmer:AGU:0.0002,mir-155-5p:0.609; let-7a-5p:0.586; mir-1-3p:0.557
389,mir-4671-3p,MIMAT0019753,UUAGUGCAUAGUCUUUGGUCU,nao,0.851455,0.667401,0.696452,,kmer:GU:0.0045; kmer:UA:0.0015; kmer:UAG:0.0012; kmer:GUG:0.0007; kmer:GUGC:0.0006; kmer:AGUGC:0.0005; kmer:AGU:0.0005; kmer:GUGCA:0.0004; kmer:AGUG:0.0003; kmer:UGCA:0.0003,mir-34a-5p:0.618; mir-20a-5p:0.607; mir-520c-3p:0.549
390,mir-924,MIMAT0004974,AGAGUCUUGUGAUGUCUUGC,nao,0.851072,0.667399,0.696447,,kmer:GU:0.0045; kmer:UGU:0.0016; kmer:GUG:0.0007; kmer:UUGU:0.0005; kmer:UGUG:0.0004; kmer:UUG:0.0004; kmer:CUUGU:0.0003; kmer:UUGUG:0.0003; kmer:UGUC:0.0002; kmer:AGU:0.0002,mir-25-3p:0.607; mir-34a-5p:0.591; mir-21-5p:0.507
391,mir-499b-5p,MIMAT0019897,ACAGACUUGCUGUGAUGUUCA,nao,0.850689,0.667394,0.696423,,kmer:GU:0.0026; kmer:UGU:0.0014; kmer:GUG:0.0006; kmer:UGUG:0.0004; kmer:GUU:0.0003; kmer:ACUUG:0.0002; kmer:UUG:0.0002; kmer:UGCU:0.0002; kmer:UGA:0.0001; kmer:UGUGA:0.0001,mir-21-5p:0.654; mir-210-3p:0.578; mir-497-5p:0.504
392,mir-1297,MIMAT0005886,UUCAAGUAAUUCAGGUG,nao,0.850306,0.667392,0.696412,,kmer:GU:0.0041; kmer:AA:0.0012; kmer:UA:0.0010; kmer:GUG:0.0009; kmer:AAU:0.0008; kmer:GUA:0.0005; kmer:UAA:0.0004; kmer:AGU:0.0003; kmer:AGGU:0.0003; kmer:AAGU:0.0003,mir-24-3p:0.536; mir-93-5p:0.525; mir-17-5p:0.504
393,mir-4325,MIMAT0016887,UUGCACUUGUCUCAGUGA,nao,0.849923,0.667391,0.696407,,kmer:GU:0.0031; kmer:UGU:0.0008; kmer:GUG:0.0007; kmer:UUGU:0.0006; kmer:UUG:0.0004; kmer:CUUGU:0.0003; kmer:AGUG:0.0003; kmer:UGCA:0.0003; kmer:GCA:0.0003; kmer:UGUC:0.0003,mir-25-3p:0.774; mir-139-5p:0.631; mir-92a-3p:0.613
394,mir-548az-3p,MIMAT0025457,AAAAACUGCAAUCACUUUUGC,nao,0.849541,0.667383,0.696373,,kmer:AA:0.0021; kmer:AAA:0.0011; kmer:AAU:0.0005; kmer:AAUC:0.0003; kmer:UGCA:0.0003; kmer:GCA:0.0002; kmer:UUG:0.0002; kmer:UGCAA:0.0002; kmer:AAC:0.0001; kmer:AUC:0.0001,mir-19a-3p:0.695; mir-19b-3p:0.676; mir-191-5p:0.527
395,mir-15b-5p,MIMAT0000417,UAGCAGCACAUCAUGGUUUACA,sim,0.849158,0.667377,0.696347,hsa-mir-15b,kmer:GU:0.0014; kmer:UA:0.0013; seed:AGCAGCA:0.0010; kmer:AGCA:0.0006; kmer:UAG:0.0006; kmer:GCA:0.0005; kmer:UAGC:0.0003; kmer:GUU:0.0003; kmer:AGCAG:0.0003; kmer:CAGCA:0.0002,mir-497-5p:0.716; mir-195-5p:0.679; mir-16-5p:0.597
396,mir-181a-5p,MIMAT0000256,AACAUUCAACGCUGUCGGUGAGU,sim,0.848775,0.667360,0.696268,hsa-mir-181a-1; hsa-mir-181a-2,kmer:GU:0.0041; kmer:AA:0.0008; kmer:UGU:0.0007; kmer:GUG:0.0006; kmer:AAC:0.0002; kmer:UGUC:0.0002; kmer:AGU:0.0002; kmer:UCG:0.0002; seed:ACAUUCA:0.0001; kmer:UCGGU:0.0001,mir-181b-5p:0.772; mir-200a-3p:0.546; mir-25-3p:0.499
397,mir-199b-5p,MIMAT0000263,CCCAGUGUUUAGACUAUCUGUUC,sim,0.848392,0.667351,0.696229,hsa-mir-199b,kmer:GU:0.0040; kmer:UGU:0.0014; kmer:UA:0.0013; kmer:GUU:0.0006; kmer:GUG:0.0006; kmer:UAG:0.0006; kmer:AGUG:0.0003; kmer:AGU:0.0002; kmer:UUA:0.0002; kmer:CAGU:0.0001,mir-21-5p:0.540; mir-34a-5p:0.535; mir-139-5p:0.528
398,mir-3120-3p,MIMAT0014982,CACAGCAAGUGUAGACAGGCA,nao,0.848009,0.667346,0.696208,,kmer:GU:0.0029; kmer:UGU:0.0008; kmer:UA:0.0007; kmer:GUG:0.0006; kmer:UAG:0.0006; kmer:GCA:0.0005; kmer:GUAG:0.0005; kmer:AA:0.0004; kmer:GUA:0.0003; kmer:AGCA:0.0003,mir-24-3p:0.629; mir-17-5p:0.625; mir-195-5p:0.603
399,mir-11400,MIMAT0044657,UCGGCUGUGUAUCUCUGUGUC,nao,0.847626,0.667345,0.696203,,kmer:GU:0.0056; kmer:UGU:0.0029; kmer:GUG:0.0013; kmer:UGUG:0.0008; kmer:UA:0.0007; kmer:GUA:0.0003; kmer:UGUC:0.0002; kmer:UCG:0.0002; kmer:CGGC:0.0001; kmer:GUGU:0.0001,mir-210-3p:0.590; mir-34a-5p:0.542; mir-25-3p:0.516
400,mir-548ad-3p,MIMAT0018946,GAAAACGACAAUGACUUUUGCA,nao,0.847243,0.667345,0.696201,,kmer:AA:0.0017; kmer:AAA:0.0008; kmer:AAU:0.0006; kmer:UGCA:0.0003; kmer:GCA:0.0002; kmer:UUG:0.0002; kmer:AAUG:0.0002; kmer:CGA:0.0002; kmer:UGA:0.0001; kmer:AAC:0.0001,mir-19a-3p:0.548; mir-19b-3p:0.542; mir-425-5p:0.519
401,mir-3927-3p,MIMAT0018202,CAGGUAGAUAUUUGAUAGGCAU,nao,0.846861,0.667337,0.696167,,kmer:UA:0.0020; kmer:GU:0.0014; kmer:UAG:0.0011; kmer:GUAG:0.0004; kmer:GGUAG:0.0004; kmer:AGGUA:0.0003; kmer:GUA:0.0003; kmer:GGUA:0.0003; kmer:GCA:0.0002; kmer:AGGU:0.0002,let-7a-5p:0.569; mir-31-5p:0.522; mir-20a-5p:0.509
402,mir-224-3p,MIMAT0009198,AAAAUGGUGCCCUAGUGACUACA,nao,0.846478,0.667333,0.696146,,kmer:GU:0.0030; kmer:UA:0.0015; kmer:GUG:0.0013; kmer:AA:0.0013; kmer:AAA:0.0008; kmer:UAG:0.0006; kmer:GUGC:0.0006; kmer:AAU:0.0006; kmer:AAAU:0.0003; kmer:AGUG:0.0003,mir-365a-3p:0.597; mir-19a-3p:0.560; mir-106a-5p:0.549
403,mir-4712-3p,MIMAT0019819,AAUGAGAGACCUGUACUGUAU,nao,0.846095,0.667332,0.696141,,kmer:GU:0.0029; kmer:UGU:0.0015; kmer:UA:0.0014; kmer:GUA:0.0007; kmer:AAU:0.0005; kmer:AA:0.0004; kmer:AAUG:0.0002; kmer:UGA:0.0001; kmer:AGACC:0.0001; kmer:CCUGU:0.0001,mir-125a-5p:0.579; mir-125b-5p:0.554; mir-10b-5p:0.550
404,mir-3143,MIMAT0015012,AUAACAUUGUAAAGCGCUUCUUUCG,nao,0.845712,0.667315,0.696065,,kmer:GU:0.0014; kmer:UA:0.0013; kmer:AA:0.0012; kmer:UGU:0.0007; kmer:UAA:0.0005; kmer:UUGU:0.0005; kmer:AAA:0.0004; kmer:GUA:0.0003; kmer:UCG:0.0002; kmer:UUG:0.0002,mir-520c-3p:0.527; mir-16-5p:0.479; mir-373-3p:0.476
405,mir-626,MIMAT0003295,AGCUGUCUGAAAAUGUCUU,nao,0.845329,0.667314,0.696063,,kmer:GU:0.0031; kmer:UGU:0.0016; kmer:AA:0.0014; kmer:AAA:0.0008; kmer:AAU:0.0006; kmer:UGUC:0.0005; kmer:AAAU:0.0003; kmer:UGUCU:0.0003; kmer:CUGA:0.0002; kmer:AAUG:0.0002,mir-25-3p:0.561; mir-200a-3p:0.540; mir-34a-5p:0.538
406,mir-10525-3p,MIMAT0041995,UGACUAUGAUGUGCACCUGAU,nao,0.844946,0.667304,0.696017,,kmer:GU:0.0015; kmer:UGU:0.0008; kmer:UA:0.0007; kmer:GUG:0.0007; kmer:GUGC:0.0006; kmer:UGA:0.0005; kmer:UGUG:0.0004; kmer:GUGCA:0.0004; kmer:UGCA:0.0003; kmer:GCA:0.0003,mir-21-5p:0.608; mir-210-3p:0.536; mir-19a-3p:0.517
407,mir-4668-5p,MIMAT0019745,AGGGAAAAAAAAAAGGAUUUGUC,nao,0.844564,0.667302,0.696009,,kmer:AA:0.0036; kmer:AAA:0.0028; kmer:GU:0.0014; kmer:UGU:0.0007; kmer:UUGU:0.0005; kmer:UGUC:0.0002; kmer:AAAA:0.0002; kmer:UUG:0.0002; kmer:UUGUC:0.0002; kmer:UUUGU:0.0002,mir-191-5p:0.519; mir-365a-3p:0.491; mir-19a-3p:0.459
408,mir-425-3p,MIMAT0001343,AUCGGGAAUGUCGUGUCCGCCC,nao,0.844181,0.667283,0.695922,,kmer:GU:0.0045; kmer:UGU:0.0016; kmer:GUG:0.0007; kmer:AAU:0.0006; kmer:CGU:0.0005; kmer:UGUC:0.0005; kmer:UCG:0.0005; kmer:AA:0.0004; kmer:CGUG:0.0004; kmer:UCGUG:0.0003,mir-1307-3p:0.595; mir-99a-5p:0.498; mir-206:0.489
409,mir-643,MIMAT0003313,ACUUGUAUGCUAGCUCAGGUAG,nao,0.843798,0.667274,0.695880,,kmer:GU:0.0027; kmer:UA:0.0020; kmer:UAG:0.0011; kmer:UGU:0.0007; kmer:GUA:0.0006; kmer:UUGU:0.0005; kmer:GUAG:0.0004; kmer:GGUAG:0.0004; kmer:AGGUA:0.0003; kmer:UAGC:0.0003,let-7a-5p:0.595; mir-20a-5p:0.592; mir-17-5p:0.548
410,mir-6082,MIMAT0023707,GAAUACGUCUGGUUGAUCC,nao,0.843415,0.667261,0.695823,,kmer:GU:0.0033; kmer:UA:0.0008; kmer:AAU:0.0006; kmer:CGU:0.0005; kmer:AA:0.0005; kmer:GUU:0.0004; kmer:GAAU:0.0003; kmer:UUG:0.0002; kmer:GUUG:0.0002; kmer:AAUA:0.0002,mir-99a-5p:0.525; mir-200a-3p:0.516; mir-425-5p:0.511
411,mir-194-5p,MIMAT0000460,UGUAACAGCAACUCCAUGUGGA,sim,0.843032,0.667249,0.695769,hsa-mir-194-1; hsa-mir-194-2,kmer:GU:0.0027; kmer:UGU:0.0014; kmer:AA:0.0008; kmer:UA:0.0007; kmer:GUG:0.0006; kmer:UGUG:0.0004; kmer:GUA:0.0003; kmer:AGCA:0.0003; kmer:UAA:0.0003; kmer:CAGCA:0.0002,mir-200a-3p:0.574; mir-19b-3p:0.571; mir-497-5p:0.571
412,mir-548d-3p,MIMAT0003323,CAAAAACCACAGUUUCUUUUGC,nao,0.842649,0.667248,0.695766,,kmer:AA:0.0016; kmer:GU:0.0014; kmer:AAA:0.0011; kmer:GUU:0.0003; kmer:CAAA:0.0002; kmer:AGU:0.0002; kmer:AGUU:0.0002; kmer:UUG:0.0002; kmer:CAGUU:0.0002; kmer:AGUUU:0.0002,mir-520c-3p:0.497; mir-223-3p:0.496; mir-191-5p:0.477
413,mir-4636,MIMAT0019693,AACUCGUGUUCAAAGCCUUUAG,nao,0.842266,0.667246,0.695755,,kmer:GU:0.0029; kmer:AA:0.0012; kmer:UGU:0.0007; kmer:UA:0.0007; kmer:GUG:0.0006; kmer:UAG:0.0006; kmer:CGU:0.0005; kmer:AAA:0.0004; kmer:CGUG:0.0003; kmer:GUU:0.0003,mir-520c-3p:0.594; mir-93-5p:0.553; mir-382-5p:0.476
414,mir-875-5p,MIMAT0004922,UAUACCUCAGUUUUAUCAGGUG,nao,0.841884,0.667235,0.695707,,kmer:GU:0.0028; kmer:UA:0.0020; kmer:GUG:0.0006; kmer:GUU:0.0003; kmer:AGU:0.0002; kmer:UUA:0.0002; kmer:AGGU:0.0002; kmer:AGUU:0.0002; kmer:CAGGU:0.0002; kmer:CAGUU:0.0002,mir-223-3p:0.540; mir-24-3p:0.514; mir-145-5p:0.483
415,mir-181c-5p,MIMAT0000258,AACAUUCAACCUGUCGGUGAGU,nao,0.841501,0.667234,0.695699,,kmer:GU:0.0042; kmer:AA:0.0008; kmer:UGU:0.0007; kmer:GUG:0.0006; kmer:AAC:0.0002; kmer:UGUC:0.0002; kmer:AGU:0.0002; kmer:UCG:0.0002; seed:ACAUUCA:0.0002; kmer:UCGGU:0.0001,mir-181b-5p:0.735; mir-205-5p:0.534; mir-200a-3p:0.524
416,mir-6863,MIMAT0027627,UAGACGUGGUGAAGGAUUGAGUG,nao,0.841118,0.667234,0.695699,,kmer:GU:0.0043; kmer:GUG:0.0019; kmer:UA:0.0007; kmer:UAG:0.0006; kmer:CGU:0.0005; kmer:AA:0.0004; kmer:CGUG:0.0003; kmer:UGA:0.0003; kmer:AGUG:0.0003; kmer:AGU:0.0002,mir-382-5p:0.641; mir-206:0.619; let-7b-5p:0.592
417,mir-558,MIMAT0003222,UGAGCUGCUGUACCAAAAU,nao,0.840735,0.667229,0.695680,,kmer:GU:0.0017; kmer:AA:0.0015; kmer:AAA:0.0009; kmer:UGU:0.0009; kmer:UA:0.0008; kmer:AAU:0.0006; kmer:GUA:0.0004; kmer:AAAU:0.0003; kmer:CAAA:0.0003; kmer:UGCU:0.0002,mir-19a-3p:0.602; mir-191-5p:0.595; mir-19b-3p:0.586
418,mir-200b-3p,MIMAT0000318,UAAUACUGCCUGGUAAUGAUGA,sim,0.840352,0.667222,0.695648,hsa-mir-200b,kmer:UA:0.0021; kmer:GU:0.0014; kmer:AAU:0.0011; kmer:AA:0.0008; kmer:UAA:0.0005; kmer:GUA:0.0003; kmer:GGUA:0.0003; kmer:UGA:0.0003; kmer:UAAU:0.0002; kmer:AAUG:0.0002,mir-200a-3p:0.556; mir-155-5p:0.542; mir-365a-3p:0.490
419,mir-512-3p,MIMAT0002823,AAGUGCUGUCAUAGCUGAGGUC,sim,0.839969,0.667220,0.695639,hsa-mir-512-1; hsa-mir-512-2,kmer:GU:0.0038; kmer:UGU:0.0007; kmer:UA:0.0006; kmer:GUG:0.0006; kmer:UAG:0.0005; kmer:GUGC:0.0005; kmer:AGUGC:0.0004; kmer:AA:0.0004; kmer:UAGC:0.0003; kmer:AAGUG:0.0003,mir-93-5p:0.639; mir-34a-5p:0.582; mir-20a-5p:0.572
420,mir-19b-2-5p,MIMAT0004492,AGUUUUGCAGGUUUGCAUUUCA,nao,0.839587,0.667206,0.695575,,kmer:GU:0.0026; kmer:GUU:0.0006; kmer:UGCA:0.0005; kmer:GCA:0.0004; kmer:UUG:0.0004; kmer:AGU:0.0002; kmer:GCAG:0.0002; kmer:AGGU:0.0002; kmer:GCAGG:0.0002; kmer:AGUU:0.0002,mir-1246:0.591; mir-373-3p:0.522; mir-497-5p:0.498
421,mir-17-3p,MIMAT0000071,ACUGCAGUGAAGGCACUUGUAG,nao,0.839204,0.667205,0.695572,,kmer:GU:0.0029; kmer:UGU:0.0007; kmer:UA:0.0007; kmer:GUG:0.0006; kmer:UAG:0.0006; kmer:UUGU:0.0005; kmer:GCA:0.0005; kmer:GUAG:0.0005; kmer:AA:0.0004; kmer:GUA:0.0003,mir-17-5p:0.615; mir-106a-5p:0.601; mir-497-5p:0.587
422,mir-4445-3p,MIMAT0018964,CACGGCAAAAGAAACAAUCCA,nao,0.838821,0.667204,0.695566,,kmer:AA:0.0027; kmer:AAA:0.0012; kmer:AAU:0.0006; kmer:AAUC:0.0003; kmer:AAUCC:0.0003; kmer:CAAA:0.0003; kmer:GCA:0.0003; kmer:GCAAA:0.0002; kmer:AUCC:0.0002; kmer:CGGC:0.0002,mir-191-5p:0.744; mir-19b-3p:0.656; mir-19a-3p:0.587
423,mir-4668-3p,MIMAT0019746,GAAAAUCCUUUUUGUUUUUCCAG,nao,0.838438,0.667200,0.695546,,kmer:GU:0.0012; kmer:AA:0.0011; kmer:AAA:0.0007; kmer:UGU:0.0006; kmer:AAU:0.0005; kmer:UUGU:0.0004; kmer:GUU:0.0003; kmer:AAUC:0.0003; kmer:AAAU:0.0003; kmer:AAUCC:0.0002,mir-145-5p:0.598; mir-520c-3p:0.590; mir-1246:0.549
424,mir-563,MIMAT0003227,AGGUUGACAUACGUUUCCC,nao,0.838055,0.667198,0.695540,,kmer:GU:0.0034; kmer:UA:0.0008; kmer:GUU:0.0008; kmer:CGU:0.0005; kmer:AGGU:0.0003; kmer:UUG:0.0002; kmer:GUUG:0.0002; kmer:GUUGA:0.0002; kmer:UCCC:0.0002; kmer:UGA:0.0002,mir-425-5p:0.534; mir-145-5p:0.519; mir-451a:0.470
425,mir-656-3p,MIMAT0003332,AAUAUUAUACAGUCAACCUCU,nao,0.837672,0.667195,0.695526,,kmer:UA:0.0023; kmer:GU:0.0016; kmer:AA:0.0009; kmer:AAU:0.0006; kmer:AGU:0.0003; kmer:UUA:0.0003; kmer:AAUAU:0.0002; kmer:AAUA:0.0002; kmer:AUAUU:0.0002; kmer:CAGU:0.0002,mir-223-3p:0.494; mir-139-5p:0.453; mir-195-5p:0.447
426,mir-4420,MIMAT0018933,GUCACUGAUGUCUGUAGCUGAG,nao,0.837289,0.667193,0.695516,,kmer:GU:0.0037; kmer:UGU:0.0013; kmer:UA:0.0006; kmer:UAG:0.0005; kmer:GUAG:0.0004; kmer:CUGA:0.0004; kmer:UAGC:0.0003; kmer:GUA:0.0003; kmer:UGA:0.0003; kmer:UGUC:0.0002,mir-21-5p:0.617; mir-200a-3p:0.605; mir-25-3p:0.552
427,mir-1255b-5p,MIMAT0005945,CGGAUGAGCAAAGAAAGUGGUU,nao,0.836907,0.667190,0.695503,,kmer:GU:0.0028; kmer:AA:0.0016; kmer:AAA:0.0007; kmer:GUG:0.0006; kmer:AGCA:0.0003; kmer:GUU:0.0003; kmer:AAGUG:0.0003; kmer:AGUG:0.0003; kmer:CAAA:0.0002; kmer:GCA:0.0002,mir-191-5p:0.554; mir-206:0.546; mir-1-3p:0.537
428,mir-4307,MIMAT0016860,AAUGUUUUUUCCUGUUUCC,nao,0.836524,0.667189,0.695498,,kmer:GU:0.0031; kmer:UGU:0.0016; kmer:GUU:0.0007; kmer:AAU:0.0006; kmer:AA:0.0005; kmer:AAUG:0.0002; kmer:CCUGU:0.0001; kmer:UUUUC:0.0001; kmer:AUGUU:0.0001; kmer:UUUCC:0.0001,mir-145-5p:0.536; mir-520c-3p:0.504; mir-1246:0.475
429,mir-1238-5p,MIMAT0022947,GUGAGUGGGAGCCCCAGUGUGUG,nao,0.836141,0.667187,0.695490,,kmer:GU:0.0065; kmer:GUG:0.0029; kmer:UGU:0.0014; kmer:UGUG:0.0008; kmer:AGUG:0.0005; kmer:AGU:0.0004; kmer:GUGUG:0.0002; kmer:CAGU:0.0001; kmer:UGA:0.0001; kmer:GUGU:0.0001,mir-206:0.669; let-7b-5p:0.598; mir-210-3p:0.573
430,mir-6134,MIMAT0024618,UGAGGUGGUAGGAUGUAGA,nao,0.835758,0.667186,0.695486,,kmer:GU:0.0045; kmer:UA:0.0015; kmer:UAG:0.0012; kmer:GUAG:0.0010; kmer:UGU:0.0008; kmer:GUA:0.0007; kmer:GUG:0.0007; kmer:GGUAG:0.0004; kmer:GGUA:0.0003; kmer:AGGU:0.0002,let-7b-5p:0.742; let-7a-5p:0.704; mir-206:0.567
431,mir-6867-5p,MIMAT0027634,UGUGUGUGUAGAGGAAGAAGGGA,nao,0.835375,0.667184,0.695476,,kmer:GU:0.0054; kmer:UGU:0.0028; kmer:GUG:0.0018; kmer:UGUG:0.0012; kmer:AA:0.0008; kmer:UA:0.0007; kmer:UAG:0.0006; kmer:GUAG:0.0004; kmer:GUA:0.0003; kmer:GUGUG:0.0002,mir-206:0.799; let-7b-5p:0.630; mir-1-3p:0.540
432,mir-9986,MIMAT0039766,UGUGAGGUUGUCAUGCCUGC,nao,0.834992,0.667180,0.695459,,kmer:GU:0.0044; kmer:UGU:0.0015; kmer:GUG:0.0007; kmer:UUGU:0.0005; kmer:UGUG:0.0004; kmer:GUU:0.0003; kmer:UGUC:0.0002; kmer:AGGU:0.0002; kmer:UUG:0.0002; kmer:GUUG:0.0002,let-7b-5p:0.624; mir-34a-5p:0.584; mir-210-3p:0.566
433,mir-1258,MIMAT0005909,AGUUAGGAUUAGGUCGUGGAA,nao,0.834609,0.667173,0.695426,,kmer:GU:0.0044; kmer:UA:0.0014; kmer:UAG:0.0012; kmer:GUG:0.0007; kmer:CGU:0.0005; kmer:UUA:0.0005; kmer:AA:0.0004; kmer:CGUG:0.0004; kmer:GUU:0.0003; kmer:UCGUG:0.0003,mir-382-5p:0.615; let-7a-5p:0.584; let-7b-5p:0.572
434,mir-548al,MIMAT0019024,AACGGCAAUGACUUUUGUACCA,nao,0.834227,0.667169,0.695408,,kmer:GU:0.0015; kmer:AA:0.0009; kmer:UGU:0.0008; kmer:UA:0.0007; kmer:AAU:0.0006; kmer:UUGU:0.0005; kmer:GUA:0.0003; kmer:GCA:0.0002; kmer:UUG:0.0002; kmer:AAUG:0.0002,mir-10b-5p:0.513; mir-451a:0.490; mir-425-5p:0.476
435,mir-1247-5p,MIMAT0005899,ACCCGUCCCGUUCGUCCCCGGA,nao,0.833844,0.667167,0.695402,,kmer:GU:0.0041; kmer:CGU:0.0013; kmer:GUU:0.0003; kmer:UCCC:0.0003; kmer:CCCG:0.0003; kmer:ACCC:0.0002; kmer:UCGU:0.0002; kmer:UCG:0.0002; kmer:CCCGU:0.0002; kmer:CCGU:0.0002,mir-99a-5p:0.535; mir-145-5p:0.505; mir-205-5p:0.470
436,mir-548s,MIMAT0014987,AUGGCCAAAACUGCAGUUAUUUU,nao,0.833461,0.667166,0.695395,,kmer:GU:0.0014; kmer:AA:0.0012; kmer:AAA:0.0007; kmer:UA:0.0007; kmer:GUU:0.0003; kmer:UGCA:0.0003; kmer:CAAA:0.0002; kmer:GCA:0.0002; kmer:AGU:0.0002; kmer:UUA:0.0002,mir-19a-3p:0.588; mir-19b-3p:0.580; mir-1246:0.535
437,mir-367-5p,MIMAT0004686,ACUGUUGCUAAUAUGCAACUCU,nao,0.833078,0.667165,0.695392,,kmer:GU:0.0014; kmer:UA:0.0013; kmer:AA:0.0008; kmer:UGU:0.0007; kmer:AAU:0.0005; kmer:GUU:0.0003; kmer:UAA:0.0003; kmer:UGCA:0.0003; kmer:GCA:0.0002; kmer:UUG:0.0002,mir-19a-3p:0.633; mir-19b-3p:0.542; mir-200a-3p:0.515
438,mir-7-2-3p,MIMAT0004554,CAACAAAUCCCAGUCUACCUAA,nao,0.832695,0.667161,0.695370,,kmer:AA:0.0017; kmer:GU:0.0014; kmer:UA:0.0014; kmer:AAU:0.0005; kmer:AAA:0.0004; kmer:AAUC:0.0003; kmer:AAAU:0.0003; kmer:UAA:0.0003; kmer:AAUCC:0.0003; kmer:CAAA:0.0002,mir-191-5p:0.620; mir-365a-3p:0.610; mir-145-5p:0.548
439,mir-106a-3p,MIMAT0004517,CUGCAAUGUAAGCACUUCUUAC,sim,0.832312,0.667159,0.695362,hsa-mir-106a,kmer:GU:0.0014; kmer:UA:0.0014; kmer:AA:0.0008; kmer:UGU:0.0007; kmer:AAU:0.0005; kmer:GCA:0.0005; kmer:GUA:0.0003; kmer:CUUA:0.0003; kmer:AGCA:0.0003; kmer:UAA:0.0003,mir-19a-3p:0.537; mir-25-3p:0.499; mir-497-5p:0.488
440,mir-579-5p,MIMAT0026616,UCGCGGUUUGUGCCAGAUGACG,nao,0.831930,0.667147,0.695310,,kmer:GU:0.0031; kmer:UGU:0.0008; kmer:GUG:0.0007; kmer:GUGC:0.0006; kmer:UUGU:0.0005; kmer:UGUG:0.0004; kmer:GUU:0.0004; kmer:UUGUG:0.0003; kmer:UCG:0.0002; kmer:UUG:0.0002,mir-210-3p:0.579; mir-373-3p:0.522; mir-382-5p:0.511
441,mir-4733-5p,MIMAT0019857,AAUCCCAAUGCUAGACCCGGUG,nao,0.831547,0.667145,0.695302,,kmer:GU:0.0014; kmer:AAU:0.0010; kmer:AA:0.0008; kmer:UA:0.0007; kmer:GUG:0.0006; kmer:UAG:0.0006; kmer:AAUC:0.0003; kmer:AAUCC:0.0003; kmer:ACCC:0.0002; kmer:UGCU:0.0002,mir-365a-3p:0.555; mir-99a-5p:0.539; mir-191-5p:0.536
442,mir-190a-3p,MIMAT0026482,CUAUAUAUCAAACAUAUUCCU,nao,0.831164,0.667144,0.695296,,kmer:UA:0.0031; kmer:AA:0.0009; kmer:AAA:0.0004; kmer:CAAA:0.0003; kmer:UAU:0.0002; kmer:AUAUU:0.0002; kmer:UAUU:0.0001; kmer:AAC:0.0001; kmer:AUC:0.0001; kmer:UAUCA:0.0001,mir-365a-3p:0.477; mir-16-5p:0.395; mir-195-5p:0.387
443,mir-132-5p,MIMAT0004594,ACCGUGGCUUUCGAUUGUUACU,nao,0.830781,0.667140,0.695277,,kmer:GU:0.0029; kmer:UGU:0.0008; kmer:UA:0.0007; kmer:GUG:0.0006; kmer:UUGU:0.0005; kmer:CGU:0.0005; kmer:CGUG:0.0003; kmer:GUU:0.0003; kmer:UUA:0.0002; kmer:ACCG:0.0002,mir-382-5p:0.601; mir-373-3p:0.584; mir-451a:0.564
444,mir-8062,MIMAT0030989,CAGUGAUUUGAGGAUUAUUGC,nao,0.830398,0.667138,0.695268,,kmer:GU:0.0014; kmer:UA:0.0007; kmer:GUG:0.0006; kmer:UUG:0.0004; kmer:UGA:0.0003; kmer:AGUG:0.0003; kmer:UAUUG:0.0002; kmer:AGU:0.0002; kmer:UUA:0.0002; kmer:CAGU:0.0001,mir-1246:0.614; mir-373-3p:0.546; mir-21-5p:0.507
445,mir-598-5p,MIMAT0026620,GCGGUGAUCCCGAUGGUGUGAGC,nao,0.830015,0.667132,0.695243,,kmer:GU:0.0041; kmer:GUG:0.0019; kmer:UGU:0.0007; kmer:UGUG:0.0004; kmer:UGA:0.0003; kmer:CGAU:0.0002; kmer:AUCC:0.0002; kmer:UCCC:0.0001; kmer:CGA:0.0001; kmer:UGUGA:0.0001,mir-210-3p:0.597; mir-99a-5p:0.565; mir-206:0.520
446,mir-154-3p,MIMAT0000453,AAUCAUACACGGUUGACCUAUU,nao,0.829632,0.667127,0.695221,,kmer:GU:0.0015; kmer:UA:0.0015; kmer:AAU:0.0006; kmer:AA:0.0005; kmer:GUU:0.0004; kmer:AAUC:0.0003; kmer:UUG:0.0002; kmer:GUUG:0.0002; kmer:GUUGA:0.0002; kmer:UGA:0.0002,mir-425-5p:0.587; mir-451a:0.463; mir-181b-5p:0.461
447,mir-4520-5p,MIMAT0019235,CCUGCGUGUUUUCUGUCCAA,nao,0.829250,0.667124,0.695205,,kmer:GU:0.0046; kmer:UGU:0.0016; kmer:GUG:0.0007; kmer:CGU:0.0005; kmer:AA:0.0005; kmer:CGUG:0.0004; kmer:GUU:0.0004; kmer:UGUC:0.0002; kmer:GCGUG:0.0001; kmer:GCGU:0.0001,mir-92a-3p:0.535; mir-210-3p:0.518; mir-145-5p:0.507
448,mir-506-5p,MIMAT0022701,UAUUCAGGAAGGUGUUACUUAA,nao,0.828867,0.667123,0.695203,,kmer:GU:0.0029; kmer:UA:0.0021; kmer:AA:0.0008; kmer:UGU:0.0008; kmer:GUG:0.0006; kmer:UUA:0.0005; kmer:CUUA:0.0003; kmer:GUU:0.0003; kmer:UAA:0.0003; kmer:AGGU:0.0002,mir-520c-3p:0.510; mir-20a-5p:0.506; mir-451a:0.496
449,mir-548c-3p,MIMAT0003285,CAAAAAUCUCAAUUACUUUUGC,nao,0.828484,0.667120,0.695189,,kmer:AA:0.0021; kmer:AAA:0.0011; kmer:AAU:0.0011; kmer:UA:0.0007; kmer:AAUC:0.0003; kmer:AAAU:0.0003; kmer:CAAA:0.0002; kmer:UUA:0.0002; kmer:UUG:0.0002; kmer:AAAUC:0.0001,mir-19a-3p:0.590; mir-365a-3p:0.561; mir-19b-3p:0.551
450,mir-23c,MIMAT0018000,AUCACAUUGCCAGUGAUUACCC,nao,0.828101,0.667117,0.695175,,kmer:GU:0.0014; kmer:UA:0.0007; kmer:GUG:0.0006; kmer:AGUG:0.0003; kmer:ACCC:0.0002; kmer:AGU:0.0002; kmer:UUA:0.0002; kmer:UUG:0.0002; kmer:UACCC:0.0002; kmer:CAGU:0.0001,mir-451a:0.502; mir-223-3p:0.491; mir-425-5p:0.478
451,mir-4799-5p,MIMAT0019976,AUCUAAAUGCAGCAUGCCAGUC,nao,0.827718,0.667113,0.695157,,kmer:GU:0.0014; kmer:AA:0.0008; kmer:UA:0.0007; kmer:AAU:0.0005; kmer:GCA:0.0005; kmer:AAA:0.0004; kmer:AGCA:0.0003; kmer:AUGC:0.0003; kmer:AAAU:0.0003; kmer:UAA:0.0003,mir-19b-3p:0.563; mir-19a-3p:0.562; mir-195-5p:0.543
452,mir-4704-3p,MIMAT0019804,UCAGUCACAUAUCUAGUGUCUA,nao,0.827335,0.667109,0.695140,,kmer:GU:0.0045; kmer:UA:0.0022; kmer:UGU:0.0008; kmer:GUG:0.0007; kmer:UAG:0.0006; kmer:AGU:0.0005; kmer:AGUG:0.0003; kmer:UGUC:0.0002; kmer:CAGU:0.0002; kmer:UGUCU:0.0001,mir-139-5p:0.665; mir-223-3p:0.494; mir-34a-5p:0.463
453,mir-4670-5p,MIMAT0019750,AAGCGACCAUGAUGUAACUUCA,nao,0.826953,0.667103,0.695111,,kmer:GU:0.0014; kmer:AA:0.0008; kmer:UGU:0.0007; kmer:UA:0.0007; kmer:GUA:0.0003; kmer:UAA:0.0003; kmer:UAAC:0.0002; kmer:CGA:0.0001; kmer:UGA:0.0001; kmer:AAC:0.0001,mir-200a-3p:0.533; mir-21-5p:0.514; mir-1-3p:0.496
454,mir-4540,MIMAT0019083,UUAGUCCUGCCUGUAGGUUUA,nao,0.826570,0.667098,0.695087,,kmer:GU:0.0045; kmer:UA:0.0022; kmer:UAG:0.0012; kmer:UGU:0.0008; kmer:GUAG:0.0005; kmer:UUA:0.0005; kmer:GUA:0.0004; kmer:GUU:0.0003; kmer:AGU:0.0002; kmer:AGGU:0.0002,let-7a-5p:0.628; let-7b-5p:0.583; mir-520c-3p:0.553
455,mir-3121-3p,MIMAT0014983,UAAAUAGAGUAGGCAAAGGACA,nao,0.826187,0.667097,0.695087,,kmer:UA:0.0022; kmer:AA:0.0017; kmer:GU:0.0015; kmer:UAG:0.0012; kmer:AAA:0.0008; kmer:AAU:0.0006; kmer:GUAG:0.0005; kmer:GUA:0.0003; kmer:AAAU:0.0003; kmer:AAAUA:0.0003,mir-20a-5p:0.547; mir-106a-5p:0.525; mir-195-5p:0.524
456,mir-888-5p,MIMAT0004916,UACUCAAAAAGCUGUCAGUCA,nao,0.825804,0.667095,0.695074,,kmer:GU:0.0029; kmer:AA:0.0017; kmer:AAA:0.0011; kmer:UGU:0.0008; kmer:UA:0.0007; kmer:CAAA:0.0002; kmer:UGUC:0.0002; kmer:AGU:0.0002; kmer:CAGU:0.0002; kmer:UGUCA:0.0001,mir-223-3p:0.593; mir-191-5p:0.586; mir-19a-3p:0.494
457,mir-548ao-3p,MIMAT0021030,AAAGACCGUGACUACUUUUGCA,nao,0.825421,0.667094,0.695073,,kmer:GU:0.0014; kmer:AA:0.0008; kmer:UA:0.0007; kmer:GUG:0.0006; kmer:CGU:0.0005; kmer:AAA:0.0004; kmer:CGUG:0.0003; kmer:UGCA:0.0003; kmer:GCA:0.0002; kmer:ACCG:0.0002,mir-451a:0.508; mir-125b-5p:0.506; mir-125a-5p:0.495
458,mir-144-5p,MIMAT0004600,GGAUAUCAUCAUAUACUGUAAG,nao,0.825038,0.667092,0.695063,,kmer:UA:0.0029; kmer:GU:0.0015; kmer:UGU:0.0008; kmer:AA:0.0004; kmer:GUA:0.0003; kmer:UAA:0.0003; kmer:AUC:0.0002; kmer:UAU:0.0001; kmer:UAUCA:0.0001; kmer:GUAA:0.0000,mir-1-3p:0.461; mir-21-5p:0.438; mir-155-5p:0.413
459,mir-3179,MIMAT0015056,AGAAGGGGUGAAAUUUAAACGU,nao,0.824655,0.667088,0.695044,,kmer:GU:0.0029; kmer:AA:0.0021; kmer:AAA:0.0008; kmer:UA:0.0007; kmer:GUG:0.0007; kmer:AAU:0.0006; kmer:CGU:0.0005; kmer:AAAU:0.0003; kmer:UAA:0.0003; kmer:UUA:0.0002,mir-155-5p:0.542; mir-373-3p:0.533; mir-520c-3p:0.520
460,mir-556-5p,MIMAT0003220,GAUGAGCUCAUUGUAAUAUGAG,nao,0.824273,0.667082,0.695018,,kmer:GU:0.0015; kmer:UA:0.0014; kmer:UGU:0.0008; kmer:AAU:0.0006; kmer:UUGU:0.0005; kmer:AA:0.0004; kmer:GUA:0.0003; kmer:UGA:0.0003; kmer:UAA:0.0003; kmer:UUG:0.0002,mir-21-5p:0.554; mir-1-3p:0.526; mir-155-5p:0.458
461,mir-4671-5p,MIMAT0019752,ACCGAAGACUGUGCGCUAAUCU,nao,0.823890,0.667077,0.694995,,kmer:GU:0.0013; kmer:AA:0.0008; kmer:UGU:0.0007; kmer:UA:0.0007; kmer:GUG:0.0006; kmer:GUGC:0.0005; kmer:AAU:0.0005; kmer:UGUG:0.0004; kmer:AAUC:0.0003; kmer:UAA:0.0003,mir-210-3p:0.518; mir-10b-5p:0.511; mir-19a-3p:0.480
462,mir-138-5p,MIMAT0000430,AGCUGGUGUUGUGAAUCAGGCCG,sim,0.823507,0.667071,0.694967,hsa-mir-138-1; hsa-mir-138-2,kmer:GU:0.0040; kmer:UGU:0.0014; kmer:GUG:0.0012; kmer:AAU:0.0005; kmer:UUGU:0.0005; kmer:AA:0.0004; kmer:UGUG:0.0004; kmer:GUU:0.0003; kmer:AAUC:0.0003; kmer:UUGUG:0.0003,mir-34a-5p:0.677; mir-210-3p:0.609; let-7b-5p:0.591
463,mir-892a,MIMAT0004907,CACUGUGUCCUUUCUGCGUAG,nao,0.823124,0.667068,0.694956,,kmer:GU:0.0043; kmer:UGU:0.0015; kmer:UA:0.0007; kmer:GUG:0.0006; kmer:UAG:0.0006; kmer:GUAG:0.0005; kmer:CGU:0.0005; kmer:UGUG:0.0004; kmer:GUA:0.0003; kmer:UGUC:0.0002,mir-92a-3p:0.553; mir-210-3p:0.551; mir-200a-3p:0.540
464,mir-19b-1-5p,MIMAT0004491,AGUUUUGCAGGUUUGCAUCCAGC,nao,0.822741,0.667067,0.694948,,kmer:GU:0.0025; kmer:GUU:0.0006; kmer:UGCA:0.0005; kmer:GCA:0.0004; kmer:UUG:0.0003; kmer:AGU:0.0002; kmer:GCAG:0.0002; kmer:AGGU:0.0002; kmer:GCAGG:0.0002; kmer:AGUU:0.0002,mir-497-5p:0.560; mir-1246:0.553; mir-145-5p:0.516
465,mir-4694-5p,MIMAT0019786,AGGUGUUAUCCUAUCCAUUUGC,nao,0.822358,0.667056,0.694898,,kmer:GU:0.0029; kmer:UA:0.0014; kmer:UGU:0.0007; kmer:GUG:0.0006; kmer:GUU:0.0003; kmer:AUCC:0.0003; kmer:UUA:0.0002; kmer:AGGU:0.0002; kmer:UUG:0.0002; kmer:AUC:0.0002,mir-145-5p:0.480; mir-181b-5p:0.470; mir-92a-3p:0.466
466,mir-4282,MIMAT0016912,UAAAAUUUGCAUCCAGGA,nao,0.821975,0.667050,0.694874,,kmer:AA:0.0015; kmer:AAA:0.0009; kmer:UA:0.0008; kmer:AAU:0.0006; kmer:AAAU:0.0003; kmer:UAA:0.0003; kmer:UGCA:0.0003; kmer:GCA:0.0003; kmer:UUG:0.0002; kmer:AUCC:0.0002,mir-19b-3p:0.559; mir-365a-3p:0.540; mir-191-5p:0.533
467,mir-4477a,MIMAT0019004,CUAUUAAGGACAUUUGUGAUUC,nao,0.821593,0.667045,0.694852,,kmer:GU:0.0015; kmer:UA:0.0015; kmer:UGU:0.0008; kmer:GUG:0.0007; kmer:UUGU:0.0005; kmer:AA:0.0004; kmer:UGUG:0.0004; kmer:UUGUG:0.0003; kmer:UAA:0.0003; kmer:UUA:0.0002,mir-1246:0.535; mir-373-3p:0.528; mir-181b-5p:0.486
468,mir-580-3p,MIMAT0003245,UUGAGAAUGAUGAAUCAUUAGG,nao,0.821210,0.667031,0.694786,,kmer:AAU:0.0010; kmer:AA:0.0008; kmer:UA:0.0007; kmer:UAG:0.0006; kmer:GAAU:0.0004; kmer:UGA:0.0004; kmer:AAUC:0.0003; kmer:UUA:0.0002; kmer:UUG:0.0002; kmer:AAUG:0.0002,mir-21-5p:0.545; mir-1-3p:0.476; mir-155-5p:0.471
469,mir-4423-3p,MIMAT0018936,AUAGGCACCAAAAAGCAACAA,nao,0.820827,0.667030,0.694783,,kmer:AA:0.0030; kmer:AAA:0.0013; kmer:UA:0.0008; kmer:UAG:0.0007; kmer:GCA:0.0006; kmer:AGCA:0.0004; kmer:CAAA:0.0003; kmer:GCAC:0.0003; kmer:AUAG:0.0002; kmer:AAC:0.0001,mir-191-5p:0.716; mir-19b-3p:0.594; mir-19a-3p:0.572
470,mir-340-3p,MIMAT0000750,UCCGUCUCAGUUACUUUAUAGC,nao,0.820444,0.667029,0.694777,,kmer:GU:0.0029; kmer:UA:0.0021; kmer:UAG:0.0006; kmer:CGU:0.0005; kmer:UUA:0.0005; kmer:UAGC:0.0003; kmer:GUU:0.0003; kmer:AGU:0.0002; kmer:AGUU:0.0002; kmer:CAGUU:0.0002,mir-451a:0.508; mir-139-5p:0.494; mir-520c-3p:0.470
471,mir-3674,MIMAT0018097,AUUGUAGAACCUAAGAUUGGCC,nao,0.820061,0.667027,0.694767,,kmer:GU:0.0014; kmer:UA:0.0014; kmer:AA:0.0008; kmer:UGU:0.0007; kmer:UAG:0.0006; kmer:UUGU:0.0005; kmer:GUAG:0.0005; kmer:UUG:0.0004; kmer:GUA:0.0003; kmer:UAA:0.0003,mir-10b-5p:0.636; mir-99a-5p:0.511; mir-1-3p:0.492
472,mir-3163,MIMAT0015037,UAUAAAAUGAGGGCAGUAAGAC,nao,0.819678,0.667023,0.694751,,kmer:UA:0.0022; kmer:AA:0.0017; kmer:GU:0.0015; kmer:AAA:0.0008; kmer:UAA:0.0006; kmer:AAU:0.0006; kmer:GUA:0.0003; kmer:AAAU:0.0003; kmer:GCA:0.0002; kmer:AGU:0.0002,mir-1-3p:0.606; mir-20a-5p:0.525; mir-16-5p:0.516
473,mir-6504-5p,MIMAT0025464,UCUGGCUGUGCUGUAAUGCAG,nao,0.819296,0.667021,0.694742,,kmer:GU:0.0026; kmer:UGU:0.0014; kmer:UA:0.0006; kmer:GUG:0.0006; kmer:GUGC:0.0005; kmer:AAU:0.0005; kmer:AA:0.0004; kmer:UGUG:0.0004; kmer:GUA:0.0003; kmer:UAA:0.0002,mir-210-3p:0.613; mir-93-5p:0.590; mir-34a-5p:0.562
474,mir-7978,MIMAT0031181,UCUGGUGUAUAGCGUUGCUCA,nao,0.818913,0.667019,0.694731,,kmer:GU:0.0046; kmer:UA:0.0015; kmer:UGU:0.0008; kmer:GUG:0.0007; kmer:UAG:0.0006; kmer:CGU:0.0005; kmer:UAGC:0.0004; kmer:GUA:0.0004; kmer:GUU:0.0004; kmer:UUG:0.0002,mir-34a-5p:0.633; let-7a-5p:0.530; mir-210-3p:0.527
475,mir-299-5p,MIMAT0002890,UGGUUUACCGUCCCACAUACAU,nao,0.818530,0.667016,0.694721,,kmer:GU:0.0030; kmer:UA:0.0015; kmer:CGU:0.0005; kmer:GUU:0.0004; kmer:UUA:0.0002; kmer:ACCG:0.0002; kmer:UCCC:0.0002; kmer:UACC:0.0001; kmer:UUAC:0.0001; kmer:GGUU:0.0001,mir-451a:0.571; mir-223-3p:0.510; mir-145-5p:0.472
476,mir-532-5p,MIMAT0002888,CAUGCCUUGAGUGUAGGACCGU,nao,0.818147,0.667007,0.694680,,kmer:GU:0.0043; kmer:UGU:0.0007; kmer:UA:0.0007; kmer:GUG:0.0006; kmer:UAG:0.0006; kmer:GUAG:0.0005; kmer:CGU:0.0005; kmer:GUA:0.0003; kmer:AGUG:0.0003; kmer:AGU:0.0002,let-7b-5p:0.557; let-7a-5p:0.532; mir-206:0.520
477,mir-4766-5p,MIMAT0019917,UCUGAAAGAGCAGUUGGUGUU,nao,0.817764,0.667005,0.694672,,kmer:GU:0.0047; kmer:AA:0.0009; kmer:UGU:0.0008; kmer:GUU:0.0007; kmer:GUG:0.0007; kmer:AAA:0.0004; kmer:AGCA:0.0004; kmer:AGCAG:0.0003; kmer:GCA:0.0003; kmer:AGU:0.0003,mir-34a-5p:0.627; mir-382-5p:0.585; mir-93-5p:0.573
478,mir-548k,MIMAT0005882,AAAAGUACUUGCGGAUUUUGCU,nao,0.817381,0.666995,0.694627,,kmer:GU:0.0014; kmer:AA:0.0012; kmer:AAA:0.0007; kmer:UA:0.0007; kmer:UUG:0.0004; kmer:GUA:0.0003; kmer:AGU:0.0002; kmer:ACUUG:0.0002; kmer:AAGU:0.0002; kmer:AAAGU:0.0002,mir-373-3p:0.585; mir-520c-3p:0.564; mir-1246:0.557
479,mir-6868-3p,MIMAT0027637,UUCCUUCUGUUGUCUGUGCAG,nao,0.816998,0.666995,0.694626,,kmer:GU:0.0041; kmer:UGU:0.0021; kmer:GUG:0.0006; kmer:GUGC:0.0005; kmer:UUGU:0.0005; kmer:UGUG:0.0004; kmer:GUGCA:0.0003; kmer:GUU:0.0003; kmer:UGCA:0.0003; kmer:GCA:0.0002,mir-25-3p:0.610; mir-34a-5p:0.603; mir-205-5p:0.555
480,mir-409-3p,MIMAT0001639,GAAUGUUGCUCGGUGAACCCCU,nao,0.816616,0.666994,0.694621,,kmer:GU:0.0027; kmer:AA:0.0008; kmer:UGU:0.0007; kmer:GUG:0.0006; kmer:AAU:0.0005; kmer:GUU:0.0003; kmer:ACCC:0.0002; kmer:GAAU:0.0002; kmer:UCG:0.0002; kmer:UUG:0.0002,mir-10b-5p:0.574; mir-125a-5p:0.563; mir-125b-5p:0.550
481,mir-514a-3p,MIMAT0002883,AUUGACACUUCUGUGAGUAGA,sim,0.816233,0.666993,0.694618,hsa-mir-514a-1; hsa-mir-514a-2; hsa-mir-514a-3,kmer:GU:0.0028; kmer:UGU:0.0007; kmer:UA:0.0007; kmer:GUG:0.0006; kmer:UAG:0.0006; kmer:GUAG:0.0005; kmer:UGUG:0.0004; kmer:GUA:0.0003; kmer:UGA:0.0003; kmer:AGU:0.0002,mir-21-5p:0.546; mir-210-3p:0.527; mir-125b-5p:0.518
482,mir-520h,MIMAT0002867,ACAAAGUGCUUCCCUUUAGAGU,nao,0.815850,0.666992,0.694612,,kmer:GU:0.0027; kmer:AA:0.0008; kmer:UA:0.0007; kmer:GUG:0.0006; kmer:UAG:0.0006; kmer:GUGC:0.0005; kmer:AGUGC:0.0005; kmer:AGU:0.0004; kmer:AAA:0.0004; kmer:AAGUG:0.0003,mir-520c-3p:0.826; mir-17-5p:0.635; mir-106a-5p:0.621
483,mir-653-5p,MIMAT0003328,GUGUUGAAACAAUCUCUACUG,nao,0.815467,0.666991,0.694608,,kmer:GU:0.0033; kmer:AA:0.0014; kmer:UGU:0.0009; kmer:UA:0.0008; kmer:GUG:0.0007; kmer:AAU:0.0006; kmer:AAA:0.0004; kmer:GUU:0.0004; kmer:AAUC:0.0004; kmer:UUG:0.0002,mir-19a-3p:0.615; mir-200a-3p:0.559; mir-19b-3p:0.526
484,mir-3684,MIMAT0018112,UUAGACCUAGUACACGUCCUU,nao,0.815084,0.666990,0.694600,,kmer:GU:0.0031; kmer:UA:0.0023; kmer:UAG:0.0013; kmer:CGU:0.0005; kmer:GUA:0.0004; kmer:AGU:0.0003; kmer:UUA:0.0003; kmer:AGACC:0.0001; kmer:CACG:0.0001; kmer:CACGU:0.0001,mir-125a-5p:0.494; mir-520c-3p:0.475; mir-139-5p:0.472
485,mir-660-5p,MIMAT0003338,UACCCAUUGCAUAUCGGAGUUG,nao,0.814701,0.666989,0.694599,,kmer:GU:0.0014; kmer:UA:0.0014; kmer:UUG:0.0004; kmer:GUU:0.0003; kmer:UGCA:0.0003; kmer:ACCC:0.0002; kmer:GCA:0.0002; kmer:AGU:0.0002; kmer:UCG:0.0002; kmer:AGUU:0.0002,mir-181b-5p:0.503; mir-451a:0.495; mir-92a-3p:0.487
486,mir-222-5p,MIMAT0004569,CUCAGUAGCCAGUGUAGAUCCU,nao,0.814319,0.666977,0.694544,,kmer:GU:0.0043; kmer:UA:0.0014; kmer:UAG:0.0012; kmer:GUAG:0.0009; kmer:UGU:0.0007; kmer:GUA:0.0007; kmer:GUG:0.0006; kmer:AGU:0.0005; kmer:UAGC:0.0003; kmer:CAGU:0.0003,mir-139-5p:0.584; mir-17-5p:0.529; let-7a-5p:0.528
487,mir-181c-3p,MIMAT0004559,AACCAUCGACCGUUGAGUGGAC,nao,0.813936,0.666976,0.694541,,kmer:GU:0.0029; kmer:GUG:0.0007; kmer:CGU:0.0005; kmer:AA:0.0004; kmer:GUU:0.0003; kmer:AGUG:0.0003; kmer:AGU:0.0002; kmer:ACCG:0.0002; kmer:UCG:0.0002; kmer:UUG:0.0002,mir-451a:0.591; mir-425-5p:0.576; mir-99a-5p:0.523
488,mir-519b-3p,MIMAT0002837,AAAGUGCAUCCUUUUAGAGGUU,sim,0.813553,0.666976,0.694540,hsa-mir-519b,kmer:GU:0.0028; kmer:AA:0.0008; kmer:UA:0.0007; kmer:GUG:0.0006; kmer:UAG:0.0006; kmer:GUGC:0.0006; kmer:AGUGC:0.0005; kmer:AAA:0.0004; kmer:GUGCA:0.0003; kmer:GUU:0.0003,mir-520c-3p:0.829; mir-106a-5p:0.604; mir-20a-5p:0.600
489,mir-544b,MIMAT0015004,ACCUGAGGUUGUGCAUUUCUAA,nao,0.813170,0.666970,0.694510,,kmer:GU:0.0027; kmer:UGU:0.0007; kmer:UA:0.0007; kmer:GUG:0.0006; kmer:GUGC:0.0005; kmer:UUGU:0.0005; kmer:AA:0.0004; kmer:UGUG:0.0004; kmer:GUGCA:0.0003; kmer:GUU:0.0003,let-7b-5p:0.588; mir-125b-5p:0.537; mir-125a-5p:0.534
490,mir-6774-3p,MIMAT0027449,UCGUGUCCCUCUUGUCCACAG,nao,0.812787,0.666964,0.694486,,kmer:GU:0.0042; kmer:UGU:0.0015; kmer:GUG:0.0006; kmer:UUGU:0.0005; kmer:CGU:0.0005; kmer:UGUC:0.0004; kmer:CGUG:0.0003; kmer:CUUGU:0.0003; kmer:UCGUG:0.0003; kmer:UCGU:0.0002,mir-139-5p:0.619; mir-92a-3p:0.573; mir-205-5p:0.546
491,mir-4464,MIMAT0018988,AAGGUUUGGAUAGAUGCAAUA,nao,0.812404,0.666954,0.694441,,kmer:GU:0.0015; kmer:UA:0.0014; kmer:AA:0.0009; kmer:UAG:0.0006; kmer:AAU:0.0006; kmer:GUU:0.0003; kmer:UGCA:0.0003; kmer:GCA:0.0002; kmer:AGGU:0.0002; kmer:UUG:0.0002,mir-1246:0.612; mir-31-5p:0.556; mir-155-5p:0.552
492,mir-6513-3p,MIMAT0025483,UCAAGUGUCAUCUGUCCCUAG,nao,0.812021,0.666950,0.694424,,kmer:GU:0.0043; kmer:UGU:0.0015; kmer:UA:0.0007; kmer:GUG:0.0006; kmer:UAG:0.0006; kmer:UGUC:0.0005; kmer:AA:0.0004; kmer:AAGUG:0.0003; kmer:AGUG:0.0003; kmer:AGU:0.0002,mir-223-3p:0.582; mir-139-5p:0.562; mir-205-5p:0.526
493,mir-4637,MIMAT0019694,UACUAACUGCAGAUUCAAGUGA,nao,0.811639,0.666947,0.694409,,kmer:GU:0.0015; kmer:UA:0.0014; kmer:AA:0.0009; kmer:GUG:0.0007; kmer:AAGUG:0.0003; kmer:UAA:0.0003; kmer:AGUG:0.0003; kmer:UGCA:0.0003; kmer:GCA:0.0002; kmer:AGU:0.0002,mir-17-5p:0.535; mir-19a-3p:0.525; mir-106a-5p:0.522
494,mir-7705,MIMAT0030020,AAUAGCUCAGAAUGUCAGUUCUG,nao,0.811256,0.666943,0.694389,,kmer:GU:0.0026; kmer:AAU:0.0010; kmer:AA:0.0008; kmer:UGU:0.0007; kmer:UA:0.0006; kmer:UAG:0.0005; kmer:UAGC:0.0003; kmer:GUU:0.0003; kmer:UGUC:0.0002; kmer:AGU:0.0002,mir-24-3p:0.613; mir-223-3p:0.565; mir-21-5p:0.529
495,mir-208b-5p,MIMAT0026722,AAGCUUUUUGCUCGAAUUAUGU,sim,0.810873,0.666942,0.694385,hsa-mir-208b,kmer:GU:0.0015; kmer:AA:0.0009; kmer:UGU:0.0008; kmer:UA:0.0007; kmer:AAU:0.0006; kmer:UUA:0.0002; kmer:GAAU:0.0002; kmer:UCG:0.0002; kmer:UUG:0.0002; kmer:UGCU:0.0002,mir-373-3p:0.598; mir-520c-3p:0.569; mir-1246:0.552
496,mir-4445-5p,MIMAT0018963,AGAUUGUUUCUUUUGCCGUGCA,nao,0.810490,0.666937,0.694365,,kmer:GU:0.0030; kmer:UGU:0.0008; kmer:GUG:0.0007; kmer:GUGC:0.0006; kmer:UUGU:0.0005; kmer:CGU:0.0005; kmer:UUG:0.0004; kmer:GUGCA:0.0004; kmer:CGUG:0.0004; kmer:GUU:0.0004,mir-373-3p:0.620; mir-1246:0.550; mir-520c-3p:0.538
497,mir-3976,MIMAT0019361,UAUAGAGAGCAGGAAGAUUAAUGU,nao,0.810107,0.666931,0.694335,,kmer:UA:0.0019; kmer:GU:0.0013; kmer:AA:0.0007; kmer:UGU:0.0007; kmer:UAG:0.0005; kmer:AAU:0.0005; kmer:AGCA:0.0003; kmer:AGCAG:0.0003; kmer:UAA:0.0002; kmer:GCA:0.0002,mir-1-3p:0.561; mir-195-5p:0.537; mir-6875-5p:0.522
498,mir-5186,MIMAT0021116,AGAGAUUGGUAGAAAUCAGGU,nao,0.809724,0.666920,0.694289,,kmer:GU:0.0028; kmer:AA:0.0008; kmer:UA:0.0007; kmer:UAG:0.0006; kmer:AAU:0.0005; kmer:GUAG:0.0005; kmer:AAA:0.0004; kmer:GGUAG:0.0004; kmer:GUA:0.0003; kmer:AAUC:0.0003,let-7a-5p:0.509; mir-195-5p:0.498; let-7b-5p:0.491
499,mir-610,MIMAT0003278,UGAGCUAAAUGUGUGCUGGGA,nao,0.809342,0.666918,0.694280,,kmer:GU:0.0029; kmer:UGU:0.0015; kmer:GUG:0.0013; kmer:AA:0.0008; kmer:UGUG:0.0008; kmer:UA:0.0007; kmer:GUGC:0.0006; kmer:AAU:0.0005; kmer:AAA:0.0004; kmer:AAAU:0.0003,mir-206:0.668; mir-210-3p:0.631; mir-34a-5p:0.537
500,mir-452-3p,MIMAT0001636,CUCAUCUGCAAAGAAGUAAGUG,nao,0.808959,0.666918,0.694278,,kmer:GU:0.0030; kmer:AA:0.0017; kmer:UA:0.0007; kmer:GUG:0.0007; kmer:AGU:0.0005; kmer:AAGU:0.0005; kmer:AAA:0.0004; kmer:GUA:0.0004; kmer:AAGUG:0.0003; kmer:UAA:0.0003,mir-19a-3p:0.590; mir-93-5p:0.582; mir-17-5p:0.577
501,mir-7159-3p,MIMAT0028229,UUUCUAUGUUAGUUGGAAG,nao,0.808576,0.666917,0.694274,,kmer:GU:0.0036; kmer:UA:0.0018; kmer:UGU:0.0009; kmer:GUU:0.0008; kmer:UAG:0.0007; kmer:AA:0.0005; kmer:AGU:0.0003; kmer:UUA:0.0003; kmer:AGUU:0.0003; kmer:UUG:0.0002,mir-382-5p:0.585; let-7a-5p:0.545; mir-373-3p:0.543
502,mir-4495,MIMAT0019030,AAUGUAAACAGGCUUUUUGCU,nao,0.808193,0.666915,0.694264,,kmer:GU:0.0015; kmer:AA:0.0013; kmer:UGU:0.0008; kmer:UA:0.0007; kmer:AAU:0.0006; kmer:AAA:0.0004; kmer:GUA:0.0004; kmer:UAA:0.0003; kmer:UUG:0.0002; kmer:UGCU:0.0002,mir-520c-3p:0.569; mir-1246:0.561; mir-373-3p:0.524
503,mir-3529-5p,MIMAT0019828,AGGUAGACUGGGAUUUGUUGUU,nao,0.807810,0.666907,0.694231,,kmer:GU:0.0039; kmer:UGU:0.0014; kmer:UUGU:0.0009; kmer:UA:0.0006; kmer:GUU:0.0006; kmer:UAG:0.0005; kmer:GUAG:0.0004; kmer:UUG:0.0004; kmer:GGUAG:0.0003; kmer:AGGUA:0.0003,let-7b-5p:0.640; let-7a-5p:0.594; mir-373-3p:0.591
504,mir-6755-5p,MIMAT0027410,UAGGGUAGACACUGACAACGUU,nao,0.807427,0.666907,0.694229,,kmer:GU:0.0028; kmer:UA:0.0014; kmer:UAG:0.0011; kmer:GUAG:0.0005; kmer:CGU:0.0004; kmer:AA:0.0004; kmer:GGUAG:0.0004; kmer:GUA:0.0003; kmer:GUU:0.0003; kmer:GGUA:0.0003,mir-200a-3p:0.527; mir-425-5p:0.483; let-7a-5p:0.462
505,mir-4735-3p,MIMAT0019861,AAAGGUGCUCAAAUUAGACAU,nao,0.807044,0.666902,0.694204,,kmer:AA:0.0019; kmer:GU:0.0016; kmer:AAA:0.0008; kmer:UA:0.0008; kmer:GUG:0.0007; kmer:UAG:0.0007; kmer:GUGC:0.0006; kmer:AAU:0.0006; kmer:AAAU:0.0003; kmer:GUGCU:0.0003,mir-106a-5p:0.571; mir-17-5p:0.555; mir-19a-3p:0.555
506,mir-376b-3p,MIMAT0002172,AUCAUAGAGGAAAAUCCAUGUU,nao,0.806662,0.666898,0.694190,,kmer:GU:0.0014; kmer:AA:0.0012; kmer:AAA:0.0007; kmer:UGU:0.0007; kmer:UA:0.0007; kmer:UAG:0.0006; kmer:AAU:0.0005; kmer:GUU:0.0003; kmer:AAUC:0.0003; kmer:AAAU:0.0003,mir-19b-3p:0.547; mir-191-5p:0.511; mir-365a-3p:0.502
507,mir-217-3p,MIMAT0037308,CAUCAGUUCCUAAUGCAUUGCC,nao,0.806279,0.666895,0.694175,,kmer:GU:0.0014; kmer:UA:0.0007; kmer:AAU:0.0005; kmer:AA:0.0004; kmer:GUU:0.0003; kmer:UAA:0.0003; kmer:UGCA:0.0003; kmer:GCA:0.0002; kmer:AGU:0.0002; kmer:AGUU:0.0002,mir-365a-3p:0.513; mir-205-5p:0.489; mir-181b-5p:0.488
508,mir-3655,MIMAT0018075,GCUUGUCGCUGCGGUGUUGCU,nao,0.805896,0.666886,0.694136,,kmer:GU:0.0049; kmer:UGU:0.0017; kmer:GUG:0.0007; kmer:UUGU:0.0006; kmer:UUG:0.0005; kmer:GUU:0.0004; kmer:CUUGU:0.0003; kmer:UGUC:0.0003; kmer:UCG:0.0003; kmer:GUUG:0.0002,mir-34a-5p:0.606; mir-210-3p:0.602; mir-25-3p:0.568
509,mir-5094,MIMAT0021086,AAUCAGUGAAUGCCUUGAACCU,nao,0.805513,0.666880,0.694108,,kmer:GU:0.0015; kmer:AA:0.0013; kmer:AAU:0.0011; kmer:GUG:0.0007; kmer:AAUC:0.0003; kmer:UGA:0.0003; kmer:AGUG:0.0003; kmer:AGU:0.0002; kmer:GAAU:0.0002; kmer:UUG:0.0002,mir-125a-5p:0.522; mir-365a-3p:0.521; mir-10b-5p:0.519
510,mir-141-3p,MIMAT0000432,UAACACUGUCUGGUAAAGAUGG,nao,0.805130,0.666880,0.694106,,kmer:GU:0.0026; kmer:UA:0.0013; kmer:AA:0.0011; kmer:UGU:0.0007; kmer:UAA:0.0005; kmer:AAA:0.0003; kmer:GUA:0.0003; kmer:GGUA:0.0003; kmer:UGUC:0.0002; seed:AACACUG:0.0002,mir-200a-3p:0.870; mir-1-3p:0.534; mir-206:0.479
511,mir-20a-3p,MIMAT0004493,ACUGCAUUAUGAGCACUUAAAG,sim,0.804747,0.666879,0.694102,hsa-mir-20a,kmer:UA:0.0014; kmer:AA:0.0009; kmer:GCA:0.0005; kmer:UUA:0.0005; kmer:AAA:0.0004; kmer:CUUA:0.0003; kmer:AGCA:0.0003; kmer:UAA:0.0003; kmer:UGCA:0.0003; kmer:GCAC:0.0002,mir-19a-3p:0.519; mir-195-5p:0.518; mir-16-5p:0.508
512,mir-338-5p,MIMAT0004701,AACAAUAUCCUGGUGCUGAGUG,nao,0.804364,0.666875,0.694086,,kmer:GU:0.0028; kmer:GUG:0.0013; kmer:AA:0.0008; kmer:UA:0.0007; kmer:GUGC:0.0006; kmer:AAU:0.0005; kmer:AGUG:0.0003; kmer:GUGCU:0.0003; kmer:AGU:0.0002; kmer:CUGA:0.0002,mir-93-5p:0.528; mir-210-3p:0.527; mir-19a-3p:0.525
513,mir-3115,MIMAT0014977,AUAUGGGUUUACUAGUUGGU,nao,0.803982,0.666864,0.694034,,kmer:GU:0.0051; kmer:UA:0.0025; kmer:GUU:0.0008; kmer:UAG:0.0007; kmer:AGU:0.0003; kmer:UUA:0.0003; kmer:AGUU:0.0002; kmer:UUG:0.0002; kmer:GUUG:0.0002; kmer:UUAC:0.0001,let-7a-5p:0.599; let-7b-5p:0.587; mir-155-5p:0.536
514,mir-2681-3p,MIMAT0013516,UAUCAUGGAGUUGGUAAAGCAC,nao,0.803599,0.666863,0.694030,,kmer:GU:0.0029; kmer:UA:0.0014; kmer:AA:0.0008; kmer:AAA:0.0004; kmer:GUA:0.0003; kmer:AGCA:0.0003; kmer:GUU:0.0003; kmer:GGUA:0.0003; kmer:UAA:0.0003; kmer:GCA:0.0002,mir-1-3p:0.575; mir-16-5p:0.561; mir-195-5p:0.519
515,mir-451b,MIMAT0019840,UAGCAAGAGAACCAUUACCAUU,nao,0.803216,0.666860,0.694018,,kmer:UA:0.0013; kmer:AA:0.0008; kmer:UAG:0.0005; kmer:UAGC:0.0003; kmer:AGCA:0.0003; kmer:GCA:0.0002; kmer:UUA:0.0002; kmer:UAGCA:0.0002; kmer:CAUU:0.0001; kmer:UACC:0.0001,mir-451a:0.608; mir-195-5p:0.480; mir-10b-5p:0.433
516,mir-4458,MIMAT0018980,AGAGGUAGGUGUGGAAGAA,nao,0.802833,0.666857,0.694002,,kmer:GU:0.0046; kmer:GUG:0.0014; kmer:AA:0.0009; kmer:UGU:0.0008; kmer:UA:0.0007; kmer:UAG:0.0006; kmer:GUAG:0.0005; seed:GAGGUAG:0.0005; kmer:AGGU:0.0005; kmer:UGUG:0.0004,let-7b-5p:0.732; mir-206:0.679; let-7a-5p:0.634
517,mir-5011-5p,MIMAT0021045,UAUAUAUACAGCCAUGCACUC,nao,0.802450,0.666851,0.693975,,kmer:UA:0.0028; kmer:UGCA:0.0003; kmer:GCA:0.0002; kmer:GCAC:0.0002; kmer:CAGC:0.0002; kmer:UAU:0.0002; kmer:AUGC:0.0001; kmer:UGCAC:0.0001; kmer:ACAG:0.0001; kmer:UACAG:0.0001,mir-195-5p:0.494; mir-16-5p:0.467; mir-31-5p:0.402
518,mir-380-5p,MIMAT0000734,UGGUUGACCAUAGAACAUGCGC,nao,0.802067,0.666846,0.693953,,kmer:GU:0.0014; kmer:UA:0.0007; kmer:UAG:0.0006; kmer:AA:0.0004; kmer:GUU:0.0003; kmer:UUG:0.0002; kmer:GUUG:0.0002; kmer:GUUGA:0.0002; kmer:AUAG:0.0002; kmer:AUGC:0.0001,mir-10b-5p:0.464; mir-21-5p:0.464; mir-31-5p:0.460
519,mir-8061,MIMAT0030988,CUUAGAUUAGAGGAUAUUGUU,nao,0.801685,0.666846,0.693953,,kmer:UA:0.0023; kmer:GU:0.0015; kmer:UAG:0.0013; kmer:UGU:0.0008; kmer:UUGU:0.0005; kmer:UUA:0.0005; kmer:CUUA:0.0004; kmer:GUU:0.0004; kmer:UAUUG:0.0003; kmer:UUG:0.0002,mir-21-5p:0.521; mir-520c-3p:0.503; let-7a-5p:0.492
520,mir-4774-3p,MIMAT0019930,AUUGCCUAACAUGUGCCAGAA,nao,0.801302,0.666834,0.693902,,kmer:GU:0.0016; kmer:AA:0.0009; kmer:UGU:0.0008; kmer:UA:0.0008; kmer:GUG:0.0007; kmer:GUGC:0.0006; kmer:UGUG:0.0005; kmer:UAA:0.0003; kmer:UUG:0.0002; kmer:CUAA:0.0002,mir-19b-3p:0.518; mir-92a-3p:0.495; mir-19a-3p:0.494
521,mir-371a-3p,MIMAT0000723,AAGUGCCGCCAUCUUUUGAGUGU,sim,0.800919,0.666823,0.693850,hsa-mir-371a,kmer:GU:0.0045; kmer:GUG:0.0013; kmer:UGU:0.0008; kmer:GUGC:0.0006; kmer:AGUG:0.0006; kmer:AGUGC:0.0005; kmer:AGU:0.0005; kmer:AA:0.0004; kmer:AAGUG:0.0003; kmer:AAGU:0.0002,mir-373-3p:0.629; mir-520c-3p:0.589; mir-93-5p:0.539
522,mir-3140-5p,MIMAT0019204,ACCUGAAUUACCAAAAGCUUU,nao,0.800536,0.666816,0.693821,,kmer:AA:0.0017; kmer:AAA:0.0008; kmer:UA:0.0007; kmer:AAU:0.0006; kmer:CAAA:0.0003; kmer:UUA:0.0002; kmer:GAAU:0.0002; kmer:CUGA:0.0002; kmer:UGA:0.0002; kmer:GCUU:0.0001,mir-191-5p:0.594; mir-451a:0.591; mir-365a-3p:0.524
523,mir-6811-5p,MIMAT0027522,AUGCAGGCCUGUGUACAGCACU,nao,0.800153,0.666814,0.693811,,kmer:GU:0.0026; kmer:UGU:0.0013; kmer:UA:0.0006; kmer:GUG:0.0006; kmer:GCA:0.0004; kmer:UGUG:0.0004; kmer:GUA:0.0003; kmer:AGCA:0.0003; kmer:UGCA:0.0002; kmer:CAGCA:0.0002,mir-497-5p:0.681; mir-92a-3p:0.555; mir-210-3p:0.549
524,mir-1185-5p,MIMAT0005798,AGAGGAUACCCUUUGUAUGUU,sim,0.799770,0.666807,0.693780,hsa-mir-1185-1; hsa-mir-1185-2,kmer:GU:0.0029; kmer:UGU:0.0015; kmer:UA:0.0014; kmer:UUGU:0.0005; kmer:GUA:0.0003; kmer:GUU:0.0003; kmer:ACCC:0.0002; kmer:ACCCU:0.0002; kmer:UUG:0.0002; kmer:UUUGU:0.0002,mir-10b-5p:0.594; mir-125a-5p:0.537; let-7a-5p:0.523
525,mir-203b-5p,MIMAT0019813,UAGUGGUCCUAAACAUUUCACA,nao,0.799387,0.666806,0.693774,,kmer:GU:0.0029; kmer:UA:0.0014; kmer:AA:0.0009; kmer:GUG:0.0007; kmer:UAG:0.0006; kmer:AAA:0.0004; kmer:UAA:0.0003; kmer:AGUG:0.0003; kmer:AGU:0.0002; kmer:CUAA:0.0002,mir-181b-5p:0.540; mir-205-5p:0.510; mir-200a-3p:0.470
526,mir-1264,MIMAT0005791,CAAGUCUUAUUUGAGCACCUGUU,nao,0.799005,0.666792,0.693712,,kmer:GU:0.0028; kmer:UGU:0.0007; kmer:UA:0.0007; kmer:AA:0.0004; kmer:CUUA:0.0003; kmer:AGCA:0.0003; kmer:GUU:0.0003; kmer:GCA:0.0002; kmer:CUUAU:0.0002; kmer:AGU:0.0002,mir-497-5p:0.539; mir-34a-5p:0.538; mir-21-5p:0.531
527,mir-620,MIMAT0003289,AUGGAGAUAGAUAUAGAAAU,nao,0.798622,0.666780,0.693659,,kmer:UA:0.0023; kmer:UAG:0.0013; kmer:AA:0.0009; kmer:AAU:0.0006; kmer:AAA:0.0004; kmer:AUAG:0.0003; kmer:AAAU:0.0003; kmer:GAUAG:0.0001; kmer:UAUAG:0.0001; kmer:GAAAU:0.0001,mir-1-3p:0.487; mir-195-5p:0.455; mir-155-5p:0.437
528,mir-3689c,MIMAT0019007,CUGGGAGGUGUGAUAUUGUGGU,nao,0.798239,0.666779,0.693654,,kmer:GU:0.0053; kmer:GUG:0.0018; kmer:UGU:0.0014; kmer:UGUG:0.0008; kmer:UA:0.0006; kmer:UUGU:0.0005; kmer:UUGUG:0.0003; kmer:UAUUG:0.0002; kmer:AGGU:0.0002; kmer:UUG:0.0002,let-7b-5p:0.705; mir-206:0.666; mir-382-5p:0.580
529,mir-3689b-3p,MIMAT0018181,CUGGGAGGUGUGAUAUUGUGGU,nao,0.797856,0.666779,0.693654,,kmer:GU:0.0053; kmer:GUG:0.0018; kmer:UGU:0.0014; kmer:UGUG:0.0008; kmer:UA:0.0006; kmer:UUGU:0.0005; kmer:UUGUG:0.0003; kmer:UAUUG:0.0002; kmer:AGGU:0.0002; kmer:UUG:0.0002,let-7b-5p:0.705; mir-206:0.666; mir-382-5p:0.580
530,mir-1827,MIMAT0006767,UGAGGCAGUAGAUUGAAU,nao,0.797473,0.666778,0.693648,,kmer:GU:0.0018; kmer:UA:0.0009; kmer:UAG:0.0007; kmer:AAU:0.0007; kmer:GUAG:0.0006; kmer:AA:0.0005; kmer:GUA:0.0004; kmer:UGA:0.0004; kmer:GCA:0.0003; kmer:AGU:0.0003,let-7a-5p:0.532; mir-31-5p:0.499; mir-195-5p:0.494
531,mir-6844,MIMAT0027589,UUCUUUGUUUUUAAUUCACAG,nao,0.797090,0.666775,0.693635,,kmer:GU:0.0015; kmer:UGU:0.0008; kmer:UA:0.0007; kmer:AAU:0.0006; kmer:UUGU:0.0005; kmer:AA:0.0004; kmer:GUU:0.0004; kmer:UAA:0.0003; kmer:UUA:0.0002; kmer:UUG:0.0002,mir-1246:0.529; mir-520c-3p:0.526; mir-373-3p:0.486
532,mir-548u,MIMAT0015013,CAAAGACUGCAAUUACUUUUGCG,nao,0.796708,0.666775,0.693633,,kmer:AA:0.0012; kmer:UA:0.0007; kmer:AAU:0.0005; kmer:AAA:0.0004; kmer:UGCA:0.0002; kmer:CAAA:0.0002; kmer:GCA:0.0002; kmer:UUA:0.0002; kmer:UUG:0.0002; kmer:UGCAA:0.0002,mir-19a-3p:0.551; mir-19b-3p:0.528; mir-520c-3p:0.485
533,mir-548ay-3p,MIMAT0025453,CAAAACCGCGAUUACUCUUGCA,nao,0.796325,0.666760,0.693568,,kmer:AA:0.0013; kmer:AAA:0.0008; kmer:UA:0.0007; kmer:UGCA:0.0003; kmer:CAAA:0.0003; kmer:GCA:0.0002; kmer:UUA:0.0002; kmer:ACCG:0.0002; kmer:UUG:0.0002; kmer:CGAU:0.0002,mir-19a-3p:0.565; mir-451a:0.563; mir-19b-3p:0.541
534,mir-4662a-5p,MIMAT0019731,UUAGCCAAUUGUCCAUCUUUAG,sim,0.795942,0.666760,0.693567,hsa-mir-4662a,kmer:GU:0.0015; kmer:UA:0.0015; kmer:UAG:0.0013; kmer:UGU:0.0008; kmer:AAU:0.0006; kmer:UUGU:0.0005; kmer:UUA:0.0005; kmer:AA:0.0004; kmer:UAGC:0.0004; kmer:UGUC:0.0002,mir-520c-3p:0.506; mir-145-5p:0.499; mir-223-3p:0.481
535,mir-4790-5p,MIMAT0019961,AUCGCUUUACCAUUCAUGUU,nao,0.795559,0.666755,0.693544,,kmer:GU:0.0016; kmer:UGU:0.0008; kmer:UA:0.0008; kmer:GUU:0.0004; kmer:UUA:0.0003; kmer:UCG:0.0002; kmer:GCUU:0.0002; kmer:UACC:0.0001; kmer:UUAC:0.0001; kmer:AUC:0.0001,mir-205-5p:0.533; mir-451a:0.532; mir-181b-5p:0.519
536,mir-8485,MIMAT0033692,CACACACACACACACACGUAU,nao,0.795176,0.666753,0.693537,,kmer:GU:0.0015; kmer:UA:0.0007; kmer:CGU:0.0005; kmer:GUA:0.0004; kmer:CACG:0.0001; kmer:CACGU:0.0001; kmer:CGUA:0.0001; kmer:ACGUA:0.0001; kmer:ACACG:0.0001; kmer:UAU:0.0001,mir-497-5p:0.420; mir-425-5p:0.393; mir-200a-3p:0.324
537,mir-1252-5p,MIMAT0005944,AGAAGGAAAUUGAAUUCAUUUA,nao,0.794793,0.666747,0.693510,,kmer:AA:0.0017; kmer:AAU:0.0011; kmer:UA:0.0007; kmer:AAA:0.0004; kmer:AAAU:0.0003; kmer:UUA:0.0002; kmer:GAAU:0.0002; kmer:UUG:0.0002; kmer:UGA:0.0001; kmer:AUUG:0.0001,mir-1246:0.506; mir-1-3p:0.463; mir-10b-5p:0.446
538,mir-3159,MIMAT0015033,UAGGAUUACAAGUGUCGGCCAC,nao,0.794410,0.666747,0.693507,,kmer:GU:0.0029; kmer:UA:0.0014; kmer:UGU:0.0007; kmer:GUG:0.0006; kmer:UAG:0.0006; kmer:AA:0.0004; kmer:AAGUG:0.0003; kmer:AGUG:0.0003; kmer:UGUC:0.0002; kmer:AGU:0.0002,mir-17-5p:0.529; mir-106a-5p:0.505; mir-139-5p:0.486
539,mir-147b-3p,MIMAT0004928,GUGUGCGGAAAUGCUUCUGCU,nao,0.794028,0.666745,0.693501,,kmer:GU:0.0029; kmer:GUG:0.0013; kmer:AA:0.0008; kmer:UGU:0.0008; kmer:GUGC:0.0006; kmer:AAU:0.0005; kmer:UGUG:0.0004; kmer:AAA:0.0004; kmer:UGCU:0.0004; kmer:AAAU:0.0003,mir-210-3p:0.617; mir-373-3p:0.540; mir-19a-3p:0.537
540,mir-12123,MIMAT0049017,UUAUUCAUUCACAAAAGCUUUA,nao,0.793645,0.666740,0.693477,,kmer:UA:0.0014; kmer:AA:0.0012; kmer:AAA:0.0007; kmer:UUA:0.0005; kmer:CAAA:0.0002; kmer:GCUU:0.0001; kmer:UUAU:0.0001; kmer:UAUU:0.0001; kmer:CAAAA:0.0001; kmer:CAUU:0.0001,mir-520c-3p:0.478; mir-205-5p:0.476; mir-181b-5p:0.454
541,mir-379-5p,MIMAT0000733,UGGUAGACUAUGGAACGUAGG,nao,0.793262,0.666734,0.693450,,kmer:GU:0.0030; kmer:UA:0.0022; kmer:UAG:0.0013; kmer:GUAG:0.0010; kmer:GUA:0.0007; kmer:CGU:0.0005; kmer:AA:0.0004; kmer:GGUAG:0.0004; kmer:GGUA:0.0003; kmer:AAC:0.0001,let-7a-5p:0.576; let-7b-5p:0.548; mir-6861-5p:0.529
542,mir-1255a,MIMAT0005906,AGGAUGAGCAAAGAAAGUAGAUU,nao,0.792879,0.666733,0.693447,,kmer:AA:0.0016; kmer:GU:0.0013; kmer:AAA:0.0007; kmer:UA:0.0007; kmer:UAG:0.0006; kmer:GUAG:0.0004; kmer:GUA:0.0003; kmer:AGCA:0.0003; kmer:CAAA:0.0002; kmer:GCA:0.0002,mir-1-3p:0.556; mir-191-5p:0.511; mir-31-5p:0.499
543,mir-656-5p,MIMAT0026627,AGGUUGCCUGUGAGGUGUUCA,nao,0.792496,0.666733,0.693445,,kmer:GU:0.0056; kmer:UGU:0.0015; kmer:GUG:0.0013; kmer:GUU:0.0007; kmer:AGGU:0.0004; kmer:UGUG:0.0004; kmer:UUG:0.0002; kmer:GUUG:0.0002; kmer:UGA:0.0001; kmer:UGUGA:0.0001,let-7b-5p:0.735; mir-34a-5p:0.582; mir-93-5p:0.578
544,mir-181b-3p,MIMAT0022692,CUCACUGAACAAUGAAUGCAA,sim,0.792113,0.666724,0.693404,hsa-mir-181b-1; hsa-mir-181b-2,kmer:AA:0.0018; kmer:AAU:0.0011; kmer:AAUG:0.0004; kmer:UGA:0.0003; kmer:UGCA:0.0003; kmer:GCA:0.0003; kmer:ACUGA:0.0002; kmer:GAAU:0.0002; kmer:CUGA:0.0002; kmer:UGCAA:0.0002,mir-19a-3p:0.667; mir-19b-3p:0.657; mir-425-5p:0.523
545,mir-499a-3p,MIMAT0004772,AACAUCACAGCAAGUCUGUGCU,sim,0.791730,0.666724,0.693403,hsa-mir-499a,kmer:GU:0.0029; kmer:AA:0.0008; kmer:UGU:0.0007; kmer:GUG:0.0006; kmer:GUGC:0.0006; kmer:UGUG:0.0004; kmer:AGCA:0.0003; kmer:GUGCU:0.0003; kmer:CAGCA:0.0003; kmer:GCA:0.0002,mir-497-5p:0.611; mir-139-5p:0.577; mir-24-3p:0.572
546,mir-381-5p,MIMAT0022862,AGCGAGGUUGCCCUUUGUAUAU,nao,0.791348,0.666710,0.693340,,kmer:GU:0.0029; kmer:UA:0.0014; kmer:UGU:0.0008; kmer:UUGU:0.0005; kmer:UUG:0.0004; kmer:GUA:0.0003; kmer:GUU:0.0003; kmer:AGGU:0.0002; kmer:GUUG:0.0002; kmer:UUUGU:0.0002,let-7a-5p:0.603; let-7b-5p:0.533; mir-92a-3p:0.510
547,mir-4699-5p,MIMAT0019794,AGAAGAUUGCAGAGUAAGUUCC,nao,0.790965,0.666703,0.693312,,kmer:GU:0.0030; kmer:AA:0.0009; kmer:UA:0.0007; kmer:AGU:0.0005; kmer:GUA:0.0004; kmer:GUU:0.0003; kmer:UAA:0.0003; kmer:UGCA:0.0003; kmer:GCA:0.0002; kmer:GCAG:0.0002,mir-520c-3p:0.507; mir-1-3p:0.501; mir-106a-5p:0.494
548,mir-152-3p,MIMAT0000438,UCAGUGCAUGACAGAACUUGG,nao,0.790582,0.666698,0.693290,,kmer:GU:0.0013; kmer:GUG:0.0006; kmer:GUGC:0.0005; kmer:AGUGC:0.0005; kmer:AA:0.0004; kmer:GUGCA:0.0003; kmer:AGUG:0.0003; kmer:UGCA:0.0002; kmer:GCA:0.0002; kmer:AGU:0.0002,mir-24-3p:0.581; mir-17-5p:0.547; mir-106a-5p:0.525
549,mir-199a-5p,MIMAT0000231,CCCAGUGUUCAGACUACCUGUUC,sim,0.790199,0.666698,0.693290,hsa-mir-199a-1; hsa-mir-199a-2,kmer:GU:0.0039; kmer:UGU:0.0013; kmer:UA:0.0006; kmer:GUU:0.0006; kmer:GUG:0.0006; kmer:AGUG:0.0002; kmer:AGU:0.0002; kmer:CAGU:0.0001; kmer:UACC:0.0001; kmer:CCUGU:0.0001,mir-139-5p:0.548; mir-223-3p:0.524; mir-125a-5p:0.518
550,mir-1252-3p,MIMAT0026744,CAAAUGAGCUUAAUUUCCUUUU,nao,0.789816,0.666683,0.693221,,kmer:AA:0.0012; kmer:AAU:0.0010; kmer:UA:0.0007; kmer:AAA:0.0004; kmer:CUUA:0.0003; kmer:GCUUA:0.0003; kmer:AAAU:0.0003; kmer:UAA:0.0003; kmer:CAAA:0.0002; kmer:UUA:0.0002,mir-520c-3p:0.620; mir-1246:0.531; mir-365a-3p:0.511
551,mir-4735-5p,MIMAT0019860,CCUAAUUUGAACACCUUCGGUA,nao,0.789433,0.666677,0.693192,,kmer:GU:0.0015; kmer:UA:0.0014; kmer:AA:0.0009; kmer:AAU:0.0006; kmer:GUA:0.0003; kmer:GGUA:0.0003; kmer:UAA:0.0003; kmer:UCG:0.0002; kmer:UUG:0.0002; kmer:CUAA:0.0002,mir-10b-5p:0.550; mir-125a-5p:0.497; mir-365a-3p:0.494
552,mir-4517,MIMAT0019054,AAAUAUGAUGAAACUCACAGCUGAG,nao,0.789051,0.666673,0.693176,,kmer:AA:0.0014; kmer:AAA:0.0006; kmer:UA:0.0006; kmer:AAU:0.0004; kmer:UGA:0.0004; kmer:AAAU:0.0002; kmer:AAAUA:0.0002; kmer:CUGA:0.0002; kmer:AAUAU:0.0001; kmer:AAUA:0.0001,mir-19a-3p:0.576; mir-19b-3p:0.538; mir-21-5p:0.528
553,mir-3134,MIMAT0015000,UGAUGGAUAAAAGACUACAUAUU,nao,0.788668,0.666673,0.693175,,kmer:UA:0.0022; kmer:AA:0.0013; kmer:AAA:0.0008; kmer:UAA:0.0003; kmer:AUAUU:0.0002; kmer:UGA:0.0001; kmer:UAAA:0.0001; kmer:UAUU:0.0001; kmer:AAAG:0.0001; kmer:UAU:0.0001,mir-1-3p:0.537; mir-21-5p:0.510; mir-365a-3p:0.472
554,mir-4485-3p,MIMAT0019019,UAACGGCCGCGGUACCCUAA,nao,0.788285,0.666673,0.693174,,kmer:UA:0.0025; kmer:GU:0.0017; kmer:AA:0.0010; kmer:UAA:0.0007; kmer:GUA:0.0004; kmer:GGUA:0.0004; kmer:ACCC:0.0003; kmer:ACCCU:0.0003; kmer:CUAA:0.0002; kmer:UAAC:0.0002,mir-4634:0.601; mir-365a-3p:0.476; mir-10b-5p:0.428
555,mir-155-3p,MIMAT0004658,CUCCUACAUAUUAGCAUUAACA,nao,0.787902,0.666671,0.693167,,kmer:UA:0.0030; kmer:UAG:0.0006; kmer:UUA:0.0005; kmer:AA:0.0004; kmer:UAGC:0.0004; kmer:AGCA:0.0004; kmer:UAA:0.0003; kmer:GCA:0.0003; kmer:UAGCA:0.0002; kmer:AUAUU:0.0002,mir-195-5p:0.505; mir-16-5p:0.496; mir-451a:0.454
556,mir-376a-3p,MIMAT0000729,AUCAUAGAGGAAAAUCCACGU,sim,0.787519,0.666670,0.693161,hsa-mir-376a-1; hsa-mir-376a-2,kmer:GU:0.0015; kmer:AA:0.0014; kmer:AAA:0.0008; kmer:UA:0.0008; kmer:UAG:0.0006; kmer:AAU:0.0006; kmer:CGU:0.0005; kmer:AAUC:0.0003; kmer:AAAU:0.0003; kmer:AAUCC:0.0003,mir-191-5p:0.563; mir-365a-3p:0.485; mir-19b-3p:0.484
557,mir-3914,MIMAT0018188,AAGGAACCAGAAAAUGAGAAGU,nao,0.787136,0.666667,0.693149,,kmer:AA:0.0024; kmer:GU:0.0014; kmer:AAA:0.0007; kmer:AAU:0.0005; kmer:AAAU:0.0003; kmer:AGU:0.0002; kmer:AAGU:0.0002; kmer:AAUG:0.0002; kmer:UGA:0.0001; kmer:AAC:0.0001,mir-1-3p:0.557; mir-191-5p:0.549; mir-206:0.497
558,mir-216b-5p,MIMAT0004959,AAAUCUCUGCAGGCAAAUGUGA,sim,0.786753,0.666663,0.693130,hsa-mir-216b,kmer:AA:0.0017; kmer:GU:0.0014; kmer:AAU:0.0011; kmer:AAA:0.0007; kmer:UGU:0.0007; kmer:GUG:0.0006; kmer:AAAU:0.0006; kmer:GCA:0.0005; kmer:UGUG:0.0004; kmer:AAUC:0.0003,mir-19a-3p:0.756; mir-19b-3p:0.711; mir-191-5p:0.554
559,mir-362-5p,MIMAT0000705,AAUCCUUGGAACCUAGGUGUGAGU,nao,0.786371,0.666645,0.693051,,kmer:GU:0.0038; kmer:GUG:0.0011; kmer:AA:0.0007; kmer:UGU:0.0007; kmer:UA:0.0006; kmer:UAG:0.0005; kmer:AAU:0.0005; kmer:UGUG:0.0004; kmer:AAUC:0.0003; kmer:AAUCC:0.0002,mir-206:0.625; let-7b-5p:0.582; mir-125b-5p:0.570
560,mir-662,MIMAT0003325,UCCCACGUUGUGGCCCAGCAG,nao,0.785988,0.666644,0.693045,,kmer:GU:0.0028; kmer:UGU:0.0007; kmer:GUG:0.0006; kmer:UUGU:0.0005; kmer:CGU:0.0005; kmer:UGUG:0.0004; kmer:AGCA:0.0003; kmer:GUU:0.0003; kmer:AGCAG:0.0003; kmer:UUGUG:0.0003,mir-497-5p:0.587; mir-145-5p:0.548; mir-139-5p:0.498
561,mir-4698,MIMAT0019793,UCAAAAUGUAGAGGAAGACCCCA,nao,0.785605,0.666643,0.693042,,kmer:AA:0.0015; kmer:GU:0.0012; kmer:AAA:0.0007; kmer:UGU:0.0006; kmer:UA:0.0006; kmer:UAG:0.0005; kmer:AAU:0.0005; kmer:GUAG:0.0004; kmer:GUA:0.0003; kmer:AAAU:0.0003,mir-191-5p:0.577; mir-1-3p:0.555; mir-6875-5p:0.537
562,mir-5007-3p,MIMAT0021036,AUCAUAUGAACCAAACUCUAAU,nao,0.785222,0.666637,0.693013,,kmer:AA:0.0018; kmer:UA:0.0015; kmer:AAU:0.0006; kmer:AAA:0.0004; kmer:UAA:0.0003; kmer:CAAA:0.0003; kmer:AAC:0.0003; kmer:CUAA:0.0002; kmer:UGA:0.0002; kmer:AACC:0.0001,mir-19a-3p:0.594; mir-365a-3p:0.552; mir-19b-3p:0.545
563,mir-548a-3p,MIMAT0003251,CAAAACUGGCAAUUACUUUUGC,nao,0.784839,0.666636,0.693009,,kmer:AA:0.0016; kmer:AAA:0.0007; kmer:UA:0.0007; kmer:AAU:0.0005; kmer:CAAA:0.0002; kmer:GCA:0.0002; kmer:UUA:0.0002; kmer:UUG:0.0002; kmer:UUAC:0.0001; kmer:AAC:0.0001,mir-19a-3p:0.611; mir-19b-3p:0.587; mir-451a:0.489
564,mir-3678-5p,MIMAT0018102,UCCGUACAAACUCUGCUGUG,nao,0.784456,0.666635,0.693004,,kmer:GU:0.0034; kmer:AA:0.0010; kmer:UGU:0.0009; kmer:UA:0.0008; kmer:GUG:0.0008; kmer:CGU:0.0006; kmer:UGUG:0.0005; kmer:AAA:0.0004; kmer:GUA:0.0004; kmer:CAAA:0.0003,mir-19a-3p:0.572; mir-200a-3p:0.569; mir-19b-3p:0.537
565,mir-519d-3p,MIMAT0002853,CAAAGUGCCUCCCUUUAGAGUG,nao,0.784074,0.666626,0.692963,,kmer:GU:0.0028; kmer:GUG:0.0012; seed:AAAGUGC:0.0011; kmer:AA:0.0008; kmer:UA:0.0007; kmer:UAG:0.0006; kmer:GUGC:0.0006; kmer:AGUG:0.0005; kmer:AGUGC:0.0005; kmer:AGU:0.0004,mir-520c-3p:0.700; mir-17-5p:0.624; mir-106a-5p:0.611
566,mir-938,MIMAT0004981,UGCCCUUAAAGGUGAACCCAGU,nao,0.783691,0.666624,0.692955,,kmer:GU:0.0030; kmer:AA:0.0013; kmer:UA:0.0007; kmer:GUG:0.0007; kmer:AAA:0.0004; kmer:CUUA:0.0004; kmer:UAA:0.0003; kmer:ACCC:0.0003; kmer:AGU:0.0002; kmer:UUA:0.0002,mir-125a-5p:0.603; mir-365a-3p:0.558; mir-125b-5p:0.544
567,mir-141-5p,MIMAT0004598,CAUCUUCCAGUACAGUGUUGGA,nao,0.783308,0.666621,0.692940,,kmer:GU:0.0042; kmer:UGU:0.0007; kmer:UA:0.0007; kmer:GUG:0.0006; kmer:AGU:0.0004; kmer:GUA:0.0003; kmer:GUU:0.0003; kmer:CAGU:0.0003; kmer:AGUG:0.0003; kmer:UUG:0.0002,mir-139-5p:0.690; mir-34a-5p:0.565; mir-17-5p:0.547
568,mir-891b,MIMAT0004913,UGCAACUUACCUGAGUCAUUGA,nao,0.782925,0.666619,0.692932,,kmer:GU:0.0014; kmer:UA:0.0007; kmer:AA:0.0004; kmer:CUUA:0.0003; kmer:UGA:0.0003; kmer:UGCA:0.0003; kmer:GCA:0.0002; kmer:AGU:0.0002; kmer:UUA:0.0002; kmer:CUGA:0.0002,mir-451a:0.577; mir-125b-5p:0.563; mir-125a-5p:0.549
569,mir-215-5p,MIMAT0000272,AUGACCUAUGAAUUGACAGAC,nao,0.782542,0.666599,0.692843,,kmer:UA:0.0007; kmer:AAU:0.0006; kmer:UGA:0.0005; kmer:AA:0.0004; kmer:GAAU:0.0002; kmer:UUG:0.0002; kmer:AUUG:0.0001; kmer:UGACA:0.0001; kmer:ACAG:0.0001; kmer:ACAGA:0.0001,mir-425-5p:0.559; mir-21-5p:0.542; mir-125b-5p:0.488
570,mir-4280,MIMAT0016911,GAGUGUAGUUCUGAGCAGAGC,nao,0.782159,0.666598,0.692840,,kmer:GU:0.0046; kmer:UGU:0.0008; kmer:UA:0.0008; kmer:GUG:0.0007; kmer:UAG:0.0006; kmer:GUAG:0.0005; kmer:AGU:0.0005; kmer:GUA:0.0004; kmer:AGCA:0.0004; kmer:GUU:0.0004,let-7a-5p:0.572; let-7b-5p:0.530; mir-93-5p:0.521
571,mir-1262,MIMAT0005914,AUGGGUGAAUUUGUAGAAGGAU,nao,0.781776,0.666598,0.692839,,kmer:GU:0.0028; kmer:AA:0.0008; kmer:UGU:0.0007; kmer:UA:0.0007; kmer:GUG:0.0006; kmer:UAG:0.0006; kmer:AAU:0.0005; kmer:UUGU:0.0005; kmer:GUAG:0.0005; kmer:GUA:0.0003,mir-206:0.620; mir-373-3p:0.616; mir-10b-5p:0.597
572,mir-4770,MIMAT0019924,UGAGAUGACACUGUAGCU,nao,0.781394,0.666595,0.692824,,kmer:GU:0.0016; kmer:UGU:0.0008; kmer:UA:0.0008; kmer:UAG:0.0007; kmer:GUAG:0.0005; kmer:UAGC:0.0004; kmer:GUA:0.0004; kmer:UGA:0.0003; kmer:UAGCU:0.0002; kmer:UGACA:0.0001,mir-21-5p:0.594; mir-200a-3p:0.514; mir-210-3p:0.505
573,mir-4738-5p,MIMAT0019866,ACCAGCGCGUUUUCAGUUUCAU,nao,0.781011,0.666588,0.692792,,kmer:GU:0.0029; kmer:GUU:0.0007; kmer:CGU:0.0005; kmer:AGU:0.0002; kmer:AGUU:0.0002; kmer:CAGUU:0.0002; kmer:CAGC:0.0002; kmer:AGUUU:0.0002; kmer:CAGU:0.0001; kmer:CGUU:0.0001,mir-145-5p:0.539; mir-24-3p:0.527; mir-223-3p:0.475
574,mir-4701-3p,MIMAT0019799,AUGGGUGAUGGGUGUGGUGU,nao,0.780628,0.666585,0.692781,,kmer:GU:0.0077; kmer:GUG:0.0028; kmer:UGU:0.0016; kmer:UGUG:0.0004; kmer:UGA:0.0002; kmer:GUGUG:0.0001; kmer:GUGU:0.0001; kmer:GUGGU:0.0001; kmer:UGAUG:0.0000; kmer:GGU:0.0000,mir-206:0.644; let-7b-5p:0.610; mir-6861-5p:0.586
575,mir-5586-3p,MIMAT0022288,CAGAGUGACAAGCUGGUUAAAG,nao,0.780245,0.666585,0.692781,,kmer:GU:0.0029; kmer:AA:0.0013; kmer:UA:0.0007; kmer:GUG:0.0006; kmer:AAA:0.0004; kmer:GUU:0.0003; kmer:UAA:0.0003; kmer:AGUG:0.0003; kmer:AGU:0.0002; kmer:UUA:0.0002,mir-106a-5p:0.580; mir-17-5p:0.575; mir-93-5p:0.541
576,mir-4704-5p,MIMAT0019803,GACACUAGGCAUGUGAGUGAUU,nao,0.779862,0.666580,0.692755,,kmer:GU:0.0030; kmer:GUG:0.0013; kmer:UGU:0.0008; kmer:UA:0.0007; kmer:UAG:0.0006; kmer:UGUG:0.0004; kmer:UGA:0.0003; kmer:AGUG:0.0003; kmer:GCA:0.0002; kmer:AGU:0.0002,mir-210-3p:0.545; mir-21-5p:0.525; mir-497-5p:0.485
577,mir-3529-3p,MIMAT0022741,AACAACAAAAUCACUAGUCUUCCA,nao,0.779479,0.666574,0.692731,,kmer:AA:0.0020; kmer:GU:0.0014; kmer:AAA:0.0007; kmer:UA:0.0007; kmer:UAG:0.0006; kmer:AAU:0.0005; kmer:AAUC:0.0003; kmer:AAAU:0.0003; kmer:CAAA:0.0002; kmer:AAC:0.0002,mir-191-5p:0.587; mir-19b-3p:0.549; mir-19a-3p:0.542
578,mir-9-5p,MIMAT0000441,UCUUUGGUUAUCUAGCUGUAUGA,sim,0.779096,0.666570,0.692711,hsa-mir-9-1; hsa-mir-9-2; hsa-mir-9-3,kmer:GU:0.0026; kmer:UA:0.0019; kmer:UGU:0.0007; kmer:UAG:0.0005; kmer:UAGC:0.0003; kmer:GUA:0.0003; kmer:GUU:0.0003; kmer:UUA:0.0002; kmer:UAGCU:0.0002; kmer:UUG:0.0002,mir-34a-5p:0.600; mir-21-5p:0.591; let-7a-5p:0.488
579,mir-5696,MIMAT0022489,CUCAUUUAAGUAGUCUGAUGCC,nao,0.778714,0.666569,0.692707,,kmer:GU:0.0029; kmer:UA:0.0014; kmer:UAG:0.0006; kmer:GUAG:0.0005; kmer:AGU:0.0005; kmer:AA:0.0004; kmer:GUA:0.0003; kmer:UAA:0.0003; kmer:UUA:0.0002; kmer:AAGU:0.0002,mir-21-5p:0.518; mir-25-3p:0.510; mir-205-5p:0.502
580,mir-299-3p,MIMAT0000687,UAUGUGGGAUGGUAAACCGCUU,nao,0.778331,0.666558,0.692658,,kmer:GU:0.0030; kmer:UA:0.0015; kmer:AA:0.0009; kmer:UGU:0.0008; kmer:GUG:0.0007; kmer:UGUG:0.0004; kmer:AAA:0.0004; kmer:GUA:0.0004; kmer:GGUA:0.0003; kmer:UAA:0.0003,mir-206:0.584; mir-1-3p:0.574; mir-200a-3p:0.559
581,mir-548e-3p,MIMAT0005874,AAAAACUGAGACUACUUUUGCA,nao,0.777948,0.666554,0.692639,,kmer:AA:0.0016; kmer:AAA:0.0011; kmer:UA:0.0007; kmer:UGCA:0.0002; kmer:GCA:0.0002; kmer:ACUGA:0.0002; kmer:CUGA:0.0002; kmer:UUG:0.0002; kmer:UGA:0.0001; kmer:AAC:0.0001,mir-19a-3p:0.587; mir-19b-3p:0.541; mir-451a:0.487
582,mir-519e-3p,MIMAT0002829,AAGUGCCUCCUUUUAGAGUGUU,sim,0.777565,0.666549,0.692620,hsa-mir-519e,kmer:GU:0.0044; kmer:GUG:0.0013; kmer:UGU:0.0008; kmer:UA:0.0007; kmer:UAG:0.0006; kmer:GUGC:0.0006; kmer:AGUG:0.0006; kmer:AGUGC:0.0005; kmer:AGU:0.0005; kmer:AA:0.0004,mir-520c-3p:0.775; mir-373-3p:0.579; mir-20a-5p:0.543
583,mir-3681-5p,MIMAT0018108,UAGUGGAUGAUGCACUCUGUGC,nao,0.777182,0.666545,0.692599,,kmer:GU:0.0027; kmer:GUG:0.0012; kmer:UGU:0.0007; kmer:UA:0.0007; kmer:UAG:0.0006; kmer:GUGC:0.0005; kmer:UGUG:0.0004; kmer:AGUG:0.0003; kmer:UGCA:0.0002; kmer:GCA:0.0002,mir-210-3p:0.569; mir-206:0.515; mir-19a-3p:0.509
584,mir-758-3p,MIMAT0003879,UUUGUGACCUGGUCCACUAACC,nao,0.776799,0.666542,0.692586,,kmer:GU:0.0029; kmer:UGU:0.0007; kmer:UA:0.0007; kmer:GUG:0.0006; kmer:UUGU:0.0005; kmer:AA:0.0004; kmer:UGUG:0.0004; kmer:UUGUG:0.0003; kmer:UAA:0.0003; kmer:UUG:0.0002,mir-125b-5p:0.658; mir-125a-5p:0.655; mir-10b-5p:0.577
585,mir-4528,MIMAT0019067,UCAUUAUAUGUAUGAUCUGGAC,nao,0.776417,0.666535,0.692557,,kmer:UA:0.0021; kmer:GU:0.0014; kmer:UGU:0.0007; kmer:GUA:0.0003; kmer:UUA:0.0002; kmer:UAU:0.0002; kmer:UGA:0.0001; kmer:UUAU:0.0001; kmer:AUC:0.0001; kmer:AUGUA:0.0001,mir-1-3p:0.566; mir-21-5p:0.528; mir-200a-3p:0.433
586,mir-4782-3p,MIMAT0019945,UGAUUGUCUUCAUAUCUAGAAC,nao,0.776034,0.666532,0.692542,,kmer:GU:0.0014; kmer:UA:0.0014; kmer:UGU:0.0007; kmer:UAG:0.0006; kmer:UUGU:0.0005; kmer:AA:0.0004; kmer:UGUC:0.0002; kmer:UUG:0.0002; kmer:UUGUC:0.0002; kmer:UGA:0.0001,mir-25-3p:0.549; mir-21-5p:0.528; mir-99a-5p:0.517
587,mir-548b-3p,MIMAT0003254,CAAGAACCUCAGUUGCUUUUGU,nao,0.775651,0.666528,0.692524,,kmer:GU:0.0029; kmer:AA:0.0008; kmer:UGU:0.0008; kmer:UUGU:0.0005; kmer:UUG:0.0004; kmer:GUU:0.0003; kmer:AGU:0.0002; kmer:UGCUU:0.0002; kmer:AGUU:0.0002; kmer:GUUG:0.0002,mir-520c-3p:0.592; mir-373-3p:0.555; mir-223-3p:0.541
588,mir-548v,MIMAT0015020,AGCUACAGUUACUUUUGCACCA,nao,0.775268,0.666520,0.692489,,kmer:GU:0.0014; kmer:UA:0.0014; kmer:GUU:0.0003; kmer:UGCA:0.0003; kmer:GCA:0.0002; kmer:AGU:0.0002; kmer:UUA:0.0002; kmer:GCAC:0.0002; kmer:AGUU:0.0002; kmer:UUG:0.0002,mir-451a:0.543; mir-497-5p:0.516; mir-17-5p:0.508
589,mir-410-3p,MIMAT0002171,AAUAUAACACAGAUGGCCUGU,nao,0.774885,0.666514,0.692459,,kmer:GU:0.0015; kmer:UA:0.0015; kmer:AA:0.0009; kmer:UGU:0.0008; kmer:AAU:0.0006; kmer:UAA:0.0003; kmer:AAUAU:0.0002; kmer:AAUA:0.0002; kmer:UAAC:0.0002; kmer:AAC:0.0001,mir-195-5p:0.561; mir-200a-3p:0.559; mir-31-5p:0.471
590,mir-9851-5p,MIMAT0048639,CGCUGGCAGUGUUGGUGACACU,nao,0.774502,0.666513,0.692457,,kmer:GU:0.0040; kmer:GUG:0.0012; kmer:UGU:0.0007; kmer:GUU:0.0003; kmer:AGUG:0.0003; kmer:GCA:0.0002; kmer:AGU:0.0002; kmer:GCAG:0.0002; kmer:UUG:0.0002; kmer:GUUG:0.0002,mir-34a-5p:0.718; mir-210-3p:0.631; mir-497-5p:0.608
591,mir-323a-5p,MIMAT0004696,AGGUGGUCCGUGGCGCGUUCGC,nao,0.774119,0.666511,0.692448,,kmer:GU:0.0062; kmer:GUG:0.0014; kmer:CGU:0.0010; kmer:CGUG:0.0004; kmer:GUU:0.0004; kmer:UCG:0.0002; kmer:AGGU:0.0002; kmer:CG:0.0002; kmer:UUCG:0.0002; kmer:CGUU:0.0001,mir-1307-3p:0.754; mir-382-5p:0.656; let-7b-5p:0.501
592,mir-6811-3p,MIMAT0027523,AGCCUGUGCUUGUCCCUGCAG,nao,0.773737,0.666509,0.692438,,kmer:GU:0.0027; kmer:UGU:0.0014; kmer:GUG:0.0006; kmer:GUGC:0.0005; kmer:UUGU:0.0005; kmer:UGUG:0.0004; kmer:CUUGU:0.0003; kmer:UGCA:0.0002; kmer:GUGCU:0.0002; kmer:GCA:0.0002,mir-92a-3p:0.688; mir-125a-5p:0.579; mir-125b-5p:0.548
593,mir-3682-5p,MIMAT0019222,CUACUUCUACCUGUGUUAUCAU,nao,0.773354,0.666508,0.692433,,kmer:GU:0.0030; kmer:UA:0.0022; kmer:UGU:0.0016; kmer:GUG:0.0007; kmer:UGUG:0.0004; kmer:GUU:0.0003; kmer:UUA:0.0002; kmer:UACC:0.0001; kmer:UUAU:0.0001; kmer:CCUGU:0.0001,mir-21-5p:0.503; mir-125a-5p:0.477; mir-92a-3p:0.473
594,mir-4715-5p,MIMAT0019824,AAGUUGGCUGCAGUUAAGGUGG,nao,0.772971,0.666505,0.692420,,kmer:GU:0.0043; kmer:AA:0.0008; kmer:UA:0.0007; kmer:GUU:0.0007; kmer:GUG:0.0006; kmer:AGU:0.0005; kmer:AGUU:0.0004; kmer:UAA:0.0003; kmer:UGCA:0.0003; kmer:GCA:0.0002,mir-34a-5p:0.639; mir-93-5p:0.616; mir-106a-5p:0.596
595,mir-4277,MIMAT0016908,GCAGUUCUGAGCACAGUACAC,nao,0.772588,0.666498,0.692390,,kmer:GU:0.0029; kmer:UA:0.0007; kmer:GCA:0.0005; kmer:AGU:0.0005; kmer:GUA:0.0003; kmer:AGCA:0.0003; kmer:GUU:0.0003; kmer:CAGU:0.0003; kmer:GCAG:0.0002; kmer:GCAC:0.0002,mir-24-3p:0.622; mir-497-5p:0.622; mir-139-5p:0.598
596,mir-628-3p,MIMAT0003297,UCUAGUAAGAGUGGCAGUCGA,nao,0.772205,0.666493,0.692364,,kmer:GU:0.0049; kmer:UA:0.0016; kmer:AGU:0.0008; kmer:GUG:0.0007; kmer:UAG:0.0007; kmer:AA:0.0005; kmer:GUA:0.0004; kmer:UAA:0.0003; kmer:AGUG:0.0003; kmer:GCA:0.0003,mir-20a-5p:0.564; mir-139-5p:0.544; mir-17-5p:0.544
597,mir-221-5p,MIMAT0004568,ACCUGGCAUACAAUGUAGAUUU,nao,0.771822,0.666490,0.692353,,kmer:GU:0.0015; kmer:UA:0.0015; kmer:UGU:0.0008; kmer:UAG:0.0006; kmer:AAU:0.0006; kmer:GUAG:0.0005; kmer:AA:0.0004; kmer:GUA:0.0004; kmer:GCA:0.0002; kmer:AAUG:0.0002,mir-31-5p:0.553; mir-10b-5p:0.550; mir-1-3p:0.493
598,mir-1180-3p,MIMAT0005825,UUUCCGGCUCGCGUGGGUGUGU,nao,0.771440,0.666489,0.692349,,kmer:GU:0.0055; kmer:GUG:0.0019; kmer:UGU:0.0014; kmer:CGU:0.0004; kmer:UGUG:0.0004; kmer:CGUG:0.0003; kmer:UCG:0.0002; kmer:CGGC:0.0001; kmer:CG:0.0001; kmer:GUGUG:0.0001,mir-1307-3p:0.667; mir-210-3p:0.600; mir-373-3p:0.597
599,mir-4480,MIMAT0019014,AGCCAAGUGGAAGUUACUUUA,nao,0.771057,0.666486,0.692335,,kmer:GU:0.0031; kmer:UA:0.0015; kmer:AA:0.0009; kmer:GUG:0.0007; kmer:AGU:0.0005; kmer:UUA:0.0005; kmer:AAGU:0.0005; kmer:GUU:0.0004; kmer:AAGUG:0.0003; kmer:AGUG:0.0003,mir-520c-3p:0.605; mir-17-5p:0.551; mir-106a-5p:0.547
600,mir-508-3p,MIMAT0002880,UGAUUGUAGCCUUUUGGAGUAGA,nao,0.770674,0.666483,0.692321,,kmer:GU:0.0027; kmer:UA:0.0013; kmer:UAG:0.0011; kmer:GUAG:0.0009; kmer:UGU:0.0007; kmer:GUA:0.0006; kmer:UUGU:0.0005; kmer:UUG:0.0004; kmer:UAGC:0.0003; kmer:AGU:0.0002,mir-1246:0.621; let-7a-5p:0.584; mir-373-3p:0.561
601,mir-551b-5p,MIMAT0004794,GAAAUCAAGCGUGGGUGAGACC,sim,0.770291,0.666482,0.692318,hsa-mir-551b,kmer:GU:0.0027; kmer:GUG:0.0012; kmer:AA:0.0012; kmer:AAU:0.0005; kmer:CGU:0.0004; kmer:AAA:0.0004; kmer:CGUG:0.0003; kmer:AAUC:0.0003; kmer:AAAU:0.0003; kmer:UGA:0.0001,mir-206:0.499; mir-191-5p:0.483; mir-382-5p:0.472
602,mir-767-5p,MIMAT0003882,UGCACCAUGGUUGUCUGAGCAUG,nao,0.769908,0.666482,0.692317,,kmer:GU:0.0026; kmer:UGU:0.0007; kmer:UUGU:0.0005; kmer:GCA:0.0004; kmer:AGCA:0.0003; kmer:GUU:0.0003; kmer:UGCA:0.0002; kmer:UGUC:0.0002; kmer:GCAC:0.0002; kmer:CUGA:0.0002,mir-25-3p:0.616; mir-34a-5p:0.583; mir-497-5p:0.574
603,mir-648,MIMAT0003318,AAGUGUGCAGGGCACUGGU,nao,0.769525,0.666479,0.692302,,kmer:GU:0.0046; kmer:GUG:0.0014; kmer:UGU:0.0008; kmer:GUGC:0.0006; kmer:GCA:0.0005; kmer:AA:0.0004; kmer:UGUG:0.0004; kmer:GUGCA:0.0004; kmer:AAGUG:0.0003; kmer:AGUG:0.0003,mir-93-5p:0.647; mir-17-5p:0.622; mir-34a-5p:0.613
604,mir-4693-3p,MIMAT0019785,UGAGAGUGGAAUUCACAGUAUUU,nao,0.769142,0.666475,0.692286,,kmer:GU:0.0027; kmer:UA:0.0007; kmer:GUG:0.0006; kmer:AAU:0.0005; kmer:AGU:0.0004; kmer:AA:0.0004; kmer:GUA:0.0003; kmer:AGUG:0.0003; kmer:GAAU:0.0002; kmer:GGAAU:0.0002,mir-1246:0.537; mir-1-3p:0.500; mir-382-5p:0.500
605,mir-642a-5p,MIMAT0003312,GUCCCUCUCCAAAUGUGUCUUG,sim,0.768760,0.666471,0.692265,hsa-mir-642a,kmer:GU:0.0041; kmer:UGU:0.0014; kmer:AA:0.0008; kmer:GUG:0.0006; kmer:AAU:0.0005; kmer:UGUG:0.0004; kmer:AAA:0.0004; kmer:AAAU:0.0003; kmer:CAAA:0.0002; kmer:UGUC:0.0002,mir-139-5p:0.557; mir-25-3p:0.544; mir-205-5p:0.529
606,mir-4804-5p,MIMAT0019984,UUGGACGGUAAGGUUAAGCAA,nao,0.768377,0.666470,0.692261,,kmer:GU:0.0036; kmer:UA:0.0018; kmer:AA:0.0016; kmer:UAA:0.0007; kmer:GUA:0.0004; kmer:AGCA:0.0004; kmer:GUU:0.0004; kmer:GGUA:0.0004; kmer:GCA:0.0003; kmer:UUA:0.0003,let-7b-5p:0.531; let-7a-5p:0.513; mir-16-5p:0.500
607,mir-4311,MIMAT0016863,GAAAGAGAGCUGAGUGUG,nao,0.767994,0.666458,0.692206,,kmer:GU:0.0036; kmer:GUG:0.0016; kmer:AA:0.0010; kmer:UGU:0.0009; kmer:UGUG:0.0005; kmer:AAA:0.0005; kmer:AGUG:0.0003; kmer:AGU:0.0003; kmer:CUGA:0.0003; kmer:UGA:0.0002,mir-206:0.558; mir-210-3p:0.519; mir-93-5p:0.455
608,mir-2682-5p,MIMAT0013517,CAGGCAGUGACUGUUCAGACGUC,nao,0.767611,0.666452,0.692181,,kmer:GU:0.0039; kmer:UGU:0.0007; kmer:GUG:0.0006; kmer:CGU:0.0004; kmer:GUU:0.0003; kmer:AGUG:0.0002; kmer:GCA:0.0002; kmer:AGU:0.0002; kmer:GCAG:0.0002; kmer:CAGU:0.0001,mir-24-3p:0.635; mir-139-5p:0.575; mir-93-5p:0.550
609,mir-450a-1-3p,MIMAT0022700,AUUGGGAACAUUUUGCAUGUAU,nao,0.767228,0.666448,0.692163,,kmer:GU:0.0014; kmer:UGU:0.0008; kmer:UA:0.0007; kmer:AA:0.0004; kmer:UUG:0.0004; kmer:GUA:0.0003; kmer:UGCA:0.0003; kmer:GCA:0.0002; kmer:AUUGG:0.0002; kmer:AUUG:0.0001,mir-1246:0.631; mir-181b-5p:0.578; mir-373-3p:0.571
610,mir-130b-3p,MIMAT0000691,CAGUGCAAUGAUGAAAGGGCAU,sim,0.766845,0.666440,0.692127,hsa-mir-130b,kmer:GU:0.0015; kmer:AA:0.0013; kmer:GUG:0.0007; kmer:GUGC:0.0006; kmer:AAU:0.0006; kmer:AGUGC:0.0005; kmer:GCA:0.0005; kmer:AAA:0.0004; kmer:GUGCA:0.0004; kmer:UGA:0.0003,mir-19b-3p:0.609; mir-31-5p:0.593; mir-19a-3p:0.593
611,mir-521,MIMAT0002854,AACGCACUUCCCUUUAGAGUGU,sim,0.766462,0.666428,0.692075,hsa-mir-521-1; hsa-mir-521-2,kmer:GU:0.0029; kmer:UGU:0.0008; kmer:UA:0.0007; kmer:GUG:0.0007; kmer:UAG:0.0006; kmer:AA:0.0004; kmer:AGUG:0.0003; kmer:GCA:0.0002; kmer:AGU:0.0002; kmer:UUA:0.0002,mir-520c-3p:0.653; mir-125a-5p:0.582; mir-125b-5p:0.526
612,mir-26b-5p,MIMAT0000083,UUCAAGUAAUUCAGGAUAGGU,nao,0.766080,0.666428,0.692074,,kmer:GU:0.0030; kmer:UA:0.0015; kmer:AA:0.0009; kmer:UAG:0.0006; kmer:AAU:0.0006; kmer:GUA:0.0004; kmer:UAA:0.0003; kmer:AGU:0.0002; kmer:AGGU:0.0002; kmer:AAGU:0.0002,mir-24-3p:0.546; let-7a-5p:0.525; mir-155-5p:0.502
613,mir-1298-5p,MIMAT0005800,UUCAUUCGGCUGUCCAGAUGUA,nao,0.765697,0.666422,0.692046,,kmer:GU:0.0025; kmer:UGU:0.0013; kmer:UA:0.0006; kmer:GUA:0.0003; kmer:UGUC:0.0002; kmer:UCG:0.0002; kmer:UUCG:0.0001; kmer:CGGC:0.0001; kmer:GAUGU:0.0001; kmer:UCCAG:0.0001,mir-181b-5p:0.628; mir-205-5p:0.599; mir-25-3p:0.469
614,mir-205-3p,MIMAT0009197,GAUUUCAGUGGAGUGAAGUUC,nao,0.765314,0.666417,0.692025,,kmer:GU:0.0046; kmer:GUG:0.0014; kmer:AGU:0.0007; kmer:AGUG:0.0006; kmer:AA:0.0004; kmer:GUU:0.0004; kmer:AAGU:0.0002; kmer:AGUU:0.0002; kmer:CAGU:0.0002; kmer:UGA:0.0002,mir-382-5p:0.664; mir-373-3p:0.622; mir-206:0.527
615,mir-4509,MIMAT0019046,ACUAAAGGAUAUAGAAGGUUUU,nao,0.764931,0.666416,0.692019,,kmer:UA:0.0022; kmer:GU:0.0015; kmer:AA:0.0013; kmer:UAG:0.0006; kmer:AAA:0.0004; kmer:GUU:0.0003; kmer:UAA:0.0003; kmer:AGGU:0.0002; kmer:CUAA:0.0002; kmer:AUAG:0.0002,mir-520c-3p:0.545; mir-20a-5p:0.514; let-7a-5p:0.514
616,mir-1272,MIMAT0005925,GAUGAUGAUGGCAGCAAAUUCUGAAA,nao,0.764548,0.666412,0.691999,,kmer:AA:0.0014; kmer:AAA:0.0006; kmer:AAU:0.0004; kmer:GCA:0.0004; kmer:UGA:0.0004; kmer:AGCA:0.0003; kmer:AAAU:0.0002; kmer:CAGCA:0.0002; kmer:CAAA:0.0002; kmer:GCAGC:0.0002,mir-19a-3p:0.583; mir-19b-3p:0.567; mir-31-5p:0.528
617,mir-3167,MIMAT0015042,AGGAUUUCAGAAAUACUGGUGU,nao,0.764165,0.666411,0.691995,,kmer:GU:0.0026; kmer:AA:0.0008; kmer:UGU:0.0007; kmer:UA:0.0006; kmer:GUG:0.0006; kmer:AAU:0.0005; kmer:AAA:0.0003; kmer:AAAU:0.0003; kmer:AAAUA:0.0003; kmer:AAUA:0.0002,mir-373-3p:0.541; mir-1246:0.536; mir-382-5p:0.520
618,mir-4501,MIMAT0019037,UAUGUGACCUCGGAUGAAUCA,nao,0.763783,0.666405,0.691968,,kmer:GU:0.0016; kmer:UGU:0.0008; kmer:UA:0.0008; kmer:GUG:0.0007; kmer:AAU:0.0006; kmer:AA:0.0005; kmer:UGUG:0.0005; kmer:AAUC:0.0004; kmer:UGA:0.0003; kmer:GAAU:0.0002,mir-425-5p:0.538; mir-21-5p:0.515; mir-1-3p:0.478
619,mir-4772-5p,MIMAT0019926,UGAUCAGGCAAAAUUGCAGACU,nao,0.763400,0.666400,0.691949,,kmer:AA:0.0012; kmer:AAA:0.0007; kmer:AAU:0.0005; kmer:GCA:0.0004; kmer:AAAU:0.0003; kmer:UGCA:0.0002; kmer:CAAA:0.0002; kmer:GCAG:0.0002; kmer:UUG:0.0002; kmer:GCAAA:0.0002,mir-19a-3p:0.617; mir-19b-3p:0.617; mir-191-5p:0.562
620,mir-4422,MIMAT0018935,AAAAGCAUCAGGAAGUACCCA,nao,0.763017,0.666399,0.691944,,kmer:AA:0.0018; kmer:GU:0.0015; kmer:AAA:0.0008; kmer:UA:0.0008; kmer:GUA:0.0004; kmer:AGCA:0.0004; kmer:ACCC:0.0003; kmer:GCA:0.0003; kmer:AGU:0.0002; kmer:AAGU:0.0002,mir-191-5p:0.674; mir-24-3p:0.559; mir-106a-5p:0.531
621,mir-6869-5p,MIMAT0027638,GUGAGUAGUGGCGCGCGGCGGC,nao,0.762634,0.666399,0.691944,,kmer:GU:0.0044; kmer:GUG:0.0013; kmer:UA:0.0007; kmer:UAG:0.0006; kmer:GUAG:0.0005; kmer:AGU:0.0005; kmer:GUA:0.0003; kmer:CGGC:0.0003; kmer:AGUG:0.0003; kmer:CG:0.0002,mir-1307-3p:0.599; mir-4634:0.588; mir-210-3p:0.554
622,mir-4423-5p,MIMAT0019232,AGUUGCCUUUUUGUUCCCAUGC,nao,0.762251,0.666395,0.691923,,kmer:GU:0.0027; kmer:UGU:0.0007; kmer:GUU:0.0006; kmer:UUGU:0.0005; kmer:UUG:0.0004; kmer:AGU:0.0002; kmer:AGUU:0.0002; kmer:GUUG:0.0002; kmer:UUUGU:0.0002; kmer:UCCC:0.0001,mir-520c-3p:0.545; mir-145-5p:0.544; mir-373-3p:0.519
623,mir-4800-3p,MIMAT0019979,CAUCCGUCCGUCUGUCCAC,nao,0.761868,0.666391,0.691907,,kmer:GU:0.0056; kmer:CGU:0.0012; kmer:UGU:0.0010; kmer:UGUC:0.0003; kmer:CCGU:0.0003; kmer:AUCC:0.0002; kmer:CCG:0.0002; kmer:AUC:0.0001; kmer:CG:0.0001; kmer:UCCA:0.0001,mir-205-5p:0.615; mir-139-5p:0.522; mir-99a-5p:0.513
624,mir-22-3p,MIMAT0000077,AAGCUGCCAGUUGAAGAACUGU,nao,0.761485,0.666390,0.691901,,kmer:GU:0.0029; kmer:AA:0.0013; kmer:UGU:0.0008; kmer:GUU:0.0003; kmer:AGU:0.0002; kmer:AGUU:0.0002; kmer:UUG:0.0002; kmer:GUUG:0.0002; kmer:CAGUU:0.0002; kmer:GUUGA:0.0002,mir-191-5p:0.519; mir-93-5p:0.504; mir-21-5p:0.501
625,mir-1193,MIMAT0015049,GGGAUGGUAGACCGGUGACGUGC,nao,0.761103,0.666382,0.691868,,kmer:GU:0.0041; kmer:GUG:0.0012; kmer:UA:0.0007; kmer:UAG:0.0006; kmer:GUGC:0.0006; kmer:GUAG:0.0005; kmer:CGU:0.0004; kmer:GGUAG:0.0004; kmer:CGUG:0.0003; kmer:GUA:0.0003,let-7b-5p:0.535; mir-6861-5p:0.529; mir-210-3p:0.516
626,mir-5689,MIMAT0022481,AGCAUACACCUGUAGUCCUAGA,nao,0.760720,0.666378,0.691847,,kmer:GU:0.0031; kmer:UA:0.0023; kmer:UAG:0.0013; kmer:UGU:0.0008; kmer:GUAG:0.0005; kmer:GUA:0.0004; kmer:AGCA:0.0004; kmer:GCA:0.0003; kmer:AGU:0.0003; kmer:CCUGU:0.0001,mir-10b-5p:0.517; let-7a-5p:0.500; mir-139-5p:0.492
627,mir-5702,MIMAT0022495,UGAGUCAGCAACAUAUCCCAUG,nao,0.760337,0.666373,0.691826,,kmer:GU:0.0015; kmer:UA:0.0007; kmer:AA:0.0004; kmer:AGCA:0.0003; kmer:CAGCA:0.0003; kmer:GCA:0.0002; kmer:AGU:0.0002; kmer:AUCC:0.0002; kmer:CAGC:0.0002; kmer:UCCC:0.0002,mir-191-5p:0.540; mir-24-3p:0.516; mir-223-3p:0.515
628,mir-3174,MIMAT0015051,UAGUGAGUUAGAGAUGCAGAGCC,nao,0.759954,0.666373,0.691825,,kmer:GU:0.0029; kmer:UA:0.0014; kmer:UAG:0.0012; kmer:GUG:0.0006; kmer:AGU:0.0005; kmer:GUU:0.0003; kmer:AGUG:0.0003; kmer:UGCA:0.0003; kmer:GCA:0.0002; kmer:UUA:0.0002,mir-20a-5p:0.534; let-7a-5p:0.514; mir-17-5p:0.496
629,mir-30e-3p,MIMAT0000693,CUUUCAGUCGGAUGUUUACAGC,sim,0.759571,0.666367,0.691798,hsa-mir-30e,kmer:GU:0.0028; kmer:UGU:0.0007; kmer:UA:0.0007; kmer:GUU:0.0003; kmer:AGU:0.0002; kmer:UUA:0.0002; kmer:UCG:0.0002; kmer:CAGC:0.0002; kmer:CAGU:0.0001; kmer:UUAC:0.0001,mir-24-3p:0.555; mir-21-5p:0.491; mir-520c-3p:0.491
630,mir-499b-3p,MIMAT0019898,AACAUCACUGCAAGUCUUAACA,nao,0.759188,0.666363,0.691782,,kmer:GU:0.0015; kmer:AA:0.0013; kmer:UA:0.0007; kmer:CUUA:0.0004; kmer:UAA:0.0003; kmer:UGCA:0.0003; kmer:AAC:0.0003; kmer:GCA:0.0002; kmer:AGU:0.0002; kmer:UUA:0.0002,mir-200a-3p:0.555; mir-19a-3p:0.525; mir-19b-3p:0.519
631,mir-3672,MIMAT0018095,AUGAGACUCAUGUAAAACAUCUU,nao,0.758806,0.666360,0.691769,,kmer:GU:0.0014; kmer:AA:0.0012; kmer:AAA:0.0007; kmer:UGU:0.0007; kmer:UA:0.0007; kmer:GUA:0.0003; kmer:UAA:0.0003; kmer:UGA:0.0001; kmer:UAAA:0.0001; kmer:AAC:0.0001,mir-19a-3p:0.537; mir-1-3p:0.534; mir-19b-3p:0.522
632,mir-509-3-5p,MIMAT0004975,UACUGCAGACGUGGCAAUCAUG,nao,0.758423,0.666359,0.691762,,kmer:GU:0.0015; kmer:UA:0.0007; kmer:GUG:0.0007; kmer:AAU:0.0006; kmer:GCA:0.0005; kmer:CGU:0.0005; kmer:AA:0.0004; kmer:CGUG:0.0004; kmer:AAUC:0.0003; kmer:UGCA:0.0003,mir-31-5p:0.580; mir-19b-3p:0.559; mir-19a-3p:0.547
633,mir-424-3p,MIMAT0004749,CAAAACGUGAGGCGCUGCUAU,nao,0.758040,0.666354,0.691740,,kmer:GU:0.0016; kmer:AA:0.0014; kmer:AAA:0.0009; kmer:UA:0.0008; kmer:GUG:0.0007; kmer:CGU:0.0005; kmer:CGUG:0.0004; kmer:CAAA:0.0003; kmer:UGCU:0.0002; kmer:UGA:0.0002,mir-19a-3p:0.599; mir-191-5p:0.559; mir-19b-3p:0.545
634,mir-489-3p,MIMAT0002805,GUGACAUCACAUAUACGGCAGC,nao,0.757657,0.666351,0.691729,,kmer:GU:0.0015; kmer:UA:0.0015; kmer:GUG:0.0007; kmer:GCA:0.0003; kmer:GCAGC:0.0003; kmer:GCAG:0.0002; kmer:CAGC:0.0002; kmer:UGA:0.0002; kmer:CGGC:0.0002; kmer:UGACA:0.0001,mir-195-5p:0.544; mir-16-5p:0.504; mir-425-5p:0.476
635,mir-4759,MIMAT0019905,UAGGACUAGAUGUUGGAAUUA,nao,0.757274,0.666348,0.691711,,kmer:UA:0.0022; kmer:GU:0.0015; kmer:UAG:0.0013; kmer:UGU:0.0008; kmer:AAU:0.0006; kmer:AA:0.0004; kmer:GUU:0.0004; kmer:UUA:0.0002; kmer:GAAU:0.0002; kmer:GGAAU:0.0002,mir-21-5p:0.587; mir-1-3p:0.530; mir-206:0.525
636,mir-5010-3p,MIMAT0021044,UUUUGUGUCUCCCAUUCCCCAG,nao,0.756891,0.666345,0.691702,,kmer:GU:0.0025; kmer:UGU:0.0013; kmer:GUG:0.0006; kmer:UUGU:0.0004; kmer:UGUG:0.0004; kmer:UCCC:0.0003; kmer:UUGUG:0.0002; kmer:UGUC:0.0002; kmer:UUG:0.0002; kmer:UUUGU:0.0001,mir-145-5p:0.684; mir-223-3p:0.574; mir-205-5p:0.563
637,mir-552-5p,MIMAT0026615,GUUUAACCUUUUGCCUGUUGG,nao,0.756508,0.666343,0.691691,,kmer:GU:0.0030; kmer:UGU:0.0008; kmer:UA:0.0007; kmer:GUU:0.0007; kmer:AA:0.0004; kmer:UUG:0.0004; kmer:UAA:0.0003; kmer:UUA:0.0002; kmer:GUUG:0.0002; kmer:UAAC:0.0002,mir-125a-5p:0.563; mir-520c-3p:0.554; mir-373-3p:0.537
638,mir-552-3p,MIMAT0003215,AACAGGUGACUGGUUAGACAA,nao,0.756126,0.666340,0.691679,,kmer:GU:0.0030; kmer:AA:0.0009; kmer:UA:0.0007; kmer:GUG:0.0007; kmer:UAG:0.0006; kmer:GUU:0.0003; kmer:UUA:0.0002; kmer:AGGU:0.0002; kmer:CAGGU:0.0002; kmer:UGA:0.0002,mir-200a-3p:0.518; let-7b-5p:0.499; mir-6875-5p:0.498
639,mir-4761-5p,MIMAT0019908,ACAAGGUGUGCAUGCCUGACC,nao,0.755743,0.666337,0.691662,,kmer:GU:0.0031; kmer:GUG:0.0014; kmer:UGU:0.0008; kmer:GUGC:0.0006; kmer:AA:0.0005; kmer:UGUG:0.0005; kmer:GUGCA:0.0004; kmer:UGCA:0.0003; kmer:GCA:0.0003; kmer:AGGU:0.0002,mir-210-3p:0.617; mir-19b-3p:0.588; mir-19a-3p:0.549
640,mir-124-5p,MIMAT0004591,CGUGUUCACAGCGGACCUUGAU,sim,0.755360,0.666337,0.691662,hsa-mir-124-1; hsa-mir-124-2; hsa-mir-124-3,kmer:GU:0.0029; kmer:UGU:0.0007; kmer:GUG:0.0006; kmer:CGU:0.0005; kmer:CGUG:0.0003; kmer:GUU:0.0003; kmer:UUG:0.0002; kmer:CAGC:0.0002; kmer:UGA:0.0001; kmer:CGUGU:0.0001,mir-210-3p:0.583; mir-425-5p:0.509; mir-382-5p:0.504
641,mir-520a-3p,MIMAT0002834,AAAGUGCUUCCCUUUGGACUGU,sim,0.754977,0.666335,0.691656,hsa-mir-520a,kmer:GU:0.0025; kmer:AA:0.0007; kmer:UGU:0.0006; kmer:GUG:0.0006; kmer:GUGC:0.0005; kmer:AGUGC:0.0004; kmer:AAA:0.0003; seed:AAGUGCU:0.0003; kmer:AAGUG:0.0003; kmer:AGUG:0.0002,mir-520c-3p:0.739; mir-373-3p:0.665; mir-125a-5p:0.559
642,mir-99b-3p,MIMAT0004678,CAAGCUCGUGUCUGUGGGUCCG,sim,0.754594,0.666326,0.691616,hsa-mir-99b,kmer:GU:0.0055; kmer:UGU:0.0014; kmer:GUG:0.0012; kmer:CGU:0.0004; kmer:AA:0.0004; kmer:UGUG:0.0004; kmer:CGUG:0.0003; kmer:UCGUG:0.0003; kmer:UGUC:0.0002; kmer:UCGU:0.0002,mir-1307-3p:0.602; mir-34a-5p:0.588; mir-139-5p:0.571
643,mir-3688-5p,MIMAT0019223,AGUGGCAAAGUCUUUCCAUAU,nao,0.754211,0.666325,0.691611,,kmer:GU:0.0029; kmer:AA:0.0009; kmer:UA:0.0007; kmer:GUG:0.0007; kmer:AGU:0.0005; kmer:AAA:0.0004; kmer:AGUG:0.0003; kmer:CAAA:0.0003; kmer:GCA:0.0002; kmer:AAGU:0.0002,mir-520c-3p:0.549; mir-17-5p:0.512; mir-93-5p:0.502
644,mir-433-5p,MIMAT0026554,UACGGUGAGCCUGUCAUUAUUC,nao,0.753828,0.666324,0.691604,,kmer:GU:0.0029; kmer:UA:0.0014; kmer:UGU:0.0008; kmer:GUG:0.0007; kmer:UGUC:0.0002; kmer:UUA:0.0002; kmer:UGA:0.0001; kmer:UUAU:0.0001; kmer:UAUU:0.0001; kmer:CCUGU:0.0001,mir-181b-5p:0.626; mir-92a-3p:0.535; mir-205-5p:0.530
645,mir-4310,MIMAT0016862,GCAGCAUUCAUGUCCC,nao,0.753446,0.666322,0.691599,,kmer:GU:0.0019; kmer:UGU:0.0010; kmer:GCA:0.0006; kmer:AGCA:0.0005; kmer:CAGCA:0.0003; kmer:GCAGC:0.0003; kmer:UGUC:0.0003; kmer:GCAG:0.0003; kmer:CAGC:0.0002; kmer:UCCC:0.0002,mir-205-5p:0.534; mir-497-5p:0.490; mir-181b-5p:0.490
646,mir-12130,MIMAT0049024,CGGGUUGUACCUUUUUUGC,nao,0.753063,0.666321,0.691591,,kmer:GU:0.0034; kmer:UGU:0.0009; kmer:UA:0.0008; kmer:UUGU:0.0006; kmer:UUG:0.0005; kmer:GUA:0.0004; kmer:GUU:0.0004; kmer:GUUG:0.0002; kmer:GUUGU:0.0002; kmer:UACC:0.0002,mir-373-3p:0.596; mir-520c-3p:0.569; mir-1246:0.543
647,mir-122b-3p,MIMAT0019877,AAACACCAUUGUCACACUCCAC,nao,0.752680,0.666320,0.691585,,kmer:GU:0.0014; kmer:AA:0.0008; kmer:UGU:0.0007; kmer:UUGU:0.0005; kmer:AAA:0.0004; kmer:UGUC:0.0002; kmer:UUG:0.0002; kmer:UUGUC:0.0002; kmer:AUUG:0.0001; kmer:AAC:0.0001,mir-425-5p:0.532; mir-223-3p:0.483; mir-497-5p:0.463
648,mir-1304-5p,MIMAT0005892,UUUGAGGCUACAGUGAGAUGUG,nao,0.752297,0.666313,0.691556,,kmer:GU:0.0029; kmer:GUG:0.0013; kmer:UGU:0.0007; kmer:UA:0.0007; kmer:UGUG:0.0004; kmer:UGA:0.0003; kmer:AGUG:0.0003; kmer:AGU:0.0002; kmer:UUG:0.0002; kmer:CAGU:0.0001,mir-21-5p:0.554; mir-210-3p:0.549; let-7b-5p:0.536
649,mir-466,MIMAT0015002,AUACACAUACACGCAACACACAU,nao,0.751914,0.666301,0.691503,,kmer:UA:0.0016; kmer:AA:0.0005; kmer:GCA:0.0003; kmer:AAC:0.0001; kmer:CACG:0.0001; kmer:GCAA:0.0001; kmer:ACACG:0.0001; kmer:CG:0.0001,mir-425-5p:0.411; mir-497-5p:0.407; mir-195-5p:0.387
650,mir-5580-3p,MIMAT0022274,CACAUAUGAAGUGAGCCAGCAC,nao,0.751531,0.666298,0.691489,,kmer:GU:0.0016; kmer:UA:0.0008; kmer:GUG:0.0007; kmer:AA:0.0005; kmer:AGCA:0.0004; kmer:AAGUG:0.0003; kmer:UGA:0.0003; kmer:AGUG:0.0003; kmer:CAGCA:0.0003; kmer:GCA:0.0003,mir-195-5p:0.626; mir-497-5p:0.580; mir-16-5p:0.517
651,mir-549a-5p,MIMAT0037328,AGCUCAUCCAUAGUUGUCACUG,nao,0.751149,0.666295,0.691475,,kmer:GU:0.0028; kmer:UGU:0.0007; kmer:UA:0.0007; kmer:UAG:0.0006; kmer:UUGU:0.0005; kmer:GUU:0.0003; kmer:UGUC:0.0002; kmer:AGU:0.0002; kmer:AGUU:0.0002; kmer:UUG:0.0002,mir-223-3p:0.550; mir-205-5p:0.527; mir-25-3p:0.511
652,mir-3120-5p,MIMAT0019198,CCUGUCUGUGCCUGCUGUACA,nao,0.750766,0.666295,0.691474,,kmer:GU:0.0043; kmer:UGU:0.0022; kmer:UA:0.0007; kmer:GUG:0.0006; kmer:GUGC:0.0006; kmer:UGUG:0.0004; kmer:GUA:0.0003; kmer:UGUC:0.0002; kmer:UGCU:0.0002; kmer:UGUCU:0.0001,mir-210-3p:0.588; mir-92a-3p:0.566; mir-200a-3p:0.547
653,mir-4762-3p,MIMAT0019911,CUUCUGAUCAAGAUUUGUGGUG,nao,0.750383,0.666289,0.691450,,kmer:GU:0.0027; kmer:GUG:0.0012; kmer:UGU:0.0007; kmer:UUGU:0.0005; kmer:AA:0.0004; kmer:UGUG:0.0004; kmer:UUGUG:0.0003; kmer:CUGA:0.0002; kmer:UUG:0.0002; kmer:UUUGU:0.0002,mir-373-3p:0.625; mir-382-5p:0.594; mir-21-5p:0.527
654,mir-3689a-3p,MIMAT0018118,CUGGGAGGUGUGAUAUCGUGGU,nao,0.750000,0.666286,0.691435,,kmer:GU:0.0054; kmer:GUG:0.0018; kmer:UGU:0.0007; kmer:UA:0.0007; kmer:CGU:0.0004; kmer:UGUG:0.0004; kmer:CGUG:0.0003; kmer:UCGUG:0.0002; kmer:UCGU:0.0002; kmer:UCG:0.0002,let-7b-5p:0.643; mir-206:0.620; mir-382-5p:0.619
655,mir-30a-3p,MIMAT0000088,CUUUCAGUCGGAUGUUUGCAGC,sim,0.749617,0.666280,0.691408,hsa-mir-30a,kmer:GU:0.0027; kmer:UGU:0.0007; kmer:GUU:0.0003; kmer:UGCA:0.0003; kmer:GCA:0.0002; kmer:GCAGC:0.0002; kmer:AGU:0.0002; kmer:GCAG:0.0002; kmer:UCG:0.0002; kmer:UUG:0.0002,mir-24-3p:0.560; mir-497-5p:0.544; mir-1246:0.541
656,mir-1471,MIMAT0007349,GCCCGCGUGUGGAGCCAGGUGU,nao,0.749234,0.666276,0.691389,,kmer:GU:0.0061; kmer:GUG:0.0020; kmer:UGU:0.0016; kmer:CGU:0.0005; kmer:UGUG:0.0004; kmer:CGUG:0.0004; kmer:AGGU:0.0002; kmer:CAGGU:0.0002; kmer:GUGUG:0.0001; kmer:GUGU:0.0001,mir-210-3p:0.611; mir-206:0.578; let-7b-5p:0.560
657,mir-4457,MIMAT0018979,UCACAAGGUAUUGACUGGCGUA,nao,0.748851,0.666274,0.691382,,kmer:GU:0.0030; kmer:UA:0.0015; kmer:GUA:0.0007; kmer:CGU:0.0005; kmer:AA:0.0004; kmer:AGGUA:0.0004; kmer:GGUA:0.0003; kmer:UAUUG:0.0002; kmer:AGGU:0.0002; kmer:UUG:0.0002,mir-16-5p:0.517; mir-200a-3p:0.513; let-7a-5p:0.482
658,mir-655-3p,MIMAT0003331,AUAAUACAUGGUUAACCUCUUU,nao,0.748469,0.666269,0.691359,,kmer:UA:0.0024; kmer:GU:0.0016; kmer:AA:0.0009; kmer:UAA:0.0006; kmer:AAU:0.0006; kmer:GUU:0.0004; kmer:UUA:0.0003; kmer:AAUA:0.0002; kmer:UAAC:0.0002; kmer:AAC:0.0001,mir-155-5p:0.529; mir-365a-3p:0.501; mir-451a:0.495
659,mir-4676-5p,MIMAT0019758,GAGCCAGUGGUGAGACAGUGA,nao,0.748086,0.666269,0.691358,,kmer:GU:0.0044; kmer:GUG:0.0020; kmer:AGUG:0.0006; kmer:AGU:0.0005; kmer:CAGU:0.0003; kmer:UGA:0.0003; kmer:CAGUG:0.0002; kmer:ACAG:0.0001; kmer:GAGAC:0.0001; kmer:CCAGU:0.0001,mir-6875-5p:0.551; mir-17-5p:0.528; mir-139-5p:0.522
660,mir-216b-3p,MIMAT0026721,ACACACUUACCCGUAGAGAUUCUA,sim,0.747703,0.666240,0.691230,hsa-mir-216b,kmer:UA:0.0019; kmer:GU:0.0013; kmer:UAG:0.0005; kmer:GUAG:0.0004; kmer:CGU:0.0004; kmer:GUA:0.0003; kmer:CUUA:0.0003; kmer:ACCC:0.0002; kmer:UUA:0.0002; kmer:UACCC:0.0001,mir-99a-5p:0.524; mir-451a:0.507; mir-425-5p:0.484
661,mir-95-3p,MIMAT0000094,UUCAACGGGUAUUUAUUGAGCA,nao,0.747320,0.666236,0.691208,,kmer:GU:0.0016; kmer:UA:0.0016; kmer:AA:0.0005; kmer:GUA:0.0004; kmer:AGCA:0.0004; kmer:GGUA:0.0003; kmer:UAUU:0.0003; kmer:GCA:0.0003; kmer:UAUUG:0.0003; kmer:UUA:0.0003,mir-1246:0.513; mir-16-5p:0.513; mir-181b-5p:0.506
662,mir-26a-2-3p,MIMAT0004681,CCUAUUCUUGAUUACUUGUUUC,nao,0.746937,0.666235,0.691207,,kmer:GU:0.0015; kmer:UA:0.0014; kmer:UGU:0.0008; kmer:UUGU:0.0005; kmer:UUG:0.0004; kmer:GUU:0.0003; kmer:CUUGU:0.0003; kmer:UUA:0.0002; kmer:ACUUG:0.0002; kmer:UGA:0.0001,mir-92a-3p:0.505; mir-25-3p:0.504; mir-21-5p:0.487
663,mir-409-5p,MIMAT0001638,AGGUUACCCGAGCAACUUUGCAU,nao,0.746554,0.666234,0.691202,,kmer:GU:0.0014; kmer:UA:0.0007; kmer:GCA:0.0005; kmer:AA:0.0004; kmer:AGCA:0.0003; kmer:GUU:0.0003; kmer:UGCA:0.0003; kmer:ACCC:0.0002; kmer:UUA:0.0002; kmer:AGGU:0.0002,mir-451a:0.550; mir-497-5p:0.483; mir-92a-3p:0.480
664,mir-3944-5p,MIMAT0019231,UGUGCAGCAGGCCAACCGAGA,nao,0.746172,0.666234,0.691201,,kmer:GU:0.0015; kmer:UGU:0.0008; kmer:GUG:0.0007; kmer:GUGC:0.0006; kmer:GCA:0.0005; kmer:GCAG:0.0005; kmer:AA:0.0004; kmer:UGUG:0.0004; kmer:GUGCA:0.0004; kmer:AGCA:0.0004,mir-24-3p:0.591; mir-497-5p:0.565; mir-195-5p:0.550
665,mir-183-3p,MIMAT0004560,GUGAAUUACCGAAGGGCCAUAA,nao,0.745789,0.666233,0.691197,,kmer:GU:0.0015; kmer:UA:0.0015; kmer:AA:0.0014; kmer:GUG:0.0007; kmer:AAU:0.0006; kmer:UAA:0.0003; kmer:UUA:0.0002; kmer:GAAU:0.0002; kmer:ACCG:0.0002; kmer:CGA:0.0002,mir-10b-5p:0.571; mir-451a:0.528; mir-155-5p:0.491
666,mir-129-2-3p,MIMAT0004605,AAGCCCUUACCCCAAAAAGCAU,nao,0.745406,0.666230,0.691184,,kmer:AA:0.0021; kmer:AAA:0.0012; kmer:UA:0.0007; kmer:CUUA:0.0003; kmer:AGCA:0.0003; kmer:CAAA:0.0003; kmer:ACCC:0.0003; kmer:GCA:0.0002; kmer:UUA:0.0002; kmer:UACCC:0.0002,mir-191-5p:0.668; mir-365a-3p:0.657; mir-223-3p:0.476
667,mir-7-1-3p,MIMAT0004553,CAACAAAUCACAGUCUGCCAUA,nao,0.745023,0.666230,0.691183,,kmer:GU:0.0015; kmer:AA:0.0014; kmer:UA:0.0008; kmer:AAU:0.0006; kmer:AAA:0.0004; kmer:AAUC:0.0003; kmer:AAAU:0.0003; kmer:CAAA:0.0003; kmer:AGU:0.0002; kmer:CAAAU:0.0002,mir-19b-3p:0.578; mir-191-5p:0.565; mir-19a-3p:0.542
668,mir-4288,MIMAT0016918,UUGUCUGCUGAGUUUCC,nao,0.744640,0.666228,0.691174,,kmer:GU:0.0034; kmer:UGU:0.0009; kmer:UUGU:0.0006; kmer:GUU:0.0004; kmer:UGUC:0.0003; kmer:AGU:0.0003; kmer:CUGA:0.0002; kmer:AGUU:0.0002; kmer:UUG:0.0002; kmer:UUGUC:0.0002,mir-25-3p:0.577; mir-34a-5p:0.541; mir-205-5p:0.513
669,mir-3117-5p,MIMAT0019197,AGACACUAUACGAGUCAUAU,nao,0.744257,0.666227,0.691169,,kmer:UA:0.0027; kmer:GU:0.0018; kmer:AGU:0.0003; kmer:CGA:0.0002; kmer:UAU:0.0001; kmer:ACGA:0.0001; kmer:CG:0.0001; kmer:GACAC:0.0000; kmer:AGAC:0.0000; kmer:ACACU:0.0000,mir-425-5p:0.467; mir-200a-3p:0.427; mir-21-5p:0.418
670,mir-875-3p,MIMAT0004923,CCUGGAAACACUGAGGUUGUG,nao,0.743874,0.666224,0.691155,,kmer:GU:0.0027; kmer:AA:0.0008; kmer:UGU:0.0007; kmer:GUG:0.0006; kmer:UUGU:0.0005; kmer:UGUG:0.0004; kmer:AAA:0.0004; kmer:GUU:0.0003; kmer:UUGUG:0.0003; kmer:ACUGA:0.0002,let-7b-5p:0.576; mir-200a-3p:0.568; mir-206:0.544
671,mir-6771-3p,MIMAT0027443,CAAACCCCUGUCUACCCGCAG,nao,0.743492,0.666221,0.691143,,kmer:GU:0.0015; kmer:AA:0.0009; kmer:UGU:0.0008; kmer:UA:0.0007; kmer:ACCC:0.0005; kmer:AAA:0.0004; kmer:CAAA:0.0003; kmer:GCA:0.0003; kmer:UGUC:0.0002; kmer:GCAG:0.0002,mir-125a-5p:0.602; mir-223-3p:0.558; mir-10b-5p:0.544
672,mir-3646,MIMAT0018065,AAAAUGAAAUGAGCCCAGCCCA,nao,0.743109,0.666221,0.691142,,kmer:AA:0.0022; kmer:AAA:0.0012; kmer:AAU:0.0011; kmer:AAAU:0.0006; kmer:AAUG:0.0004; kmer:UGA:0.0003; kmer:CAGC:0.0002; kmer:GAAAU:0.0001; kmer:AAUGA:0.0001; kmer:CAG:0.0000,mir-191-5p:0.610; mir-365a-3p:0.595; mir-19b-3p:0.511
673,mir-495-3p,MIMAT0002817,AAACAAACAUGGUGCACUUCUU,nao,0.742726,0.666219,0.691134,,kmer:AA:0.0018; kmer:GU:0.0015; kmer:AAA:0.0008; kmer:GUG:0.0007; kmer:GUGC:0.0006; kmer:GUGCA:0.0004; kmer:UGCA:0.0003; kmer:CAAA:0.0003; kmer:AAC:0.0003; kmer:GCA:0.0003,mir-19a-3p:0.607; mir-19b-3p:0.606; mir-200a-3p:0.498
674,mir-4438,MIMAT0018956,CACAGGCUUAGAAAAGACAGU,nao,0.742343,0.666218,0.691130,,kmer:GU:0.0014; kmer:AA:0.0012; kmer:AAA:0.0007; kmer:UA:0.0007; kmer:UAG:0.0006; kmer:CUUA:0.0003; kmer:GCUUA:0.0003; kmer:AGU:0.0002; kmer:UUA:0.0002; kmer:ACAG:0.0002,mir-106a-5p:0.616; mir-17-5p:0.586; mir-24-3p:0.568
675,mir-4471,MIMAT0018998,UGGGAACUUAGUAGAGGUUUAA,nao,0.741960,0.666218,0.691129,,kmer:GU:0.0028; kmer:UA:0.0021; kmer:UAG:0.0012; kmer:AA:0.0008; kmer:GUAG:0.0005; kmer:UUA:0.0004; kmer:GUA:0.0003; kmer:CUUA:0.0003; kmer:GUU:0.0003; kmer:UAA:0.0003,let-7a-5p:0.654; mir-520c-3p:0.607; let-7b-5p:0.601
676,mir-4779,MIMAT0019938,UAGGAGGGAAUAGUAAAAGCAG,nao,0.741577,0.666210,0.691095,,kmer:UA:0.0021; kmer:AA:0.0016; kmer:GU:0.0014; kmer:UAG:0.0012; kmer:AAA:0.0007; kmer:AAU:0.0005; kmer:GUA:0.0003; kmer:AGCA:0.0003; kmer:AGCAG:0.0003; kmer:UAA:0.0003,mir-20a-5p:0.566; mir-191-5p:0.548; mir-1-3p:0.544
677,mir-544a,MIMAT0003164,AUUCUGCAUUUUUAGCAAGUUC,nao,0.741194,0.666207,0.691080,,kmer:GU:0.0015; kmer:UA:0.0008; kmer:UAG:0.0006; kmer:GCA:0.0005; kmer:AA:0.0005; kmer:UAGC:0.0004; kmer:AGCA:0.0004; kmer:GUU:0.0004; kmer:UGCA:0.0003; kmer:AGU:0.0002,mir-1246:0.562; mir-520c-3p:0.559; mir-373-3p:0.507
678,mir-3682-3p,MIMAT0018110,UGAUGAUACAGGUGGAGGUAG,nao,0.740812,0.666206,0.691076,,kmer:GU:0.0028; kmer:UA:0.0014; kmer:GUG:0.0006; kmer:UAG:0.0006; kmer:GUAG:0.0005; kmer:AGGU:0.0004; kmer:GGUAG:0.0004; kmer:AGGUA:0.0003; kmer:GUA:0.0003; kmer:GGUA:0.0003,let-7b-5p:0.608; let-7a-5p:0.590; mir-6875-5p:0.547
679,mir-619-3p,MIMAT0003288,GACCUGGACAUGUUUGUGCCCAGU,nao,0.740429,0.666202,0.691057,,kmer:GU:0.0040; kmer:UGU:0.0014; kmer:GUG:0.0006; kmer:GUGC:0.0005; kmer:UUGU:0.0005; kmer:UGUG:0.0004; kmer:GUU:0.0003; kmer:UUGUG:0.0003; kmer:AGU:0.0002; kmer:UUG:0.0002,mir-125a-5p:0.549; mir-10b-5p:0.544; mir-497-5p:0.543
680,mir-1273c,MIMAT0015017,GGCGACAAAACGAGACCCUGUC,nao,0.740046,0.666201,0.691052,,kmer:GU:0.0014; kmer:AA:0.0012; kmer:AAA:0.0007; kmer:UGU:0.0007; kmer:CGA:0.0003; kmer:CAAA:0.0002; kmer:ACCC:0.0002; kmer:UGUC:0.0002; kmer:ACCCU:0.0002; kmer:GACCC:0.0002,mir-125a-5p:0.583; mir-125b-5p:0.554; mir-191-5p:0.512
681,mir-4999-3p,MIMAT0021018,UCACUACCUGACAAUACAGU,nao,0.739663,0.666201,0.691051,,kmer:GU:0.0017; kmer:UA:0.0016; kmer:AAU:0.0006; kmer:AA:0.0005; kmer:AGU:0.0003; kmer:CUGA:0.0002; kmer:AAUA:0.0002; kmer:CAGU:0.0002; kmer:UGA:0.0002; kmer:UACC:0.0002,mir-139-5p:0.511; mir-425-5p:0.510; mir-451a:0.451
682,mir-214-5p,MIMAT0004564,UGCCUGUCUACACUUGCUGUGC,nao,0.739280,0.666194,0.691020,,kmer:GU:0.0026; kmer:UGU:0.0014; kmer:UA:0.0006; kmer:GUG:0.0006; kmer:GUGC:0.0005; kmer:UGUG:0.0004; kmer:UGUC:0.0002; kmer:ACUUG:0.0002; kmer:UUG:0.0002; kmer:UGCU:0.0002,mir-92a-3p:0.639; mir-25-3p:0.583; mir-210-3p:0.580
683,mir-493-3p,MIMAT0003161,UGAAGGUCUACUGUGUGCCAGG,nao,0.738897,0.666193,0.691016,,kmer:GU:0.0043; kmer:UGU:0.0015; kmer:GUG:0.0013; kmer:UGUG:0.0008; kmer:UA:0.0007; kmer:GUGC:0.0006; kmer:AA:0.0004; kmer:AGGU:0.0002; kmer:UGA:0.0001; kmer:GUGUG:0.0001,mir-206:0.632; mir-210-3p:0.616; let-7b-5p:0.589
684,mir-660-3p,MIMAT0022711,ACCUCCUGUGUGCAUGGAUUA,nao,0.738515,0.666193,0.691015,,kmer:GU:0.0030; kmer:UGU:0.0016; kmer:GUG:0.0013; kmer:UGUG:0.0009; kmer:UA:0.0007; kmer:GUGC:0.0006; kmer:GUGCA:0.0004; kmer:UGCA:0.0003; kmer:GCA:0.0002; kmer:UUA:0.0002,mir-210-3p:0.554; mir-125a-5p:0.552; mir-206:0.542
685,mir-3910,MIMAT0018184,AAAGGCAUAAAACCAAGACA,nao,0.738132,0.666189,0.690997,,kmer:AA:0.0033; kmer:AAA:0.0015; kmer:UA:0.0009; kmer:UAA:0.0004; kmer:GCA:0.0003; kmer:UAAA:0.0002; kmer:AAC:0.0002; kmer:AACC:0.0002; kmer:AAAG:0.0001; kmer:AAAAC:0.0001,mir-191-5p:0.646; mir-19b-3p:0.547; mir-19a-3p:0.520
686,mir-3935,MIMAT0018350,UGUAGAUACGAGCACCAGCCAC,nao,0.737749,0.666189,0.690997,,kmer:GU:0.0016; kmer:UA:0.0016; kmer:UGU:0.0008; kmer:UAG:0.0007; kmer:GUAG:0.0005; kmer:GUA:0.0004; kmer:AGCA:0.0004; kmer:GCA:0.0003; kmer:GCAC:0.0002; kmer:AGCAC:0.0002,mir-195-5p:0.549; mir-16-5p:0.518; mir-497-5p:0.517
687,mir-3201,MIMAT0015086,GGGAUAUGAAGAAAAAU,nao,0.737366,0.666188,0.690993,,kmer:AA:0.0030; kmer:AAA:0.0016; kmer:UA:0.0010; kmer:AAU:0.0008; kmer:AAAU:0.0004; kmer:UGA:0.0002; kmer:AAAA:0.0001; kmer:AGAAA:0.0001; kmer:UAU:0.0001; kmer:AUAU:0.0000,mir-1-3p:0.588; mir-365a-3p:0.518; mir-19a-3p:0.501
688,mir-587,MIMAT0003253,UUUCCAUAGGUGAUGAGUCAC,nao,0.736983,0.666187,0.690990,,kmer:GU:0.0029; kmer:UA:0.0007; kmer:GUG:0.0007; kmer:UAG:0.0006; kmer:UGA:0.0003; kmer:AGU:0.0002; kmer:AGGU:0.0002; kmer:AUAG:0.0002; kmer:UAGGU:0.0001; kmer:UCCA:0.0001,mir-205-5p:0.516; let-7a-5p:0.494; mir-21-5p:0.478
689,mir-4670-3p,MIMAT0019751,UGAAGUUACAUCAUGGUCGCUU,nao,0.736600,0.666187,0.690989,,kmer:GU:0.0033; kmer:UA:0.0008; kmer:AA:0.0005; kmer:GUU:0.0004; kmer:AGU:0.0003; kmer:UUA:0.0003; kmer:UCG:0.0003; kmer:AAGU:0.0002; kmer:AGUU:0.0002; kmer:UGA:0.0002,mir-181b-5p:0.562; mir-382-5p:0.532; mir-373-3p:0.510
690,mir-150-5p,MIMAT0000451,UCUCCCAACCCUUGUACCAGUG,nao,0.736217,0.666177,0.690947,,kmer:GU:0.0029; kmer:UGU:0.0007; kmer:UA:0.0007; kmer:GUG:0.0006; kmer:UUGU:0.0005; kmer:AA:0.0004; kmer:GUA:0.0003; kmer:CUUGU:0.0003; kmer:AGUG:0.0003; kmer:ACCC:0.0002,mir-125a-5p:0.607; mir-125b-5p:0.592; mir-145-5p:0.590
691,mir-4718,MIMAT0019831,AGCUGUACCUGAAACCAAGCA,nao,0.735835,0.666177,0.690943,,kmer:GU:0.0016; kmer:AA:0.0014; kmer:UGU:0.0008; kmer:UA:0.0008; kmer:AAA:0.0004; kmer:GUA:0.0004; kmer:AGCA:0.0004; kmer:GCA:0.0003; kmer:CUGA:0.0002; kmer:UGA:0.0002,mir-191-5p:0.629; mir-10b-5p:0.533; mir-125a-5p:0.528
692,mir-12117,MIMAT0049011,GAAGUGGAGCACAUCAGUGA,nao,0.735452,0.666170,0.690912,,kmer:GU:0.0031; kmer:GUG:0.0014; kmer:AGUG:0.0006; kmer:AGU:0.0005; kmer:AA:0.0005; kmer:AGCA:0.0004; kmer:AAGUG:0.0003; kmer:GCA:0.0003; kmer:AAGU:0.0002; kmer:GCAC:0.0002,mir-24-3p:0.578; mir-17-5p:0.544; mir-206:0.534
693,mir-454-5p,MIMAT0003884,ACCCUAUCAAUAUUGUCUCUGC,nao,0.735069,0.666164,0.690885,,kmer:GU:0.0014; kmer:UA:0.0014; kmer:UGU:0.0007; kmer:AAU:0.0005; kmer:UUGU:0.0005; kmer:AA:0.0004; kmer:ACCC:0.0002; kmer:UAUUG:0.0002; kmer:UGUC:0.0002; kmer:ACCCU:0.0002,mir-25-3p:0.563; mir-92a-3p:0.524; mir-365a-3p:0.495
694,mir-4692,MIMAT0019783,UCAGGCAGUGUGGGUAUCAGAU,nao,0.734686,0.666158,0.690861,,kmer:GU:0.0039; kmer:GUG:0.0012; kmer:UGU:0.0007; kmer:UA:0.0006; kmer:UGUG:0.0004; kmer:GUA:0.0003; kmer:GGUA:0.0003; kmer:AGUG:0.0002; kmer:GCA:0.0002; kmer:AGU:0.0002,mir-24-3p:0.611; mir-6861-5p:0.547; mir-34a-5p:0.535
695,mir-5682,MIMAT0022470,GUAGCACCUUGCAGGAUAAGGU,nao,0.734303,0.666153,0.690835,,kmer:GU:0.0030; kmer:UA:0.0015; kmer:UAG:0.0006; kmer:GCA:0.0005; kmer:GUAG:0.0005; kmer:AA:0.0004; kmer:UAGC:0.0004; kmer:GUA:0.0004; kmer:AGCA:0.0004; kmer:UAA:0.0003,mir-20a-5p:0.600; mir-17-5p:0.590; mir-106a-5p:0.576
696,mir-4524a-5p,MIMAT0019062,AUAGCAGCAUGAACCUGUCUCA,sim,0.733920,0.666152,0.690834,hsa-mir-4524a,kmer:GU:0.0014; kmer:UGU:0.0007; kmer:UA:0.0007; kmer:AGCA:0.0007; kmer:UAG:0.0006; kmer:GCA:0.0005; kmer:AA:0.0004; kmer:UAGC:0.0003; kmer:AGCAG:0.0003; kmer:CAGCA:0.0002,mir-195-5p:0.576; mir-497-5p:0.552; mir-24-3p:0.549
697,mir-4777-3p,MIMAT0019935,AUACCUCAUCUAGAAUGCUGUA,nao,0.733538,0.666152,0.690834,,kmer:UA:0.0021; kmer:GU:0.0014; kmer:UGU:0.0008; kmer:UAG:0.0006; kmer:AAU:0.0005; kmer:AA:0.0004; kmer:GUA:0.0003; kmer:GAAU:0.0002; kmer:UGCU:0.0002; kmer:AAUG:0.0002,mir-10b-5p:0.514; mir-31-5p:0.482; mir-1-3p:0.478
698,mir-7113-5p,MIMAT0028123,UCCAGGGAGACAGUGUGUGAG,nao,0.733155,0.666151,0.690828,,kmer:GU:0.0041; kmer:GUG:0.0018; kmer:UGU:0.0014; kmer:UGUG:0.0008; kmer:AGUG:0.0003; kmer:GUGUG:0.0002; kmer:AGU:0.0002; kmer:CAGU:0.0001; kmer:UGA:0.0001; kmer:UGUGA:0.0001,mir-6875-5p:0.635; mir-206:0.602; mir-210-3p:0.558
699,mir-4483,MIMAT0019017,GGGGUGGUCUGUUGUUG,nao,0.732772,0.666151,0.690826,,kmer:GU:0.0068; kmer:UGU:0.0018; kmer:GUU:0.0008; kmer:GUG:0.0008; kmer:UUGU:0.0006; kmer:UUG:0.0005; kmer:GUUG:0.0004; kmer:GUUGU:0.0002; kmer:GUGGU:0.0001; kmer:UGUUG:0.0001,let-7b-5p:0.612; mir-382-5p:0.612; mir-34a-5p:0.606
700,mir-376c-3p,MIMAT0000720,AACAUAGAGGAAAUUCCACGU,sim,0.732389,0.666145,0.690801,hsa-mir-376c,kmer:GU:0.0016; kmer:AA:0.0014; kmer:UA:0.0008; kmer:UAG:0.0007; kmer:AAU:0.0006; kmer:CGU:0.0005; kmer:AAA:0.0004; kmer:AAAU:0.0003; kmer:AUAG:0.0002; kmer:AAC:0.0001,mir-191-5p:0.515; mir-195-5p:0.472; mir-6875-5p:0.458
701,mir-548au-3p,MIMAT0022292,UGGCAGUUACUUUUGCACCAG,nao,0.732006,0.666144,0.690798,,kmer:GU:0.0014; kmer:UA:0.0007; kmer:GCA:0.0005; kmer:GUU:0.0003; kmer:UGCA:0.0003; kmer:AGU:0.0002; kmer:UUA:0.0002; kmer:GCAG:0.0002; kmer:GCAC:0.0002; kmer:AGUU:0.0002,mir-497-5p:0.565; mir-24-3p:0.516; mir-34a-5p:0.510
702,mir-452-5p,MIMAT0001635,AACUGUUUGCAGAGGAAACUGA,nao,0.731623,0.666142,0.690785,,kmer:GU:0.0013; kmer:AA:0.0012; kmer:UGU:0.0007; kmer:AAA:0.0003; kmer:GUU:0.0003; kmer:UGCA:0.0002; kmer:AAC:0.0002; kmer:GCA:0.0002; kmer:ACUGA:0.0002; kmer:GCAG:0.0002,mir-19a-3p:0.552; mir-19b-3p:0.529; mir-21-5p:0.488
703,mir-181b-2-3p,MIMAT0031893,CUCACUGAUCAAUGAAUGCA,nao,0.731240,0.666138,0.690769,,kmer:AAU:0.0011; kmer:AA:0.0009; kmer:AAUG:0.0004; kmer:UGA:0.0003; kmer:UGCA:0.0003; kmer:GCA:0.0003; kmer:ACUGA:0.0002; kmer:GAAU:0.0002; kmer:CUGA:0.0002; kmer:AUGC:0.0002,mir-425-5p:0.583; mir-19a-3p:0.574; mir-19b-3p:0.567
704,mir-3678-3p,MIMAT0018103,CUGCAGAGUUUGUACGGACCGG,nao,0.730858,0.666137,0.690766,,kmer:GU:0.0030; kmer:UGU:0.0008; kmer:UA:0.0007; kmer:UUGU:0.0005; kmer:GUA:0.0004; kmer:GUU:0.0004; kmer:UGCA:0.0003; kmer:GCA:0.0003; kmer:AGU:0.0002; kmer:ACCG:0.0002,mir-10b-5p:0.505; mir-497-5p:0.498; mir-451a:0.471
705,mir-4791,MIMAT0019963,UGGAUAUGAUGACUGAAA,nao,0.730475,0.666136,0.690760,,kmer:AA:0.0010; kmer:UA:0.0009; kmer:UGA:0.0005; kmer:AAA:0.0005; kmer:ACUGA:0.0003; kmer:CUGA:0.0003; kmer:AUGAC:0.0001; kmer:UAU:0.0001; kmer:ACUG:0.0000; kmer:UGAUG:0.0000,mir-21-5p:0.565; mir-19a-3p:0.471; mir-1-3p:0.467
706,mir-4520-2-3p,MIMAT0020300,UUUGGACAGAAAACACGCAGGU,nao,0.730092,0.666131,0.690739,,kmer:GU:0.0014; kmer:AA:0.0012; kmer:AAA:0.0007; kmer:GCA:0.0002; kmer:GCAG:0.0002; kmer:AGGU:0.0002; kmer:GCAGG:0.0002; kmer:UUG:0.0002; kmer:CAGGU:0.0002; kmer:AAC:0.0001,mir-195-5p:0.561; mir-24-3p:0.554; mir-1246:0.515
707,mir-4659a-5p,MIMAT0019726,CUGCCAUGUCUAAGAAGAAAAC,nao,0.729709,0.666128,0.690725,,kmer:AA:0.0022; kmer:GU:0.0015; kmer:AAA:0.0008; kmer:UGU:0.0008; kmer:UA:0.0007; kmer:UAA:0.0003; kmer:UGUC:0.0002; kmer:CUAA:0.0002; kmer:UGUCU:0.0001; kmer:AAC:0.0001,mir-1-3p:0.568; mir-19a-3p:0.562; mir-19b-3p:0.555
708,mir-6804-5p,MIMAT0027508,UGAGGGUGUCAGCAGGUGACG,nao,0.729326,0.666124,0.690707,,kmer:GU:0.0041; kmer:GUG:0.0012; kmer:UGU:0.0007; kmer:AGCA:0.0003; kmer:UGA:0.0003; kmer:AGCAG:0.0003; kmer:CAGCA:0.0002; kmer:GCA:0.0002; kmer:UGUC:0.0002; kmer:GCAG:0.0002,let-7b-5p:0.565; mir-24-3p:0.557; mir-6875-5p:0.550
709,mir-3659,MIMAT0018080,UGAGUGUUGUCUACGAGGGCA,nao,0.728943,0.666120,0.690690,,kmer:GU:0.0046; kmer:UGU:0.0016; kmer:UA:0.0007; kmer:GUG:0.0007; kmer:UUGU:0.0005; kmer:GUU:0.0004; kmer:AGUG:0.0003; kmer:GCA:0.0003; kmer:UGUC:0.0002; kmer:AGU:0.0002,mir-34a-5p:0.635; let-7b-5p:0.591; mir-139-5p:0.538
710,mir-30d-5p,MIMAT0000245,UGUAAACAUCCCCGACUGGAAG,sim,0.728560,0.666120,0.690688,hsa-mir-30d,kmer:GU:0.0015; kmer:AA:0.0013; kmer:UGU:0.0008; kmer:UA:0.0007; kmer:AAA:0.0004; kmer:GUA:0.0003; kmer:UAA:0.0003; kmer:AUCC:0.0002; kmer:UCCC:0.0002; kmer:CGA:0.0002,mir-191-5p:0.545; mir-99a-5p:0.535; mir-1-3p:0.534
711,mir-376b-5p,MIMAT0022923,CGUGGAUAUUCCUUCUAUGUUU,nao,0.728178,0.666115,0.690665,,kmer:GU:0.0029; kmer:UA:0.0014; kmer:UGU:0.0008; kmer:GUG:0.0006; kmer:CGU:0.0005; kmer:CGUG:0.0003; kmer:GUU:0.0003; kmer:AUAUU:0.0002; kmer:UAUU:0.0001; kmer:UAU:0.0001,mir-382-5p:0.588; mir-205-5p:0.526; mir-373-3p:0.505
712,mir-3136-5p,MIMAT0015003,CUGACUGAAUAGGUAGGGUCAUU,nao,0.727795,0.666114,0.690661,,kmer:GU:0.0026; kmer:UA:0.0013; kmer:UAG:0.0011; kmer:AAU:0.0005; kmer:GUAG:0.0004; kmer:CUGA:0.0004; kmer:AA:0.0004; kmer:GGUAG:0.0003; kmer:AGGUA:0.0003; kmer:GUA:0.0003,let-7a-5p:0.580; mir-6861-5p:0.573; let-7b-5p:0.545
713,mir-4720-5p,MIMAT0019833,CCUGGCAUAUUUGGUAUAACUU,nao,0.727412,0.666106,0.690626,,kmer:UA:0.0021; kmer:GU:0.0014; kmer:AA:0.0004; kmer:GUA:0.0003; kmer:GGUA:0.0003; kmer:UAA:0.0003; kmer:GCA:0.0002; kmer:UUG:0.0002; kmer:AUAUU:0.0002; kmer:UAAC:0.0002,mir-16-5p:0.484; mir-92a-3p:0.473; mir-1246:0.464
714,mir-636,MIMAT0003306,UGUGCUUGCUCGUCCCGCCCGCA,nao,0.727029,0.666103,0.690610,,kmer:GU:0.0030; kmer:UGU:0.0008; kmer:GUG:0.0007; kmer:GUGC:0.0006; kmer:CGU:0.0005; kmer:UGUG:0.0004; kmer:UGCU:0.0004; kmer:GUGCU:0.0003; kmer:GCA:0.0002; kmer:UCGU:0.0002,mir-92a-3p:0.616; mir-99a-5p:0.491; mir-210-3p:0.464
715,mir-7850-5p,MIMAT0030425,GUUUGGACAUAGUGUGGCUGG,nao,0.726646,0.666100,0.690598,,kmer:GU:0.0043; kmer:GUG:0.0013; kmer:UGU:0.0008; kmer:UA:0.0007; kmer:UAG:0.0006; kmer:UGUG:0.0004; kmer:GUU:0.0003; kmer:AGUG:0.0003; kmer:AGU:0.0002; kmer:UUG:0.0002,mir-34a-5p:0.649; mir-206:0.626; let-7b-5p:0.591
716,mir-581,MIMAT0003246,UCUUGUGUUCUCUAGAUCAGU,nao,0.726263,0.666097,0.690584,,kmer:GU:0.0045; kmer:UGU:0.0016; kmer:UA:0.0007; kmer:GUG:0.0007; kmer:UAG:0.0006; kmer:UUGU:0.0005; kmer:UGUG:0.0004; kmer:GUU:0.0003; kmer:CUUGU:0.0003; kmer:UUGUG:0.0003,mir-139-5p:0.571; mir-99a-5p:0.560; mir-25-3p:0.537
717,mir-5191,MIMAT0021122,AGGAUAGGAAGAAUGAAGUGCU,nao,0.725881,0.666096,0.690581,,kmer:GU:0.0013; kmer:AA:0.0012; kmer:UA:0.0007; kmer:GUG:0.0006; kmer:UAG:0.0006; kmer:GUGC:0.0005; kmer:AAU:0.0005; kmer:AGUGC:0.0005; kmer:AAGUG:0.0003; kmer:AGUG:0.0003,mir-206:0.622; mir-1-3p:0.581; mir-20a-5p:0.509
718,mir-34a-3p,MIMAT0004557,CAAUCAGCAAGUAUACUGCCCU,sim,0.725498,0.666078,0.690500,hsa-mir-34a,kmer:GU:0.0015; kmer:UA:0.0015; kmer:AA:0.0009; kmer:AAU:0.0006; kmer:GUA:0.0004; kmer:AGCA:0.0004; kmer:AAUC:0.0003; kmer:CAGCA:0.0003; kmer:GCA:0.0003; kmer:AGU:0.0002,mir-191-5p:0.569; mir-195-5p:0.509; mir-19a-3p:0.504
719,mir-493-5p,MIMAT0002813,UUGUACAUGGUAGGCUUUCAUU,nao,0.725115,0.666078,0.690499,,kmer:GU:0.0030; kmer:UA:0.0015; kmer:UGU:0.0008; kmer:GUA:0.0007; kmer:UAG:0.0006; kmer:UUGU:0.0005; kmer:GUAG:0.0005; kmer:GGUAG:0.0004; kmer:GGUA:0.0003; kmer:UUG:0.0002,mir-181b-5p:0.602; let-7a-5p:0.539; let-7b-5p:0.530
720,mir-4424,MIMAT0018939,AGAGUUAACUCAAAAUGGACUA,nao,0.724732,0.666077,0.690496,,kmer:AA:0.0018; kmer:GU:0.0015; kmer:UA:0.0015; kmer:AAA:0.0008; kmer:AAU:0.0006; kmer:GUU:0.0004; kmer:AAAU:0.0003; kmer:UAA:0.0003; kmer:CAAA:0.0003; kmer:AGU:0.0002,mir-19a-3p:0.546; mir-191-5p:0.504; mir-365a-3p:0.498
721,mir-5188,MIMAT0021119,AAUCGGACCCAUUUAAACCGGAG,nao,0.724349,0.666075,0.690487,,kmer:AA:0.0012; kmer:UA:0.0007; kmer:AAU:0.0005; kmer:AAA:0.0004; kmer:AAUC:0.0003; kmer:UAA:0.0003; kmer:ACCC:0.0002; kmer:UUA:0.0002; kmer:ACCG:0.0002; kmer:UCG:0.0002,mir-451a:0.520; mir-191-5p:0.494; mir-205-5p:0.492
722,mir-6508-5p,MIMAT0025472,UCUAGAAAUGCAUGACCCACC,nao,0.723966,0.666067,0.690448,,kmer:AA:0.0009; kmer:UA:0.0007; kmer:UAG:0.0006; kmer:AAU:0.0006; kmer:AAA:0.0004; kmer:AAAU:0.0003; kmer:UGCA:0.0003; kmer:ACCC:0.0003; kmer:GCA:0.0003; kmer:AAUG:0.0002,mir-19b-3p:0.523; mir-19a-3p:0.510; mir-365a-3p:0.498
723,mir-10a-3p,MIMAT0004555,CAAAUUCGUAUCUAGGGGAAUA,nao,0.723583,0.666064,0.690435,,kmer:UA:0.0021; kmer:GU:0.0014; kmer:AA:0.0013; kmer:AAU:0.0011; kmer:UAG:0.0006; kmer:CGU:0.0005; kmer:AAA:0.0004; kmer:GUA:0.0003; kmer:AAAU:0.0003; kmer:CAAA:0.0002,mir-155-5p:0.596; mir-1-3p:0.493; mir-365a-3p:0.441
724,mir-509-5p,MIMAT0004779,UACUGCAGACAGUGGCAAUCA,sim,0.723201,0.666061,0.690425,hsa-mir-509-3,kmer:GU:0.0015; kmer:UA:0.0007; kmer:GUG:0.0007; kmer:AAU:0.0006; kmer:GCA:0.0005; kmer:AA:0.0004; kmer:AAUC:0.0003; kmer:AGUG:0.0003; kmer:UGCA:0.0003; kmer:AGU:0.0002,mir-24-3p:0.598; mir-17-5p:0.591; mir-31-5p:0.556
725,mir-6853-5p,MIMAT0027606,AGCGUGGGAUGUCCAUGAAGUCAG,nao,0.722818,0.666059,0.690416,,kmer:GU:0.0037; kmer:UGU:0.0006; kmer:GUG:0.0006; kmer:CGU:0.0004; kmer:AA:0.0004; kmer:CGUG:0.0003; kmer:UGUC:0.0002; kmer:AGU:0.0002; kmer:AAGU:0.0002; kmer:UGA:0.0001,mir-206:0.554; mir-382-5p:0.532; mir-1-3p:0.480
726,mir-3144-3p,MIMAT0015015,AUAUACCUGUUCGGUCUCUUUA,nao,0.722435,0.666055,0.690397,,kmer:GU:0.0027; kmer:UA:0.0020; kmer:UGU:0.0007; kmer:GUU:0.0003; kmer:UUA:0.0002; kmer:UCG:0.0002; kmer:UUCG:0.0002; kmer:UCGGU:0.0001; kmer:UACC:0.0001; kmer:GUUCG:0.0001,mir-25-3p:0.555; mir-205-5p:0.474; mir-92a-3p:0.430
727,mir-653-3p,MIMAT0026625,UUCACUGGAGUUUGUUUCAAUA,nao,0.722052,0.666055,0.690395,,kmer:GU:0.0028; kmer:UGU:0.0007; kmer:UA:0.0007; kmer:GUU:0.0007; kmer:AAU:0.0005; kmer:UUGU:0.0005; kmer:AA:0.0004; kmer:AGU:0.0002; kmer:AGUU:0.0002; kmer:UUG:0.0002,mir-223-3p:0.539; mir-1246:0.515; mir-382-5p:0.515
728,mir-200c-3p,MIMAT0000617,UAAUACUGCCGGGUAAUGAUGGA,sim,0.721669,0.666045,0.690351,hsa-mir-200c,kmer:UA:0.0021; kmer:GU:0.0014; kmer:AAU:0.0011; kmer:AA:0.0008; kmer:UAA:0.0006; kmer:GUA:0.0003; kmer:GGUA:0.0003; kmer:UAAU:0.0002; kmer:AAUG:0.0002; kmer:AAUA:0.0002,mir-155-5p:0.623; mir-1-3p:0.520; mir-200a-3p:0.515
729,mir-585-3p,MIMAT0003250,UGGGCGUAUCUGUAUGCUA,nao,0.721286,0.666035,0.690308,,kmer:GU:0.0034; kmer:UA:0.0025; kmer:UGU:0.0009; kmer:GUA:0.0008; kmer:CGU:0.0005; kmer:UGCU:0.0002; kmer:AUGC:0.0002; kmer:AUGCU:0.0001; kmer:UAU:0.0001; kmer:GCGU:0.0001,mir-1-3p:0.515; mir-155-5p:0.496; mir-200a-3p:0.448
730,mir-556-3p,MIMAT0004793,AUAUUACCAUUAGCUCAUCUUU,nao,0.720904,0.666023,0.690251,,kmer:UA:0.0020; kmer:UAG:0.0006; kmer:UUA:0.0004; kmer:UAGC:0.0003; kmer:UAGCU:0.0002; kmer:AUAUU:0.0002; kmer:UACC:0.0001; kmer:UAUU:0.0001; kmer:UUAC:0.0001; kmer:AUC:0.0001,mir-451a:0.529; mir-205-5p:0.428; mir-21-5p:0.424
731,mir-27b-5p,MIMAT0004588,AGAGCUUAGCUGAUUGGUGAAC,sim,0.720521,0.666022,0.690248,hsa-mir-27b,kmer:GU:0.0014; kmer:UA:0.0007; kmer:GUG:0.0006; kmer:UAG:0.0006; kmer:AA:0.0004; kmer:UAGC:0.0003; kmer:CUUA:0.0003; kmer:GCUUA:0.0003; kmer:UGA:0.0003; kmer:UUA:0.0002,mir-21-5p:0.648; mir-34a-5p:0.563; mir-31-5p:0.531
732,mir-4276,MIMAT0016904,CUCAGUGACUCAUGUGC,nao,0.720138,0.666021,0.690245,,kmer:GU:0.0039; kmer:GUG:0.0017; kmer:UGU:0.0010; kmer:GUGC:0.0008; kmer:UGUG:0.0006; kmer:AGUG:0.0004; kmer:AGU:0.0003; kmer:CAGU:0.0002; kmer:UGA:0.0002; kmer:UGUGC:0.0001,mir-139-5p:0.573; mir-210-3p:0.566; mir-21-5p:0.475
733,mir-603,MIMAT0003271,CACACACUGCAAUUACUUUUGC,nao,0.719755,0.666013,0.690205,,kmer:UA:0.0007; kmer:AAU:0.0005; kmer:AA:0.0004; kmer:UGCA:0.0003; kmer:GCA:0.0002; kmer:UUA:0.0002; kmer:UUG:0.0002; kmer:UGCAA:0.0002; kmer:UUAC:0.0001; kmer:GCAA:0.0001,mir-497-5p:0.556; mir-451a:0.441; mir-25-3p:0.437
734,mir-4511,MIMAT0019048,GAAGAACUGUUGCAUUUGCCCU,nao,0.719372,0.666006,0.690175,,kmer:GU:0.0014; kmer:AA:0.0008; kmer:UGU:0.0007; kmer:UUG:0.0004; kmer:GUU:0.0003; kmer:UGCA:0.0003; kmer:GCA:0.0002; kmer:GUUG:0.0002; kmer:CCCU:0.0001; kmer:AAC:0.0001,mir-10b-5p:0.572; mir-92a-3p:0.538; mir-125a-5p:0.491
735,mir-10399-5p,MIMAT0041629,AAUUACAGAUUGUCUCAGAGA,nao,0.718989,0.666004,0.690167,,kmer:GU:0.0014; kmer:UGU:0.0008; kmer:UA:0.0007; kmer:AAU:0.0005; kmer:UUGU:0.0005; kmer:AA:0.0004; kmer:UGUC:0.0002; kmer:UUA:0.0002; kmer:UUG:0.0002; kmer:UUGUC:0.0002,mir-21-5p:0.498; mir-24-3p:0.465; mir-195-5p:0.460
736,mir-4639-5p,MIMAT0019697,UUGCUAAGUAGGCUGAGAUUGA,nao,0.718606,0.666004,0.690165,,kmer:GU:0.0014; kmer:UA:0.0014; kmer:UAG:0.0006; kmer:GUAG:0.0005; kmer:AA:0.0004; kmer:UUG:0.0004; kmer:GUA:0.0003; kmer:UGA:0.0003; kmer:UAA:0.0003; kmer:AGU:0.0002,mir-31-5p:0.541; mir-21-5p:0.540; let-7a-5p:0.511
737,mir-3689f,MIMAT0019010,UGUGAUAUCGUGCUUCCUGGGA,nao,0.718224,0.666002,0.690156,,kmer:GU:0.0027; kmer:GUG:0.0012; kmer:UGU:0.0007; kmer:UA:0.0007; kmer:GUGC:0.0005; kmer:CGU:0.0004; kmer:UGUG:0.0004; kmer:CGUG:0.0003; kmer:UCGUG:0.0002; kmer:GUGCU:0.0002,mir-373-3p:0.594; mir-155-5p:0.556; mir-210-3p:0.548
738,mir-892c-5p,MIMAT0025857,UAUUCAGAAAGGUGCCAGUCA,sim,0.717841,0.665998,0.690141,hsa-mir-892c,kmer:GU:0.0032; kmer:AA:0.0009; kmer:UA:0.0008; kmer:GUG:0.0007; kmer:GUGC:0.0006; kmer:AAA:0.0004; kmer:AGU:0.0003; kmer:AGGU:0.0002; kmer:CAGU:0.0002; kmer:UAUU:0.0001,mir-24-3p:0.614; mir-17-5p:0.568; mir-106a-5p:0.564
739,mir-4680-5p,MIMAT0019764,AGAACUCUUGCAGUCUUAGAUGU,nao,0.717458,0.665995,0.690127,,kmer:GU:0.0026; kmer:UGU:0.0007; kmer:UA:0.0006; kmer:UAG:0.0005; kmer:AA:0.0004; kmer:CUUA:0.0003; kmer:UGCA:0.0002; kmer:GCA:0.0002; kmer:AGU:0.0002; kmer:UUA:0.0002,mir-34a-5p:0.569; mir-21-5p:0.537; mir-25-3p:0.537
740,mir-302b-5p,MIMAT0000714,ACUUUAACAUGGAAGUGCUUUC,sim,0.717075,0.665991,0.690109,hsa-mir-302b,kmer:GU:0.0014; kmer:AA:0.0008; kmer:UA:0.0007; kmer:GUG:0.0006; kmer:GUGC:0.0006; kmer:AGUGC:0.0005; kmer:AAGUG:0.0003; kmer:UAA:0.0003; kmer:AGUG:0.0003; kmer:GUGCU:0.0003,mir-520c-3p:0.668; mir-373-3p:0.626; mir-106a-5p:0.510
741,mir-135a-5p,MIMAT0000428,UAUGGCUUUUUAUUCCUAUGUGA,sim,0.716692,0.665991,0.690108,hsa-mir-135a-1; hsa-mir-135a-2,kmer:UA:0.0022; kmer:GU:0.0015; kmer:UGU:0.0008; kmer:GUG:0.0007; kmer:UGUG:0.0004; kmer:UUA:0.0002; kmer:UAU:0.0002; kmer:UGA:0.0001; kmer:GCUU:0.0001; kmer:UGUGA:0.0001,mir-520c-3p:0.533; mir-373-3p:0.517; mir-1246:0.509
742,mir-6715b-3p,MIMAT0025843,CUCAAACCGGCUGUGCCUGUGG,nao,0.716309,0.665986,0.690087,,kmer:GU:0.0025; kmer:UGU:0.0013; kmer:GUG:0.0011; kmer:AA:0.0007; kmer:UGUG:0.0007; kmer:GUGC:0.0005; kmer:AAA:0.0003; kmer:CAAA:0.0002; kmer:ACCG:0.0002; kmer:AACCG:0.0002,mir-210-3p:0.624; mir-92a-3p:0.541; mir-19a-3p:0.500
743,mir-6502-5p,MIMAT0025460,AGCUCUAGAAAGAUUGUUGACC,nao,0.715926,0.665979,0.690054,,kmer:GU:0.0015; kmer:AA:0.0009; kmer:UGU:0.0008; kmer:UA:0.0007; kmer:UAG:0.0006; kmer:UUGU:0.0005; kmer:UUG:0.0004; kmer:AAA:0.0004; kmer:GUU:0.0003; kmer:GUUG:0.0002,mir-21-5p:0.587; mir-10b-5p:0.511; mir-125b-5p:0.478
744,mir-33b-3p,MIMAT0004811,CAGUGCCUCGGCAGUGCAGCCC,nao,0.715544,0.665975,0.690038,,kmer:GU:0.0027; kmer:GUG:0.0012; kmer:GUGC:0.0011; kmer:AGUGC:0.0010; kmer:AGUG:0.0005; kmer:GCA:0.0005; kmer:AGU:0.0004; kmer:GCAG:0.0004; kmer:GUGCA:0.0003; kmer:CAGU:0.0003,mir-17-5p:0.628; mir-106a-5p:0.601; mir-139-5p:0.580
745,mir-203b-3p,MIMAT0019814,UUGAACUGUUAAGAACCACUGGA,nao,0.715161,0.665962,0.689979,,kmer:GU:0.0014; kmer:AA:0.0012; kmer:UGU:0.0007; kmer:UA:0.0007; kmer:GUU:0.0003; kmer:UAA:0.0003; kmer:AAC:0.0002; kmer:UUA:0.0002; kmer:UUG:0.0002; kmer:UGA:0.0001,mir-200a-3p:0.573; mir-10b-5p:0.559; mir-451a:0.514
746,mir-361-3p,MIMAT0004682,UCCCCCAGGUGUGAUUCUGAUUU,nao,0.714778,0.665958,0.689959,,kmer:GU:0.0025; kmer:GUG:0.0011; kmer:UGU:0.0007; kmer:UGUG:0.0004; kmer:UGA:0.0003; kmer:AGGU:0.0002; kmer:CUGA:0.0002; kmer:CAGGU:0.0002; kmer:UCCC:0.0001; kmer:UGUGA:0.0001,mir-145-5p:0.558; mir-125a-5p:0.535; mir-125b-5p:0.504
747,mir-2113,MIMAT0009206,AUUUGUGCUUGGCUCUGUCAC,nao,0.714395,0.665952,0.689932,,kmer:GU:0.0028; kmer:UGU:0.0014; kmer:GUG:0.0006; kmer:GUGC:0.0006; kmer:UUGU:0.0005; kmer:UGUG:0.0004; kmer:UUG:0.0004; kmer:UUGUG:0.0003; kmer:GUGCU:0.0003; kmer:UGUC:0.0002,mir-25-3p:0.594; mir-373-3p:0.579; mir-34a-5p:0.578
748,mir-6770-5p,MIMAT0027440,UGAGAAGGCACAGCUUGCACGUGA,nao,0.714012,0.665949,0.689918,,kmer:GU:0.0012; kmer:GUG:0.0006; kmer:GCA:0.0004; kmer:CGU:0.0004; kmer:GCAC:0.0004; kmer:AA:0.0004; kmer:CGUG:0.0003; kmer:UGA:0.0003; kmer:UGCA:0.0002; kmer:UUG:0.0002,mir-195-5p:0.554; mir-497-5p:0.547; mir-31-5p:0.539
749,mir-4635,MIMAT0019692,UCUUGAAGUCAGAACCCGCAA,nao,0.713629,0.665948,0.689915,,kmer:GU:0.0016; kmer:AA:0.0014; kmer:ACCC:0.0003; kmer:GCA:0.0003; kmer:AGU:0.0003; kmer:AAGU:0.0002; kmer:UUG:0.0002; kmer:UGA:0.0002; kmer:AAC:0.0001; kmer:AACC:0.0001,mir-191-5p:0.523; mir-223-3p:0.498; mir-99a-5p:0.497
750,mir-4452,MIMAT0018974,UUGAAUUCUUGGCCUUAAGUGAU,nao,0.713247,0.665947,0.689913,,kmer:GU:0.0014; kmer:AA:0.0008; kmer:UA:0.0007; kmer:GUG:0.0006; kmer:AAU:0.0005; kmer:UUG:0.0004; kmer:CUUA:0.0003; kmer:AAGUG:0.0003; kmer:UGA:0.0003; kmer:UAA:0.0003,mir-373-3p:0.575; mir-520c-3p:0.543; mir-21-5p:0.503
751,mir-377-3p,MIMAT0000730,AUCACACAAAGGCAACUUUUGU,nao,0.712864,0.665941,0.689881,,kmer:GU:0.0015; kmer:AA:0.0013; kmer:UGU:0.0008; kmer:UUGU:0.0005; kmer:AAA:0.0004; kmer:CAAA:0.0003; kmer:GCA:0.0002; kmer:UUG:0.0002; kmer:UUUGU:0.0002; kmer:AAC:0.0001,mir-497-5p:0.536; mir-191-5p:0.482; mir-19b-3p:0.479
752,mir-342-3p,MIMAT0000753,UCUCACACAGAAAUCGCACCCGU,nao,0.712481,0.665939,0.689873,,kmer:GU:0.0014; kmer:AA:0.0008; kmer:AAU:0.0005; kmer:CGU:0.0004; kmer:AAA:0.0004; kmer:AAUC:0.0003; kmer:AAAU:0.0003; kmer:ACCC:0.0002; kmer:GCA:0.0002; kmer:UCG:0.0002,mir-425-5p:0.546; mir-195-5p:0.500; mir-139-5p:0.482
753,mir-26a-1-3p,MIMAT0004499,CCUAUUCUUGGUUACUUGCACG,nao,0.712098,0.665938,0.689870,,kmer:GU:0.0014; kmer:UA:0.0014; kmer:UUG:0.0004; kmer:GUU:0.0003; kmer:UGCA:0.0003; kmer:GCA:0.0002; kmer:UUA:0.0002; kmer:ACUUG:0.0002; kmer:GCAC:0.0002; kmer:UGCAC:0.0001,mir-92a-3p:0.588; mir-25-3p:0.567; mir-451a:0.465
754,mir-136-5p,MIMAT0000448,ACUCCAUUUGUUUUGAUGAUGGA,nao,0.711715,0.665938,0.689870,,kmer:GU:0.0013; kmer:UGU:0.0007; kmer:UUGU:0.0004; kmer:UUG:0.0004; kmer:GUU:0.0003; kmer:UGA:0.0003; kmer:UUUGU:0.0001; kmer:CAUU:0.0001; kmer:UCCA:0.0001; kmer:UGAUG:0.0001,mir-1246:0.610; mir-373-3p:0.530; mir-21-5p:0.529
755,mir-5579-5p,MIMAT0022269,UAUGGUACUCCUUAAGCUAAC,nao,0.711332,0.665928,0.689826,,kmer:UA:0.0031; kmer:GU:0.0016; kmer:AA:0.0009; kmer:UAA:0.0006; kmer:GUA:0.0004; kmer:CUUA:0.0004; kmer:GGUA:0.0003; kmer:UUA:0.0003; kmer:CUAA:0.0002; kmer:UAAC:0.0002,mir-365a-3p:0.540; mir-200a-3p:0.516; mir-155-5p:0.469
756,mir-143-3p,MIMAT0000435,UGAGAUGAAGCACUGUAGCUC,nao,0.710949,0.665928,0.689823,,kmer:GU:0.0014; kmer:UGU:0.0008; kmer:UA:0.0007; kmer:UAG:0.0006; kmer:GUAG:0.0005; kmer:AA:0.0004; kmer:UAGC:0.0003; kmer:GUA:0.0003; kmer:AGCA:0.0003; kmer:UGA:0.0003,mir-21-5p:0.587; mir-31-5p:0.568; mir-497-5p:0.485
757,mir-1912-5p,MIMAT0037333,CUCAUUGCAUGGGCUGUGUAUA,nao,0.710567,0.665925,0.689812,,kmer:GU:0.0028; kmer:UGU:0.0015; kmer:UA:0.0014; kmer:GUG:0.0006; kmer:UGUG:0.0004; kmer:GUA:0.0003; kmer:UGCA:0.0003; kmer:GCA:0.0002; kmer:UUG:0.0002; kmer:AUUGC:0.0001,mir-181b-5p:0.662; mir-92a-3p:0.527; mir-25-3p:0.527
758,mir-7161-5p,MIMAT0028232,UAAAGACUGUAGAGGCAACUGGU,nao,0.710184,0.665925,0.689809,,kmer:GU:0.0026; kmer:UA:0.0013; kmer:AA:0.0012; kmer:UGU:0.0007; kmer:UAG:0.0005; kmer:GUAG:0.0004; kmer:AAA:0.0003; kmer:GUA:0.0003; kmer:UAA:0.0003; kmer:GCA:0.0002,mir-200a-3p:0.562; mir-31-5p:0.518; mir-1-3p:0.501
759,mir-1251-3p,MIMAT0026741,CGCUUUGCUCAGCCAGUGUAG,nao,0.709801,0.665924,0.689809,,kmer:GU:0.0033; kmer:UGU:0.0008; kmer:UA:0.0008; kmer:GUG:0.0007; kmer:UAG:0.0007; kmer:GUAG:0.0005; kmer:GUA:0.0004; kmer:AGUG:0.0003; kmer:AGU:0.0003; kmer:UUG:0.0002,mir-17-5p:0.596; mir-34a-5p:0.575; mir-106a-5p:0.572
760,mir-5588-3p,MIMAT0022296,AAGUCCCACUAAUGCCAGC,nao,0.709418,0.665910,0.689743,,kmer:GU:0.0018; kmer:AA:0.0010; kmer:UA:0.0009; kmer:AAU:0.0007; kmer:UAA:0.0003; kmer:AGU:0.0003; kmer:AAGU:0.0003; kmer:AAUG:0.0002; kmer:CUAA:0.0002; kmer:CAGC:0.0002,mir-191-5p:0.557; mir-145-5p:0.543; mir-365a-3p:0.540
761,mir-4453,MIMAT0018975,GAGCUUGGUCUGUAGCGGUU,nao,0.709035,0.665908,0.689734,,kmer:GU:0.0046; kmer:UGU:0.0008; kmer:UA:0.0008; kmer:UAG:0.0006; kmer:GUAG:0.0005; kmer:UAGC:0.0004; kmer:GUA:0.0004; kmer:GUU:0.0004; kmer:UUG:0.0002; kmer:GCUU:0.0002,mir-34a-5p:0.639; let-7b-5p:0.578; mir-25-3p:0.531
762,mir-3692-3p,MIMAT0018122,GUUCCACACUGACACUGCAGAAGU,nao,0.708652,0.665901,0.689704,,kmer:GU:0.0025; kmer:AA:0.0004; kmer:GUU:0.0003; kmer:UGCA:0.0002; kmer:GCA:0.0002; kmer:AGU:0.0002; kmer:ACUGA:0.0002; kmer:GCAG:0.0002; kmer:AAGU:0.0002; kmer:CUGA:0.0002,mir-497-5p:0.591; mir-425-5p:0.518; mir-200a-3p:0.492
763,mir-6790-5p,MIMAT0027480,GUGAGUGUGGAUUUGGCGGGGUU,nao,0.708270,0.665900,0.689701,,kmer:GU:0.0049; kmer:GUG:0.0016; kmer:UGU:0.0006; kmer:UGUG:0.0004; kmer:GUU:0.0003; kmer:AGUG:0.0002; kmer:AGU:0.0002; kmer:UUG:0.0002; kmer:UUGGC:0.0001; kmer:UGA:0.0001,mir-373-3p:0.714; mir-382-5p:0.629; let-7b-5p:0.623
764,mir-589-3p,MIMAT0003256,UCAGAACAAAUGCCGGUUCCCAGA,nao,0.707887,0.665900,0.689699,,kmer:GU:0.0013; kmer:AA:0.0011; kmer:AAU:0.0005; kmer:AAA:0.0003; kmer:GUU:0.0003; kmer:AAAU:0.0003; kmer:CAAA:0.0002; kmer:AAUG:0.0002; kmer:CAAAU:0.0001; kmer:UCCC:0.0001,mir-191-5p:0.586; mir-145-5p:0.559; mir-24-3p:0.524
765,mir-5590-5p,MIMAT0022299,UUGCCAUACAUAGACUUUAUU,nao,0.707504,0.665898,0.689692,,kmer:UA:0.0025; kmer:UAG:0.0007; kmer:UUA:0.0003; kmer:UUG:0.0002; kmer:AUAG:0.0002; kmer:UUAU:0.0002; kmer:UAUU:0.0001; kmer:UAU:0.0001; kmer:AGAC:0.0000; kmer:AGACU:0.0000,mir-21-5p:0.495; mir-451a:0.461; mir-195-5p:0.424
766,mir-5591-3p,MIMAT0022302,AUACCCAUAGCUUAGCUCCCA,nao,0.707121,0.665881,0.689616,,kmer:UA:0.0020; kmer:UAG:0.0011; kmer:UAGC:0.0007; kmer:UAGCU:0.0004; kmer:CUUA:0.0003; kmer:GCUUA:0.0003; kmer:ACCC:0.0002; kmer:UUA:0.0002; kmer:UACCC:0.0002; kmer:AUAG:0.0002,mir-31-5p:0.445; mir-145-5p:0.424; mir-21-5p:0.400
767,mir-4771,MIMAT0019925,AGCAGACUUGACCUACAAUUA,nao,0.706738,0.665859,0.689517,,kmer:UA:0.0016; kmer:AAU:0.0006; kmer:AA:0.0005; kmer:AGCA:0.0004; kmer:AGCAG:0.0003; kmer:GCA:0.0003; kmer:UUA:0.0003; kmer:ACUUG:0.0003; kmer:GCAG:0.0002; kmer:UUG:0.0002,mir-21-5p:0.553; mir-125b-5p:0.516; mir-195-5p:0.511
768,mir-876-5p,MIMAT0004924,UGGAUUUCUUUGUGAAUCACCA,nao,0.706355,0.665852,0.689485,,kmer:GU:0.0014; kmer:UGU:0.0007; kmer:GUG:0.0006; kmer:AAU:0.0005; kmer:UUGU:0.0005; kmer:AA:0.0004; kmer:UGUG:0.0004; kmer:AAUC:0.0003; kmer:UUGUG:0.0003; kmer:GAAU:0.0002,mir-1246:0.609; mir-373-3p:0.568; mir-382-5p:0.528
769,mir-1243,MIMAT0005894,AACUGGAUCAAUUAUAGGAGUG,nao,0.705972,0.665850,0.689473,,kmer:GU:0.0014; kmer:UA:0.0014; kmer:AA:0.0008; kmer:GUG:0.0006; kmer:UAG:0.0006; kmer:AAU:0.0005; kmer:AGUG:0.0003; kmer:AGU:0.0002; kmer:UUA:0.0002; kmer:AUAG:0.0002,mir-1246:0.507; mir-155-5p:0.497; mir-20a-5p:0.484
770,mir-8056,MIMAT0030983,CGUGGAUUGUCUGGAUGCAU,nao,0.705590,0.665846,0.689456,,kmer:GU:0.0030; kmer:UGU:0.0008; kmer:GUG:0.0007; kmer:UUGU:0.0005; kmer:CGU:0.0005; kmer:CGUG:0.0004; kmer:UGCA:0.0003; kmer:GCA:0.0002; kmer:UGUC:0.0002; kmer:UUG:0.0002,mir-382-5p:0.600; mir-1246:0.546; mir-25-3p:0.542
771,mir-4662b,MIMAT0019736,AAAGAUGGACAAUUGGCUAAAU,nao,0.705207,0.665844,0.689447,,kmer:AA:0.0022; kmer:AAU:0.0011; kmer:AAA:0.0008; kmer:UA:0.0007; kmer:AAAU:0.0003; kmer:UAA:0.0003; kmer:UUG:0.0002; kmer:CUAA:0.0002; kmer:AUUGG:0.0002; kmer:UUGGC:0.0002,mir-1-3p:0.540; mir-191-5p:0.527; mir-19a-3p:0.526
772,mir-8081,MIMAT0031008,CUUGAGUCGUGCCUUUCUGAAUG,nao,0.704824,0.665839,0.689423,,kmer:GU:0.0028; kmer:GUG:0.0006; kmer:GUGC:0.0006; kmer:AAU:0.0005; kmer:CGU:0.0005; kmer:AA:0.0004; kmer:CGUG:0.0003; kmer:UGA:0.0003; kmer:UCGUG:0.0003; kmer:AGU:0.0002,mir-25-3p:0.555; mir-373-3p:0.532; mir-125a-5p:0.531
773,mir-30e-5p,MIMAT0000692,UGUAAACAUCCUUGACUGGAAG,sim,0.704441,0.665837,0.689415,hsa-mir-30e,kmer:GU:0.0014; kmer:AA:0.0013; kmer:UGU:0.0008; kmer:UA:0.0007; kmer:AAA:0.0004; kmer:GUA:0.0003; kmer:UAA:0.0003; kmer:UUG:0.0002; kmer:AUCC:0.0002; kmer:UGA:0.0001,mir-1-3p:0.565; mir-200a-3p:0.559; mir-206:0.541
774,mir-4524b-5p,MIMAT0022255,AUAGCAGCAUAAGCCUGUCUC,nao,0.704058,0.665826,0.689369,,kmer:GU:0.0015; kmer:UA:0.0015; kmer:UGU:0.0008; kmer:AGCA:0.0007; kmer:UAG:0.0006; kmer:GCA:0.0005; kmer:AA:0.0004; kmer:UAGC:0.0004; kmer:AGCAG:0.0003; kmer:UAA:0.0003,mir-195-5p:0.600; mir-16-5p:0.580; mir-31-5p:0.552
775,mir-6888-3p,MIMAT0027677,AUCUGUCUCGAUUGUUUCCAG,nao,0.703675,0.665824,0.689359,,kmer:GU:0.0029; kmer:UGU:0.0015; kmer:UUGU:0.0005; kmer:GUU:0.0003; kmer:UGUC:0.0002; kmer:UCG:0.0002; kmer:UUG:0.0002; kmer:CGAU:0.0002; kmer:CGA:0.0002; kmer:AUUG:0.0001,mir-25-3p:0.635; mir-205-5p:0.578; mir-145-5p:0.525
776,mir-132-3p,MIMAT0000426,UAACAGUCUACAGCCAUGGUCG,nao,0.703292,0.665823,0.689351,,kmer:GU:0.0031; kmer:UA:0.0015; kmer:AA:0.0005; kmer:UAA:0.0003; kmer:AGU:0.0002; kmer:UCG:0.0002; kmer:ACAG:0.0002; kmer:UAAC:0.0002; kmer:CAGC:0.0002; kmer:CAGU:0.0002,mir-139-5p:0.633; mir-24-3p:0.548; mir-200a-3p:0.509
777,mir-4657,MIMAT0019724,AAUGUGGAAGUGGUCUGAGGCAU,nao,0.702910,0.665815,0.689319,,kmer:GU:0.0038; kmer:GUG:0.0011; kmer:AA:0.0007; kmer:UGU:0.0007; kmer:AAU:0.0005; kmer:UGUG:0.0004; kmer:AAGUG:0.0003; kmer:AGUG:0.0002; kmer:GCA:0.0002; kmer:AGU:0.0002,mir-206:0.750; mir-382-5p:0.572; let-7b-5p:0.570
778,mir-4796-5p,MIMAT0019970,UGUCUAUACUCUGUCACUUUAC,nao,0.702527,0.665814,0.689311,,kmer:GU:0.0029; kmer:UA:0.0021; kmer:UGU:0.0015; kmer:UGUC:0.0005; kmer:UUA:0.0002; kmer:UUAC:0.0001; kmer:UGUCU:0.0001; kmer:UGUCA:0.0001; kmer:CACUU:0.0001; kmer:GUCU:0.0001,mir-25-3p:0.587; mir-200a-3p:0.560; mir-139-5p:0.505
779,mir-4502,MIMAT0019038,GCUGAUGAUGAUGGUGCUGAAG,nao,0.702144,0.665813,0.689309,,kmer:GU:0.0014; kmer:GUG:0.0006; kmer:UGA:0.0006; kmer:GUGC:0.0006; kmer:CUGA:0.0004; kmer:AA:0.0004; kmer:GUGCU:0.0003; kmer:UGCU:0.0002; kmer:UGAUG:0.0001; kmer:CUGAU:0.0001,mir-21-5p:0.555; mir-210-3p:0.510; mir-31-5p:0.478
780,mir-15b-3p,MIMAT0004586,CGAAUCAUUAUUUGCUGCUCUA,sim,0.701761,0.665805,0.689273,hsa-mir-15b,kmer:UA:0.0014; kmer:AAU:0.0005; kmer:AA:0.0004; kmer:UGCU:0.0004; kmer:AAUC:0.0003; kmer:UUA:0.0002; kmer:GAAU:0.0002; kmer:UUG:0.0002; kmer:CGA:0.0001; kmer:GAAUC:0.0001,mir-181b-5p:0.504; mir-25-3p:0.464; mir-21-5p:0.451
781,mir-616-5p,MIMAT0003284,ACUCAAAACCCUUCAGUGACUU,nao,0.701378,0.665799,0.689245,,kmer:GU:0.0014; kmer:AA:0.0012; kmer:AAA:0.0007; kmer:GUG:0.0006; kmer:AGUG:0.0003; kmer:CAAA:0.0002; kmer:ACCC:0.0002; kmer:AGU:0.0002; kmer:ACCCU:0.0002; kmer:CAGU:0.0001,mir-125a-5p:0.526; mir-125b-5p:0.523; mir-223-3p:0.486
782,mir-4797-5p,MIMAT0019972,GACAGAGUGCCACUUACUGAA,nao,0.700995,0.665796,0.689230,,kmer:GU:0.0015; kmer:UA:0.0007; kmer:GUG:0.0007; kmer:GUGC:0.0006; kmer:AGUGC:0.0005; kmer:AA:0.0004; kmer:CUUA:0.0004; kmer:AGUG:0.0003; kmer:AGU:0.0002; kmer:UUA:0.0002,mir-451a:0.532; mir-17-5p:0.529; mir-21-5p:0.526
783,mir-6782-3p,MIMAT0027465,CACCUUUGUGUCCCCAUCCUGCA,nao,0.700613,0.665795,0.689229,,kmer:GU:0.0027; kmer:UGU:0.0014; kmer:GUG:0.0006; kmer:UUGU:0.0005; kmer:UGUG:0.0004; kmer:UUGUG:0.0003; kmer:UGCA:0.0003; kmer:GCA:0.0002; kmer:UGUC:0.0002; kmer:UUG:0.0002,mir-92a-3p:0.643; mir-125a-5p:0.610; mir-223-3p:0.574
784,mir-124-3p,MIMAT0000422,UAAGGCACGCGGUGAAUGCCAA,sim,0.700230,0.665791,0.689210,hsa-mir-124-1; hsa-mir-124-2; hsa-mir-124-3,kmer:GU:0.0017; kmer:AA:0.0015; kmer:UA:0.0008; kmer:GUG:0.0008; kmer:AAU:0.0006; kmer:UAA:0.0003; kmer:GCA:0.0003; kmer:GAAU:0.0003; kmer:GCAC:0.0003; kmer:AAUG:0.0002,mir-191-5p:0.555; mir-31-5p:0.544; mir-16-5p:0.524
785,mir-29b-1-5p,MIMAT0004514,GCUGGUUUCAUAUGGUGGUUUAGA,nao,0.699847,0.665785,0.689183,,kmer:GU:0.0039; kmer:UA:0.0013; kmer:GUU:0.0006; kmer:GUG:0.0006; kmer:UAG:0.0005; kmer:GGUU:0.0002; kmer:UUA:0.0002; kmer:UGGUU:0.0002; kmer:GUGGU:0.0001; kmer:UAU:0.0000,mir-34a-5p:0.602; let-7b-5p:0.579; mir-382-5p:0.560
786,mir-370-5p,MIMAT0026483,CAGGUCACGUCUCUGCAGUUAC,nao,0.699464,0.665785,0.689181,,kmer:GU:0.0043; kmer:UA:0.0007; kmer:CGU:0.0005; kmer:GUU:0.0003; kmer:UGCA:0.0003; kmer:GCA:0.0002; kmer:AGU:0.0002; kmer:UUA:0.0002; kmer:GCAG:0.0002; kmer:AGGU:0.0002,mir-139-5p:0.698; mir-24-3p:0.563; mir-25-3p:0.560
787,mir-4777-5p,MIMAT0019934,UUCUAGAUGAGAGAUAUAUAUA,nao,0.699081,0.665783,0.689172,,kmer:UA:0.0039; kmer:UAG:0.0007; kmer:UAU:0.0002; kmer:UGA:0.0002; kmer:UGAGA:0.0001; kmer:AUAU:0.0000,mir-21-5p:0.453; let-7a-5p:0.394; mir-1-3p:0.389
788,mir-3065-5p,MIMAT0015066,UCAACAAAAUCACUGAUGCUGGA,nao,0.698698,0.665777,0.689146,,kmer:AA:0.0015; kmer:AAA:0.0007; kmer:AAU:0.0005; kmer:AAUC:0.0003; kmer:AAAU:0.0003; kmer:CAAA:0.0002; kmer:ACUGA:0.0002; kmer:CUGA:0.0002; kmer:UGCU:0.0002; kmer:AUGC:0.0001,mir-19a-3p:0.668; mir-19b-3p:0.658; mir-191-5p:0.578
789,mir-3117-3p,MIMAT0014979,AUAGGACUCAUAUAGUGCCAG,nao,0.698315,0.665771,0.689121,,kmer:UA:0.0024; kmer:GU:0.0016; kmer:UAG:0.0013; kmer:GUG:0.0007; kmer:GUGC:0.0006; kmer:AGUGC:0.0006; kmer:AUAG:0.0003; kmer:AGUG:0.0003; kmer:AGU:0.0003; kmer:AUAGU:0.0001,mir-20a-5p:0.616; let-7a-5p:0.508; mir-17-5p:0.476
790,mir-4645-3p,MIMAT0019706,AGACAGUAGUUCUUGCCUGGUU,nao,0.697933,0.665768,0.689107,,kmer:GU:0.0042; kmer:UA:0.0007; kmer:GUU:0.0007; kmer:UAG:0.0006; kmer:GUAG:0.0005; kmer:AGU:0.0004; kmer:GUA:0.0003; kmer:AGUU:0.0002; kmer:UUG:0.0002; kmer:CAGU:0.0001,mir-34a-5p:0.603; let-7a-5p:0.589; let-7b-5p:0.586
791,mir-6832-5p,MIMAT0027564,AGUAGAGAGGAAAAGUUAGGGUC,nao,0.697550,0.665768,0.689107,,kmer:GU:0.0041; kmer:UA:0.0013; kmer:AA:0.0012; kmer:UAG:0.0011; kmer:AAA:0.0007; kmer:GUAG:0.0004; kmer:AGU:0.0004; kmer:GUA:0.0003; kmer:GUU:0.0003; kmer:UUA:0.0002,let-7a-5p:0.608; mir-520c-3p:0.597; mir-106a-5p:0.535
792,mir-6841-5p,MIMAT0027584,UAGGGUACUCAGAGCAAGUUGU,nao,0.697167,0.665754,0.689042,,kmer:GU:0.0047; kmer:UA:0.0015; kmer:UGU:0.0008; kmer:UAG:0.0007; kmer:UUGU:0.0006; kmer:AA:0.0005; kmer:GUA:0.0004; kmer:AGCA:0.0004; kmer:GUU:0.0004; kmer:GGUA:0.0003,let-7a-5p:0.630; let-7b-5p:0.583; mir-24-3p:0.582
793,mir-431-5p,MIMAT0001625,UGUCUUGCAGGCCGUCAUGCA,nao,0.696784,0.665748,0.689016,,kmer:GU:0.0030; kmer:UGU:0.0008; kmer:UGCA:0.0006; kmer:GCA:0.0005; kmer:CGU:0.0005; kmer:UGUC:0.0002; kmer:GCAG:0.0002; kmer:GCAGG:0.0002; kmer:UUG:0.0002; kmer:AUGC:0.0002,mir-25-3p:0.589; mir-92a-3p:0.560; mir-34a-5p:0.536
794,mir-383-5p,MIMAT0000738,AGAUCAGAAGGUGAUUGUGGCU,nao,0.696401,0.665746,0.689008,,kmer:GU:0.0028; kmer:GUG:0.0012; kmer:UGU:0.0007; kmer:UUGU:0.0005; kmer:AA:0.0004; kmer:UGUG:0.0004; kmer:UUGUG:0.0003; kmer:AGGU:0.0002; kmer:UUG:0.0002; kmer:UGA:0.0001,mir-206:0.555; mir-21-5p:0.545; mir-373-3p:0.540
795,mir-543,MIMAT0004954,AAACAUUCGCGGUGCACUUCUU,nao,0.696018,0.665742,0.688989,,kmer:GU:0.0015; kmer:AA:0.0009; kmer:GUG:0.0007; kmer:GUGC:0.0006; kmer:AAA:0.0004; kmer:GUGCA:0.0004; kmer:UGCA:0.0003; kmer:GCA:0.0003; kmer:UCG:0.0002; kmer:GCAC:0.0002,mir-25-3p:0.582; mir-181b-5p:0.575; mir-205-5p:0.504
796,mir-2355-3p,MIMAT0017950,AUUGUCCUUGCUGUUUGGAGAU,nao,0.695636,0.665741,0.688983,,kmer:GU:0.0027; kmer:UGU:0.0014; kmer:UUG:0.0006; kmer:UUGU:0.0005; kmer:GUU:0.0003; kmer:UGUC:0.0002; kmer:UUGUC:0.0002; kmer:UGCU:0.0002; kmer:AUUG:0.0001; kmer:GUUUG:0.0001,mir-92a-3p:0.589; mir-373-3p:0.581; mir-1246:0.546
797,mir-761,MIMAT0010364,GCAGCAGGGUGAAACUGACACA,nao,0.695253,0.665738,0.688970,,kmer:GU:0.0013; kmer:AA:0.0008; kmer:GUG:0.0006; kmer:GCA:0.0004; kmer:GCAG:0.0004; kmer:AAA:0.0004; kmer:AGCA:0.0003; kmer:UGA:0.0003; kmer:AGCAG:0.0003; kmer:CAGCA:0.0002,mir-497-5p:0.631; mir-24-3p:0.596; mir-195-5p:0.569
798,mir-3169,MIMAT0015044,UAGGACUGUGCUUGGCACAUAG,nao,0.694870,0.665723,0.688903,,kmer:GU:0.0014; kmer:UA:0.0014; kmer:UAG:0.0011; kmer:UGU:0.0007; kmer:GUG:0.0006; kmer:GUGC:0.0006; kmer:UGUG:0.0004; kmer:GUGCU:0.0003; kmer:GCA:0.0002; kmer:UGCUU:0.0002,mir-31-5p:0.614; mir-497-5p:0.555; mir-34a-5p:0.525
799,mir-4799-3p,MIMAT0019977,ACUGGCAUGCUGCAUUUAUAUA,nao,0.694487,0.665719,0.688888,,kmer:UA:0.0022; kmer:GCA:0.0005; kmer:UGCA:0.0003; kmer:UUA:0.0002; kmer:UGCU:0.0002; kmer:AUGC:0.0002; kmer:UUAU:0.0001; kmer:AUGCU:0.0001; kmer:UAU:0.0001; kmer:CAUU:0.0001,mir-31-5p:0.640; mir-181b-5p:0.453; mir-16-5p:0.450
800,mir-3617-5p,MIMAT0017997,AAAGACAUAGUUGCAAGAUGGG,nao,0.694104,0.665711,0.688849,,kmer:GU:0.0015; kmer:AA:0.0014; kmer:UA:0.0008; kmer:UAG:0.0006; kmer:AAA:0.0004; kmer:GUU:0.0004; kmer:UGCA:0.0003; kmer:GCA:0.0003; kmer:AGU:0.0002; kmer:AGUU:0.0002,mir-31-5p:0.596; mir-1-3p:0.509; mir-20a-5p:0.496
801,mir-4659b-5p,MIMAT0019733,UUGCCAUGUCUAAGAAGAA,nao,0.693721,0.665702,0.688810,,kmer:GU:0.0018; kmer:AA:0.0016; kmer:UGU:0.0009; kmer:UA:0.0009; kmer:UAA:0.0003; kmer:UGUC:0.0003; kmer:UUG:0.0003; kmer:CUAA:0.0002; kmer:UGUCU:0.0002; kmer:GUCU:0.0001,mir-1-3p:0.570; mir-206:0.459; mir-10b-5p:0.438
802,mir-195-3p,MIMAT0004615,CCAAUAUUGGCUGUGCUGCUCC,nao,0.693338,0.665698,0.688792,,kmer:GU:0.0013; kmer:UGU:0.0007; kmer:UA:0.0007; kmer:GUG:0.0006; kmer:GUGC:0.0005; kmer:AAU:0.0005; kmer:AA:0.0004; kmer:UGUG:0.0004; kmer:UGCU:0.0003; kmer:GUGCU:0.0002,mir-31-5p:0.549; mir-210-3p:0.531; mir-92a-3p:0.519
803,mir-6853-3p,MIMAT0027607,UGUUCAUUGGAACCCUGCGCAG,nao,0.692956,0.665681,0.688716,,kmer:GU:0.0014; kmer:UGU:0.0007; kmer:AA:0.0004; kmer:GUU:0.0003; kmer:ACCC:0.0002; kmer:GCA:0.0002; kmer:ACCCU:0.0002; kmer:GCAG:0.0002; kmer:UUG:0.0002; kmer:AUUGG:0.0002,mir-181b-5p:0.561; mir-10b-5p:0.533; mir-125a-5p:0.510
804,mir-567,MIMAT0003231,AGUAUGUUCUUCCAGGACAGAAC,nao,0.692573,0.665680,0.688709,,kmer:GU:0.0026; kmer:UGU:0.0007; kmer:UA:0.0006; kmer:AA:0.0004; kmer:GUA:0.0003; kmer:GUU:0.0003; kmer:AGU:0.0002; kmer:CAGGA:0.0001; kmer:AAC:0.0001; kmer:UCCAG:0.0001,mir-24-3p:0.578; mir-6875-5p:0.555; mir-145-5p:0.542
805,mir-5579-3p,MIMAT0022270,UUAGCUUAAGGAGUACCAGAUC,nao,0.692190,0.665673,0.688679,,kmer:UA:0.0022; kmer:GU:0.0015; kmer:UAG:0.0006; kmer:UUA:0.0005; kmer:AA:0.0004; kmer:UAGC:0.0004; kmer:GUA:0.0003; kmer:CUUA:0.0003; kmer:GCUUA:0.0003; kmer:UAA:0.0003,mir-21-5p:0.534; mir-20a-5p:0.527; mir-520c-3p:0.523
806,mir-30d-3p,MIMAT0004551,CUUUCAGUCAGAUGUUUGCUGC,sim,0.691807,0.665669,0.688663,hsa-mir-30d,kmer:GU:0.0028; kmer:UGU:0.0007; kmer:GUU:0.0003; kmer:AGU:0.0002; kmer:UUG:0.0002; kmer:UGCU:0.0002; kmer:CAGU:0.0001; kmer:GAUGU:0.0001; kmer:CAG:0.0001; kmer:UCAGU:0.0001,mir-21-5p:0.569; mir-24-3p:0.532; mir-373-3p:0.516
807,mir-9898,MIMAT0039318,UACUUACCUGUCCCCUACCCCA,nao,0.691424,0.665668,0.688658,,kmer:UA:0.0020; kmer:GU:0.0013; kmer:UGU:0.0007; kmer:CUUA:0.0003; kmer:UACC:0.0002; kmer:ACCC:0.0002; kmer:UGUC:0.0002; kmer:UUA:0.0002; kmer:UACCC:0.0001; kmer:UCCC:0.0001,mir-125a-5p:0.622; mir-125b-5p:0.584; mir-10b-5p:0.501
808,mir-4324,MIMAT0016876,CCCUGAGACCCUAACCUUAA,nao,0.691041,0.665667,0.688652,,kmer:UA:0.0014; kmer:AA:0.0008; kmer:UAA:0.0005; kmer:CUUA:0.0003; kmer:CCCU:0.0003; kmer:ACCC:0.0002; kmer:UUA:0.0002; kmer:ACCCU:0.0002; kmer:CUGA:0.0002; kmer:GACCC:0.0002,mir-125a-5p:0.848; mir-125b-5p:0.821; mir-365a-3p:0.565
809,mir-4318,MIMAT0016869,CACUGUGGGUACAUGCU,nao,0.690658,0.665661,0.688626,,kmer:GU:0.0036; kmer:UGU:0.0009; kmer:UA:0.0009; kmer:GUG:0.0008; kmer:UGUG:0.0005; kmer:GUA:0.0004; kmer:GGUA:0.0004; kmer:UGCU:0.0002; kmer:AUGC:0.0002; kmer:AUGCU:0.0001,mir-181b-5p:0.586; mir-200a-3p:0.579; mir-497-5p:0.570
810,mir-3606-3p,MIMAT0022965,AAAAUUUCUUUCACUACUUAG,nao,0.690276,0.665651,0.688582,,kmer:UA:0.0016; kmer:AA:0.0014; kmer:AAA:0.0008; kmer:UAG:0.0007; kmer:AAU:0.0006; kmer:CUUA:0.0004; kmer:AAAU:0.0003; kmer:UUA:0.0003; kmer:AAUUU:0.0001; kmer:CUUAG:0.0001,mir-520c-3p:0.526; mir-365a-3p:0.444; mir-451a:0.429
811,mir-31-3p,MIMAT0004504,UGCUAUGCCAACAUAUUGCCAU,nao,0.689893,0.665650,0.688576,,kmer:UA:0.0016; kmer:AA:0.0005; kmer:UAUUG:0.0003; kmer:UUG:0.0002; kmer:UGCU:0.0002; kmer:AUAUU:0.0002; kmer:AUGC:0.0002; kmer:AUUGC:0.0002; kmer:AUUG:0.0001; kmer:UAUU:0.0001,mir-31-5p:0.488; mir-19b-3p:0.483; mir-92a-3p:0.479
812,mir-4647,MIMAT0019709,GAAGAUGGUGCUGUGCUGAGGAA,nao,0.689510,0.665648,0.688566,,kmer:GU:0.0025; kmer:GUG:0.0011; kmer:GUGC:0.0010; kmer:AA:0.0007; kmer:UGU:0.0006; kmer:GUGCU:0.0005; kmer:UGUG:0.0004; kmer:UGCU:0.0003; kmer:CUGA:0.0002; kmer:UGA:0.0001,mir-210-3p:0.601; mir-206:0.596; mir-93-5p:0.549
813,mir-1911-5p,MIMAT0007885,UGAGUACCGCCAUGUCUGUUGGG,nao,0.689127,0.665648,0.688566,,kmer:GU:0.0043; kmer:UGU:0.0015; kmer:UA:0.0007; kmer:GUA:0.0003; kmer:GUU:0.0003; kmer:UGUC:0.0002; kmer:AGU:0.0002; kmer:ACCG:0.0002; kmer:UUG:0.0002; kmer:GUUG:0.0002,mir-34a-5p:0.574; mir-200a-3p:0.546; let-7b-5p:0.530
814,mir-3165,MIMAT0015039,AGGUGGAUGCAAUGUGACCUCA,nao,0.688744,0.665641,0.688535,,kmer:GU:0.0029; kmer:GUG:0.0013; kmer:UGU:0.0008; kmer:AAU:0.0005; kmer:AA:0.0004; kmer:UGUG:0.0004; kmer:UGCA:0.0003; kmer:GCA:0.0002; kmer:AGGU:0.0002; kmer:AAUG:0.0002,mir-206:0.593; mir-19b-3p:0.545; mir-19a-3p:0.543
815,mir-5587-3p,MIMAT0022290,GCCCCGGGCAGUGUGAUCAUC,nao,0.688361,0.665640,0.688530,,kmer:GU:0.0029; kmer:GUG:0.0013; kmer:UGU:0.0008; kmer:UGUG:0.0004; kmer:AGUG:0.0003; kmer:GCA:0.0002; kmer:AGU:0.0002; kmer:GCAG:0.0002; kmer:AUC:0.0002; kmer:CAGU:0.0002,mir-99a-5p:0.514; mir-4634:0.457; mir-34a-5p:0.455
816,mir-770-5p,MIMAT0003948,UCCAGUACCACGUGUCAGGGCCA,nao,0.687979,0.665639,0.688525,,kmer:GU:0.0041; kmer:UGU:0.0007; kmer:UA:0.0007; kmer:GUG:0.0006; kmer:CGU:0.0004; kmer:CGUG:0.0003; kmer:GUA:0.0003; kmer:UGUC:0.0002; kmer:AGU:0.0002; kmer:CAGU:0.0001,mir-139-5p:0.680; mir-223-3p:0.569; mir-145-5p:0.519
817,mir-3136-3p,MIMAT0019203,UGGCCCAACCUAUUCAGUUAGU,nao,0.687596,0.665637,0.688519,,kmer:GU:0.0031; kmer:UA:0.0015; kmer:UAG:0.0007; kmer:AGU:0.0005; kmer:AA:0.0005; kmer:GUU:0.0004; kmer:UUA:0.0003; kmer:AGUU:0.0002; kmer:CAGUU:0.0002; kmer:CAGU:0.0002,mir-223-3p:0.561; mir-24-3p:0.541; mir-145-5p:0.529
818,mir-3146,MIMAT0015018,CAUGCUAGGAUAGAAAGAAUGG,nao,0.687213,0.665636,0.688511,,kmer:UA:0.0014; kmer:AA:0.0012; kmer:UAG:0.0012; kmer:AAU:0.0005; kmer:AAA:0.0004; kmer:GAAU:0.0002; kmer:UGCU:0.0002; kmer:AAUG:0.0002; kmer:AUAG:0.0002; kmer:AUGC:0.0001,mir-31-5p:0.582; mir-1-3p:0.579; mir-155-5p:0.535
819,mir-30b-5p,MIMAT0000420,UGUAAACAUCCUACACUCAGCU,sim,0.686830,0.665636,0.688511,hsa-mir-30b,kmer:GU:0.0015; kmer:UA:0.0015; kmer:AA:0.0009; kmer:UGU:0.0008; kmer:AAA:0.0004; kmer:GUA:0.0004; kmer:UAA:0.0003; kmer:AUCC:0.0002; kmer:CAGC:0.0002; kmer:UAAA:0.0001,mir-200a-3p:0.532; mir-139-5p:0.486; mir-191-5p:0.481
820,mir-642b-5p,MIMAT0022736,GGUUCCCUCUCCAAAUGUGUCU,nao,0.686447,0.665627,0.688473,,kmer:GU:0.0042; kmer:UGU:0.0015; kmer:AA:0.0008; kmer:GUG:0.0006; kmer:AAU:0.0005; kmer:UGUG:0.0004; kmer:AAA:0.0004; kmer:GUU:0.0003; kmer:AAAU:0.0003; kmer:CAAA:0.0002,mir-205-5p:0.555; mir-139-5p:0.549; mir-145-5p:0.544
821,mir-183-5p,MIMAT0000261,UAUGGCACUGGUAGAAUUCACU,nao,0.686064,0.665623,0.688455,,kmer:GU:0.0013; kmer:UA:0.0013; kmer:UAG:0.0006; kmer:AAU:0.0005; kmer:GUAG:0.0004; kmer:AA:0.0004; kmer:GGUAG:0.0003; kmer:GUA:0.0003; kmer:GGUA:0.0003; kmer:GCA:0.0002,mir-200a-3p:0.530; mir-31-5p:0.490; mir-497-5p:0.464
822,mir-4677-3p,MIMAT0019761,UCUGUGAGACCAAAGAACUACU,nao,0.685681,0.665619,0.688437,,kmer:GU:0.0014; kmer:AA:0.0012; kmer:UGU:0.0007; kmer:UA:0.0007; kmer:GUG:0.0006; kmer:UGUG:0.0004; kmer:AAA:0.0004; kmer:CAAA:0.0002; kmer:UGA:0.0001; kmer:UGUGA:0.0001,mir-125b-5p:0.619; mir-125a-5p:0.582; mir-10b-5p:0.502
823,mir-3978,MIMAT0019363,GUGGAAAGCAUGCAUCCAGGGUGU,nao,0.685299,0.665616,0.688422,,kmer:GU:0.0040; kmer:GUG:0.0012; kmer:AA:0.0008; kmer:UGU:0.0007; kmer:GCA:0.0004; kmer:AAA:0.0004; kmer:AGCA:0.0003; kmer:UGCA:0.0002; kmer:AUCC:0.0002; kmer:AUGC:0.0001,mir-206:0.599; mir-19b-3p:0.571; mir-6861-5p:0.546
824,mir-27a-3p,MIMAT0000084,UUCACAGUGGCUAAGUUCCGC,sim,0.684916,0.665614,0.688415,hsa-mir-27a,kmer:GU:0.0032; kmer:UA:0.0008; kmer:GUG:0.0007; kmer:AGU:0.0005; kmer:AA:0.0005; kmer:GUU:0.0004; kmer:UAA:0.0003; kmer:AGUG:0.0003; kmer:AAGU:0.0002; kmer:AGUU:0.0002,mir-24-3p:0.606; mir-139-5p:0.559; mir-17-5p:0.540
825,mir-935,MIMAT0004978,CCAGUUACCGCUUCCGCUACCGC,nao,0.684533,0.665611,0.688401,,kmer:GU:0.0016; kmer:UA:0.0015; kmer:ACCG:0.0005; kmer:GUU:0.0004; kmer:UACC:0.0003; kmer:AGU:0.0003; kmer:UUA:0.0003; kmer:CCG:0.0002; kmer:AGUU:0.0002; kmer:CAGUU:0.0002,mir-451a:0.551; mir-205-5p:0.488; mir-145-5p:0.440
826,mir-103b,MIMAT0007402,UCAUAGCCCUGUACAAUGCUGCU,nao,0.684150,0.665608,0.688389,,kmer:GU:0.0014; kmer:UA:0.0014; kmer:UGU:0.0008; kmer:UAG:0.0006; kmer:AAU:0.0005; kmer:AA:0.0004; kmer:UGCU:0.0004; kmer:UAGC:0.0003; kmer:GUA:0.0003; kmer:AAUG:0.0002,mir-31-5p:0.615; mir-92a-3p:0.483; mir-93-5p:0.469
827,mir-3915,MIMAT0018189,UUGAGGAAAAGAUGGUCUUAUU,nao,0.683767,0.665607,0.688384,,kmer:GU:0.0014; kmer:AA:0.0012; kmer:AAA:0.0007; kmer:UA:0.0007; kmer:CUUA:0.0003; kmer:CUUAU:0.0002; kmer:UUA:0.0002; kmer:UUG:0.0002; kmer:UGA:0.0001; kmer:UUAU:0.0001,mir-520c-3p:0.521; mir-1-3p:0.507; mir-1246:0.503
828,mir-4714-3p,MIMAT0019823,CCAACCUAGGUGGUCAGAGUUG,nao,0.683384,0.665605,0.688375,,kmer:GU:0.0045; kmer:UA:0.0007; kmer:GUG:0.0007; kmer:UAG:0.0006; kmer:AA:0.0004; kmer:GUU:0.0003; kmer:AGU:0.0002; kmer:AGGU:0.0002; kmer:AGUU:0.0002; kmer:UUG:0.0002,let-7b-5p:0.613; let-7a-5p:0.555; mir-6861-5p:0.533
829,mir-519c-3p,MIMAT0002832,AAAGUGCAUCUUUUUAGAGGAU,sim,0.683002,0.665605,0.688372,hsa-mir-519c,kmer:GU:0.0015; kmer:AA:0.0009; kmer:UA:0.0007; kmer:GUG:0.0007; kmer:UAG:0.0006; kmer:GUGC:0.0006; kmer:AGUGC:0.0005; kmer:AAA:0.0004; kmer:GUGCA:0.0004; kmer:AAGUG:0.0003,mir-520c-3p:0.750; mir-1246:0.609; mir-373-3p:0.568
830,mir-363-5p,MIMAT0003385,CGGGUGGAUCACGAUGCAAUUU,nao,0.682619,0.665604,0.688370,,kmer:GU:0.0014; kmer:GUG:0.0006; kmer:AAU:0.0005; kmer:AA:0.0004; kmer:UGCA:0.0003; kmer:GCA:0.0002; kmer:CGAU:0.0002; kmer:UGCAA:0.0002; kmer:CGA:0.0001; kmer:AUGC:0.0001,mir-1246:0.553; mir-373-3p:0.535; mir-181b-5p:0.523
831,mir-5002-5p,MIMAT0021023,AAUUUGGUUUCUGAGGCACUUAGU,nao,0.682236,0.665601,0.688353,,kmer:GU:0.0025; kmer:UA:0.0006; kmer:UAG:0.0005; kmer:AAU:0.0005; kmer:AA:0.0004; kmer:CUUA:0.0003; kmer:GUU:0.0003; kmer:GCA:0.0002; kmer:AGU:0.0002; kmer:UUA:0.0002,mir-520c-3p:0.587; mir-1246:0.570; mir-373-3p:0.568
832,let-7f-2-3p,MIMAT0004487,CUAUACAGUCUACUGUCUUUCC,nao,0.681853,0.665595,0.688328,,kmer:GU:0.0028; kmer:UA:0.0021; kmer:UGU:0.0007; kmer:UGUC:0.0002; kmer:AGU:0.0002; kmer:CAGU:0.0001; kmer:UGUCU:0.0001; kmer:GUCU:0.0001; kmer:ACAG:0.0001; kmer:UACAG:0.0001,mir-139-5p:0.598; mir-25-3p:0.503; mir-205-5p:0.501
833,mir-4289,MIMAT0016920,GCAUUGUGCAGGGCUAUCA,nao,0.681470,0.665588,0.688298,,kmer:GU:0.0017; kmer:UGU:0.0009; kmer:UA:0.0008; kmer:GUG:0.0007; kmer:GUGC:0.0007; kmer:UUGU:0.0006; kmer:GCA:0.0005; kmer:UGUG:0.0005; kmer:GUGCA:0.0004; kmer:UUGUG:0.0003,mir-31-5p:0.548; mir-181b-5p:0.521; mir-24-3p:0.512
834,mir-6504-3p,MIMAT0025465,CAUUACAGCACAGCCAUUCU,nao,0.681087,0.665569,0.688212,,kmer:UA:0.0007; kmer:AGCA:0.0003; kmer:CAGC:0.0003; kmer:CAGCA:0.0003; kmer:GCA:0.0002; kmer:UUA:0.0002; kmer:GCAC:0.0002; kmer:ACAG:0.0002; kmer:AGCAC:0.0002; kmer:CAUU:0.0002,mir-195-5p:0.579; mir-497-5p:0.537; mir-24-3p:0.518
835,mir-3929,MIMAT0018206,GAGGCUGAUGUGAGUAGACCACU,nao,0.680704,0.665568,0.688206,,kmer:GU:0.0026; kmer:UGU:0.0007; kmer:UA:0.0006; kmer:GUG:0.0006; kmer:UAG:0.0005; kmer:GUAG:0.0004; kmer:UGUG:0.0004; kmer:GUA:0.0003; kmer:UGA:0.0003; kmer:AGU:0.0002,mir-21-5p:0.588; mir-210-3p:0.552; mir-125b-5p:0.548
836,mir-1183,MIMAT0005828,CACUGUAGGUGAUGGUGAGAGUGGGCA,nao,0.680322,0.665561,0.688175,,kmer:GU:0.0045; kmer:GUG:0.0015; kmer:UGU:0.0006; kmer:UA:0.0005; kmer:UAG:0.0005; kmer:GUAG:0.0004; kmer:GUA:0.0003; kmer:UGA:0.0002; kmer:AGUG:0.0002; kmer:GCA:0.0002,let-7b-5p:0.661; mir-6861-5p:0.623; mir-206:0.581
837,mir-136-3p,MIMAT0004606,CAUCAUCGUCUCAAAUGAGUCU,nao,0.679939,0.665560,0.688172,,kmer:GU:0.0030; kmer:AA:0.0009; kmer:AAU:0.0006; kmer:CGU:0.0005; kmer:AAA:0.0004; kmer:AAAU:0.0003; kmer:CAAA:0.0003; kmer:AGU:0.0002; kmer:UCGU:0.0002; kmer:UCG:0.0002,mir-205-5p:0.516; mir-25-3p:0.516; mir-139-5p:0.471
838,mir-6080,MIMAT0023705,UCUAGUGCGGGCGUUCCCG,nao,0.679556,0.665560,0.688170,,kmer:GU:0.0034; kmer:UA:0.0008; kmer:GUG:0.0008; kmer:UAG:0.0007; kmer:GUGC:0.0007; kmer:AGUGC:0.0006; kmer:CGU:0.0006; kmer:GUU:0.0004; kmer:AGUG:0.0003; kmer:AGU:0.0003,mir-1307-3p:0.568; mir-4634:0.565; mir-93-5p:0.451
839,mir-5580-5p,MIMAT0022273,UGCUGGCUCAUUUCAUAUGUGU,nao,0.679173,0.665548,0.688116,,kmer:GU:0.0029; kmer:UGU:0.0015; kmer:UA:0.0007; kmer:GUG:0.0006; kmer:UGUG:0.0004; kmer:UGCU:0.0002; kmer:CAUU:0.0001; kmer:GUGU:0.0001; kmer:UAU:0.0001; kmer:UGGC:0.0000,mir-181b-5p:0.646; mir-34a-5p:0.528; mir-31-5p:0.515
840,mir-3671,MIMAT0018094,AUCAAAUAAGGACUAGUCUGCA,nao,0.678790,0.665542,0.688090,,kmer:GU:0.0016; kmer:UA:0.0016; kmer:AA:0.0014; kmer:UAG:0.0007; kmer:AAU:0.0006; kmer:AAA:0.0004; kmer:AAAU:0.0003; kmer:AAAUA:0.0003; kmer:UAA:0.0003; kmer:UGCA:0.0003,mir-19a-3p:0.595; mir-19b-3p:0.541; mir-191-5p:0.530
841,mir-4301,MIMAT0016850,UCCCACUACUUCACUUGUGA,nao,0.678407,0.665537,0.688067,,kmer:GU:0.0016; kmer:UGU:0.0008; kmer:UA:0.0008; kmer:GUG:0.0007; kmer:UUGU:0.0006; kmer:UGUG:0.0005; kmer:CUUGU:0.0003; kmer:UUGUG:0.0003; kmer:ACUUG:0.0003; kmer:UUG:0.0002,mir-125b-5p:0.588; mir-92a-3p:0.551; mir-25-3p:0.531
842,mir-487b-3p,MIMAT0003180,AAUCGUACAGGGUCAUCCACUU,sim,0.678025,0.665529,0.688033,hsa-mir-487b,kmer:GU:0.0029; kmer:UA:0.0007; kmer:AAU:0.0006; kmer:CGU:0.0005; kmer:AA:0.0004; kmer:GUA:0.0003; kmer:AAUC:0.0003; kmer:UCGU:0.0002; kmer:UCG:0.0002; kmer:AUC:0.0002,mir-205-5p:0.504; mir-139-5p:0.492; mir-181b-5p:0.472
843,mir-4715-3p,MIMAT0019825,GUGCCACCUUAACUGCAGCCAAU,nao,0.677642,0.665512,0.687955,,kmer:GU:0.0016; kmer:AA:0.0009; kmer:UA:0.0008; kmer:GUG:0.0007; kmer:GUGC:0.0006; kmer:AAU:0.0006; kmer:CUUA:0.0004; kmer:UAA:0.0003; kmer:UGCA:0.0003; kmer:GCA:0.0003,mir-19b-3p:0.554; mir-191-5p:0.543; mir-19a-3p:0.525
844,mir-103a-3p,MIMAT0000101,AGCAGCAUUGUACAGGGCUAUGA,sim,0.677259,0.665505,0.687924,hsa-mir-103a-1; hsa-mir-103a-2,kmer:GU:0.0014; kmer:UA:0.0014; kmer:UGU:0.0007; kmer:AGCA:0.0007; kmer:UUGU:0.0005; kmer:GCA:0.0005; kmer:GUA:0.0003; kmer:AGCAG:0.0003; kmer:CAGCA:0.0003; kmer:GCAGC:0.0002,mir-195-5p:0.674; mir-497-5p:0.617; mir-24-3p:0.616
845,mir-1226-3p,MIMAT0005577,UCACCAGCCCUGUGUUCCCUAG,nao,0.676876,0.665504,0.687919,,kmer:GU:0.0028; kmer:UGU:0.0015; kmer:UA:0.0007; kmer:GUG:0.0006; kmer:UAG:0.0006; kmer:UGUG:0.0004; kmer:GUU:0.0003; kmer:CCCU:0.0003; kmer:CAGC:0.0002; kmer:UCCC:0.0002,mir-125a-5p:0.647; mir-125b-5p:0.601; mir-145-5p:0.590
846,mir-3605-3p,MIMAT0017982,CCUCCGUGUUACCUGUCCUCUAG,nao,0.676493,0.665502,0.687912,,kmer:GU:0.0043; kmer:UGU:0.0015; kmer:UA:0.0014; kmer:GUG:0.0006; kmer:UAG:0.0006; kmer:CGU:0.0005; kmer:CGUG:0.0003; kmer:GUU:0.0003; kmer:UGUC:0.0002; kmer:UUA:0.0002,mir-125a-5p:0.579; mir-139-5p:0.538; mir-92a-3p:0.534
847,mir-5087,MIMAT0021079,GGGUUUGUAGCUUUGCUGGCAUG,nao,0.676110,0.665499,0.687898,,kmer:GU:0.0026; kmer:UGU:0.0007; kmer:UA:0.0006; kmer:UAG:0.0005; kmer:UUGU:0.0005; kmer:GUAG:0.0004; kmer:UUG:0.0004; kmer:UAGC:0.0003; kmer:GUA:0.0003; kmer:GUU:0.0003,mir-34a-5p:0.661; mir-31-5p:0.602; mir-373-3p:0.596
848,mir-1257,MIMAT0005908,AGUGAAUGAUGGGUUCUGACC,nao,0.675727,0.665494,0.687877,,kmer:GU:0.0030; kmer:GUG:0.0007; kmer:AAU:0.0006; kmer:UGA:0.0005; kmer:AA:0.0004; kmer:GUU:0.0004; kmer:AGUG:0.0003; kmer:AGU:0.0002; kmer:GAAU:0.0002; kmer:CUGA:0.0002,mir-206:0.524; mir-21-5p:0.516; mir-373-3p:0.513
849,mir-4781-3p,MIMAT0019943,AAUGUUGGAAUCCUCGCUAGAG,nao,0.675345,0.665494,0.687876,,kmer:GU:0.0015; kmer:AAU:0.0011; kmer:AA:0.0009; kmer:UGU:0.0008; kmer:UA:0.0007; kmer:UAG:0.0006; kmer:GUU:0.0003; kmer:AAUC:0.0003; kmer:AAUCC:0.0003; kmer:GAAU:0.0002,mir-1-3p:0.532; mir-206:0.508; mir-21-5p:0.498
850,mir-526b-3p,MIMAT0002836,GAAAGUGCUUCCUUUUAGAGGC,sim,0.674962,0.665494,0.687873,hsa-mir-526b,kmer:GU:0.0013; seed:AAAGUGC:0.0010; kmer:AA:0.0008; kmer:UA:0.0007; kmer:GUG:0.0006; kmer:UAG:0.0006; kmer:GUGC:0.0005; kmer:AGUGC:0.0005; kmer:AAA:0.0004; kmer:AAGUG:0.0003,mir-520c-3p:0.901; mir-373-3p:0.604; mir-106a-5p:0.596
851,mir-6506-3p,MIMAT0025469,UCGUAUCAGAGAUUCCAGACAC,nao,0.674579,0.665490,0.687858,,kmer:GU:0.0014; kmer:UA:0.0007; kmer:CGU:0.0005; kmer:GUA:0.0003; kmer:UCGU:0.0002; kmer:UCG:0.0002; kmer:AUC:0.0001; kmer:UCCAG:0.0001; kmer:CGUA:0.0001; kmer:UAUCA:0.0001,mir-21-5p:0.498; mir-205-5p:0.475; mir-24-3p:0.465
852,mir-29a-5p,MIMAT0004503,ACUGAUUUCUUUUGGUGUUCAG,sim,0.674196,0.665469,0.687764,hsa-mir-29a,kmer:GU:0.0028; kmer:UGU:0.0007; kmer:GUG:0.0006; kmer:GUU:0.0003; kmer:ACUGA:0.0002; kmer:CUGA:0.0002; kmer:UUG:0.0002; kmer:UGA:0.0001; kmer:GUGU:0.0001; kmer:CUGAU:0.0001,mir-373-3p:0.667; mir-1246:0.594; mir-382-5p:0.560
853,mir-148b-5p,MIMAT0004699,AAGUUCUGUUAUACACUCAGGC,sim,0.673813,0.665468,0.687757,hsa-mir-148b,kmer:GU:0.0030; kmer:UA:0.0015; kmer:UGU:0.0008; kmer:GUU:0.0007; kmer:AA:0.0004; kmer:AGU:0.0002; kmer:UUA:0.0002; kmer:AAGU:0.0002; kmer:AGUU:0.0002; kmer:UUAU:0.0001,mir-24-3p:0.551; mir-93-5p:0.499; mir-139-5p:0.497
854,mir-652-3p,MIMAT0003322,AAUGGCGCCACUAGGGUUGUG,nao,0.673430,0.665467,0.687753,,kmer:GU:0.0033; kmer:UGU:0.0009; kmer:UA:0.0008; kmer:GUG:0.0007; kmer:UAG:0.0007; kmer:AAU:0.0006; kmer:UUGU:0.0006; kmer:AA:0.0005; kmer:UGUG:0.0005; kmer:GUU:0.0004,let-7b-5p:0.599; mir-34a-5p:0.585; mir-6861-5p:0.576
855,mir-4520-3p,MIMAT0019057,UUGGACAGAAAACACGCAGGAA,nao,0.673047,0.665461,0.687728,,kmer:AA:0.0016; kmer:AAA:0.0007; kmer:GCA:0.0002; kmer:GCAG:0.0002; kmer:GCAGG:0.0002; kmer:UUG:0.0002; kmer:CAGGA:0.0001; kmer:AAC:0.0001; kmer:CACG:0.0001; kmer:AGGAA:0.0001,mir-24-3p:0.576; mir-6875-5p:0.575; mir-195-5p:0.557
856,mir-3168,MIMAT0015043,GAGUUCUACAGUCAGAC,nao,0.672665,0.665438,0.687624,,kmer:GU:0.0038; kmer:UA:0.0009; kmer:AGU:0.0006; kmer:GUU:0.0004; kmer:AGUU:0.0003; kmer:CAGU:0.0002; kmer:ACAG:0.0001; kmer:UACAG:0.0001; kmer:CAG:0.0001; kmer:ACAGU:0.0001,mir-24-3p:0.594; mir-139-5p:0.590; mir-17-5p:0.475
857,mir-4527,MIMAT0019066,UGGUCUGCAAAGAGAUGACUGU,nao,0.672282,0.665437,0.687621,,kmer:GU:0.0028; kmer:AA:0.0008; kmer:UGU:0.0007; kmer:AAA:0.0004; kmer:UGCA:0.0003; kmer:CAAA:0.0002; kmer:GCA:0.0002; kmer:GCAAA:0.0002; kmer:UGCAA:0.0002; kmer:UGA:0.0001,mir-19a-3p:0.600; mir-19b-3p:0.567; mir-200a-3p:0.562
858,mir-20b-3p,MIMAT0004752,ACUGUAGUAUGGGCACUUCCAG,sim,0.671899,0.665430,0.687586,hsa-mir-20b,kmer:GU:0.0028; kmer:UA:0.0014; kmer:UGU:0.0007; kmer:GUA:0.0007; kmer:UAG:0.0006; kmer:GUAG:0.0005; kmer:GCA:0.0002; kmer:AGU:0.0002; kmer:GCAC:0.0002; kmer:UCCAG:0.0001,mir-6861-5p:0.560; mir-497-5p:0.513; let-7a-5p:0.511
859,mir-192-5p,MIMAT0000222,CUGACCUAUGAAUUGACAGCC,nao,0.671516,0.665429,0.687584,,kmer:UA:0.0008; kmer:AAU:0.0006; kmer:UGA:0.0005; kmer:AA:0.0005; kmer:GAAU:0.0002; kmer:CUGA:0.0002; kmer:UUG:0.0002; kmer:CAGC:0.0002; kmer:AUUG:0.0001; kmer:UGACA:0.0001,mir-125b-5p:0.553; mir-21-5p:0.541; mir-125a-5p:0.540
860,mir-4737,MIMAT0019863,AUGCGAGGAUGCUGACAGUG,nao,0.671133,0.665426,0.687571,,kmer:GU:0.0015; kmer:GUG:0.0007; kmer:AUGC:0.0003; kmer:AGUG:0.0003; kmer:AGU:0.0002; kmer:CUGA:0.0002; kmer:UGCU:0.0002; kmer:CAGU:0.0002; kmer:CGA:0.0002; kmer:UGA:0.0002,mir-210-3p:0.618; mir-31-5p:0.546; mir-6875-5p:0.493
861,mir-193a-3p,MIMAT0000459,AACUGGCCUACAAAGUCCCAGU,sim,0.670750,0.665419,0.687539,hsa-mir-193a,kmer:GU:0.0028; kmer:AA:0.0012; kmer:UA:0.0007; kmer:AGU:0.0004; kmer:AAA:0.0004; kmer:CAAA:0.0002; kmer:AAGU:0.0002; kmer:AAAGU:0.0002; kmer:UCCC:0.0002; kmer:CAGU:0.0001,mir-191-5p:0.563; mir-145-5p:0.525; mir-17-5p:0.507
862,mir-3714,MIMAT0018165,GAAGGCAGCAGUGCUCCCCUGU,nao,0.670368,0.665418,0.687532,,kmer:GU:0.0026; kmer:UGU:0.0007; kmer:GUG:0.0006; kmer:GUGC:0.0005; kmer:AGUGC:0.0005; kmer:GCA:0.0004; kmer:GCAG:0.0004; kmer:AA:0.0004; kmer:AGCA:0.0003; kmer:AGCAG:0.0003,mir-24-3p:0.574; mir-17-5p:0.566; mir-106a-5p:0.553
863,mir-218-2-3p,MIMAT0004566,CAUGGUUCUGUCAAGCACCGCG,nao,0.669985,0.665416,0.687524,,kmer:GU:0.0032; kmer:UGU:0.0008; kmer:AA:0.0005; kmer:AGCA:0.0004; kmer:GUU:0.0004; kmer:GCA:0.0003; kmer:UGUC:0.0003; kmer:ACCG:0.0002; kmer:GCAC:0.0002; kmer:AGCAC:0.0002,mir-497-5p:0.589; mir-181b-5p:0.540; mir-223-3p:0.530
864,let-7a-3p,MIMAT0004481,CUAUACAAUCUACUGUCUUUC,sim,0.669602,0.665414,0.687513,hsa-let-7a-1; hsa-let-7a-2; hsa-let-7a-3,kmer:UA:0.0023; kmer:GU:0.0016; kmer:UGU:0.0008; kmer:AAU:0.0006; kmer:AA:0.0005; kmer:AAUC:0.0004; kmer:UGUC:0.0003; kmer:UGUCU:0.0001; kmer:AUC:0.0001; kmer:GUCU:0.0001,mir-200a-3p:0.499; mir-25-3p:0.483; mir-139-5p:0.456
865,mir-1287-5p,MIMAT0005878,UGCUGGAUCAGUGGUUCGAGUC,nao,0.669219,0.665412,0.687508,,kmer:GU:0.0041; kmer:GUG:0.0006; kmer:AGU:0.0004; kmer:GUU:0.0003; kmer:AGUG:0.0003; kmer:UCG:0.0002; kmer:UGCU:0.0002; kmer:UUCG:0.0002; kmer:CAGU:0.0001; kmer:CGA:0.0001,mir-382-5p:0.662; mir-34a-5p:0.599; mir-93-5p:0.548
866,mir-1245a,MIMAT0005897,AAGUGAUCUAAAGGCCUACAU,nao,0.668836,0.665410,0.687495,,kmer:GU:0.0016; kmer:UA:0.0016; kmer:AA:0.0014; kmer:GUG:0.0007; kmer:AAA:0.0004; kmer:AAGUG:0.0003; kmer:UAA:0.0003; kmer:AGUG:0.0003; kmer:AGU:0.0003; kmer:AAGU:0.0002,mir-365a-3p:0.521; mir-106a-5p:0.509; mir-20a-5p:0.505
867,mir-8070,MIMAT0030997,AUGUGAUUGACGGCUGACUCCA,nao,0.668453,0.665405,0.687476,,kmer:GU:0.0014; kmer:UGU:0.0007; kmer:GUG:0.0006; kmer:UGA:0.0004; kmer:UGUG:0.0004; kmer:CUGA:0.0002; kmer:UUG:0.0002; kmer:CGGC:0.0001; kmer:UGUGA:0.0001; kmer:AUUG:0.0001,mir-210-3p:0.629; mir-425-5p:0.565; mir-21-5p:0.556
868,mir-3164,MIMAT0015038,UGUGACUUUAAGGGAAAUGGCG,nao,0.668070,0.665405,0.687475,,kmer:GU:0.0015; kmer:AA:0.0013; kmer:UGU:0.0008; kmer:UA:0.0007; kmer:GUG:0.0007; kmer:AAU:0.0006; kmer:UGUG:0.0004; kmer:AAA:0.0004; kmer:AAAU:0.0003; kmer:UAA:0.0003,mir-206:0.609; mir-155-5p:0.536; mir-373-3p:0.533
869,mir-3681-3p,MIMAT0018109,ACACAGUGCUUCAUCCACUACU,nao,0.667688,0.665394,0.687427,,kmer:GU:0.0014; kmer:UA:0.0007; kmer:GUG:0.0006; kmer:GUGC:0.0006; kmer:AGUGC:0.0005; kmer:AGUG:0.0003; kmer:GUGCU:0.0003; kmer:AGU:0.0002; kmer:UGCUU:0.0002; kmer:UGCU:0.0002,mir-139-5p:0.595; mir-205-5p:0.516; mir-17-5p:0.515
870,mir-511-5p,MIMAT0002808,GUGUCUUUUGCUCUGCAGUCA,nao,0.667305,0.665388,0.687398,,kmer:GU:0.0046; kmer:UGU:0.0008; kmer:GUG:0.0007; kmer:UGCA:0.0003; kmer:GCA:0.0003; kmer:UGUC:0.0002; kmer:AGU:0.0002; kmer:GCAG:0.0002; kmer:UUG:0.0002; kmer:UGCU:0.0002,mir-34a-5p:0.642; mir-25-3p:0.640; mir-139-5p:0.607
871,mir-922,MIMAT0004972,GCAGCAGAGAAUAGGACUACGUC,nao,0.666922,0.665386,0.687390,,kmer:GU:0.0015; kmer:UA:0.0015; kmer:UAG:0.0006; kmer:AAU:0.0006; kmer:GCA:0.0005; kmer:CGU:0.0005; kmer:GCAG:0.0005; kmer:AA:0.0004; kmer:AGCA:0.0004; kmer:AGCAG:0.0003,mir-195-5p:0.636; mir-24-3p:0.579; mir-16-5p:0.558
872,mir-26a-5p,MIMAT0000082,UUCAAGUAAUCCAGGAUAGGCU,sim,0.666539,0.665382,0.687371,hsa-mir-26a-1; hsa-mir-26a-2,kmer:GU:0.0014; kmer:UA:0.0014; kmer:AA:0.0008; kmer:UAG:0.0006; kmer:AAU:0.0005; kmer:GUA:0.0003; kmer:AAUC:0.0003; kmer:UAA:0.0003; kmer:AAUCC:0.0003; kmer:AGU:0.0002,mir-24-3p:0.538; mir-145-5p:0.534; mir-155-5p:0.523
873,mir-92a-1-5p,MIMAT0004507,AGGUUGGGAUCGGUUGCAAUGCU,nao,0.666156,0.665378,0.687355,,kmer:GU:0.0026; kmer:GUU:0.0006; kmer:AAU:0.0005; kmer:AA:0.0004; kmer:UUG:0.0004; kmer:GUUG:0.0004; kmer:UGCA:0.0002; kmer:GCA:0.0002; kmer:GGUU:0.0002; kmer:UCG:0.0002,mir-181b-5p:0.568; mir-155-5p:0.559; mir-373-3p:0.542
874,mir-98-3p,MIMAT0022842,CUAUACAACUUACUACUUUCCC,nao,0.665773,0.665360,0.687273,,kmer:UA:0.0030; kmer:AA:0.0004; kmer:CUUA:0.0004; kmer:UUA:0.0002; kmer:UCCC:0.0002; kmer:UUAC:0.0001; kmer:AAC:0.0001; kmer:AACUU:0.0001; kmer:CUUAC:0.0001; kmer:UAU:0.0001,mir-451a:0.492; mir-125b-5p:0.431; mir-125a-5p:0.392
875,mir-24-1-5p,MIMAT0000079,UGCCUACUGAGCUGAUAUCAGU,nao,0.665391,0.665359,0.687267,,kmer:GU:0.0014; kmer:UA:0.0013; kmer:CUGA:0.0004; kmer:UGA:0.0003; kmer:AGU:0.0002; kmer:ACUGA:0.0002; kmer:CAGU:0.0001; kmer:AUC:0.0001; kmer:UAUCA:0.0001; kmer:CUGAG:0.0001,mir-21-5p:0.648; mir-125b-5p:0.483; mir-31-5p:0.477
876,mir-3913-3p,MIMAT0019225,AGACAUCAAGAUCAGUCCCAAA,nao,0.665008,0.665355,0.687252,,kmer:GU:0.0015; kmer:AA:0.0013; kmer:AAA:0.0004; kmer:CAAA:0.0003; kmer:AGU:0.0002; kmer:AUC:0.0002; kmer:UCCC:0.0002; kmer:CAGU:0.0002; kmer:UCAGU:0.0001; kmer:AUCAG:0.0001,mir-191-5p:0.572; mir-223-3p:0.519; mir-145-5p:0.497
877,mir-96-5p,MIMAT0000095,UUUGGCACUAGCACAUUUUUGCU,nao,0.664625,0.665350,0.687227,,kmer:UA:0.0006; kmer:UAG:0.0005; kmer:GCA:0.0004; kmer:GCAC:0.0004; kmer:UUG:0.0004; kmer:UAGC:0.0003; kmer:AGCA:0.0003; kmer:UGCU:0.0002; kmer:AGCAC:0.0002; kmer:UAGCA:0.0002,mir-1246:0.612; mir-497-5p:0.560; mir-195-5p:0.506
878,mir-6128,MIMAT0024611,ACUGGAAUUGGAGUCAAAA,nao,0.664242,0.665349,0.687223,,kmer:AA:0.0019; kmer:GU:0.0016; kmer:AAA:0.0008; kmer:AAU:0.0006; kmer:CAAA:0.0003; kmer:AGU:0.0003; kmer:GAAU:0.0002; kmer:GGAAU:0.0002; kmer:UUG:0.0002; kmer:AUUGG:0.0002,mir-191-5p:0.542; mir-206:0.516; mir-19a-3p:0.507
879,mir-128-3p,MIMAT0000424,UCACAGUGAACCGGUCUCUUU,sim,0.663859,0.665348,0.687220,hsa-mir-128-1; hsa-mir-128-2,kmer:GU:0.0029; kmer:GUG:0.0006; kmer:AA:0.0004; kmer:AGUG:0.0003; kmer:AGU:0.0002; kmer:ACCG:0.0002; kmer:AACCG:0.0002; kmer:CAGU:0.0001; kmer:UGA:0.0001; kmer:AAC:0.0001,mir-139-5p:0.597; mir-25-3p:0.569; mir-205-5p:0.567
880,mir-3130-5p,MIMAT0014995,UACCCAGUCUCCGGUGCAGCC,nao,0.663476,0.665347,0.687215,,kmer:GU:0.0030; kmer:UA:0.0007; kmer:GUG:0.0007; kmer:GUGC:0.0006; kmer:GUGCA:0.0004; kmer:UGCA:0.0003; kmer:ACCC:0.0003; kmer:GCA:0.0002; kmer:GCAGC:0.0002; kmer:AGU:0.0002,mir-139-5p:0.645; mir-145-5p:0.537; mir-205-5p:0.501
881,mir-5197-3p,MIMAT0021131,AAGAAGAGACUGAGUCAUCGAAU,nao,0.663093,0.665339,0.687181,,kmer:GU:0.0014; kmer:AA:0.0012; kmer:AAU:0.0005; kmer:AGU:0.0002; kmer:ACUGA:0.0002; kmer:GAAU:0.0002; kmer:UCG:0.0002; kmer:CUGA:0.0002; kmer:CGA:0.0001; kmer:UGA:0.0001,mir-21-5p:0.475; mir-1-3p:0.461; mir-6875-5p:0.444
882,mir-3658,MIMAT0018078,UUUAAGAAAACACCAUGGAGAU,nao,0.662711,0.665339,0.687178,,kmer:AA:0.0017; kmer:AAA:0.0008; kmer:UA:0.0007; kmer:UAA:0.0003; kmer:UUA:0.0002; kmer:AAC:0.0001; kmer:AGAAA:0.0001; kmer:UUAA:0.0001; kmer:AAAAC:0.0001; kmer:ACCAU:0.0000,mir-191-5p:0.502; mir-1-3p:0.484; mir-1246:0.475
883,mir-8057,MIMAT0030984,GUGGCUCUGUAGUAAGAUGGA,nao,0.662328,0.665336,0.687164,,kmer:GU:0.0046; kmer:UA:0.0015; kmer:UGU:0.0008; kmer:GUA:0.0007; kmer:GUG:0.0007; kmer:UAG:0.0006; kmer:GUAG:0.0005; kmer:AA:0.0005; kmer:UAA:0.0003; kmer:AGU:0.0002,mir-206:0.616; mir-1-3p:0.598; let-7b-5p:0.572
884,mir-105-5p,MIMAT0000102,UCAAAUGCUCAGACUCCUGUGGU,nao,0.661945,0.665329,0.687132,,kmer:GU:0.0025; kmer:AA:0.0007; kmer:UGU:0.0006; kmer:GUG:0.0006; kmer:AAU:0.0005; kmer:UGUG:0.0004; kmer:AAA:0.0003; kmer:AAAU:0.0002; kmer:CAAA:0.0002; kmer:UGCU:0.0002,mir-19a-3p:0.515; mir-19b-3p:0.509; mir-181b-5p:0.466
885,mir-3140-3p,MIMAT0015008,AGCUUUUGGGAAUUCAGGUAGU,nao,0.661562,0.665328,0.687130,,kmer:GU:0.0027; kmer:UA:0.0007; kmer:UAG:0.0006; kmer:AAU:0.0005; kmer:GUAG:0.0004; kmer:AA:0.0004; kmer:GGUAG:0.0003; kmer:AGGUA:0.0003; kmer:GUA:0.0003; kmer:GGUA:0.0003,mir-1246:0.640; mir-373-3p:0.625; mir-520c-3p:0.606
886,mir-3651,MIMAT0018071,CAUAGCCCGGUCGCUGGUACAUGA,nao,0.661179,0.665327,0.687126,,kmer:GU:0.0029; kmer:UA:0.0014; kmer:UAG:0.0006; kmer:UAGC:0.0003; kmer:GUA:0.0003; kmer:GGUA:0.0003; kmer:UCG:0.0002; kmer:AUAG:0.0002; kmer:UGA:0.0001; kmer:CCCG:0.0001,mir-181b-5p:0.531; mir-31-5p:0.515; mir-34a-5p:0.475
887,mir-10395-5p,MIMAT0041621,GUGAUGGAGAGCAAUACC,nao,0.660796,0.665325,0.687118,,kmer:GU:0.0019; kmer:UA:0.0009; kmer:GUG:0.0008; kmer:AAU:0.0007; kmer:AA:0.0006; kmer:AGCA:0.0004; kmer:GCA:0.0003; kmer:AAUA:0.0002; kmer:UGA:0.0002; kmer:UACC:0.0002,mir-6875-5p:0.504; mir-1246:0.493; mir-31-5p:0.488
888,mir-1245b-5p,MIMAT0019950,UAGGCCUUUAGAUCACUUAAA,nao,0.660413,0.665315,0.687072,,kmer:UA:0.0022; kmer:UAG:0.0012; kmer:AA:0.0009; kmer:UUA:0.0005; kmer:AAA:0.0004; kmer:CUUA:0.0003; kmer:UAA:0.0003; kmer:UAAA:0.0001; kmer:AUC:0.0001; kmer:CACUU:0.0001,mir-520c-3p:0.587; mir-365a-3p:0.477; mir-21-5p:0.440
889,mir-1302,MIMAT0005890,UUGGGACAUACUUAUGCUAAA,nao,0.660031,0.665310,0.687047,,kmer:UA:0.0024; kmer:AA:0.0009; kmer:AAA:0.0004; kmer:CUUA:0.0004; kmer:UAA:0.0003; kmer:CUUAU:0.0003; kmer:UUA:0.0003; kmer:UUG:0.0002; kmer:UGCU:0.0002; kmer:CUAA:0.0002,mir-155-5p:0.553; mir-365a-3p:0.504; mir-21-5p:0.465
890,mir-3074-3p,MIMAT0015027,GAUAUCAGCUCAGUAGGCACCG,nao,0.659648,0.665308,0.687038,,kmer:GU:0.0015; kmer:UA:0.0014; kmer:UAG:0.0006; kmer:GUAG:0.0005; kmer:GUA:0.0003; kmer:GCA:0.0002; kmer:AGU:0.0002; kmer:ACCG:0.0002; kmer:GCAC:0.0002; kmer:CAGC:0.0002,mir-24-3p:0.641; mir-195-5p:0.518; mir-31-5p:0.517
891,mir-664a-3p,MIMAT0005949,UAUUCAUUUAUCCCCAGCCUACA,nao,0.659265,0.665306,0.687030,,kmer:UA:0.0020; kmer:UUA:0.0002; kmer:AUCC:0.0002; kmer:CAGC:0.0002; kmer:UCCC:0.0001; kmer:UUAU:0.0001; kmer:UAUU:0.0001; kmer:AUCCC:0.0001; kmer:UAU:0.0001; kmer:AUC:0.0001,mir-145-5p:0.566; mir-205-5p:0.536; mir-365a-3p:0.486
892,mir-107,MIMAT0000104,AGCAGCAUUGUACAGGGCUAUCA,nao,0.658882,0.665305,0.687028,,kmer:GU:0.0014; kmer:UA:0.0014; kmer:UGU:0.0007; kmer:AGCA:0.0007; kmer:UUGU:0.0005; kmer:GCA:0.0005; kmer:GUA:0.0003; kmer:AGCAG:0.0003; kmer:CAGCA:0.0002; kmer:GCAGC:0.0002,mir-195-5p:0.667; mir-24-3p:0.656; mir-497-5p:0.611
893,mir-5685,MIMAT0022475,ACAGCCCAGCAGUUAUCACGGG,nao,0.658499,0.665299,0.686998,,kmer:GU:0.0014; kmer:UA:0.0007; kmer:AGCA:0.0003; kmer:GUU:0.0003; kmer:CAGC:0.0003; kmer:AGCAG:0.0003; kmer:CAGCA:0.0002; kmer:GCA:0.0002; kmer:AGU:0.0002; kmer:UUA:0.0002,mir-24-3p:0.659; mir-497-5p:0.560; mir-195-5p:0.557
894,mir-92b-3p,MIMAT0003218,UAUUGCACUCGUCCCGGCCUCC,sim,0.658116,0.665292,0.686966,hsa-mir-92b,kmer:GU:0.0013; kmer:UA:0.0006; seed:AUUGCAC:0.0006; kmer:CGU:0.0004; kmer:UGCA:0.0002; kmer:GCA:0.0002; kmer:UAUUG:0.0002; kmer:UCGU:0.0002; kmer:UCG:0.0002; kmer:GCAC:0.0002,mir-92a-3p:0.789; mir-25-3p:0.538; mir-205-5p:0.508
895,mir-182-5p,MIMAT0000259,UUUGGCAAUGGUAGAACUCACACU,nao,0.657734,0.665291,0.686965,,kmer:GU:0.0013; kmer:AA:0.0007; kmer:UA:0.0006; kmer:UAG:0.0005; kmer:AAU:0.0005; kmer:GUAG:0.0004; kmer:GGUAG:0.0003; kmer:GUA:0.0003; kmer:GGUA:0.0003; kmer:GCA:0.0002,mir-497-5p:0.533; mir-200a-3p:0.515; mir-195-5p:0.489
896,mir-152-5p,MIMAT0026479,AGGUUCUGUGAUACACUCCGACU,nao,0.657351,0.665289,0.686953,,kmer:GU:0.0027; kmer:UGU:0.0007; kmer:UA:0.0007; kmer:GUG:0.0006; kmer:UGUG:0.0004; kmer:GUU:0.0003; kmer:AGGU:0.0002; kmer:CGA:0.0001; kmer:UGA:0.0001; kmer:UGUGA:0.0001,mir-425-5p:0.563; mir-200a-3p:0.550; mir-25-3p:0.484
897,mir-4328,MIMAT0016926,CCAGUUUUCCCAGGAUU,nao,0.656968,0.665288,0.686948,,kmer:GU:0.0016; kmer:GUU:0.0004; kmer:AGU:0.0003; kmer:AGUU:0.0002; kmer:CAGUU:0.0002; kmer:AGUUU:0.0002; kmer:UCCC:0.0002; kmer:CAGU:0.0002; kmer:CAGGA:0.0002; kmer:CCAGU:0.0001,mir-145-5p:0.819; mir-1246:0.512; mir-6875-5p:0.462
898,mir-12129,MIMAT0049023,GAUGUACUGAACUGGGUCAGAC,nao,0.656585,0.665287,0.686947,,kmer:GU:0.0027; kmer:UGU:0.0007; kmer:UA:0.0007; kmer:AA:0.0004; kmer:GUA:0.0003; kmer:ACUGA:0.0002; kmer:CUGA:0.0002; kmer:UGA:0.0001; kmer:AAC:0.0001; kmer:GAUGU:0.0001,mir-200a-3p:0.609; mir-21-5p:0.592; mir-6861-5p:0.484
899,mir-6838-3p,MIMAT0027579,AAGUCCUGCUUCUGUUGCAG,nao,0.656202,0.665286,0.686939,,kmer:GU:0.0032; kmer:UGU:0.0008; kmer:AA:0.0005; kmer:GUU:0.0004; kmer:UGCA:0.0003; kmer:GCA:0.0003; kmer:AGU:0.0003; kmer:UGCUU:0.0002; kmer:GCAG:0.0002; kmer:AAGU:0.0002,mir-93-5p:0.596; mir-34a-5p:0.561; mir-92a-3p:0.554
900,mir-3065-3p,MIMAT0015378,UCAGCACCAGGAUAUUGUUGGAG,nao,0.655819,0.665284,0.686933,,kmer:GU:0.0013; kmer:UGU:0.0007; kmer:UA:0.0006; kmer:UUGU:0.0005; kmer:UUG:0.0004; kmer:AGCA:0.0003; kmer:GUU:0.0003; kmer:CAGCA:0.0002; kmer:GCA:0.0002; kmer:UAUUG:0.0002,mir-24-3p:0.610; mir-195-5p:0.610; mir-1246:0.596
901,mir-5089-3p,MIMAT0022984,AUGCUACUCGGAAAUCCCACUGA,nao,0.655436,0.665279,0.686908,,kmer:AA:0.0007; kmer:UA:0.0006; kmer:AAU:0.0005; kmer:AAA:0.0003; kmer:AAUC:0.0003; kmer:AAAU:0.0003; kmer:AAUCC:0.0002; kmer:ACUGA:0.0002; kmer:UCG:0.0002; kmer:CUGA:0.0002,mir-191-5p:0.541; mir-19b-3p:0.516; mir-19a-3p:0.513
902,mir-1321,MIMAT0005952,CAGGGAGGUGAAUGUGAU,nao,0.655054,0.665277,0.686900,,kmer:GU:0.0036; kmer:GUG:0.0016; kmer:UGU:0.0009; kmer:AAU:0.0007; kmer:AA:0.0005; kmer:UGUG:0.0005; kmer:UGA:0.0004; kmer:GAAU:0.0003; kmer:AGGU:0.0003; kmer:AAUG:0.0002,mir-206:0.632; mir-6875-5p:0.566; let-7b-5p:0.545
903,mir-106b-3p,MIMAT0004672,CCGCACUGUGGGUACUUGCUGC,sim,0.654671,0.665274,0.686886,hsa-mir-106b,kmer:GU:0.0029; kmer:UGU:0.0007; kmer:UA:0.0007; kmer:GUG:0.0006; kmer:UGUG:0.0004; kmer:GUA:0.0003; kmer:GGUA:0.0003; kmer:GCA:0.0002; kmer:ACUUG:0.0002; kmer:GCAC:0.0002,mir-92a-3p:0.602; mir-497-5p:0.566; mir-210-3p:0.557
904,mir-6501-3p,MIMAT0025459,CCAGAGCAGCCUGCGGUAACAGU,nao,0.654288,0.665267,0.686855,,kmer:GU:0.0029; kmer:UA:0.0007; kmer:AA:0.0004; kmer:GUA:0.0003; kmer:AGCA:0.0003; kmer:GGUA:0.0003; kmer:AGCAG:0.0003; kmer:UAA:0.0003; kmer:GCA:0.0002; kmer:GCAGC:0.0002,mir-24-3p:0.632; mir-195-5p:0.575; mir-17-5p:0.569
905,mir-8054,MIMAT0030981,GAAAGUACAGAUCGGAUGGGU,nao,0.653905,0.665267,0.686854,,kmer:GU:0.0031; kmer:AA:0.0009; kmer:UA:0.0008; kmer:AAA:0.0004; kmer:GUA:0.0004; kmer:AGU:0.0002; kmer:UCG:0.0002; kmer:AAGU:0.0002; kmer:AAAGU:0.0002; kmer:AUC:0.0001,mir-1-3p:0.528; mir-206:0.478; mir-382-5p:0.465
906,mir-885-3p,MIMAT0004948,AGGCAGCGGGGUGUAGUGGAUA,nao,0.653522,0.665264,0.686841,,kmer:GU:0.0041; kmer:UA:0.0013; kmer:GUG:0.0012; kmer:UGU:0.0007; kmer:UAG:0.0006; kmer:GUAG:0.0004; kmer:GUA:0.0003; kmer:AGUG:0.0003; kmer:GCA:0.0002; kmer:GCAGC:0.0002,mir-6861-5p:0.644; let-7b-5p:0.580; let-7a-5p:0.546
907,mir-7853-5p,MIMAT0030428,UCAAAUGCAGAUCCUGACUUC,nao,0.653139,0.665262,0.686834,,kmer:AA:0.0008; kmer:AAU:0.0005; kmer:AAA:0.0004; kmer:AAAU:0.0003; kmer:UGCA:0.0003; kmer:CAAA:0.0002; kmer:GCA:0.0002; kmer:GCAG:0.0002; kmer:CUGA:0.0002; kmer:AAUG:0.0002,mir-19b-3p:0.590; mir-19a-3p:0.578; mir-21-5p:0.496
908,mir-635,MIMAT0003305,ACUUGGGCACUGAAACAAUGUCC,nao,0.652757,0.665262,0.686833,,kmer:GU:0.0014; kmer:AA:0.0012; kmer:UGU:0.0007; kmer:AAU:0.0005; kmer:AAA:0.0004; kmer:GCA:0.0002; kmer:UGUC:0.0002; kmer:ACUUG:0.0002; kmer:ACUGA:0.0002; kmer:GCAC:0.0002,mir-200a-3p:0.578; mir-19b-3p:0.565; mir-19a-3p:0.563
909,mir-135b-5p,MIMAT0000758,UAUGGCUUUUCAUUCCUAUGUGA,sim,0.652374,0.665252,0.686788,hsa-mir-135b,kmer:GU:0.0014; kmer:UA:0.0014; kmer:UGU:0.0007; kmer:GUG:0.0006; kmer:UGUG:0.0004; kmer:UGA:0.0001; kmer:GCUU:0.0001; kmer:UGUGA:0.0001; kmer:UAU:0.0001; kmer:CAUU:0.0001,mir-205-5p:0.538; mir-181b-5p:0.521; mir-373-3p:0.505
910,mir-8076,MIMAT0031003,UAUAUGGACUUUUCUGAUACAAUG,nao,0.651991,0.665248,0.686769,,kmer:UA:0.0021; kmer:AAU:0.0005; kmer:AA:0.0004; kmer:CUGA:0.0002; kmer:AAUG:0.0002; kmer:UGA:0.0001; kmer:UAU:0.0001; kmer:UUUUC:0.0001; kmer:UGAUA:0.0001; kmer:CUGAU:0.0001,mir-21-5p:0.540; mir-1246:0.515; mir-155-5p:0.473
911,mir-3690,MIMAT0018119,ACCUGGACCCAGCGUAGACAAAG,nao,0.651608,0.665238,0.686723,,kmer:GU:0.0014; kmer:AA:0.0008; kmer:UA:0.0007; kmer:UAG:0.0006; kmer:GUAG:0.0005; kmer:CGU:0.0005; kmer:AAA:0.0004; kmer:GUA:0.0003; kmer:CAAA:0.0002; kmer:ACCC:0.0002,mir-6875-5p:0.570; mir-191-5p:0.541; mir-125a-5p:0.522
912,mir-3934-5p,MIMAT0018349,UCAGGUGUGGAAACUGAGGCAG,nao,0.651225,0.665228,0.686679,,kmer:GU:0.0026; kmer:GUG:0.0012; kmer:AA:0.0008; kmer:UGU:0.0007; kmer:UGUG:0.0004; kmer:AAA:0.0003; kmer:GCA:0.0002; kmer:ACUGA:0.0002; kmer:GCAG:0.0002; kmer:AGGU:0.0002,mir-206:0.621; mir-24-3p:0.589; let-7b-5p:0.548
913,mir-1271-3p,MIMAT0022712,AGUGCCUGCUAUGUGCCAGGCA,nao,0.650842,0.665221,0.686649,,kmer:GU:0.0031; kmer:GUG:0.0014; kmer:GUGC:0.0012; kmer:UGU:0.0008; kmer:UA:0.0008; kmer:AGUGC:0.0005; kmer:UGUG:0.0004; kmer:AGUG:0.0003; kmer:GCA:0.0003; kmer:AGU:0.0002,mir-93-5p:0.592; mir-17-5p:0.578; mir-31-5p:0.572
914,mir-216a-5p,MIMAT0000273,UAAUCUCAGCUGGCAACUGUGA,nao,0.650459,0.665221,0.686647,,kmer:GU:0.0014; kmer:AA:0.0008; kmer:UGU:0.0007; kmer:UA:0.0007; kmer:GUG:0.0006; kmer:AAU:0.0005; kmer:UGUG:0.0004; kmer:AAUC:0.0003; kmer:UAA:0.0003; kmer:GCA:0.0002,mir-31-5p:0.592; mir-19a-3p:0.590; mir-210-3p:0.548
915,mir-140-3p,MIMAT0004597,UACCACAGGGUAGAACCACGG,nao,0.650077,0.665220,0.686646,,kmer:GU:0.0015; kmer:UA:0.0015; kmer:UAG:0.0006; kmer:GUAG:0.0005; kmer:AA:0.0004; kmer:GGUAG:0.0004; kmer:GUA:0.0004; kmer:GGUA:0.0003; kmer:UACC:0.0001; kmer:AAC:0.0001,mir-6875-5p:0.501; mir-6861-5p:0.471; mir-10b-5p:0.448
916,mir-11401,MIMAT0044658,UCACGUCUGCGGCUGUCACG,nao,0.649694,0.665220,0.686644,,kmer:GU:0.0030; kmer:UGU:0.0008; kmer:CGU:0.0005; kmer:UGUC:0.0002; kmer:CACG:0.0002; kmer:CGGC:0.0002; kmer:CG:0.0001; kmer:CACGU:0.0001; kmer:UGUCA:0.0001; kmer:GUCUG:0.0001,mir-25-3p:0.520; mir-139-5p:0.519; mir-210-3p:0.511
917,mir-6859-3p,MIMAT0027619,UGACCCCCAUGUCGCCUCUGUAG,nao,0.649311,0.665219,0.686640,,kmer:GU:0.0029; kmer:UGU:0.0015; kmer:UA:0.0007; kmer:UAG:0.0006; kmer:GUAG:0.0005; kmer:GUA:0.0003; kmer:ACCC:0.0002; kmer:UGUC:0.0002; kmer:UCG:0.0002; kmer:GACCC:0.0002,mir-125a-5p:0.595; mir-125b-5p:0.563; mir-223-3p:0.528
918,mir-1322,MIMAT0005953,GAUGAUGCUGCUGAUGCUG,nao,0.648928,0.665219,0.686638,,kmer:UGCU:0.0006; kmer:AUGC:0.0003; kmer:UGA:0.0003; kmer:AUGCU:0.0003; kmer:CUGA:0.0002; kmer:UGAUG:0.0001; kmer:UGCUG:0.0001; kmer:CUGAU:0.0001,mir-31-5p:0.554; mir-21-5p:0.489; mir-210-3p:0.464
919,mir-5708,MIMAT0022502,AUGAGCGACUGUGCCUGACC,nao,0.648545,0.665214,0.686619,,kmer:GU:0.0016; kmer:UGU:0.0008; kmer:GUG:0.0007; kmer:GUGC:0.0007; kmer:UGUG:0.0005; kmer:UGA:0.0003; kmer:CUGA:0.0002; kmer:CGA:0.0002; kmer:UGUGC:0.0001; kmer:CCUGA:0.0001,mir-210-3p:0.658; mir-125a-5p:0.626; mir-125b-5p:0.598
920,mir-580-5p,MIMAT0026617,UAAUGAUUCAUCAGACUCAGAU,nao,0.648162,0.665211,0.686605,,kmer:UA:0.0007; kmer:AAU:0.0005; kmer:AA:0.0004; kmer:UAA:0.0003; kmer:AAUG:0.0002; kmer:UGA:0.0001; kmer:UAAUG:0.0001; kmer:UAAU:0.0001; kmer:AUC:0.0001; kmer:CAG:0.0001,mir-21-5p:0.586; mir-425-5p:0.478; mir-24-3p:0.472
921,mir-5698,MIMAT0022491,UGGGGGAGUGCAGUGAUUGUGG,nao,0.647779,0.665201,0.686558,,kmer:GU:0.0040; kmer:GUG:0.0018; kmer:UGU:0.0007; kmer:GUGC:0.0005; kmer:AGUG:0.0005; kmer:AGUGC:0.0005; kmer:UUGU:0.0005; kmer:AGU:0.0004; kmer:UGUG:0.0004; kmer:GUGCA:0.0003,mir-373-3p:0.640; mir-206:0.601; mir-6861-5p:0.580
922,mir-4714-5p,MIMAT0019822,AACUCUGACCCCUUAGGUUGAU,nao,0.647397,0.665197,0.686543,,kmer:GU:0.0014; kmer:UA:0.0007; kmer:UAG:0.0006; kmer:AA:0.0004; kmer:CUUA:0.0003; kmer:GUU:0.0003; kmer:UGA:0.0003; kmer:ACCC:0.0002; kmer:UUA:0.0002; kmer:AGGU:0.0002,mir-125a-5p:0.660; mir-125b-5p:0.645; mir-21-5p:0.519
923,mir-3145-5p,MIMAT0019205,AACUCCAAACACUCAAAACUCA,nao,0.647014,0.665194,0.686529,,kmer:AA:0.0025; kmer:AAA:0.0011; kmer:CAAA:0.0005; kmer:AAC:0.0004; kmer:CAAAA:0.0001; kmer:AACU:0.0001; kmer:UCCA:0.0001; kmer:AAACU:0.0001; kmer:AAAAC:0.0000; kmer:AAAC:0.0000,mir-19b-3p:0.543; mir-191-5p:0.530; mir-19a-3p:0.526
924,mir-1263,MIMAT0005915,AUGGUACCCUGGCAUACUGAGU,nao,0.646631,0.665194,0.686527,,kmer:GU:0.0029; kmer:UA:0.0014; kmer:GUA:0.0003; kmer:GGUA:0.0003; kmer:ACCC:0.0002; kmer:GCA:0.0002; kmer:AGU:0.0002; kmer:ACUGA:0.0002; kmer:ACCCU:0.0002; kmer:CUGA:0.0002,mir-125a-5p:0.540; mir-125b-5p:0.525; mir-451a:0.508
925,mir-628-5p,MIMAT0004809,AUGCUGACAUAUUUACUAGAGG,nao,0.646248,0.665191,0.686514,,kmer:UA:0.0022; kmer:UAG:0.0006; kmer:UUA:0.0002; kmer:CUGA:0.0002; kmer:UGCU:0.0002; kmer:AUAUU:0.0002; kmer:AUGC:0.0002; kmer:UGA:0.0002; kmer:UAUU:0.0001; kmer:UUAC:0.0001,mir-21-5p:0.548; mir-31-5p:0.526; mir-155-5p:0.468
926,mir-890,MIMAT0004912,UACUUGGAAAGGCAUCAGUUG,nao,0.645865,0.665183,0.686476,,kmer:GU:0.0016; kmer:AA:0.0009; kmer:UA:0.0008; kmer:UUG:0.0004; kmer:AAA:0.0004; kmer:GUU:0.0004; kmer:GCA:0.0003; kmer:AGU:0.0003; kmer:ACUUG:0.0003; kmer:AGUU:0.0002,mir-24-3p:0.599; mir-1246:0.504; mir-106a-5p:0.489
927,mir-6798-3p,MIMAT0027497,CUACCCCCCAUCCCCCUGUAG,nao,0.645482,0.665180,0.686466,,kmer:GU:0.0014; kmer:UA:0.0014; kmer:UGU:0.0008; kmer:UAG:0.0006; kmer:GUAG:0.0005; kmer:GUA:0.0003; kmer:ACCC:0.0002; kmer:AUCC:0.0002; kmer:UACCC:0.0002; kmer:UCCC:0.0002,mir-125a-5p:0.550; mir-125b-5p:0.504; mir-145-5p:0.497
928,mir-6759-5p,MIMAT0027418,UUGUGGGUGGGCAGAAGUCUGU,nao,0.645100,0.665177,0.686453,,kmer:GU:0.0054; kmer:UGU:0.0014; kmer:GUG:0.0012; kmer:UUGU:0.0005; kmer:AA:0.0004; kmer:UGUG:0.0004; kmer:UUGUG:0.0003; kmer:GCA:0.0002; kmer:AGU:0.0002; kmer:GCAG:0.0002,mir-6861-5p:0.637; mir-206:0.637; mir-34a-5p:0.633
929,mir-9902,MIMAT0039322,CCCAGAAAUCUGGUAUGCCAGC,nao,0.644717,0.665169,0.686414,,kmer:GU:0.0014; kmer:AA:0.0008; kmer:UA:0.0007; kmer:AAU:0.0005; kmer:AAA:0.0004; kmer:GUA:0.0003; kmer:AAUC:0.0003; kmer:GGUA:0.0003; kmer:AAAU:0.0003; kmer:CAGC:0.0002,mir-191-5p:0.546; mir-195-5p:0.529; mir-365a-3p:0.499
930,mir-4302,MIMAT0016855,CCAGUGUGGCUCAGCGAG,nao,0.644334,0.665165,0.686399,,kmer:GU:0.0035; kmer:GUG:0.0016; kmer:UGU:0.0009; kmer:UGUG:0.0005; kmer:AGUG:0.0003; kmer:AGU:0.0003; kmer:CAGC:0.0002; kmer:CAGU:0.0002; kmer:CGA:0.0002; kmer:GUGUG:0.0002,mir-24-3p:0.641; mir-210-3p:0.584; mir-139-5p:0.571
931,mir-629-3p,MIMAT0003298,GUUCUCCCAACGUAAGCCCAGC,nao,0.643951,0.665161,0.686381,,kmer:GU:0.0031; kmer:AA:0.0009; kmer:UA:0.0008; kmer:CGU:0.0005; kmer:GUA:0.0004; kmer:GUU:0.0004; kmer:UAA:0.0003; kmer:CAGC:0.0002; kmer:UCCC:0.0002; kmer:AAC:0.0001,mir-145-5p:0.589; mir-191-5p:0.577; mir-139-5p:0.473
932,mir-421,MIMAT0003339,AUCAACAGACAUUAAUUGGGCGC,nao,0.643568,0.665149,0.686328,,kmer:AA:0.0008; kmer:UA:0.0007; kmer:AAU:0.0005; kmer:UAA:0.0003; kmer:UUA:0.0002; kmer:UUG:0.0002; kmer:AUUGG:0.0002; kmer:AUUG:0.0001; kmer:AAC:0.0001; kmer:UAAU:0.0001,mir-195-5p:0.556; mir-181b-5p:0.519; mir-16-5p:0.495
933,mir-3939,MIMAT0018355,UACGCGCAGACCACAGGAUGUC,nao,0.643185,0.665145,0.686307,,kmer:GU:0.0016; kmer:UGU:0.0008; kmer:UA:0.0008; kmer:GCA:0.0003; kmer:UGUC:0.0003; kmer:GCAG:0.0002; kmer:CAGGA:0.0002; kmer:AGACC:0.0001; kmer:GAUGU:0.0001; kmer:ACAG:0.0001,mir-6875-5p:0.580; mir-24-3p:0.541; mir-195-5p:0.493
934,mir-4757-5p,MIMAT0019901,AGGCCUCUGUGACGUCACGGUGU,nao,0.642802,0.665144,0.686303,,kmer:GU:0.0060; kmer:UGU:0.0016; kmer:GUG:0.0013; kmer:CGU:0.0005; kmer:UGUG:0.0004; kmer:UGA:0.0002; kmer:UGUGA:0.0001; kmer:CACG:0.0001; kmer:CG:0.0001; kmer:GUGU:0.0001,mir-210-3p:0.642; mir-139-5p:0.574; mir-1307-3p:0.549
935,mir-6831-5p,MIMAT0027562,UAGGUAGAGUGUGAGGAGGAGGUC,nao,0.642420,0.665141,0.686290,,kmer:GU:0.0049; kmer:UA:0.0012; kmer:GUG:0.0011; kmer:UAG:0.0010; kmer:UGU:0.0006; kmer:GUAG:0.0004; kmer:AGGU:0.0004; kmer:UGUG:0.0004; kmer:GGUAG:0.0003; kmer:AGGUA:0.0003,let-7b-5p:0.696; let-7a-5p:0.668; mir-6875-5p:0.623
936,mir-507,MIMAT0002879,UUUUGCACCUUUUGGAGUGAA,nao,0.642037,0.665140,0.686284,,kmer:GU:0.0015; kmer:GUG:0.0007; kmer:AA:0.0004; kmer:UUG:0.0004; kmer:AGUG:0.0003; kmer:UGCA:0.0003; kmer:GCA:0.0003; kmer:AGU:0.0002; kmer:GCAC:0.0002; kmer:UGA:0.0002,mir-1246:0.687; mir-373-3p:0.624; mir-520c-3p:0.574
937,mir-6503-5p,MIMAT0025462,AGGUCUGCAUUCAAAUCCCCAGA,nao,0.641654,0.665131,0.686244,,kmer:GU:0.0013; kmer:AA:0.0007; kmer:AAU:0.0005; kmer:AAA:0.0003; kmer:AAUC:0.0003; kmer:AAAU:0.0003; kmer:UGCA:0.0002; kmer:AAUCC:0.0002; kmer:CAAA:0.0002; kmer:GCA:0.0002,mir-145-5p:0.613; mir-205-5p:0.594; mir-191-5p:0.578
938,mir-505-3p,MIMAT0002876,CGUCAACACUUGCUGGUUUCCU,nao,0.641271,0.665130,0.686242,,kmer:GU:0.0027; kmer:CGU:0.0004; kmer:AA:0.0004; kmer:GUU:0.0003; kmer:ACUUG:0.0002; kmer:UUG:0.0002; kmer:UGCU:0.0002; kmer:AAC:0.0001; kmer:GGUU:0.0001; kmer:UGGUU:0.0001,mir-25-3p:0.556; mir-181b-5p:0.538; mir-92a-3p:0.525
939,mir-455-5p,MIMAT0003150,UAUGUGCCUUUGGACUACAUCG,nao,0.640888,0.665129,0.686236,,kmer:GU:0.0016; kmer:UA:0.0016; kmer:UGU:0.0008; kmer:GUG:0.0007; kmer:GUGC:0.0006; kmer:UGUG:0.0005; kmer:UCG:0.0002; kmer:UUG:0.0002; kmer:AUC:0.0001; kmer:UGUGC:0.0001,mir-92a-3p:0.512; mir-21-5p:0.500; mir-373-3p:0.500
940,mir-6733-3p,MIMAT0027368,UCAGUGUCUGGAUUUCCUAG,nao,0.640505,0.665128,0.686232,,kmer:GU:0.0029; kmer:UGU:0.0008; kmer:UA:0.0007; kmer:GUG:0.0006; kmer:UAG:0.0006; kmer:AGUG:0.0003; kmer:UGUC:0.0002; kmer:AGU:0.0002; kmer:CAGU:0.0002; kmer:UGUCU:0.0001,mir-205-5p:0.589; mir-34a-5p:0.575; mir-139-5p:0.558
941,mir-4510,MIMAT0019047,UGAGGGAGUAGGAUGUAUGGUU,nao,0.640123,0.665125,0.686216,,kmer:GU:0.0041; kmer:UA:0.0014; kmer:UGU:0.0007; kmer:GUA:0.0007; kmer:UAG:0.0006; kmer:GUAG:0.0005; kmer:GUU:0.0003; kmer:AGU:0.0002; kmer:UGA:0.0001; kmer:GGUU:0.0001,let-7a-5p:0.694; let-7b-5p:0.685; mir-1-3p:0.591
942,mir-6847-5p,MIMAT0027594,ACAGAGGACAGUGGAGUGUGAGC,nao,0.639740,0.665123,0.686209,,kmer:GU:0.0041; kmer:GUG:0.0018; kmer:UGU:0.0007; kmer:AGUG:0.0005; kmer:AGU:0.0004; kmer:UGUG:0.0004; kmer:ACAG:0.0002; kmer:CAGU:0.0001; kmer:UGA:0.0001; kmer:UGUGA:0.0001,mir-6875-5p:0.662; mir-206:0.574; mir-210-3p:0.542
943,mir-4717-5p,MIMAT0019829,UAGGCCACAGCCACCCAUGUGU,nao,0.639357,0.665119,0.686192,,kmer:GU:0.0032; kmer:UGU:0.0017; kmer:UA:0.0008; kmer:GUG:0.0007; kmer:UAG:0.0007; kmer:UGUG:0.0005; kmer:ACCC:0.0003; kmer:CAGC:0.0002; kmer:ACAG:0.0001; kmer:GUGU:0.0001,mir-497-5p:0.522; mir-223-3p:0.473; mir-139-5p:0.471
944,mir-4255,MIMAT0016885,CAGUGUUCAGAGAUGGA,nao,0.638974,0.665111,0.686154,,kmer:GU:0.0039; kmer:UGU:0.0010; kmer:GUG:0.0009; kmer:GUU:0.0005; kmer:AGUG:0.0004; kmer:AGU:0.0003; kmer:CAGU:0.0002; kmer:CAGUG:0.0001; kmer:CAG:0.0001; kmer:GUGU:0.0001,mir-24-3p:0.579; mir-21-5p:0.514; mir-382-5p:0.514
945,mir-6856-3p,MIMAT0027613,UACAGCCCUGUGAUCUUUCCAG,nao,0.638591,0.665107,0.686137,,kmer:GU:0.0013; kmer:UGU:0.0007; kmer:UA:0.0007; kmer:GUG:0.0006; kmer:UGUG:0.0004; kmer:CAGC:0.0001; kmer:UGA:0.0001; kmer:CCCU:0.0001; kmer:CCCUG:0.0001; kmer:UGUGA:0.0001,mir-125a-5p:0.608; mir-145-5p:0.581; mir-125b-5p:0.531
946,mir-3925-3p,MIMAT0019228,ACUCCAGUUUUAGUUCUCUUG,nao,0.638208,0.665105,0.686127,,kmer:GU:0.0029; kmer:UA:0.0007; kmer:GUU:0.0007; kmer:UAG:0.0006; kmer:AGU:0.0005; kmer:AGUU:0.0004; kmer:UUA:0.0002; kmer:UUG:0.0002; kmer:CAGUU:0.0002; kmer:AGUUU:0.0002,mir-145-5p:0.568; mir-520c-3p:0.538; mir-139-5p:0.507
947,mir-6507-3p,MIMAT0025471,CAAAGUCCUUCCUAUUUUUCCC,nao,0.637825,0.665088,0.686051,,kmer:GU:0.0014; kmer:AA:0.0008; kmer:UA:0.0007; kmer:AAA:0.0004; kmer:CAAA:0.0002; kmer:AGU:0.0002; kmer:AAGU:0.0002; kmer:AAAGU:0.0002; kmer:UCCC:0.0002; kmer:UAUU:0.0001,mir-145-5p:0.658; mir-520c-3p:0.619; mir-205-5p:0.596
948,mir-644a,MIMAT0003314,AGUGUGGCUUUCUUAGAGC,nao,0.637443,0.665083,0.686030,,kmer:GU:0.0034; kmer:GUG:0.0015; kmer:UGU:0.0009; kmer:UA:0.0008; kmer:UAG:0.0007; kmer:UGUG:0.0005; kmer:CUUA:0.0004; kmer:AGUG:0.0003; kmer:AGU:0.0003; kmer:UUA:0.0003,mir-34a-5p:0.666; mir-520c-3p:0.654; mir-373-3p:0.561
949,mir-218-1-3p,MIMAT0004565,AUGGUUCCGUCAAGCACCAUGG,nao,0.637060,0.665082,0.686024,,kmer:GU:0.0031; kmer:CGU:0.0005; kmer:AA:0.0005; kmer:AGCA:0.0004; kmer:GUU:0.0004; kmer:GCA:0.0003; kmer:GCAC:0.0002; kmer:AGCAC:0.0002; kmer:GGUU:0.0001; kmer:CCGU:0.0001,mir-205-5p:0.516; mir-497-5p:0.512; mir-223-3p:0.496
950,mir-12114,MIMAT0049008,CAGGUGGAGGUGUGAGGUC,nao,0.636677,0.665080,0.686018,,kmer:GU:0.0063; kmer:GUG:0.0021; kmer:UGU:0.0008; kmer:AGGU:0.0007; kmer:UGUG:0.0005; kmer:CAGGU:0.0002; kmer:UGA:0.0002; kmer:UGUGA:0.0001; kmer:GUGUG:0.0001; kmer:CAGG:0.0001,let-7b-5p:0.707; mir-206:0.574; mir-6861-5p:0.572
951,mir-6849-5p,MIMAT0027598,GAGUGGAUAGGGGAGUGUGUGGA,nao,0.636294,0.665075,0.685993,,kmer:GU:0.0051; kmer:GUG:0.0023; kmer:UGU:0.0013; kmer:UGUG:0.0007; kmer:UA:0.0006; kmer:UAG:0.0005; kmer:AGUG:0.0005; kmer:AGU:0.0004; kmer:GUGUG:0.0002; kmer:AUAG:0.0001,mir-206:0.728; let-7b-5p:0.614; mir-382-5p:0.534
952,mir-520e-3p,MIMAT0002825,AAAGUGCUUCCUUUUUGAGGG,nao,0.635911,0.665071,0.685974,,kmer:GU:0.0013; kmer:AA:0.0008; kmer:GUG:0.0006; kmer:GUGC:0.0005; kmer:AGUGC:0.0005; kmer:AAA:0.0003; seed:AAGUGCU:0.0003; kmer:AAGUG:0.0003; kmer:AGUG:0.0002; kmer:GUGCU:0.0002,mir-520c-3p:0.898; mir-373-3p:0.719; mir-1246:0.536
953,mir-5681b,MIMAT0022480,AGGUAUUGCCACCCUUUCUAGU,nao,0.635528,0.665064,0.685946,,kmer:GU:0.0031; kmer:UA:0.0015; kmer:UAG:0.0006; kmer:AGGUA:0.0004; kmer:GUA:0.0004; kmer:GGUA:0.0003; kmer:ACCC:0.0003; kmer:UAUUG:0.0003; kmer:AGU:0.0002; kmer:ACCCU:0.0002,mir-520c-3p:0.557; mir-92a-3p:0.546; let-7a-5p:0.524
954,mir-4474-5p,MIMAT0019234,UUAGUCUCAUGAUCAGACACA,nao,0.635145,0.665064,0.685943,,kmer:GU:0.0015; kmer:UA:0.0007; kmer:UAG:0.0006; kmer:AGU:0.0002; kmer:UUA:0.0002; kmer:UGA:0.0002; kmer:AUC:0.0001; kmer:UAGU:0.0001; kmer:CAGAC:0.0001; kmer:AUCAG:0.0001,mir-425-5p:0.540; mir-21-5p:0.540; mir-24-3p:0.504
955,mir-513b-5p,MIMAT0005788,UUCACAAGGAGGUGUCAUUUAU,sim,0.634763,0.665057,0.685912,hsa-mir-513b,kmer:GU:0.0030; kmer:UGU:0.0008; kmer:UA:0.0007; kmer:GUG:0.0007; kmer:AA:0.0004; kmer:UGUC:0.0002; kmer:UUA:0.0002; kmer:AGGU:0.0002; kmer:UUAU:0.0001; kmer:UGUCA:0.0001,mir-181b-5p:0.575; mir-205-5p:0.506; mir-223-3p:0.495
956,mir-6529-3p,MIMAT0048638,CCUGUGCCUUUUACUUCUUUAA,nao,0.634380,0.665056,0.685908,,kmer:GU:0.0014; kmer:UA:0.0014; kmer:UGU:0.0008; kmer:GUG:0.0006; kmer:GUGC:0.0006; kmer:UUA:0.0005; kmer:AA:0.0004; kmer:UGUG:0.0004; kmer:UAA:0.0003; kmer:UUAC:0.0001,mir-520c-3p:0.623; mir-125a-5p:0.579; mir-92a-3p:0.475
957,mir-30a-5p,MIMAT0000087,UGUAAACAUCCUCGACUGGAAG,sim,0.633997,0.665051,0.685884,hsa-mir-30a,kmer:GU:0.0015; kmer:AA:0.0014; kmer:UGU:0.0008; kmer:UA:0.0008; kmer:AAA:0.0004; kmer:GUA:0.0004; kmer:UAA:0.0003; kmer:UCG:0.0002; kmer:AUCC:0.0002; kmer:CGA:0.0002,mir-200a-3p:0.580; mir-1-3p:0.558; mir-206:0.515
958,mir-7156-5p,MIMAT0028222,UUGUUCUCAAACUGGCUGUCAGA,nao,0.633614,0.665050,0.685883,,kmer:GU:0.0026; kmer:UGU:0.0013; kmer:AA:0.0007; kmer:UUGU:0.0005; kmer:AAA:0.0003; kmer:GUU:0.0003; kmer:CAAA:0.0002; kmer:UGUC:0.0002; kmer:UUG:0.0002; kmer:AAC:0.0001,mir-34a-5p:0.549; mir-223-3p:0.544; mir-25-3p:0.535
959,mir-6838-5p,MIMAT0027578,AAGCAGCAGUGGCAAGACUCCU,nao,0.633231,0.665050,0.685880,,kmer:GU:0.0013; seed:AGCAGCA:0.0010; kmer:AA:0.0008; kmer:GCA:0.0007; kmer:AGCA:0.0006; kmer:GUG:0.0006; kmer:AGCAG:0.0005; kmer:GCAG:0.0004; kmer:AGUG:0.0003; kmer:CAGCA:0.0002,mir-195-5p:0.626; mir-24-3p:0.624; mir-497-5p:0.598
960,mir-578,MIMAT0003243,CUUCUUGUGCUCUAGGAUUGU,nao,0.632848,0.665049,0.685875,,kmer:GU:0.0031; kmer:UGU:0.0016; kmer:UUGU:0.0011; kmer:UA:0.0008; kmer:GUG:0.0007; kmer:UAG:0.0006; kmer:GUGC:0.0006; kmer:UGUG:0.0004; kmer:UUG:0.0004; kmer:CUUGU:0.0003,mir-25-3p:0.580; mir-373-3p:0.556; mir-34a-5p:0.547
961,mir-12127,MIMAT0049021,UAGAGGUUCUAAUGGUCCAGGGUUA,nao,0.632466,0.665042,0.685844,,kmer:GU:0.0037; kmer:UA:0.0018; kmer:GUU:0.0006; kmer:UAG:0.0005; kmer:AAU:0.0005; kmer:AA:0.0004; kmer:UAA:0.0002; kmer:GGUU:0.0002; kmer:UUA:0.0002; kmer:AGGU:0.0002,let-7b-5p:0.602; mir-155-5p:0.598; mir-6861-5p:0.598
962,mir-1287-3p,MIMAT0026738,CUCUAGCCACAGAUGCAGUGAU,nao,0.632083,0.665041,0.685838,,kmer:GU:0.0015; kmer:UA:0.0007; kmer:GUG:0.0007; kmer:UAG:0.0006; kmer:UAGC:0.0004; kmer:AGUG:0.0003; kmer:UGCA:0.0003; kmer:GCA:0.0002; kmer:AGU:0.0002; kmer:GCAG:0.0002,mir-139-5p:0.577; mir-31-5p:0.549; mir-195-5p:0.549
963,mir-3138,MIMAT0015006,UGUGGACAGUGAGGUAGAGGGAGU,nao,0.631700,0.665034,0.685811,,kmer:GU:0.0050; kmer:GUG:0.0011; kmer:UGU:0.0006; kmer:UA:0.0006; kmer:UAG:0.0005; kmer:GUAG:0.0004; kmer:AGU:0.0004; kmer:UGUG:0.0004; kmer:GGUAG:0.0003; kmer:AGGUA:0.0003,let-7b-5p:0.688; mir-6875-5p:0.681; let-7a-5p:0.621
964,mir-639,MIMAT0003309,AUCGCUGCGGUUGCGAGCGCUGU,nao,0.631317,0.665020,0.685747,,kmer:GU:0.0033; kmer:UGU:0.0009; kmer:GUU:0.0004; kmer:UCG:0.0003; kmer:UUG:0.0002; kmer:GUUG:0.0002; kmer:CG:0.0002; kmer:CGA:0.0002; kmer:GGUU:0.0001; kmer:GGUUG:0.0001,mir-210-3p:0.621; mir-1307-3p:0.496; mir-34a-5p:0.481
965,mir-503-5p,MIMAT0002874,UAGCAGCGGGAACAGUUCUGCAG,nao,0.630934,0.665020,0.685747,,kmer:GU:0.0014; kmer:UA:0.0007; kmer:UAG:0.0006; kmer:GCA:0.0005; kmer:GCAG:0.0004; kmer:AA:0.0004; kmer:UAGC:0.0003; kmer:AGCA:0.0003; kmer:GUU:0.0003; kmer:AGCAG:0.0003,mir-24-3p:0.749; mir-195-5p:0.623; mir-497-5p:0.561
966,mir-4650-3p,MIMAT0019714,AGGUAGAAUGAGGCCUGACAU,nao,0.630551,0.665020,0.685747,,kmer:GU:0.0014; kmer:UA:0.0007; kmer:UAG:0.0006; kmer:AAU:0.0005; kmer:GUAG:0.0005; kmer:AA:0.0004; kmer:GGUAG:0.0004; kmer:AGGUA:0.0003; kmer:GUA:0.0003; kmer:GGUA:0.0003,mir-6875-5p:0.550; let-7a-5p:0.505; let-7b-5p:0.480
967,mir-873-5p,MIMAT0004953,GCAGGAACUUGUGAGUCUCCU,nao,0.630168,0.665017,0.685733,,kmer:GU:0.0028; kmer:UGU:0.0007; kmer:GUG:0.0006; kmer:UUGU:0.0005; kmer:AA:0.0004; kmer:UGUG:0.0004; kmer:CUUGU:0.0003; kmer:UUGUG:0.0003; kmer:GCA:0.0002; kmer:AGU:0.0002,mir-125b-5p:0.590; mir-25-3p:0.569; mir-24-3p:0.521
968,mir-4804-3p,MIMAT0019985,UGCUUAACCUUGCCCUCGAAA,nao,0.629786,0.665014,0.685717,,kmer:AA:0.0014; kmer:UA:0.0008; kmer:AAA:0.0004; kmer:CUUA:0.0004; kmer:GCUUA:0.0003; kmer:UAA:0.0003; kmer:UUA:0.0003; kmer:UGCUU:0.0003; kmer:UCG:0.0003; kmer:UUG:0.0002,mir-365a-3p:0.602; mir-125a-5p:0.592; mir-125b-5p:0.540
969,mir-3128,MIMAT0014991,UCUGGCAAGUAAAAAACUCUCAU,nao,0.629403,0.665012,0.685710,,kmer:AA:0.0025; kmer:AAA:0.0015; kmer:GU:0.0014; kmer:UA:0.0007; kmer:GUA:0.0003; kmer:UAA:0.0003; kmer:GCA:0.0002; kmer:AGU:0.0002; kmer:AAGU:0.0002; kmer:UAAA:0.0001,mir-19a-3p:0.618; mir-19b-3p:0.580; mir-191-5p:0.558
970,mir-3192-5p,MIMAT0015076,UCUGGGAGGUUGUAGCAGUGGAA,nao,0.629020,0.665007,0.685687,,kmer:GU:0.0038; kmer:UGU:0.0007; kmer:UA:0.0006; kmer:GUG:0.0006; kmer:UAG:0.0005; kmer:UUGU:0.0004; kmer:GUAG:0.0004; kmer:AA:0.0004; kmer:UAGC:0.0003; kmer:GUA:0.0003,let-7b-5p:0.680; mir-34a-5p:0.668; mir-206:0.617
971,mir-3921,MIMAT0018196,UCUCUGAGUACCAUAUGCCUUGU,nao,0.628637,0.665004,0.685676,,kmer:GU:0.0028; kmer:UA:0.0014; kmer:UGU:0.0007; kmer:UUGU:0.0005; kmer:GUA:0.0003; kmer:CUUGU:0.0003; kmer:AGU:0.0002; kmer:CUGA:0.0002; kmer:UUG:0.0002; kmer:AUGC:0.0001,mir-25-3p:0.566; mir-125b-5p:0.528; mir-92a-3p:0.525
972,mir-4766-3p,MIMAT0019918,AUAGCAAUUGCUCUUUUGGAA,nao,0.628254,0.665004,0.685674,,kmer:AA:0.0009; kmer:UA:0.0007; kmer:UAG:0.0006; kmer:AAU:0.0006; kmer:UUG:0.0004; kmer:UAGC:0.0004; kmer:AGCA:0.0004; kmer:GCA:0.0003; kmer:UGCU:0.0002; kmer:UAGCA:0.0002,mir-1246:0.655; mir-373-3p:0.551; mir-520c-3p:0.512
973,mir-376c-5p,MIMAT0022861,GGUGGAUAUUCCUUCUAUGUU,sim,0.627871,0.665002,0.685664,hsa-mir-376c,kmer:GU:0.0030; kmer:UA:0.0015; kmer:UGU:0.0008; kmer:GUG:0.0007; kmer:GUU:0.0004; kmer:AUAUU:0.0002; kmer:UAUU:0.0001; kmer:UAU:0.0001; kmer:AUGUU:0.0001; kmer:UCCUU:0.0000,mir-382-5p:0.581; mir-205-5p:0.525; mir-373-3p:0.505
974,mir-200a-5p,MIMAT0001620,CAUCUUACCGGACAGUGCUGGA,sim,0.627489,0.664995,0.685635,hsa-mir-200a,kmer:GU:0.0013; kmer:UA:0.0006; kmer:GUG:0.0006; kmer:GUGC:0.0005; kmer:AGUGC:0.0005; kmer:CUUA:0.0003; kmer:AGUG:0.0003; kmer:GUGCU:0.0002; kmer:AGU:0.0002; kmer:UUA:0.0002,mir-17-5p:0.535; mir-106a-5p:0.512; mir-139-5p:0.495
975,mir-335-3p,MIMAT0004703,UUUUUCAUUAUUGCUCCUGACC,nao,0.627106,0.664987,0.685598,,kmer:UA:0.0007; kmer:UAUUG:0.0002; kmer:UUA:0.0002; kmer:CUGA:0.0002; kmer:UUG:0.0002; kmer:UGCU:0.0002; kmer:UGA:0.0001; kmer:AUUGC:0.0001; kmer:AUUG:0.0001; kmer:UUAU:0.0001,mir-205-5p:0.522; mir-520c-3p:0.485; mir-125a-5p:0.481
976,mir-564,MIMAT0003228,AGGCACGGUGUCAGCAGGC,nao,0.626723,0.664982,0.685575,,kmer:GU:0.0033; kmer:UGU:0.0009; kmer:GUG:0.0007; kmer:GCA:0.0005; kmer:AGCA:0.0004; kmer:AGCAG:0.0003; kmer:CAGCA:0.0003; kmer:UGUC:0.0003; kmer:GCAG:0.0003; kmer:GCAC:0.0002,mir-24-3p:0.666; mir-497-5p:0.600; mir-195-5p:0.526
977,mir-1324,MIMAT0005956,CCAGACAGAAUUCUAUGCACUUUC,nao,0.626340,0.664980,0.685568,,kmer:UA:0.0006; kmer:AAU:0.0005; kmer:AA:0.0004; kmer:UGCA:0.0002; kmer:GCA:0.0002; kmer:GAAU:0.0002; kmer:GCAC:0.0002; kmer:AUGC:0.0001; kmer:UGCAC:0.0001; kmer:ACAG:0.0001,mir-195-5p:0.512; mir-21-5p:0.474; mir-205-5p:0.461
978,mir-1468-5p,MIMAT0006789,CUCCGUUUGCCUGUUUCGCUG,nao,0.625957,0.664980,0.685567,,kmer:GU:0.0032; kmer:UGU:0.0008; kmer:GUU:0.0007; kmer:CGU:0.0005; kmer:UCG:0.0002; kmer:UUG:0.0002; kmer:UUCG:0.0002; kmer:CCGUU:0.0002; kmer:CGUU:0.0001; kmer:CCGU:0.0001,mir-92a-3p:0.566; mir-373-3p:0.485; mir-382-5p:0.466
979,mir-146a-5p,MIMAT0000449,UGAGAACUGAAUUCCAUGGGUU,nao,0.625574,0.664980,0.685565,,kmer:GU:0.0014; kmer:AA:0.0008; kmer:AAU:0.0005; kmer:GUU:0.0003; kmer:UGA:0.0003; kmer:ACUGA:0.0002; kmer:GAAU:0.0002; kmer:CUGA:0.0002; kmer:AAC:0.0001; kmer:GGUU:0.0001,mir-19b-3p:0.488; mir-181b-5p:0.483; mir-373-3p:0.477
980,mir-342-5p,MIMAT0004694,AGGGGUGCUAUCUGUGAUUGA,nao,0.625191,0.664977,0.685555,,kmer:GU:0.0029; kmer:GUG:0.0013; kmer:UGU:0.0008; kmer:UA:0.0007; kmer:GUGC:0.0006; kmer:UGUG:0.0004; kmer:UGA:0.0003; kmer:GUGCU:0.0003; kmer:UUG:0.0002; kmer:UGCU:0.0002,mir-373-3p:0.619; mir-155-5p:0.599; mir-210-3p:0.563
981,mir-708-3p,MIMAT0004927,CAACUAGACUGUGAGCUUCUAG,nao,0.624809,0.664972,0.685531,,kmer:GU:0.0015; kmer:UA:0.0015; kmer:UAG:0.0012; kmer:UGU:0.0008; kmer:GUG:0.0007; kmer:AA:0.0004; kmer:UGUG:0.0004; kmer:UGA:0.0002; kmer:GCUU:0.0001; kmer:UGUGA:0.0001,mir-21-5p:0.594; mir-125b-5p:0.535; mir-125a-5p:0.487
982,mir-651-5p,MIMAT0003321,UUUAGGAUAAGCUUGACUUUUG,nao,0.624426,0.664969,0.685516,,kmer:UA:0.0015; kmer:UAG:0.0006; kmer:AA:0.0005; kmer:UUG:0.0004; kmer:UAA:0.0003; kmer:UUA:0.0002; kmer:UGA:0.0002; kmer:GCUU:0.0002; kmer:AGCUU:0.0001; kmer:UAGG:0.0000,mir-520c-3p:0.616; mir-1246:0.610; mir-373-3p:0.542
983,mir-5091,MIMAT0021083,ACGGAGACGACAAGACUGUGCUG,nao,0.624043,0.664966,0.685502,,kmer:GU:0.0014; kmer:UGU:0.0007; kmer:GUG:0.0006; kmer:GUGC:0.0006; kmer:AA:0.0004; kmer:UGUG:0.0004; kmer:GUGCU:0.0003; kmer:UGCU:0.0002; kmer:CGA:0.0001; kmer:UGUGC:0.0001,mir-210-3p:0.549; mir-6875-5p:0.487; mir-200a-3p:0.476
984,mir-4681,MIMAT0019766,AACGGGAAUGCAGGCUGUAUCU,nao,0.623660,0.664963,0.685491,,kmer:GU:0.0014; kmer:AA:0.0008; kmer:UGU:0.0007; kmer:UA:0.0007; kmer:AAU:0.0005; kmer:GUA:0.0003; kmer:UGCA:0.0003; kmer:GCA:0.0002; kmer:GAAU:0.0002; kmer:GCAG:0.0002,mir-1-3p:0.525; mir-31-5p:0.524; mir-191-5p:0.514
985,mir-4752,MIMAT0019889,UUGUGGAUCUCAAGGAUGUGCU,nao,0.623277,0.664963,0.685490,,kmer:GU:0.0029; kmer:UGU:0.0015; kmer:GUG:0.0013; kmer:UGUG:0.0008; kmer:GUGC:0.0006; kmer:UUGU:0.0005; kmer:AA:0.0004; kmer:UUGUG:0.0003; kmer:GUGCU:0.0003; kmer:UUG:0.0002,mir-206:0.620; mir-382-5p:0.548; mir-373-3p:0.532
986,mir-219a-1-3p,MIMAT0004567,AGAGUUGAGUCUGGACGUCCCG,nao,0.622894,0.664961,0.685483,,kmer:GU:0.0045; kmer:CGU:0.0005; kmer:AGU:0.0005; kmer:GUU:0.0003; kmer:AGUU:0.0002; kmer:UUG:0.0002; kmer:GUUG:0.0002; kmer:GUUGA:0.0002; kmer:UCCC:0.0002; kmer:UGA:0.0002,mir-205-5p:0.526; mir-382-5p:0.485; mir-99a-5p:0.476
987,mir-520f-3p,MIMAT0002830,AAGUGCUUCCUUUUAGAGGGUU,sim,0.622511,0.664957,0.685462,hsa-mir-520f,kmer:GU:0.0027; kmer:UA:0.0007; kmer:GUG:0.0006; kmer:UAG:0.0006; kmer:GUGC:0.0005; kmer:AGUGC:0.0005; kmer:AA:0.0004; kmer:GUU:0.0003; kmer:AAGUG:0.0003; kmer:AGUG:0.0003,mir-520c-3p:0.942; mir-373-3p:0.674; mir-20a-5p:0.538
988,mir-3936,MIMAT0018351,UAAGGGGUGUAUGGCAGAUGCA,nao,0.622129,0.664947,0.685418,,kmer:GU:0.0029; kmer:UA:0.0014; kmer:UGU:0.0008; kmer:GUG:0.0006; kmer:GCA:0.0005; kmer:AA:0.0004; kmer:GUA:0.0003; kmer:UAA:0.0003; kmer:UGCA:0.0003; kmer:GCAG:0.0002,mir-31-5p:0.619; mir-6861-5p:0.573; mir-155-5p:0.542
989,mir-6876-3p,MIMAT0027653,AGCUGUCUGUGUUUUCCUUCUCAG,nao,0.621746,0.664945,0.685408,,kmer:GU:0.0036; kmer:UGU:0.0019; kmer:GUG:0.0005; kmer:UGUG:0.0004; kmer:GUU:0.0003; kmer:UGUC:0.0002; kmer:UGUCU:0.0001; kmer:CUGU:0.0001; kmer:UUUUC:0.0001; kmer:GUCUG:0.0001,mir-205-5p:0.579; mir-34a-5p:0.577; mir-25-3p:0.552
990,mir-3135b,MIMAT0018985,GGCUGGAGCGAGUGCAGUGGUG,nao,0.621363,0.664938,0.685379,,kmer:GU:0.0042; kmer:GUG:0.0019; kmer:GUGC:0.0006; kmer:AGUG:0.0005; kmer:AGUGC:0.0005; kmer:AGU:0.0004; kmer:GUGCA:0.0003; kmer:UGCA:0.0003; kmer:GCA:0.0002; kmer:GCAG:0.0002,mir-34a-5p:0.633; mir-210-3p:0.602; mir-93-5p:0.594
991,mir-4470,MIMAT0018997,UGGCAAACGUGGAAGCCGAGA,nao,0.620980,0.664934,0.685360,,kmer:GU:0.0016; kmer:AA:0.0014; kmer:GUG:0.0007; kmer:CGU:0.0005; kmer:AAA:0.0004; kmer:CGUG:0.0004; kmer:CAAA:0.0003; kmer:GCA:0.0003; kmer:GCAAA:0.0002; kmer:CGA:0.0002,mir-191-5p:0.559; mir-206:0.523; mir-31-5p:0.505
992,mir-9985,MIMAT0039763,UUCACAGUGGCUAAGCUAU,nao,0.620597,0.664933,0.685356,,kmer:GU:0.0018; kmer:UA:0.0017; kmer:GUG:0.0008; kmer:AA:0.0005; kmer:UAA:0.0003; kmer:AGUG:0.0003; kmer:AGU:0.0003; kmer:CUAA:0.0002; kmer:CAGU:0.0002; kmer:ACAG:0.0001,mir-24-3p:0.561; mir-17-5p:0.528; mir-31-5p:0.514
993,mir-513c-5p,MIMAT0005789,UUCUCAAGGAGGUGUCGUUUAU,sim,0.620214,0.664931,0.685347,hsa-mir-513c,kmer:GU:0.0047; kmer:UGU:0.0008; kmer:UA:0.0008; kmer:GUG:0.0007; kmer:CGU:0.0005; kmer:AA:0.0005; kmer:GUU:0.0004; kmer:UGUC:0.0003; kmer:UUA:0.0003; kmer:UCGU:0.0002,mir-382-5p:0.572; mir-520c-3p:0.547; mir-373-3p:0.533
994,mir-551b-3p,MIMAT0003233,GCGACCCAUACUUGGUUUCAG,sim,0.619832,0.664928,0.685332,hsa-mir-551b,kmer:GU:0.0016; kmer:UA:0.0008; kmer:GUU:0.0004; kmer:ACCC:0.0003; kmer:ACUUG:0.0003; kmer:UUG:0.0002; kmer:GACCC:0.0002; kmer:CGA:0.0002; kmer:GGUU:0.0001; kmer:UGGUU:0.0001,mir-223-3p:0.512; mir-205-5p:0.482; mir-451a:0.478
995,mir-7106-3p,MIMAT0028110,AGCUCCCUGAAUCCCUGUCCCAG,nao,0.619449,0.664925,0.685318,,kmer:GU:0.0012; kmer:UGU:0.0006; kmer:AAU:0.0004; kmer:UCCC:0.0004; kmer:AA:0.0003; kmer:AAUC:0.0003; kmer:CCCU:0.0002; kmer:UCCCU:0.0002; kmer:CCCUG:0.0002; kmer:AAUCC:0.0002,mir-145-5p:0.678; mir-125a-5p:0.651; mir-125b-5p:0.600
996,mir-4664-3p,MIMAT0019738,CUUCCGGUCUGUGAGCCCCGUC,nao,0.619066,0.664924,0.685316,,kmer:GU:0.0044; kmer:UGU:0.0008; kmer:GUG:0.0007; kmer:CGU:0.0005; kmer:UGUG:0.0004; kmer:UGA:0.0001; kmer:CCG:0.0001; kmer:UGUGA:0.0001; kmer:CCCGU:0.0001; kmer:CCGU:0.0001,mir-205-5p:0.611; mir-99a-5p:0.563; mir-125a-5p:0.534
997,mir-585-5p,MIMAT0026618,CUAGCACACAGAUACGCCCAGA,nao,0.618683,0.664922,0.685306,,kmer:UA:0.0015; kmer:UAG:0.0006; kmer:UAGC:0.0004; kmer:AGCA:0.0004; kmer:GCA:0.0002; kmer:GCAC:0.0002; kmer:AGCAC:0.0002; kmer:UAGCA:0.0002; kmer:GCACA:0.0001; kmer:ACAG:0.0001,mir-195-5p:0.633; mir-497-5p:0.482; mir-24-3p:0.469
998,mir-520b-3p,MIMAT0002843,AAAGUGCUUCCUUUUAGAGGG,nao,0.618300,0.664907,0.685239,,kmer:GU:0.0014; kmer:AA:0.0008; kmer:UA:0.0007; kmer:GUG:0.0006; kmer:UAG:0.0006; kmer:GUGC:0.0005; kmer:AGUGC:0.0005; kmer:AAA:0.0004; seed:AAGUGCU:0.0003; kmer:AAGUG:0.0003,mir-520c-3p:0.985; mir-373-3p:0.660; mir-106a-5p:0.561
999,mir-4482-5p,MIMAT0019016,AACCCAGUGGGCUAUGGAAAUG,nao,0.617917,0.664905,0.685229,,kmer:GU:0.0014; kmer:AA:0.0013; kmer:UA:0.0007; kmer:GUG:0.0006; kmer:AAU:0.0005; kmer:AAA:0.0004; kmer:AAAU:0.0003; kmer:AGUG:0.0003; kmer:ACCC:0.0002; kmer:AGU:0.0002,mir-206:0.567; mir-1-3p:0.530; mir-6861-5p:0.514
1000,mir-92a-2-5p,MIMAT0004508,GGGUGGGGAUUUGUUGCAUUAC,nao,0.617534,0.664902,0.685217,,kmer:GU:0.0026; kmer:UGU:0.0007; kmer:UA:0.0006; kmer:GUG:0.0006; kmer:UUGU:0.0005; kmer:UUG:0.0004; kmer:GUU:0.0003; kmer:UGCA:0.0002; kmer:GCA:0.0002; kmer:UUA:0.0002,mir-373-3p:0.667; mir-181b-5p:0.616; mir-1246:0.579
1001,mir-6739-5p,MIMAT0027379,UGGGAAAGAGAAAGAACAAGUA,nao,0.617152,0.664890,0.685163,,kmer:AA:0.0027; kmer:GU:0.0016; kmer:AAA:0.0008; kmer:UA:0.0008; kmer:GUA:0.0004; kmer:AGU:0.0003; kmer:AAGU:0.0002; kmer:AAC:0.0001; kmer:AAAG:0.0001; kmer:AGAAA:0.0001,mir-1-3p:0.591; mir-191-5p:0.526; mir-206:0.483
1002,mir-6884-5p,MIMAT0027668,AGAGGCUGAGAAGGUGAUGUUG,nao,0.616769,0.664888,0.685153,,kmer:GU:0.0028; kmer:UGU:0.0007; kmer:GUG:0.0006; kmer:AA:0.0004; kmer:GUU:0.0003; kmer:UGA:0.0003; kmer:AGGU:0.0002; kmer:CUGA:0.0002; kmer:UUG:0.0002; kmer:GUUG:0.0002,mir-21-5p:0.582; let-7b-5p:0.545; mir-206:0.524
1003,mir-3941,MIMAT0018357,UUACACACAACUGAGGAUCAUA,nao,0.616386,0.664886,0.685145,,kmer:UA:0.0014; kmer:AA:0.0004; kmer:UUA:0.0002; kmer:ACUGA:0.0002; kmer:CUGA:0.0002; kmer:UGA:0.0001; kmer:UUAC:0.0001; kmer:AAC:0.0001; kmer:AUC:0.0001; kmer:UUACA:0.0001,mir-425-5p:0.503; mir-451a:0.452; mir-200a-3p:0.443
1004,mir-4652-3p,MIMAT0019717,GUUCUGUUAACCCAUCCCCUCA,nao,0.616003,0.664885,0.685138,,kmer:GU:0.0031; kmer:UGU:0.0008; kmer:UA:0.0008; kmer:GUU:0.0007; kmer:AA:0.0005; kmer:UAA:0.0003; kmer:ACCC:0.0003; kmer:UUA:0.0003; kmer:AUCC:0.0002; kmer:UAAC:0.0002,mir-145-5p:0.621; mir-125a-5p:0.613; mir-205-5p:0.575
1005,mir-618,MIMAT0003287,AAACUCUACUUGUCCUUCUGAGU,nao,0.615620,0.664880,0.685118,,kmer:GU:0.0026; kmer:AA:0.0008; kmer:UGU:0.0007; kmer:UA:0.0006; kmer:UUGU:0.0005; kmer:AAA:0.0003; kmer:CUUGU:0.0003; kmer:UGUC:0.0002; kmer:AGU:0.0002; kmer:ACUUG:0.0002,mir-25-3p:0.596; mir-125b-5p:0.576; mir-205-5p:0.545
1006,mir-6835-3p,MIMAT0027571,AAAAGCACUUUUCUGUCUCCCAG,nao,0.615237,0.664879,0.685112,,kmer:GU:0.0013; kmer:AA:0.0011; kmer:AAA:0.0007; kmer:UGU:0.0007; kmer:AGCA:0.0003; kmer:GCA:0.0002; kmer:UGUC:0.0002; kmer:GCAC:0.0002; kmer:AGCAC:0.0002; kmer:UCCC:0.0001,mir-145-5p:0.557; mir-25-3p:0.541; mir-191-5p:0.539
1007,mir-143-5p,MIMAT0004599,GGUGCAGUGCUGCAUCUCUGGU,nao,0.614855,0.664870,0.685074,,kmer:GU:0.0043; kmer:GUG:0.0013; kmer:GUGC:0.0011; kmer:UGCA:0.0005; kmer:AGUGC:0.0005; kmer:GCA:0.0005; kmer:GUGCA:0.0003; kmer:AGUG:0.0003; kmer:GUGCU:0.0003; kmer:AGU:0.0002,mir-93-5p:0.645; mir-34a-5p:0.617; mir-139-5p:0.593
1008,mir-520d-3p,MIMAT0002856,AAAGUGCUUCUCUUUGGUGGGU,sim,0.614472,0.664867,0.685058,hsa-mir-520d,kmer:GU:0.0039; kmer:GUG:0.0012; kmer:AA:0.0008; kmer:GUGC:0.0005; kmer:AGUGC:0.0005; kmer:AAA:0.0003; seed:AAGUGCU:0.0003; kmer:AAGUG:0.0003; kmer:AGUG:0.0002; kmer:GUGCU:0.0002,mir-373-3p:0.767; mir-520c-3p:0.726; mir-34a-5p:0.559
1009,mir-501-5p,MIMAT0002872,AAUCCUUUGUCCCUGGGUGAGA,nao,0.614089,0.664859,0.685024,,kmer:GU:0.0026; kmer:UGU:0.0007; kmer:GUG:0.0006; kmer:AAU:0.0005; kmer:UUGU:0.0005; kmer:AA:0.0004; kmer:AAUC:0.0003; kmer:AAUCC:0.0002; kmer:UGUC:0.0002; kmer:UUG:0.0002,mir-125a-5p:0.675; mir-125b-5p:0.628; mir-145-5p:0.540
1010,mir-4663,MIMAT0019735,AGCUGAGCUCCAUGGACGUGCAGU,nao,0.613706,0.664856,0.685010,,kmer:GU:0.0025; kmer:GUG:0.0006; kmer:GUGC:0.0005; kmer:CGU:0.0004; kmer:GUGCA:0.0003; kmer:CGUG:0.0003; kmer:UGCA:0.0002; kmer:GCA:0.0002; kmer:AGU:0.0002; kmer:GCAG:0.0002,mir-31-5p:0.565; mir-210-3p:0.563; mir-139-5p:0.557
1011,mir-4802-5p,MIMAT0019981,UAUGGAGGUUCUAGACCAUGUU,nao,0.613323,0.664854,0.685002,,kmer:GU:0.0029; kmer:UA:0.0014; kmer:UGU:0.0008; kmer:GUU:0.0007; kmer:UAG:0.0006; kmer:AGGU:0.0002; kmer:GGUU:0.0001; kmer:AGACC:0.0001; kmer:GACC:0.0001; kmer:AUGUU:0.0001,let-7a-5p:0.547; let-7b-5p:0.545; mir-21-5p:0.512
1012,mir-103a-2-5p,MIMAT0009196,AGCUUCUUUACAGUGCUGCCUUG,nao,0.612940,0.664851,0.684986,,kmer:GU:0.0013; kmer:UA:0.0006; kmer:GUG:0.0006; kmer:GUGC:0.0005; kmer:AGUGC:0.0005; kmer:AGUG:0.0003; kmer:GUGCU:0.0002; kmer:AGU:0.0002; kmer:UUA:0.0002; kmer:UUG:0.0002,mir-520c-3p:0.632; mir-17-5p:0.579; mir-106a-5p:0.567
1013,mir-27b-3p,MIMAT0000419,UUCACAGUGGCUAAGUUCUGC,sim,0.612557,0.664850,0.684982,hsa-mir-27b,kmer:GU:0.0031; kmer:UA:0.0008; kmer:GUG:0.0007; kmer:AGU:0.0005; kmer:AA:0.0005; kmer:GUU:0.0004; kmer:UAA:0.0003; kmer:AGUG:0.0003; kmer:AAGU:0.0002; kmer:AGUU:0.0002,mir-24-3p:0.607; mir-139-5p:0.582; mir-17-5p:0.572
1014,mir-891a-5p,MIMAT0004902,UGCAACGAACCUGAGCCACUGA,nao,0.612175,0.664849,0.684979,,kmer:AA:0.0009; kmer:CUGA:0.0004; kmer:UGA:0.0003; kmer:UGCA:0.0003; kmer:AAC:0.0003; kmer:GCA:0.0003; kmer:ACUGA:0.0002; kmer:UGCAA:0.0002; kmer:CGA:0.0002; kmer:AACC:0.0001,mir-125a-5p:0.574; mir-125b-5p:0.554; mir-19b-3p:0.550
1015,mir-942-3p,MIMAT0026734,CACAUGGCCGAAACAGAGAAGU,nao,0.611792,0.664848,0.684973,,kmer:GU:0.0015; kmer:AA:0.0014; kmer:AAA:0.0004; kmer:AGU:0.0002; kmer:AAGU:0.0002; kmer:CGA:0.0002; kmer:AAC:0.0001; kmer:GAAGU:0.0001; kmer:CCGAA:0.0001; kmer:CCGA:0.0001,mir-195-5p:0.550; mir-24-3p:0.514; mir-191-5p:0.497
1016,mir-4696,MIMAT0019790,UGCAAGACGGAUACUGUCAUCU,nao,0.611409,0.664835,0.684917,,kmer:GU:0.0015; kmer:UGU:0.0008; kmer:UA:0.0007; kmer:AA:0.0004; kmer:UGCA:0.0003; kmer:GCA:0.0002; kmer:UGUC:0.0002; kmer:UGCAA:0.0002; kmer:AUC:0.0001; kmer:UGUCA:0.0001,mir-200a-3p:0.525; mir-19a-3p:0.523; mir-25-3p:0.497
1017,mir-30c-5p,MIMAT0000244,UGUAAACAUCCUACACUCUCAGC,sim,0.611026,0.664834,0.684913,hsa-mir-30c-1; hsa-mir-30c-2,kmer:GU:0.0015; kmer:UA:0.0014; kmer:AA:0.0009; kmer:UGU:0.0008; kmer:AAA:0.0004; kmer:GUA:0.0003; kmer:UAA:0.0003; kmer:AUCC:0.0002; kmer:CAGC:0.0002; kmer:UAAA:0.0001,mir-139-5p:0.530; mir-200a-3p:0.528; mir-24-3p:0.477
1018,mir-212-3p,MIMAT0000269,UAACAGUCUCCAGUCACGGCC,nao,0.610643,0.664833,0.684906,,kmer:GU:0.0030; kmer:UA:0.0007; kmer:AGU:0.0005; kmer:AA:0.0004; kmer:CAGU:0.0003; kmer:UAA:0.0003; kmer:UAAC:0.0002; kmer:CGGC:0.0002; kmer:AAC:0.0001; kmer:CACG:0.0001,mir-139-5p:0.721; mir-24-3p:0.552; mir-205-5p:0.514
1019,mir-10524-5p,MIMAT0041994,CAGGAUGCCAGCAUAGU,nao,0.610260,0.664832,0.684904,,kmer:GU:0.0021; kmer:UA:0.0010; kmer:UAG:0.0009; kmer:AGCA:0.0005; kmer:CAGCA:0.0004; kmer:GCA:0.0003; kmer:AGU:0.0003; kmer:CAGC:0.0002; kmer:AUAG:0.0002; kmer:AUGC:0.0002,mir-24-3p:0.611; mir-31-5p:0.590; mir-195-5p:0.569
1020,mir-5589-5p,MIMAT0022297,GGCUGGGUGCUCUUGUGCAGU,nao,0.609877,0.664832,0.684904,,kmer:GU:0.0041; kmer:GUG:0.0012; kmer:GUGC:0.0011; kmer:UGU:0.0007; kmer:UUGU:0.0005; kmer:UGUG:0.0004; kmer:GUGCA:0.0003; kmer:CUUGU:0.0003; kmer:UUGUG:0.0003; kmer:UGCA:0.0003,mir-34a-5p:0.670; mir-93-5p:0.604; mir-210-3p:0.597
1021,mir-6506-5p,MIMAT0025468,ACUGGGAUGUCACUGAAUAUGGU,nao,0.609495,0.664813,0.684818,,kmer:GU:0.0028; kmer:UGU:0.0007; kmer:UA:0.0007; kmer:AAU:0.0005; kmer:AA:0.0004; kmer:UGUC:0.0002; kmer:ACUGA:0.0002; kmer:GAAU:0.0002; kmer:CUGA:0.0002; kmer:AAUAU:0.0002,mir-200a-3p:0.633; mir-21-5p:0.514; mir-206:0.500
1022,mir-376a-2-5p,MIMAT0022928,GGUAGAUUUUCCUUCUAUGGU,nao,0.609112,0.664810,0.684802,,kmer:GU:0.0030; kmer:UA:0.0015; kmer:UAG:0.0006; kmer:GUAG:0.0005; kmer:GGUAG:0.0004; kmer:GUA:0.0004; kmer:GGUA:0.0003; kmer:GUAGA:0.0001; kmer:UUUUC:0.0001; kmer:AUUUU:0.0001,mir-520c-3p:0.612; mir-373-3p:0.565; mir-1246:0.511
1023,mir-22-5p,MIMAT0004495,AGUUCUUCAGUGGCAAGCUUUA,nao,0.608729,0.664805,0.684781,,kmer:GU:0.0030; kmer:UA:0.0007; kmer:GUG:0.0007; kmer:AGU:0.0005; kmer:AA:0.0004; kmer:GUU:0.0003; kmer:AGUG:0.0003; kmer:GCA:0.0002; kmer:UUA:0.0002; kmer:AGUU:0.0002,mir-520c-3p:0.630; mir-24-3p:0.607; mir-34a-5p:0.599
1024,mir-5003-5p,MIMAT0021025,UCACAACAACCUUGCAGGGUAGA,nao,0.608346,0.664803,0.684773,,kmer:GU:0.0014; kmer:AA:0.0008; kmer:UA:0.0007; kmer:UAG:0.0006; kmer:GUAG:0.0005; kmer:GGUAG:0.0004; kmer:GUA:0.0003; kmer:GGUA:0.0003; kmer:UGCA:0.0003; kmer:AAC:0.0002,mir-17-5p:0.560; mir-24-3p:0.556; mir-106a-5p:0.520
1025,mir-4529-5p,MIMAT0019236,AGGCCAUCAGCAGUCCAAUGAA,nao,0.607963,0.664801,0.684762,,kmer:GU:0.0015; kmer:AA:0.0009; kmer:AAU:0.0006; kmer:AGCA:0.0004; kmer:AGCAG:0.0003; kmer:CAGCA:0.0003; kmer:GCA:0.0003; kmer:AGU:0.0002; kmer:GCAG:0.0002; kmer:AAUG:0.0002,mir-24-3p:0.649; mir-191-5p:0.597; mir-195-5p:0.550
1026,mir-147b-5p,MIMAT0037331,UGGAAACAUUUCUGCACAAACU,nao,0.607580,0.664796,0.684739,,kmer:AA:0.0018; kmer:AAA:0.0008; kmer:UGCA:0.0003; kmer:CAAA:0.0003; kmer:AAC:0.0003; kmer:GCA:0.0003; kmer:GCAC:0.0002; kmer:UGCAC:0.0001; kmer:GCACA:0.0001; kmer:CAUU:0.0001,mir-19a-3p:0.610; mir-19b-3p:0.602; mir-191-5p:0.537
1027,mir-6129,MIMAT0024613,UGAGGGAGUUGGGUGUAUA,nao,0.607198,0.664794,0.684733,,kmer:GU:0.0050; kmer:UA:0.0016; kmer:UGU:0.0009; kmer:GUG:0.0007; kmer:GUA:0.0004; kmer:GUU:0.0004; kmer:AGU:0.0003; kmer:AGUU:0.0002; kmer:UUG:0.0002; kmer:GUUG:0.0002,let-7b-5p:0.658; let-7a-5p:0.656; mir-6861-5p:0.587
1028,mir-186-3p,MIMAT0004612,GCCCAAAGGUGAAUUUUUUGGG,nao,0.606815,0.664793,0.684727,,kmer:GU:0.0014; kmer:AA:0.0013; kmer:GUG:0.0006; kmer:AAU:0.0005; kmer:AAA:0.0004; kmer:CAAA:0.0002; kmer:GAAU:0.0002; kmer:AGGU:0.0002; kmer:UUG:0.0002; kmer:UGA:0.0001,mir-1246:0.681; mir-373-3p:0.644; mir-520c-3p:0.558
1029,mir-146b-5p,MIMAT0002809,UGAGAACUGAAUUCCAUAGGCUG,sim,0.606432,0.664782,0.684678,hsa-mir-146b,kmer:AA:0.0008; kmer:UA:0.0007; kmer:UAG:0.0006; kmer:AAU:0.0005; kmer:UGA:0.0003; kmer:ACUGA:0.0002; kmer:GAAU:0.0002; kmer:CUGA:0.0002; kmer:AUAG:0.0001; kmer:AAC:0.0001,mir-21-5p:0.511; mir-125b-5p:0.495; mir-31-5p:0.490
1030,mir-2114-5p,MIMAT0011156,UAGUCCCUUCCUUGAAGCGGUC,nao,0.606049,0.664777,0.684657,,kmer:GU:0.0029; kmer:UA:0.0007; kmer:UAG:0.0006; kmer:AA:0.0004; kmer:AGU:0.0002; kmer:UUG:0.0002; kmer:UCCC:0.0002; kmer:UGA:0.0001; kmer:CCCU:0.0001; kmer:UCCCU:0.0001,mir-205-5p:0.610; mir-520c-3p:0.568; mir-145-5p:0.560
1031,mir-4427,MIMAT0018942,UCUGAAUAGAGUCUGAAGAGU,nao,0.605666,0.664771,0.684630,,kmer:GU:0.0033; kmer:AA:0.0010; kmer:UA:0.0008; kmer:UAG:0.0007; kmer:AAU:0.0006; kmer:AGU:0.0005; kmer:CUGA:0.0005; kmer:UGA:0.0003; kmer:GAAU:0.0003; kmer:AAUA:0.0002,mir-21-5p:0.452; mir-1-3p:0.451; mir-25-3p:0.409
1032,mir-583,MIMAT0003248,CAAAGAGGAAGGUCCCAUUAC,nao,0.605283,0.664769,0.684622,,kmer:GU:0.0015; kmer:AA:0.0013; kmer:UA:0.0007; kmer:AAA:0.0004; kmer:CAAA:0.0003; kmer:UUA:0.0002; kmer:AGGU:0.0002; kmer:UCCC:0.0002; kmer:UUAC:0.0001; kmer:AGGAA:0.0001,mir-191-5p:0.563; mir-6875-5p:0.529; mir-145-5p:0.507
1033,mir-4724-5p,MIMAT0019841,AACUGAACCAGGAGUGAGCUUCG,nao,0.604900,0.664769,0.684621,,kmer:GU:0.0013; kmer:AA:0.0008; kmer:GUG:0.0006; kmer:UGA:0.0003; kmer:AGUG:0.0003; kmer:AAC:0.0002; kmer:AGU:0.0002; kmer:ACUGA:0.0002; kmer:UCG:0.0002; kmer:CUGA:0.0002,mir-6875-5p:0.584; mir-125b-5p:0.504; mir-24-3p:0.496
1034,mir-6834-3p,MIMAT0027569,UAUGUCCCAUCCCUCCAUCA,nao,0.604518,0.664768,0.684617,,kmer:GU:0.0016; kmer:UGU:0.0008; kmer:UA:0.0008; kmer:UCCC:0.0003; kmer:UGUC:0.0003; kmer:AUC:0.0002; kmer:AUCC:0.0002; kmer:CCCU:0.0002; kmer:UCCCU:0.0002; kmer:AUCCC:0.0001,mir-145-5p:0.628; mir-205-5p:0.543; mir-223-3p:0.463
1035,mir-3124-3p,MIMAT0019200,ACUUUCCUCACUCCCGUGAAGU,nao,0.604135,0.664765,0.684602,,kmer:GU:0.0028; kmer:GUG:0.0006; kmer:CGU:0.0004; kmer:AA:0.0004; kmer:CGUG:0.0003; kmer:AGU:0.0002; kmer:AAGU:0.0002; kmer:UCCC:0.0001; kmer:UGA:0.0001; kmer:UCCCG:0.0001,mir-425-5p:0.593; mir-205-5p:0.576; mir-145-5p:0.531
1036,mir-496,MIMAT0002818,UGAGUAUUACAUGGCCAAUCUC,nao,0.603752,0.664764,0.684596,,kmer:GU:0.0016; kmer:UA:0.0015; kmer:AAU:0.0006; kmer:AA:0.0005; kmer:GUA:0.0004; kmer:AAUC:0.0004; kmer:AGU:0.0003; kmer:UUA:0.0003; kmer:UGA:0.0002; kmer:UAUU:0.0001,mir-451a:0.479; mir-1-3p:0.460; mir-205-5p:0.435
1037,mir-6737-3p,MIMAT0027376,UCUGUGCUUCACCCCUACCCAG,nao,0.603369,0.664759,0.684574,,kmer:GU:0.0014; kmer:UGU:0.0007; kmer:UA:0.0007; kmer:GUG:0.0006; kmer:GUGC:0.0005; kmer:ACCC:0.0005; kmer:UGUG:0.0004; kmer:GUGCU:0.0002; kmer:UGCUU:0.0002; kmer:UGCU:0.0002,mir-125a-5p:0.605; mir-125b-5p:0.576; mir-205-5p:0.536
1038,mir-6130,MIMAT0024614,UGAGGGAGUGGAUUGUAUG,nao,0.602986,0.664750,0.684536,,kmer:GU:0.0033; kmer:UGU:0.0009; kmer:UA:0.0008; kmer:GUG:0.0007; kmer:UUGU:0.0006; kmer:GUA:0.0004; kmer:AGUG:0.0003; kmer:AGU:0.0003; kmer:UUG:0.0002; kmer:UGA:0.0002,mir-206:0.602; mir-1246:0.580; let-7b-5p:0.568
1039,mir-514b-3p,MIMAT0015088,AUUGACACCUCUGUGAGUGGA,sim,0.602603,0.664750,0.684534,hsa-mir-514b,kmer:GU:0.0031; kmer:GUG:0.0014; kmer:UGU:0.0008; kmer:UGUG:0.0005; kmer:UGA:0.0003; kmer:AGUG:0.0003; kmer:AGU:0.0003; kmer:UUG:0.0002; kmer:UGUGA:0.0001; kmer:AUUG:0.0001,mir-210-3p:0.610; mir-125a-5p:0.579; mir-125b-5p:0.566
1040,mir-214-3p,MIMAT0000271,ACAGCAGGCACAGACAGGCAGU,nao,0.602221,0.664742,0.684500,,kmer:GU:0.0013; kmer:GCA:0.0007; kmer:GCAG:0.0004; kmer:AGCA:0.0003; kmer:AGCAG:0.0003; kmer:ACAG:0.0003; kmer:CAGCA:0.0002; kmer:AGU:0.0002; kmer:GCAC:0.0002; kmer:GCAGG:0.0002,mir-24-3p:0.715; mir-195-5p:0.631; mir-497-5p:0.574
1041,mir-3064-3p,MIMAT0019865,UUGCCACACUGCAACACCUUACA,nao,0.601838,0.664739,0.684485,,kmer:UA:0.0007; kmer:AA:0.0004; kmer:CUUA:0.0004; kmer:UGCA:0.0003; kmer:GCA:0.0002; kmer:UUA:0.0002; kmer:UUG:0.0002; kmer:UGCAA:0.0002; kmer:UUAC:0.0001; kmer:AAC:0.0001,mir-497-5p:0.534; mir-200a-3p:0.446; mir-92a-3p:0.440
1042,mir-4797-3p,MIMAT0019973,UCUCAGUAAGUGGCACUCUGU,nao,0.601455,0.664737,0.684476,,kmer:GU:0.0046; kmer:UGU:0.0008; kmer:UA:0.0008; kmer:GUG:0.0007; kmer:AGU:0.0005; kmer:AA:0.0005; kmer:GUA:0.0004; kmer:AAGUG:0.0003; kmer:UAA:0.0003; kmer:AGUG:0.0003,mir-139-5p:0.640; mir-34a-5p:0.561; mir-24-3p:0.529
1043,mir-4329,MIMAT0016923,CCUGAGACCCUAGUUCCAC,nao,0.601072,0.664735,0.684466,,kmer:GU:0.0016; kmer:UA:0.0008; kmer:UAG:0.0007; kmer:GUU:0.0004; kmer:ACCC:0.0003; kmer:AGU:0.0003; kmer:ACCCU:0.0002; kmer:CUGA:0.0002; kmer:AGUU:0.0002; kmer:GACCC:0.0002,mir-125a-5p:0.765; mir-125b-5p:0.754; mir-205-5p:0.531
1044,mir-4778-5p,MIMAT0019936,AAUUCUGUAAAGGAAGAAGAGG,nao,0.600689,0.664731,0.684451,,kmer:AA:0.0021; kmer:GU:0.0015; kmer:UGU:0.0008; kmer:UA:0.0007; kmer:AAU:0.0006; kmer:AAA:0.0004; kmer:GUA:0.0003; kmer:UAA:0.0003; kmer:UAAA:0.0001; kmer:AGGAA:0.0001,mir-1-3p:0.648; mir-206:0.560; mir-520c-3p:0.474
1045,mir-3663-5p,MIMAT0018084,GCUGGUCUGCGUGGUGCUCGG,nao,0.600306,0.664728,0.684438,,kmer:GU:0.0041; kmer:GUG:0.0012; kmer:GUGC:0.0006; kmer:CGU:0.0004; kmer:CGUG:0.0003; kmer:GUGCU:0.0003; kmer:UCG:0.0002; kmer:UGCU:0.0002; kmer:GCGUG:0.0001; kmer:GCGU:0.0001,mir-1307-3p:0.644; mir-210-3p:0.595; mir-34a-5p:0.575
1046,mir-130a-5p,MIMAT0004593,GCUCUUUUCACAUUGUGCUACU,sim,0.599923,0.664726,0.684426,hsa-mir-130a,kmer:GU:0.0014; kmer:UGU:0.0008; kmer:UA:0.0007; kmer:GUG:0.0006; kmer:GUGC:0.0006; kmer:UUGU:0.0005; kmer:UGUG:0.0004; kmer:UUGUG:0.0003; kmer:GUGCU:0.0003; kmer:UUG:0.0002,mir-25-3p:0.550; mir-181b-5p:0.505; mir-520c-3p:0.483
1047,mir-518c-3p,MIMAT0002848,CAAAGCGCUUCUCUUUAGAGUGU,nao,0.599541,0.664725,0.684420,,kmer:GU:0.0031; kmer:AA:0.0009; kmer:UGU:0.0008; kmer:UA:0.0008; kmer:GUG:0.0007; kmer:UAG:0.0006; kmer:AAA:0.0004; kmer:AGUG:0.0003; kmer:CAAA:0.0003; kmer:AGU:0.0002,mir-520c-3p:0.703; mir-34a-5p:0.532; mir-17-5p:0.526
1048,mir-9851-3p,MIMAT0048640,UGGCACCAGCACUGGCGGUGUC,nao,0.599158,0.664724,0.684419,,kmer:GU:0.0028; kmer:UGU:0.0007; kmer:GUG:0.0006; kmer:GCA:0.0005; kmer:GCAC:0.0004; kmer:AGCA:0.0003; kmer:CAGCA:0.0002; kmer:UGUC:0.0002; kmer:AGCAC:0.0002; kmer:CAGC:0.0002,mir-497-5p:0.654; mir-34a-5p:0.567; mir-31-5p:0.520
1049,mir-654-5p,MIMAT0003330,UGGUGGGCCGCAGAACAUGUGC,nao,0.598775,0.664723,0.684415,,kmer:GU:0.0031; kmer:GUG:0.0014; kmer:UGU:0.0008; kmer:GUGC:0.0006; kmer:AA:0.0005; kmer:UGUG:0.0004; kmer:GCA:0.0003; kmer:GCAG:0.0002; kmer:AAC:0.0001; kmer:UGUGC:0.0001,mir-181b-5p:0.572; mir-210-3p:0.557; mir-206:0.553
1050,mir-4658,MIMAT0019725,GUGAGUGUGGAUCCUGGAGGAAU,nao,0.598392,0.664704,0.684329,,kmer:GU:0.0039; kmer:GUG:0.0017; kmer:UGU:0.0007; kmer:AAU:0.0005; kmer:AA:0.0004; kmer:UGUG:0.0004; kmer:AGUG:0.0002; kmer:AGU:0.0002; kmer:GAAU:0.0002; kmer:GGAAU:0.0002,mir-206:0.738; mir-382-5p:0.546; let-7b-5p:0.528
1051,let-7f-1-3p,MIMAT0004486,CUAUACAAUCUAUUGCCUUCCC,nao,0.598009,0.664700,0.684312,,kmer:UA:0.0023; kmer:AAU:0.0006; kmer:AA:0.0005; kmer:AAUC:0.0004; kmer:UAUUG:0.0003; kmer:UUG:0.0002; kmer:UCCC:0.0002; kmer:AUUGC:0.0001; kmer:AUUG:0.0001; kmer:UAUU:0.0001,mir-365a-3p:0.585; mir-92a-3p:0.532; mir-205-5p:0.487
1052,mir-219a-2-3p,MIMAT0004675,AGAAUUGUGGCUGGACAUCUGU,nao,0.597626,0.664700,0.684310,,kmer:GU:0.0029; kmer:UGU:0.0015; kmer:GUG:0.0007; kmer:AAU:0.0006; kmer:UUGU:0.0005; kmer:AA:0.0004; kmer:UGUG:0.0004; kmer:UUGUG:0.0003; kmer:GAAU:0.0002; kmer:UUG:0.0002,mir-206:0.590; mir-210-3p:0.578; mir-34a-5p:0.577
1053,mir-3186-5p,MIMAT0015067,CAGGCGUCUGUCUACGUGGCUU,nao,0.597243,0.664699,0.684304,,kmer:GU:0.0046; kmer:CGU:0.0010; kmer:UGU:0.0008; kmer:UA:0.0007; kmer:GUG:0.0007; kmer:CGUG:0.0004; kmer:UGUC:0.0002; kmer:GCUU:0.0001; kmer:UGUCU:0.0001; kmer:GUCU:0.0001,mir-1307-3p:0.626; mir-139-5p:0.592; mir-34a-5p:0.590
1054,mir-6856-5p,MIMAT0027612,AAGAGAGGAGCAGUGGUGCUGUGG,nao,0.596861,0.664696,0.684291,,kmer:GU:0.0038; kmer:GUG:0.0017; kmer:UGU:0.0007; kmer:GUGC:0.0005; kmer:AA:0.0004; kmer:UGUG:0.0004; kmer:AGCA:0.0003; kmer:AGCAG:0.0003; kmer:AGUG:0.0002; kmer:GUGCU:0.0002,mir-206:0.606; mir-93-5p:0.593; let-7b-5p:0.573
1055,mir-382-3p,MIMAT0022697,AAUCAUUCACGGACAACACUU,nao,0.596478,0.664696,0.684290,,kmer:AA:0.0009; kmer:AAU:0.0006; kmer:AAUC:0.0004; kmer:AAC:0.0001; kmer:CACG:0.0001; kmer:AUC:0.0001; kmer:CAUU:0.0001; kmer:CACUU:0.0001; kmer:CAUUC:0.0001; kmer:CG:0.0001,mir-425-5p:0.548; mir-205-5p:0.516; mir-181b-5p:0.483
1056,mir-4679,MIMAT0019763,UCUGUGAUAGAGAUUCUUUGCU,nao,0.596095,0.664687,0.684252,,kmer:GU:0.0014; kmer:UGU:0.0008; kmer:UA:0.0007; kmer:GUG:0.0006; kmer:UAG:0.0006; kmer:UGUG:0.0004; kmer:UUG:0.0002; kmer:UGCU:0.0002; kmer:AUAG:0.0002; kmer:UGA:0.0001,mir-21-5p:0.556; mir-373-3p:0.523; mir-520c-3p:0.508
1057,mir-1-5p,MIMAT0031892,ACAUACUUCUUUAUAUGCCCAU,sim,0.595712,0.664685,0.684242,hsa-mir-1-1; hsa-mir-1-2,kmer:UA:0.0024; kmer:UUA:0.0003; kmer:AUGC:0.0002; kmer:UUAU:0.0001; kmer:UAU:0.0001; kmer:UUAUA:0.0001; kmer:AUAU:0.0000,mir-365a-3p:0.458; mir-451a:0.422; mir-205-5p:0.417
1058,mir-4521,MIMAT0019058,GCUAAGGAAGUCCUGUGCUCAG,nao,0.595329,0.664685,0.684241,,kmer:GU:0.0029; kmer:AA:0.0008; kmer:UGU:0.0008; kmer:UA:0.0007; kmer:GUG:0.0006; kmer:GUGC:0.0006; kmer:UGUG:0.0004; kmer:UAA:0.0003; kmer:GUGCU:0.0003; kmer:AGU:0.0002,mir-93-5p:0.566; mir-24-3p:0.539; mir-206:0.533
1059,mir-513b-3p,MIMAT0026749,AAAUGUCACCUUUUUGAGAGGA,sim,0.594946,0.664682,0.684228,hsa-mir-513b,kmer:GU:0.0015; kmer:AA:0.0009; kmer:UGU:0.0008; kmer:AAU:0.0006; kmer:AAA:0.0004; kmer:AAAU:0.0003; kmer:UGUC:0.0002; kmer:UUG:0.0002; kmer:AAUG:0.0002; kmer:UGA:0.0001,mir-1246:0.630; mir-520c-3p:0.596; mir-125a-5p:0.514
1060,mir-3614-3p,MIMAT0017993,UAGCCUUCAGAUCUUGGUGUUUU,nao,0.594564,0.664680,0.684220,,kmer:GU:0.0029; kmer:UGU:0.0007; kmer:UA:0.0007; kmer:GUG:0.0006; kmer:UAG:0.0006; kmer:UAGC:0.0003; kmer:GUU:0.0003; kmer:UUG:0.0002; kmer:AUC:0.0001; kmer:GUGU:0.0001,mir-520c-3p:0.610; mir-373-3p:0.600; mir-34a-5p:0.553
1061,mir-1227-3p,MIMAT0005580,CGUGCCACCCUUUUCCCCAG,nao,0.594181,0.664674,0.684194,,kmer:GU:0.0016; kmer:GUG:0.0007; kmer:GUGC:0.0006; kmer:CGU:0.0005; kmer:CGUG:0.0004; kmer:ACCC:0.0003; kmer:ACCCU:0.0002; kmer:UCCC:0.0002; kmer:CCCU:0.0002; kmer:UUUUC:0.0001,mir-145-5p:0.693; mir-125a-5p:0.579; mir-205-5p:0.508
1062,mir-7848-3p,MIMAT0030423,CUACCCUCGGUCUGCUUACCACA,nao,0.593798,0.664670,0.684177,,kmer:GU:0.0013; kmer:UA:0.0013; kmer:CUUA:0.0003; kmer:GCUUA:0.0003; kmer:UACC:0.0002; kmer:ACCC:0.0002; kmer:UUA:0.0002; kmer:ACCCU:0.0002; kmer:UGCUU:0.0002; kmer:UCG:0.0002,mir-25-3p:0.534; mir-205-5p:0.506; mir-125a-5p:0.487
1063,mir-4426,MIMAT0018941,GAAGAUGGACGUACUUU,nao,0.593415,0.664662,0.684141,,kmer:GU:0.0022; kmer:UA:0.0011; kmer:CGU:0.0007; kmer:AA:0.0006; kmer:GUA:0.0005; kmer:CGUA:0.0001; kmer:ACGUA:0.0001; kmer:CG:0.0001; kmer:ACGU:0.0001,mir-1246:0.483; mir-1-3p:0.470; mir-373-3p:0.464
1064,mir-6801-5p,MIMAT0027502,UGGUCAGAGGCAGCAGGAAAUGA,nao,0.593032,0.664662,0.684141,,kmer:GU:0.0013; kmer:AA:0.0007; kmer:AAU:0.0005; kmer:GCA:0.0004; kmer:GCAG:0.0004; kmer:AAA:0.0003; kmer:AGCA:0.0003; kmer:AGCAG:0.0003; kmer:AAAU:0.0003; kmer:CAGCA:0.0002,mir-24-3p:0.717; mir-195-5p:0.618; mir-6875-5p:0.594
1065,mir-377-5p,MIMAT0004689,AGAGGUUGCCCUUGGUGAAUUC,nao,0.592649,0.664655,0.684109,,kmer:GU:0.0030; kmer:GUG:0.0007; kmer:AAU:0.0006; kmer:AA:0.0004; kmer:UUG:0.0004; kmer:GUU:0.0003; kmer:GAAU:0.0002; kmer:AGGU:0.0002; kmer:GUUG:0.0002; kmer:UGA:0.0002,let-7b-5p:0.591; mir-373-3p:0.577; mir-382-5p:0.565
1066,mir-4711-3p,MIMAT0019817,CGUGUCUUCUGGCUUGAU,nao,0.592266,0.664654,0.684106,,kmer:GU:0.0036; kmer:UGU:0.0009; kmer:GUG:0.0008; kmer:CGU:0.0006; kmer:CGUG:0.0004; kmer:UGUC:0.0003; kmer:UUG:0.0002; kmer:UGA:0.0002; kmer:GCUU:0.0002; kmer:UGUCU:0.0002,mir-34a-5p:0.630; mir-25-3p:0.614; mir-373-3p:0.532
1067,mir-5704,MIMAT0022498,UUAGGCCAUCAUCCCAUUAUGC,nao,0.591884,0.664654,0.684103,,kmer:UA:0.0015; kmer:UAG:0.0006; kmer:UUA:0.0005; kmer:AUC:0.0002; kmer:AUCC:0.0002; kmer:UCCC:0.0002; kmer:AUGC:0.0002; kmer:UUAU:0.0001; kmer:AUCCC:0.0001; kmer:CAUU:0.0001,mir-145-5p:0.473; mir-205-5p:0.448; mir-365a-3p:0.430
1068,mir-4297,MIMAT0016846,UGCCUUCCUGUCUGUG,nao,0.591501,0.664653,0.684101,,kmer:GU:0.0040; kmer:UGU:0.0021; kmer:GUG:0.0009; kmer:UGUG:0.0006; kmer:UGUC:0.0003; kmer:UGUCU:0.0002; kmer:CCUGU:0.0001; kmer:CUGU:0.0001; kmer:GUCUG:0.0001; kmer:GUCU:0.0001,mir-92a-3p:0.583; mir-125a-5p:0.570; mir-205-5p:0.534
1069,mir-487a-3p,MIMAT0002178,AAUCAUACAGGGACAUCCAGUU,sim,0.591118,0.664650,0.684088,hsa-mir-487a,kmer:GU:0.0015; kmer:UA:0.0007; kmer:AAU:0.0006; kmer:AA:0.0004; kmer:GUU:0.0004; kmer:AAUC:0.0003; kmer:AGU:0.0002; kmer:AGUU:0.0002; kmer:AUC:0.0002; kmer:CAGUU:0.0002,mir-24-3p:0.563; mir-145-5p:0.537; mir-6875-5p:0.497
1070,mir-7157-3p,MIMAT0028225,UCUGUGCUACUGGAUGAAGAGU,nao,0.590735,0.664642,0.684050,,kmer:GU:0.0029; kmer:UGU:0.0008; kmer:UA:0.0007; kmer:GUG:0.0006; kmer:GUGC:0.0006; kmer:AA:0.0004; kmer:UGUG:0.0004; kmer:GUGCU:0.0003; kmer:AGU:0.0002; kmer:UGCU:0.0002,mir-210-3p:0.569; mir-206:0.555; mir-200a-3p:0.531
1071,mir-130b-5p,MIMAT0004680,ACUCUUUCCCUGUUGCACUAC,sim,0.590352,0.664632,0.684004,hsa-mir-130b,kmer:GU:0.0014; kmer:UGU:0.0007; kmer:UA:0.0007; kmer:GUU:0.0003; kmer:UGCA:0.0003; kmer:GCA:0.0002; kmer:GCAC:0.0002; kmer:UUG:0.0002; kmer:GUUG:0.0002; kmer:UCCC:0.0002,mir-92a-3p:0.615; mir-125a-5p:0.557; mir-25-3p:0.554
1072,mir-4762-5p,MIMAT0019910,CCAAAUCUUGAUCAGAAGCCU,nao,0.589969,0.664629,0.683993,,kmer:AA:0.0013; kmer:AAU:0.0006; kmer:AAA:0.0004; kmer:AAUC:0.0003; kmer:AAAU:0.0003; kmer:CAAA:0.0003; kmer:UUG:0.0002; kmer:AUC:0.0002; kmer:CAAAU:0.0002; kmer:UGA:0.0002,mir-191-5p:0.576; mir-19a-3p:0.500; mir-365a-3p:0.498
1073,mir-1179,MIMAT0005824,AAGCAUUCUUUCAUUGGUUGG,nao,0.589587,0.664629,0.683992,,kmer:GU:0.0015; kmer:AA:0.0004; kmer:UUG:0.0004; kmer:AGCA:0.0004; kmer:GUU:0.0003; kmer:GCA:0.0002; kmer:GUUG:0.0002; kmer:CAUU:0.0002; kmer:AUUGG:0.0002; kmer:AUUG:0.0001,mir-181b-5p:0.633; mir-1246:0.544; mir-373-3p:0.526
1074,mir-6799-3p,MIMAT0027499,UGCCCUGCAUGGUGUCCCCACAG,nao,0.589204,0.664629,0.683991,,kmer:GU:0.0029; kmer:UGU:0.0007; kmer:GUG:0.0006; kmer:UGCA:0.0003; kmer:GCA:0.0002; kmer:UGUC:0.0002; kmer:UCCC:0.0002; kmer:CCCU:0.0001; kmer:CCCUG:0.0001; kmer:ACAG:0.0001,mir-92a-3p:0.591; mir-125a-5p:0.519; mir-223-3p:0.509
1075,mir-5693,MIMAT0022486,GCAGUGGCUCUGAAAUGAACUC,nao,0.588821,0.664627,0.683983,,kmer:GU:0.0014; kmer:AA:0.0013; kmer:GUG:0.0006; kmer:AAU:0.0005; kmer:AAA:0.0004; kmer:UGA:0.0003; kmer:AAAU:0.0003; kmer:AGUG:0.0003; kmer:GCA:0.0002; kmer:AGU:0.0002,mir-19a-3p:0.557; mir-19b-3p:0.516; mir-24-3p:0.499
1076,mir-7153-3p,MIMAT0028217,CACCAUGGACGGUUUACC,nao,0.588438,0.664625,0.683973,,kmer:GU:0.0020; kmer:UA:0.0010; kmer:GUU:0.0005; kmer:UUA:0.0003; kmer:UACC:0.0002; kmer:UUAC:0.0002; kmer:GGUU:0.0002; kmer:ACC:0.0001; kmer:CG:0.0001; kmer:UUACC:0.0001,mir-451a:0.576; mir-425-5p:0.416; mir-1246:0.404
1077,mir-943,MIMAT0004986,CUGACUGUUGCCGUCCUCCAG,nao,0.588055,0.664621,0.683958,,kmer:GU:0.0031; kmer:UGU:0.0008; kmer:CGU:0.0005; kmer:GUU:0.0004; kmer:CUGA:0.0002; kmer:UUG:0.0002; kmer:GUUG:0.0002; kmer:UGA:0.0002; kmer:CCGU:0.0001; kmer:UCCAG:0.0001,mir-92a-3p:0.569; mir-125a-5p:0.546; mir-205-5p:0.534
1078,mir-27a-5p,MIMAT0004501,AGGGCUUAGCUGCUUGUGAGCA,sim,0.587672,0.664614,0.683925,hsa-mir-27a,kmer:GU:0.0014; kmer:UGU:0.0007; kmer:UA:0.0007; kmer:GUG:0.0006; kmer:UAG:0.0006; kmer:UUGU:0.0005; kmer:UGUG:0.0004; kmer:UAGC:0.0003; kmer:CUUA:0.0003; kmer:AGCA:0.0003,mir-31-5p:0.630; mir-34a-5p:0.621; mir-520c-3p:0.543
1079,mir-1288-5p,MIMAT0026743,GCAGAUCAGGACUGUAACUCACC,nao,0.587289,0.664607,0.683893,,kmer:GU:0.0013; kmer:UGU:0.0007; kmer:UA:0.0007; kmer:AA:0.0004; kmer:GUA:0.0003; kmer:UAA:0.0003; kmer:GCA:0.0002; kmer:GCAG:0.0002; kmer:UAAC:0.0001; kmer:CAGGA:0.0001,mir-24-3p:0.582; mir-200a-3p:0.509; mir-21-5p:0.501
1080,mir-654-3p,MIMAT0004814,UAUGUCUGCUGACCAUCACCUU,nao,0.586907,0.664597,0.683850,,kmer:GU:0.0015; kmer:UGU:0.0008; kmer:UA:0.0007; kmer:UGUC:0.0002; kmer:CUGA:0.0002; kmer:UGCU:0.0002; kmer:UGA:0.0001; kmer:UGUCU:0.0001; kmer:AUC:0.0001; kmer:GUCUG:0.0001,mir-25-3p:0.569; mir-205-5p:0.558; mir-125a-5p:0.537
1081,mir-505-5p,MIMAT0004776,GGGAGCCAGGAAGUAUUGAUGU,nao,0.586524,0.664596,0.683844,,kmer:GU:0.0029; kmer:UGU:0.0008; kmer:UA:0.0007; kmer:AA:0.0004; kmer:GUA:0.0003; kmer:UAUUG:0.0002; kmer:AGU:0.0002; kmer:AAGU:0.0002; kmer:UUG:0.0002; kmer:UGA:0.0001,mir-6875-5p:0.627; mir-206:0.585; mir-1-3p:0.584
1082,mir-202-5p,MIMAT0002810,UUCCUAUGCAUAUACUUCUUUG,nao,0.586141,0.664588,0.683806,,kmer:UA:0.0024; kmer:UGCA:0.0003; kmer:GCA:0.0003; kmer:UUG:0.0002; kmer:AUGC:0.0002; kmer:UAU:0.0001; kmer:AUGCA:0.0001; kmer:CCUA:0.0000; kmer:AUAU:0.0000,mir-205-5p:0.485; mir-92a-3p:0.469; mir-520c-3p:0.458
1083,mir-3680-5p,MIMAT0018106,GACUCACUCACAGGAUUGUGCA,nao,0.585758,0.664585,0.683794,,kmer:GU:0.0014; kmer:UGU:0.0007; kmer:GUG:0.0006; kmer:GUGC:0.0006; kmer:UUGU:0.0005; kmer:UGUG:0.0004; kmer:GUGCA:0.0003; kmer:UUGUG:0.0003; kmer:UGCA:0.0003; kmer:GCA:0.0002,mir-425-5p:0.533; mir-497-5p:0.520; mir-24-3p:0.517
1084,mir-4433b-5p,MIMAT0030413,AUGUCCCACCCCCACUCCUGU,nao,0.585375,0.664584,0.683788,,kmer:GU:0.0029; kmer:UGU:0.0015; kmer:ACCC:0.0003; kmer:UGUC:0.0002; kmer:UCCC:0.0002; kmer:CCUGU:0.0001; kmer:UCCCA:0.0001; kmer:AUGU:0.0000; kmer:CUGU:0.0000; kmer:ACC:0.0000,mir-125a-5p:0.567; mir-145-5p:0.553; mir-92a-3p:0.550
1085,mir-3975,MIMAT0019360,UGAGGCUAAUGCACUACUUCAC,nao,0.584992,0.664582,0.683781,,kmer:UA:0.0014; kmer:AAU:0.0005; kmer:AA:0.0004; kmer:UAA:0.0003; kmer:UGCA:0.0003; kmer:GCA:0.0002; kmer:GCAC:0.0002; kmer:AAUG:0.0002; kmer:CUAA:0.0002; kmer:AUGC:0.0001,mir-155-5p:0.461; mir-31-5p:0.455; mir-25-3p:0.452
1086,mir-10397-5p,MIMAT0041625,UCCUUGACCUGAUGCUGUAGGG,nao,0.584609,0.664573,0.683739,,kmer:GU:0.0013; kmer:UGU:0.0007; kmer:UA:0.0006; kmer:UAG:0.0005; kmer:GUAG:0.0004; kmer:GUA:0.0003; kmer:UGA:0.0003; kmer:CUGA:0.0002; kmer:UUG:0.0002; kmer:UGCU:0.0002,mir-125a-5p:0.604; mir-125b-5p:0.570; mir-21-5p:0.544
1087,mir-571,MIMAT0003236,UGAGUUGGCCAUCUGAGUGAG,nao,0.584227,0.664571,0.683730,,kmer:GU:0.0030; kmer:GUG:0.0007; kmer:AGU:0.0005; kmer:UGA:0.0005; kmer:GUU:0.0003; kmer:AGUG:0.0003; kmer:CUGA:0.0002; kmer:AGUU:0.0002; kmer:UUG:0.0002; kmer:GUUG:0.0002,let-7b-5p:0.464; mir-21-5p:0.461; mir-34a-5p:0.459
1088,mir-630,MIMAT0003299,AGUAUUCUGUACCAGGGAAGGU,nao,0.583844,0.664565,0.683706,,kmer:GU:0.0046; kmer:UA:0.0015; kmer:UGU:0.0008; kmer:GUA:0.0007; kmer:AA:0.0005; kmer:AGU:0.0002; kmer:AGGU:0.0002; kmer:UACC:0.0001; kmer:UAUU:0.0001; kmer:CCAGG:0.0001,let-7a-5p:0.600; mir-6861-5p:0.570; mir-1-3p:0.549
1089,mir-29c-5p,MIMAT0004673,UGACCGAUUUCUCCUGGUGUUC,sim,0.583461,0.664559,0.683676,hsa-mir-29c,kmer:GU:0.0029; kmer:UGU:0.0008; kmer:GUG:0.0006; kmer:GUU:0.0003; kmer:ACCG:0.0002; kmer:CGAU:0.0002; kmer:CGA:0.0001; kmer:UGA:0.0001; kmer:CCGA:0.0001; kmer:ACCGA:0.0001,mir-382-5p:0.581; mir-373-3p:0.574; mir-205-5p:0.570
1090,mir-10393-5p,MIMAT0041617,AGAAUUCUCUUAUCCAACAUCAACA,nao,0.583078,0.664558,0.683674,,kmer:AA:0.0012; kmer:UA:0.0007; kmer:AAU:0.0005; kmer:CUUA:0.0003; kmer:AAC:0.0002; kmer:CUUAU:0.0002; kmer:UUA:0.0002; kmer:GAAU:0.0002; kmer:AUC:0.0002; kmer:AUCC:0.0002,mir-205-5p:0.513; mir-191-5p:0.492; mir-19b-3p:0.431
1091,mir-148a-5p,MIMAT0004549,AAAGUUCUGAGACACUCCGACU,sim,0.582695,0.664551,0.683643,hsa-mir-148a,kmer:GU:0.0014; kmer:AA:0.0008; kmer:AAA:0.0004; kmer:GUU:0.0003; kmer:AGU:0.0002; kmer:AAGU:0.0002; kmer:CUGA:0.0002; kmer:AAAGU:0.0002; kmer:AGUU:0.0002; kmer:CGA:0.0001,mir-425-5p:0.570; mir-125b-5p:0.523; mir-125a-5p:0.493
1092,mir-5007-5p,MIMAT0021035,UAGAGUCUGGCUGAUAUGGUUU,nao,0.582312,0.664549,0.683631,,kmer:GU:0.0029; kmer:UA:0.0014; kmer:UAG:0.0006; kmer:GUU:0.0003; kmer:AGU:0.0002; kmer:CUGA:0.0002; kmer:UGA:0.0001; kmer:GGUU:0.0001; kmer:UGGUU:0.0001; kmer:UGAUA:0.0001,mir-34a-5p:0.600; mir-21-5p:0.546; mir-31-5p:0.514
1093,mir-4519,MIMAT0019056,CAGCAGUGCGCAGGGCUG,nao,0.581930,0.664544,0.683611,,kmer:GU:0.0018; kmer:GUG:0.0008; kmer:GUGC:0.0007; kmer:AGUGC:0.0006; kmer:GCA:0.0006; kmer:GCAG:0.0005; kmer:AGCA:0.0004; kmer:AGCAG:0.0004; kmer:AGUG:0.0003; kmer:CAGCA:0.0003,mir-24-3p:0.672; mir-17-5p:0.615; mir-106a-5p:0.583
1094,mir-5089-5p,MIMAT0021081,GUGGGAUUUCUGAGUAGCAUC,nao,0.581547,0.664544,0.683611,,kmer:GU:0.0030; kmer:UA:0.0007; kmer:GUG:0.0007; kmer:UAG:0.0006; kmer:GUAG:0.0005; kmer:UAGC:0.0004; kmer:GUA:0.0004; kmer:AGCA:0.0004; kmer:GCA:0.0002; kmer:AGU:0.0002,mir-1246:0.567; mir-373-3p:0.561; mir-382-5p:0.528
1095,mir-3157-5p,MIMAT0015031,UUCAGCCAGGCUAGUGCAGUCU,nao,0.581164,0.664544,0.683608,,kmer:GU:0.0030; kmer:UA:0.0007; kmer:GUG:0.0007; kmer:UAG:0.0006; kmer:GUGC:0.0006; kmer:AGUGC:0.0005; kmer:AGU:0.0005; kmer:GUGCA:0.0004; kmer:AGUG:0.0003; kmer:UGCA:0.0003,mir-24-3p:0.706; mir-17-5p:0.656; mir-139-5p:0.634
1096,mir-6868-5p,MIMAT0027636,ACUGGCAGAACACUGAAGCAGC,nao,0.580781,0.664543,0.683605,,kmer:AA:0.0008; kmer:GCA:0.0005; kmer:GCAG:0.0004; kmer:AGCA:0.0003; kmer:AGCAG:0.0003; kmer:GCAGC:0.0002; kmer:ACUGA:0.0002; kmer:CUGA:0.0002; kmer:CAGC:0.0002; kmer:UGA:0.0001,mir-195-5p:0.613; mir-497-5p:0.611; mir-24-3p:0.595
1097,mir-1204,MIMAT0005868,UCGUGGCCUGGUCUCCAUUAU,nao,0.580398,0.664542,0.683600,,kmer:GU:0.0027; kmer:UA:0.0007; kmer:GUG:0.0006; kmer:CGU:0.0004; kmer:CGUG:0.0003; kmer:UCGUG:0.0002; kmer:UUA:0.0002; kmer:UCGU:0.0002; kmer:UCG:0.0002; kmer:UUAU:0.0001,mir-25-3p:0.519; mir-1307-3p:0.519; mir-205-5p:0.514
1098,mir-491-3p,MIMAT0004765,CUUAUGCAAGAUUCCCUUCUAC,nao,0.580015,0.664541,0.683597,,kmer:UA:0.0014; kmer:AA:0.0004; kmer:CUUA:0.0003; kmer:UGCA:0.0003; kmer:GCA:0.0002; kmer:CUUAU:0.0002; kmer:UUA:0.0002; kmer:UGCAA:0.0002; kmer:UCCC:0.0002; kmer:AUGC:0.0002,mir-205-5p:0.542; mir-365a-3p:0.524; mir-520c-3p:0.502
1099,mir-6849-3p,MIMAT0027599,ACCAGCCUGUGUCCACCUCCAG,nao,0.579632,0.664541,0.683596,,kmer:GU:0.0029; kmer:UGU:0.0015; kmer:GUG:0.0006; kmer:UGUG:0.0004; kmer:UGUC:0.0002; kmer:CAGC:0.0002; kmer:UCCA:0.0002; kmer:CCUGU:0.0001; kmer:UCCAG:0.0001; kmer:GUCCA:0.0001,mir-139-5p:0.580; mir-145-5p:0.570; mir-125a-5p:0.532
1100,mir-5680,MIMAT0022468,GAGAAAUGCUGGACUAAUCUGC,nao,0.579250,0.664530,0.683547,,kmer:AA:0.0012; kmer:AAU:0.0011; kmer:UA:0.0007; kmer:AAA:0.0004; kmer:AAUC:0.0003; kmer:AAAU:0.0003; kmer:UAA:0.0003; kmer:UGCU:0.0002; kmer:AAUG:0.0002; kmer:CUAA:0.0002,mir-19a-3p:0.565; mir-31-5p:0.528; mir-155-5p:0.514
1101,mir-3679-3p,MIMAT0018105,CUUCCCCCCAGUAAUCUUCAUC,nao,0.578867,0.664528,0.683538,,kmer:GU:0.0014; kmer:UA:0.0007; kmer:AAU:0.0005; kmer:AA:0.0004; kmer:GUA:0.0003; kmer:AAUC:0.0003; kmer:UAA:0.0003; kmer:AGU:0.0002; kmer:AUC:0.0002; kmer:UCCC:0.0002,mir-145-5p:0.645; mir-205-5p:0.592; mir-365a-3p:0.500
1102,mir-4431,MIMAT0018947,GCGACUCUGAAAACUAGAAGGU,nao,0.578484,0.664528,0.683538,,kmer:AA:0.0019; kmer:GU:0.0016; kmer:AAA:0.0008; kmer:UA:0.0008; kmer:UAG:0.0007; kmer:AGGU:0.0002; kmer:CUGA:0.0002; kmer:CGA:0.0002; kmer:UGA:0.0002; kmer:AAC:0.0001,mir-19a-3p:0.519; mir-191-5p:0.478; mir-19b-3p:0.454
1103,mir-3617-3p,MIMAT0022966,CAUCAGCACCCUAUGUCCUUUCU,nao,0.578101,0.664513,0.683473,,kmer:GU:0.0014; kmer:UGU:0.0007; kmer:UA:0.0007; kmer:AGCA:0.0003; kmer:CAGCA:0.0002; kmer:ACCC:0.0002; kmer:GCA:0.0002; kmer:UGUC:0.0002; kmer:ACCCU:0.0002; kmer:GCAC:0.0002,mir-205-5p:0.615; mir-145-5p:0.528; mir-125a-5p:0.511
1104,mir-4524b-3p,MIMAT0022256,GAGACAGGUUCAUGCUGCUA,nao,0.577718,0.664511,0.683464,,kmer:GU:0.0015; kmer:UA:0.0007; kmer:UGCU:0.0004; kmer:GUU:0.0003; kmer:AGGU:0.0002; kmer:CAGGU:0.0002; kmer:AUGC:0.0002; kmer:GGUU:0.0001; kmer:AUGCU:0.0001; kmer:ACAG:0.0001,mir-31-5p:0.565; mir-24-3p:0.506; mir-93-5p:0.506
1105,mir-8086,MIMAT0031013,UGCUAGUCUGGACUGAUAUGGU,nao,0.577335,0.664510,0.683458,,kmer:GU:0.0029; kmer:UA:0.0014; kmer:UAG:0.0006; kmer:AGU:0.0002; kmer:ACUGA:0.0002; kmer:CUGA:0.0002; kmer:UGCU:0.0002; kmer:UGA:0.0001; kmer:UAGU:0.0001; kmer:UGCUA:0.0001,mir-21-5p:0.571; mir-200a-3p:0.558; mir-34a-5p:0.527
1106,mir-6718-5p,MIMAT0025849,UAGUGGUCAGAGGGCUUAUGA,nao,0.576953,0.664508,0.683448,,kmer:GU:0.0029; kmer:UA:0.0014; kmer:GUG:0.0007; kmer:UAG:0.0006; kmer:CUUA:0.0003; kmer:GCUUA:0.0003; kmer:AGUG:0.0003; kmer:CUUAU:0.0002; kmer:AGU:0.0002; kmer:UUA:0.0002,mir-20a-5p:0.578; mir-21-5p:0.558; let-7b-5p:0.549
1107,mir-1306-3p,MIMAT0005950,ACGUUGGCUCUGGUGGUG,nao,0.576570,0.664508,0.683448,,kmer:GU:0.0052; kmer:GUG:0.0015; kmer:CGU:0.0006; kmer:GUU:0.0004; kmer:UUG:0.0002; kmer:GUUG:0.0002; kmer:UUGGC:0.0002; kmer:CGUU:0.0001; kmer:GUGGU:0.0001; kmer:CGUUG:0.0001,mir-34a-5p:0.615; mir-382-5p:0.584; mir-6861-5p:0.583
1108,mir-4744,MIMAT0019875,UCUAAAGACUAGACUUCGCUAUG,nao,0.576187,0.664500,0.683413,,kmer:UA:0.0022; kmer:AA:0.0009; kmer:UAG:0.0006; kmer:AAA:0.0004; kmer:UAA:0.0003; kmer:UCG:0.0002; kmer:CUAA:0.0002; kmer:UUCG:0.0002; kmer:UAAA:0.0001; kmer:UAAAG:0.0001,mir-21-5p:0.500; mir-125b-5p:0.440; mir-520c-3p:0.414
1109,mir-758-5p,MIMAT0022929,GAUGGUUGACCAGAGAGCACAC,nao,0.575804,0.664499,0.683408,,kmer:GU:0.0015; kmer:AGCA:0.0004; kmer:GUU:0.0003; kmer:GCA:0.0002; kmer:GCAC:0.0002; kmer:UUG:0.0002; kmer:GUUG:0.0002; kmer:AGCAC:0.0002; kmer:GUUGA:0.0002; kmer:UGA:0.0002,mir-6875-5p:0.586; mir-497-5p:0.569; mir-195-5p:0.517
1110,mir-621,MIMAT0003290,GGCUAGCAACAGCGCUUACCU,nao,0.575421,0.664498,0.683406,,kmer:UA:0.0016; kmer:UAG:0.0007; kmer:AA:0.0005; kmer:UAGC:0.0004; kmer:CUUA:0.0004; kmer:AGCA:0.0004; kmer:GCUUA:0.0003; kmer:GCA:0.0003; kmer:UUA:0.0003; kmer:UAGCA:0.0002,mir-31-5p:0.552; mir-195-5p:0.521; mir-16-5p:0.501
1111,mir-5197-5p,MIMAT0021130,CAAUGGCACAAACUCAUUCUUGA,nao,0.575038,0.664492,0.683377,,kmer:AA:0.0013; kmer:AAU:0.0005; kmer:AAA:0.0004; kmer:CAAA:0.0002; kmer:GCA:0.0002; kmer:GCAC:0.0002; kmer:UUG:0.0002; kmer:AAUG:0.0002; kmer:UGA:0.0001; kmer:GCACA:0.0001,mir-19b-3p:0.570; mir-19a-3p:0.568; mir-181b-5p:0.512
1112,mir-372-5p,MIMAT0026484,CCUCAAAUGUGGAGCACUAUUCU,nao,0.574655,0.664486,0.683349,,kmer:GU:0.0014; kmer:AA:0.0008; kmer:UGU:0.0008; kmer:UA:0.0007; kmer:GUG:0.0006; kmer:AAU:0.0005; kmer:UGUG:0.0004; kmer:AAA:0.0004; kmer:AGCA:0.0003; kmer:AAAU:0.0003,mir-19a-3p:0.566; mir-19b-3p:0.514; mir-205-5p:0.496
1113,mir-2355-5p,MIMAT0016895,AUCCCCAGAUACAAUGGACAA,nao,0.574273,0.664485,0.683345,,kmer:AA:0.0010; kmer:UA:0.0008; kmer:AAU:0.0006; kmer:AAUG:0.0002; kmer:AUCC:0.0002; kmer:UCCC:0.0002; kmer:AUCCC:0.0001; kmer:AUC:0.0001; kmer:CAG:0.0000; kmer:CCCAG:0.0000,mir-191-5p:0.546; mir-145-5p:0.510; mir-425-5p:0.498
1114,mir-4795-3p,MIMAT0019969,AUAUUAUUAGCCACUUCUGGAU,nao,0.573890,0.664485,0.683344,,kmer:UA:0.0022; kmer:UAG:0.0006; kmer:UUA:0.0005; kmer:UAGC:0.0004; kmer:UAUU:0.0003; kmer:AUAUU:0.0002; kmer:UUAU:0.0001; kmer:UAU:0.0001; kmer:CACUU:0.0001; kmer:UUAGC:0.0001,mir-21-5p:0.476; mir-195-5p:0.438; mir-16-5p:0.438
1115,mir-1470,MIMAT0007348,GCCCUCCGCCCGUGCACCCCG,nao,0.573507,0.664480,0.683323,,kmer:GU:0.0016; kmer:GUG:0.0007; kmer:GUGC:0.0007; kmer:CGU:0.0005; kmer:GUGCA:0.0004; kmer:CGUG:0.0004; kmer:UGCA:0.0003; kmer:ACCC:0.0003; kmer:GCA:0.0003; kmer:GCAC:0.0002,mir-92a-3p:0.495; mir-4634:0.487; mir-99a-5p:0.483
1116,mir-588,MIMAT0003255,UUGGCCACAAUGGGUUAGAAC,nao,0.573124,0.664478,0.683312,,kmer:GU:0.0016; kmer:AA:0.0009; kmer:UA:0.0008; kmer:UAG:0.0007; kmer:AAU:0.0006; kmer:GUU:0.0004; kmer:UUA:0.0003; kmer:UUG:0.0002; kmer:AAUG:0.0002; kmer:UUGGC:0.0002,mir-6861-5p:0.511; mir-195-5p:0.495; mir-181b-5p:0.478
1117,mir-6818-3p,MIMAT0027537,UUGUCUCUUGUUCCUCACACAG,nao,0.572741,0.664473,0.683291,,kmer:GU:0.0029; kmer:UGU:0.0015; kmer:UUGU:0.0010; kmer:UUG:0.0004; kmer:GUU:0.0003; kmer:CUUGU:0.0003; kmer:UGUC:0.0002; kmer:UUGUC:0.0002; kmer:UGUCU:0.0001; kmer:ACAG:0.0001,mir-25-3p:0.638; mir-139-5p:0.572; mir-205-5p:0.564
1118,mir-1293,MIMAT0005883,UGGGUGGUCUGGAGAUUUGUGC,nao,0.572358,0.664467,0.683264,,kmer:GU:0.0039; kmer:GUG:0.0012; kmer:UGU:0.0007; kmer:GUGC:0.0005; kmer:UUGU:0.0005; kmer:UGUG:0.0004; kmer:UUGUG:0.0003; kmer:UUG:0.0002; kmer:UUUGU:0.0001; kmer:UGUGC:0.0001,mir-373-3p:0.664; mir-382-5p:0.617; mir-181b-5p:0.588
1119,mir-376a-5p,MIMAT0003386,GUAGAUUCUCCUUCUAUGAGUA,sim,0.571975,0.664467,0.683264,hsa-mir-376a-1; hsa-mir-376a-2,kmer:GU:0.0030; kmer:UA:0.0022; kmer:GUA:0.0007; kmer:UAG:0.0006; kmer:GUAG:0.0005; kmer:AGU:0.0002; kmer:UGA:0.0002; kmer:GUAGA:0.0001; kmer:UAU:0.0001; kmer:UCCUU:0.0000,mir-205-5p:0.561; mir-520c-3p:0.500; mir-99a-5p:0.500
1120,mir-455-3p,MIMAT0004784,GCAGUCCAUGGGCAUAUACAC,nao,0.571593,0.664466,0.683261,,kmer:GU:0.0016; kmer:UA:0.0016; kmer:GCA:0.0005; kmer:AGU:0.0003; kmer:GCAG:0.0003; kmer:CAGU:0.0002; kmer:UCCA:0.0001; kmer:GUCCA:0.0001; kmer:UAU:0.0001; kmer:CAG:0.0000,mir-195-5p:0.518; mir-31-5p:0.506; mir-16-5p:0.478
1121,mir-3664-3p,MIMAT0019220,UCUCAGGAGUAAAGACAGAGUU,nao,0.571210,0.664457,0.683219,,kmer:GU:0.0029; kmer:AA:0.0008; kmer:UA:0.0007; kmer:AGU:0.0005; kmer:AAA:0.0004; kmer:GUA:0.0003; kmer:GUU:0.0003; kmer:UAA:0.0003; kmer:AGUU:0.0002; kmer:CAGGA:0.0001,mir-24-3p:0.605; mir-6875-5p:0.602; mir-106a-5p:0.490
1122,mir-10401-5p,MIMAT0041633,CGUGUGGGAAGGCGUGGGGU,nao,0.570827,0.664453,0.683201,,kmer:GU:0.0061; kmer:GUG:0.0020; kmer:CGU:0.0010; kmer:UGU:0.0008; kmer:CGUG:0.0007; kmer:AA:0.0004; kmer:UGUG:0.0004; kmer:GUGUG:0.0001; kmer:GCGUG:0.0001; kmer:GCGU:0.0001,mir-6861-5p:0.669; mir-206:0.638; mir-1307-3p:0.582
1123,mir-4524a-3p,MIMAT0019063,UGAGACAGGCUUAUGCUGCUAU,sim,0.570444,0.664447,0.683176,hsa-mir-4524a,kmer:UA:0.0014; kmer:UGCU:0.0004; kmer:CUUA:0.0003; kmer:GCUUA:0.0003; kmer:CUUAU:0.0002; kmer:UUA:0.0002; kmer:AUGC:0.0001; kmer:UGA:0.0001; kmer:GCUU:0.0001; kmer:UUAU:0.0001,mir-31-5p:0.617; mir-21-5p:0.574; mir-210-3p:0.482
1124,mir-3129-3p,MIMAT0019202,AAACUAAUCUCUACACUGCUGC,nao,0.570061,0.664440,0.683145,,kmer:UA:0.0015; kmer:AA:0.0013; kmer:AAU:0.0006; kmer:AAA:0.0004; kmer:AAUC:0.0003; kmer:UAA:0.0003; kmer:UGCU:0.0002; kmer:CUAA:0.0002; kmer:AAC:0.0001; kmer:UAAU:0.0001,mir-19a-3p:0.581; mir-200a-3p:0.532; mir-19b-3p:0.473
1125,mir-6770-3p,MIMAT0027441,CUGGCGGCUGUGUCUUCACAG,nao,0.569678,0.664423,0.683069,,kmer:GU:0.0027; kmer:UGU:0.0014; kmer:GUG:0.0006; kmer:UGUG:0.0004; kmer:UGUC:0.0002; kmer:CGGC:0.0001; kmer:UGUCU:0.0001; kmer:UGGCG:0.0001; kmer:ACAG:0.0001; kmer:GUGU:0.0001,mir-210-3p:0.639; mir-34a-5p:0.634; mir-181b-5p:0.528
1126,mir-8075,MIMAT0031002,UGCUGAUGGCAGAUGUCGGGUCUG,nao,0.569296,0.664423,0.683069,,kmer:GU:0.0025; kmer:UGU:0.0006; kmer:GCA:0.0002; kmer:UGUC:0.0002; kmer:GCAG:0.0002; kmer:UCG:0.0002; kmer:CUGA:0.0002; kmer:UGCU:0.0002; kmer:UGA:0.0001; kmer:GAUGU:0.0001,mir-31-5p:0.585; mir-34a-5p:0.570; mir-25-3p:0.568
1127,mir-5584-3p,MIMAT0022284,UAGUUCUUCCCUUUGCCCAAUU,nao,0.568913,0.664419,0.683051,,kmer:GU:0.0015; kmer:UA:0.0008; kmer:UAG:0.0006; kmer:AAU:0.0006; kmer:AA:0.0005; kmer:GUU:0.0004; kmer:AGU:0.0002; kmer:AGUU:0.0002; kmer:UUG:0.0002; kmer:UCCC:0.0002,mir-145-5p:0.635; mir-205-5p:0.572; mir-520c-3p:0.571
1128,mir-1911-3p,MIMAT0007886,CACCAGGCAUUGUGGUCUCC,nao,0.568530,0.664410,0.683011,,kmer:GU:0.0031; kmer:UGU:0.0008; kmer:GUG:0.0007; kmer:UUGU:0.0006; kmer:UGUG:0.0005; kmer:UUGUG:0.0003; kmer:GCA:0.0003; kmer:UUG:0.0002; kmer:AUUG:0.0001; kmer:CAUU:0.0001,mir-25-3p:0.599; mir-139-5p:0.566; mir-181b-5p:0.558
1129,mir-4472,MIMAT0018999,GGUGGGGGGUGUUGUUUU,nao,0.568147,0.664407,0.682997,,kmer:GU:0.0066; kmer:UGU:0.0017; kmer:GUG:0.0015; kmer:GUU:0.0008; kmer:UUGU:0.0006; kmer:UUG:0.0002; kmer:GUUG:0.0002; kmer:GUUGU:0.0002; kmer:GUGU:0.0001; kmer:UGUUG:0.0000,mir-373-3p:0.674; mir-6861-5p:0.618; let-7b-5p:0.557
1130,mir-3190-3p,MIMAT0022839,UGUGGAAGGUAGACGGCCAGAGA,nao,0.567764,0.664402,0.682975,,kmer:GU:0.0029; kmer:UGU:0.0007; kmer:UA:0.0007; kmer:GUG:0.0006; kmer:UAG:0.0006; kmer:GUAG:0.0005; kmer:AA:0.0004; kmer:UGUG:0.0004; kmer:GGUAG:0.0004; kmer:AGGUA:0.0003,mir-6875-5p:0.613; mir-206:0.573; let-7b-5p:0.556
1131,mir-4697-3p,MIMAT0019792,UGUCAGUGACUCCUGCCCCUUGGU,nao,0.567381,0.664402,0.682971,,kmer:GU:0.0039; kmer:UGU:0.0007; kmer:GUG:0.0006; kmer:AGUG:0.0002; kmer:UGUC:0.0002; kmer:AGU:0.0002; kmer:UUG:0.0002; kmer:CAGU:0.0001; kmer:UGA:0.0001; kmer:CCCU:0.0001,mir-125a-5p:0.626; mir-125b-5p:0.616; mir-92a-3p:0.578
1132,mir-4709-5p,MIMAT0019811,ACAACAGUGACUUGCUCUCCAA,nao,0.566998,0.664398,0.682957,,kmer:GU:0.0015; kmer:AA:0.0009; kmer:GUG:0.0007; kmer:AGUG:0.0003; kmer:AGU:0.0002; kmer:ACUUG:0.0002; kmer:UUG:0.0002; kmer:UGCU:0.0002; kmer:CAGU:0.0002; kmer:UGA:0.0002,mir-139-5p:0.605; mir-25-3p:0.501; mir-17-5p:0.493
1133,mir-513c-3p,MIMAT0022728,UAAAUUUCACCUUUCUGAGAAGA,sim,0.566616,0.664397,0.682951,hsa-mir-513c,kmer:AA:0.0012; kmer:UA:0.0007; kmer:AAU:0.0005; kmer:AAA:0.0004; kmer:AAAU:0.0003; kmer:UAA:0.0003; kmer:CUGA:0.0002; kmer:UGA:0.0001; kmer:UAAA:0.0001; kmer:AAUUU:0.0001,mir-520c-3p:0.553; mir-125a-5p:0.535; mir-205-5p:0.493
1134,mir-24-2-5p,MIMAT0004497,UGCCUACUGAGCUGAAACACAG,nao,0.566233,0.664397,0.682949,,kmer:AA:0.0009; kmer:UA:0.0007; kmer:CUGA:0.0004; kmer:AAA:0.0004; kmer:UGA:0.0003; kmer:ACUGA:0.0002; kmer:AAC:0.0001; kmer:ACAG:0.0001; kmer:CUGAG:0.0001; kmer:CAG:0.0000,mir-125b-5p:0.512; mir-19a-3p:0.500; mir-210-3p:0.494
1135,mir-4724-3p,MIMAT0019842,GUACCUUCUGGUUCAGCUAGU,nao,0.565850,0.664396,0.682948,,kmer:GU:0.0050; kmer:UA:0.0016; kmer:UAG:0.0007; kmer:GUA:0.0004; kmer:GUU:0.0004; kmer:AGU:0.0003; kmer:CAGC:0.0002; kmer:UACC:0.0002; kmer:GGUU:0.0001; kmer:UGGUU:0.0001,mir-34a-5p:0.593; mir-205-5p:0.538; mir-520c-3p:0.519
1136,mir-4694-3p,MIMAT0019787,CAAAUGGACAGGAUAACACCU,nao,0.565467,0.664394,0.682936,,kmer:AA:0.0014; kmer:UA:0.0008; kmer:AAU:0.0006; kmer:AAA:0.0004; kmer:AAAU:0.0003; kmer:UAA:0.0003; kmer:CAAA:0.0003; kmer:AAUG:0.0002; kmer:CAAAU:0.0002; kmer:UAAC:0.0002,mir-6875-5p:0.575; mir-191-5p:0.510; mir-200a-3p:0.478
1137,mir-219b-5p,MIMAT0019747,AGAUGUCCAGCCACAAUUCUCG,sim,0.565084,0.664384,0.682891,hsa-mir-219b,kmer:GU:0.0015; kmer:UGU:0.0008; kmer:AAU:0.0006; kmer:AA:0.0005; kmer:UGUC:0.0002; kmer:UCG:0.0002; kmer:CAGC:0.0002; kmer:GAUGU:0.0001; kmer:UCCAG:0.0001; kmer:UCCA:0.0001,mir-205-5p:0.566; mir-145-5p:0.538; mir-139-5p:0.538
1138,mir-4467,MIMAT0018994,UGGCGGCGGUAGUUAUGGGCUU,nao,0.564701,0.664383,0.682890,,kmer:GU:0.0029; kmer:UA:0.0014; kmer:UAG:0.0006; kmer:GUAG:0.0005; kmer:GGUAG:0.0004; kmer:GUA:0.0003; kmer:GUU:0.0003; kmer:GGUA:0.0003; kmer:AGU:0.0002; kmer:UUA:0.0002,mir-6861-5p:0.579; mir-4634:0.561; mir-1307-3p:0.529
1139,mir-4319,MIMAT0016870,UCCCUGAGCAAAGCCAC,nao,0.564319,0.664379,0.682869,,kmer:AA:0.0011; seed:CCCUGAG:0.0009; kmer:AAA:0.0005; kmer:AGCA:0.0004; kmer:CAAA:0.0003; kmer:GCA:0.0003; kmer:CUGA:0.0003; kmer:GCAAA:0.0003; kmer:UCCC:0.0002; kmer:UGA:0.0002,mir-191-5p:0.619; mir-125a-5p:0.589; mir-125b-5p:0.568
1140,mir-561-5p,MIMAT0022706,AUCAAGGAUCUUAAACUUUGCC,nao,0.563936,0.664375,0.682854,,kmer:AA:0.0013; kmer:UA:0.0007; kmer:AAA:0.0004; kmer:CUUA:0.0004; kmer:UAA:0.0003; kmer:UUA:0.0002; kmer:UUG:0.0002; kmer:AUC:0.0002; kmer:UAAA:0.0001; kmer:AAC:0.0001,mir-365a-3p:0.508; mir-520c-3p:0.503; mir-19a-3p:0.482
1141,mir-6828-5p,MIMAT0027556,AGGAAGCAAGAGAACCCUGUGG,nao,0.563553,0.664375,0.682851,,kmer:GU:0.0014; kmer:AA:0.0012; kmer:UGU:0.0007; kmer:GUG:0.0006; kmer:UGUG:0.0004; kmer:AGCA:0.0003; kmer:ACCC:0.0002; kmer:GCA:0.0002; kmer:ACCCU:0.0002; kmer:CCCU:0.0001,mir-206:0.573; mir-10b-5p:0.564; mir-125a-5p:0.551
1142,mir-3689e,MIMAT0019009,UGUGAUAUCAUGGUUCCUGGGA,nao,0.563170,0.664361,0.682789,,kmer:GU:0.0029; kmer:UGU:0.0008; kmer:UA:0.0007; kmer:GUG:0.0006; kmer:UGUG:0.0004; kmer:GUU:0.0003; kmer:UGA:0.0001; kmer:UGUGA:0.0001; kmer:GGUU:0.0001; kmer:UGGUU:0.0001,mir-181b-5p:0.540; mir-382-5p:0.522; mir-155-5p:0.516
1143,mir-3689b-5p,MIMAT0018180,UGUGAUAUCAUGGUUCCUGGGA,nao,0.562787,0.664361,0.682789,,kmer:GU:0.0029; kmer:UGU:0.0008; kmer:UA:0.0007; kmer:GUG:0.0006; kmer:UGUG:0.0004; kmer:GUU:0.0003; kmer:UGA:0.0001; kmer:UGUGA:0.0001; kmer:GGUU:0.0001; kmer:UGGUU:0.0001,mir-181b-5p:0.540; mir-382-5p:0.522; mir-155-5p:0.516
1144,mir-3689a-5p,MIMAT0018117,UGUGAUAUCAUGGUUCCUGGGA,nao,0.562404,0.664361,0.682789,,kmer:GU:0.0029; kmer:UGU:0.0008; kmer:UA:0.0007; kmer:GUG:0.0006; kmer:UGUG:0.0004; kmer:GUU:0.0003; kmer:UGA:0.0001; kmer:UGUGA:0.0001; kmer:GGUU:0.0001; kmer:UGGUU:0.0001,mir-181b-5p:0.540; mir-382-5p:0.522; mir-155-5p:0.516
1145,mir-6502-3p,MIMAT0025461,UAGACCAUCUUUCUAGAGUAU,nao,0.562021,0.664351,0.682743,,kmer:UA:0.0024; kmer:GU:0.0017; kmer:UAG:0.0014; kmer:GUA:0.0004; kmer:AGU:0.0003; kmer:AGACC:0.0001; kmer:AUC:0.0001; kmer:GACC:0.0001; kmer:UAU:0.0001; kmer:ACCAU:0.0000,mir-520c-3p:0.483; mir-99a-5p:0.481; mir-21-5p:0.464
1146,mir-34c-3p,MIMAT0004677,AAUCACUAACCACACGGCCAGG,sim,0.561639,0.664347,0.682725,hsa-mir-34c,kmer:AA:0.0009; kmer:UA:0.0007; kmer:AAU:0.0006; kmer:AAUC:0.0003; kmer:UAA:0.0003; kmer:CUAA:0.0002; kmer:UAAC:0.0002; kmer:CGGC:0.0001; kmer:AAC:0.0001; kmer:AACC:0.0001,mir-425-5p:0.496; mir-191-5p:0.465; mir-24-3p:0.425
1147,mir-4275,MIMAT0016905,CCAAUUACCACUUCUUU,nao,0.561256,0.664345,0.682716,,kmer:UA:0.0010; kmer:AAU:0.0008; kmer:AA:0.0006; kmer:UUA:0.0003; kmer:UACC:0.0002; kmer:UUAC:0.0002; kmer:CACUU:0.0001; kmer:UACCA:0.0001; kmer:UUACC:0.0001; kmer:ACC:0.0000,mir-451a:0.557; mir-205-5p:0.494; mir-520c-3p:0.429
1148,mir-4474-3p,MIMAT0019001,UUGUGGCUGGUCAUGAGGCUAA,nao,0.560873,0.664341,0.682698,,kmer:GU:0.0028; kmer:UGU:0.0007; kmer:UA:0.0007; kmer:GUG:0.0006; kmer:UUGU:0.0005; kmer:AA:0.0004; kmer:UGUG:0.0004; kmer:UUGUG:0.0003; kmer:UAA:0.0003; kmer:UUG:0.0002,mir-34a-5p:0.618; mir-31-5p:0.551; mir-181b-5p:0.542
1149,mir-5585-5p,MIMAT0022285,UGAAGUACCAGCUACUCGAGAG,nao,0.560490,0.664338,0.682686,,kmer:GU:0.0016; kmer:UA:0.0016; kmer:AA:0.0005; kmer:GUA:0.0004; kmer:AGU:0.0003; kmer:UCG:0.0003; kmer:AAGU:0.0002; kmer:CAGC:0.0002; kmer:CGA:0.0002; kmer:UGA:0.0002,mir-6875-5p:0.480; mir-451a:0.454; mir-21-5p:0.445
1150,mir-634,MIMAT0003304,AACCAGCACCCCAACUUUGGAC,nao,0.560107,0.664336,0.682678,,kmer:AA:0.0009; kmer:AGCA:0.0003; kmer:CAGCA:0.0003; kmer:ACCC:0.0003; kmer:AAC:0.0003; kmer:GCA:0.0002; kmer:GCAC:0.0002; kmer:UUG:0.0002; kmer:AGCAC:0.0002; kmer:CAGC:0.0002,mir-191-5p:0.512; mir-125a-5p:0.494; mir-223-3p:0.479
1151,mir-4312,MIMAT0016864,GGCCUUGUUCCUGUCCCCA,nao,0.559724,0.664336,0.682677,,kmer:GU:0.0031; kmer:UGU:0.0016; kmer:UUGU:0.0005; kmer:GUU:0.0004; kmer:CUUGU:0.0003; kmer:UGUC:0.0002; kmer:UUG:0.0002; kmer:UCCC:0.0002; kmer:CCUGU:0.0001; kmer:UGUUC:0.0000,mir-92a-3p:0.690; mir-145-5p:0.579; mir-125a-5p:0.579
1152,mir-4764-5p,MIMAT0019914,UGGAUGUGGAAGGAGUUAUCU,nao,0.559342,0.664333,0.682663,,kmer:GU:0.0029; kmer:UGU:0.0008; kmer:UA:0.0007; kmer:GUG:0.0007; kmer:AA:0.0004; kmer:UGUG:0.0004; kmer:GUU:0.0003; kmer:AGU:0.0002; kmer:UUA:0.0002; kmer:AGUU:0.0002,mir-206:0.687; mir-382-5p:0.585; mir-1246:0.559
1153,mir-323a-3p,MIMAT0000755,CACAUUACACGGUCGACCUCU,nao,0.558959,0.664321,0.682612,,kmer:GU:0.0017; kmer:UA:0.0008; kmer:UUA:0.0003; kmer:UCG:0.0003; kmer:CGA:0.0002; kmer:UUAC:0.0001; kmer:CACG:0.0001; kmer:CGGUC:0.0001; kmer:CG:0.0001; kmer:UUACA:0.0001,mir-425-5p:0.514; mir-205-5p:0.484; mir-25-3p:0.483
1154,mir-196b-3p,MIMAT0009201,UCGACAGCACGACACUGCCUUC,nao,0.558576,0.664320,0.682606,,kmer:AGCA:0.0003; kmer:CGA:0.0003; kmer:CAGCA:0.0003; kmer:GCA:0.0002; kmer:UCG:0.0002; kmer:GCAC:0.0002; kmer:AGCAC:0.0002; kmer:CAGC:0.0002; kmer:GCACG:0.0001; kmer:CACG:0.0001,mir-425-5p:0.547; mir-497-5p:0.534; mir-139-5p:0.437
1155,mir-632,MIMAT0003302,GUGUCUGCUUCCUGUGGGA,nao,0.558193,0.664315,0.682583,,kmer:GU:0.0047; kmer:UGU:0.0016; kmer:GUG:0.0014; kmer:UGUG:0.0005; kmer:UGUC:0.0003; kmer:UGCUU:0.0002; kmer:UGCU:0.0002; kmer:GCUU:0.0002; kmer:UGUCU:0.0001; kmer:CCUGU:0.0001,mir-34a-5p:0.600; mir-373-3p:0.571; mir-210-3p:0.563
1156,mir-7162-3p,MIMAT0028235,UCUGAGGUGGAACAGCAGC,nao,0.557810,0.664313,0.682573,,kmer:GU:0.0015; kmer:GUG:0.0007; kmer:AA:0.0004; kmer:AGCA:0.0004; kmer:CAGC:0.0003; kmer:AGCAG:0.0003; kmer:CAGCA:0.0003; kmer:GCA:0.0002; kmer:GCAGC:0.0002; kmer:GCAG:0.0002,mir-24-3p:0.660; mir-497-5p:0.582; mir-195-5p:0.544
1157,mir-4518,MIMAT0019055,GCUCAGGGAUGAUAACUGUGCUGAGA,nao,0.557427,0.664311,0.682565,,kmer:GU:0.0011; kmer:UGU:0.0006; kmer:UA:0.0006; kmer:GUG:0.0005; kmer:GUGC:0.0005; kmer:AA:0.0003; kmer:UGUG:0.0003; kmer:UGA:0.0002; kmer:UAA:0.0002; kmer:GUGCU:0.0002,mir-21-5p:0.580; mir-210-3p:0.573; mir-31-5p:0.549
1158,mir-1306-5p,MIMAT0022726,CCACCUCCCCUGCAAACGUCCA,nao,0.557044,0.664307,0.682548,,kmer:GU:0.0015; kmer:AA:0.0009; kmer:CGU:0.0005; kmer:AAA:0.0004; kmer:UGCA:0.0003; kmer:CAAA:0.0003; kmer:GCA:0.0003; kmer:GCAAA:0.0002; kmer:UGCAA:0.0002; kmer:UCCC:0.0002,mir-145-5p:0.566; mir-125a-5p:0.566; mir-205-5p:0.526
1159,mir-6720-3p,MIMAT0025851,CGCGCCUGCAGGAACUGGUAGA,nao,0.556662,0.664296,0.682497,,kmer:GU:0.0014; kmer:UA:0.0007; kmer:UAG:0.0006; kmer:GUAG:0.0005; kmer:AA:0.0004; kmer:GGUAG:0.0004; kmer:GUA:0.0003; kmer:GGUA:0.0003; kmer:UGCA:0.0003; kmer:GCA:0.0002,mir-31-5p:0.510; mir-93-5p:0.507; mir-24-3p:0.497
1160,mir-192-3p,MIMAT0004543,CUGCCAAUUCCAUAGGUCACAG,nao,0.556279,0.664295,0.682496,,kmer:GU:0.0016; kmer:UA:0.0008; kmer:UAG:0.0007; kmer:AAU:0.0006; kmer:AA:0.0005; kmer:AGGU:0.0002; kmer:AUAG:0.0002; kmer:UAGGU:0.0001; kmer:ACAG:0.0001; kmer:UCCA:0.0001,mir-205-5p:0.562; mir-145-5p:0.497; mir-24-3p:0.496
1161,mir-145-3p,MIMAT0004601,GGAUUCCUGGAAAUACUGUUCU,nao,0.555896,0.664292,0.682480,,kmer:GU:0.0013; kmer:AA:0.0008; kmer:UGU:0.0007; kmer:UA:0.0007; kmer:AAU:0.0005; kmer:AAA:0.0004; kmer:GUU:0.0003; kmer:AAAU:0.0003; kmer:AAAUA:0.0003; kmer:AAUA:0.0002,mir-382-5p:0.506; mir-205-5p:0.497; mir-200a-3p:0.459
1162,mir-6748-3p,MIMAT0027397,UCCUGUCCCUGUCUCCUACAG,nao,0.555513,0.664291,0.682475,,kmer:GU:0.0027; kmer:UGU:0.0014; kmer:UA:0.0007; kmer:UGUC:0.0004; kmer:CCUGU:0.0002; kmer:UCCC:0.0001; kmer:CCCU:0.0001; kmer:UCCCU:0.0001; kmer:CCCUG:0.0001; kmer:UGUCU:0.0001,mir-125a-5p:0.581; mir-205-5p:0.535; mir-139-5p:0.532
1163,mir-378a-5p,MIMAT0000731,CUCCUGACUCCAGGUCCUGUGU,sim,0.555130,0.664281,0.682429,hsa-mir-378a,kmer:GU:0.0040; kmer:UGU:0.0014; kmer:GUG:0.0006; kmer:UGUG:0.0004; kmer:AGGU:0.0002; kmer:CUGA:0.0002; kmer:CAGGU:0.0002; kmer:UGA:0.0001; kmer:CCUGU:0.0001; kmer:UCCAG:0.0001,mir-125a-5p:0.578; mir-125b-5p:0.534; mir-139-5p:0.524
1164,mir-3152-5p,MIMAT0019207,AUUGCCUCUGUUCUAACACAAG,nao,0.554747,0.664278,0.682416,,kmer:GU:0.0016; kmer:AA:0.0009; kmer:UGU:0.0008; kmer:UA:0.0008; kmer:GUU:0.0004; kmer:UAA:0.0003; kmer:UUG:0.0002; kmer:CUAA:0.0002; kmer:UAAC:0.0002; kmer:AUUGC:0.0001,mir-200a-3p:0.551; mir-25-3p:0.534; mir-92a-3p:0.500
1165,mir-1291,MIMAT0005881,UGGCCCUGACUGAAGACCAGCAGU,nao,0.554364,0.664274,0.682399,,kmer:GU:0.0012; kmer:CUGA:0.0004; kmer:AA:0.0004; kmer:AGCA:0.0003; kmer:UGA:0.0003; kmer:AGCAG:0.0003; kmer:CAGCA:0.0002; kmer:GCA:0.0002; kmer:AGU:0.0002; kmer:ACUGA:0.0002,mir-125a-5p:0.603; mir-125b-5p:0.591; mir-24-3p:0.509
1166,mir-6871-3p,MIMAT0027643,CAGCACCCUGUGGCUCCCACAG,nao,0.553982,0.664272,0.682391,,kmer:GU:0.0013; kmer:UGU:0.0007; kmer:GUG:0.0006; kmer:UGUG:0.0004; kmer:AGCA:0.0003; kmer:CAGCA:0.0002; kmer:ACCC:0.0002; kmer:GCA:0.0002; kmer:ACCCU:0.0002; kmer:GCAC:0.0002,mir-497-5p:0.619; mir-24-3p:0.549; mir-125a-5p:0.531
1167,mir-1250-5p,MIMAT0005902,ACGGUGCUGGAUGUGGCCUUU,nao,0.553599,0.664272,0.682391,,kmer:GU:0.0029; kmer:GUG:0.0013; kmer:UGU:0.0007; kmer:GUGC:0.0006; kmer:UGUG:0.0004; kmer:GUGCU:0.0003; kmer:UGCU:0.0002; kmer:GAUGU:0.0001; kmer:UGGC:0.0000; kmer:CG:0.0000,mir-373-3p:0.584; mir-34a-5p:0.556; mir-210-3p:0.548
1168,mir-494-3p,MIMAT0002816,UGAAACAUACACGGGAAACCUC,nao,0.553216,0.664259,0.682333,,kmer:AA:0.0020; kmer:AAA:0.0009; kmer:UA:0.0008; kmer:AAC:0.0003; kmer:UGA:0.0002; kmer:AACC:0.0001; kmer:CACG:0.0001; kmer:ACACG:0.0001; kmer:AAAC:0.0001; kmer:CG:0.0001,mir-191-5p:0.513; mir-425-5p:0.459; mir-200a-3p:0.454
1169,mir-6739-3p,MIMAT0027380,AUUGUUCUGUCUUUCUCCCAG,nao,0.552833,0.664253,0.682307,,kmer:GU:0.0029; kmer:UGU:0.0015; kmer:UUGU:0.0005; kmer:GUU:0.0003; kmer:UGUC:0.0002; kmer:UUG:0.0002; kmer:UCCC:0.0002; kmer:AUUG:0.0001; kmer:UGUCU:0.0001; kmer:GUCU:0.0001,mir-25-3p:0.595; mir-205-5p:0.592; mir-145-5p:0.557
1170,mir-576-5p,MIMAT0003241,AUUCUAAUUUCUCCACGUCUUU,nao,0.552450,0.664253,0.682306,,kmer:GU:0.0015; kmer:UA:0.0007; kmer:AAU:0.0006; kmer:CGU:0.0005; kmer:AA:0.0004; kmer:UAA:0.0003; kmer:CUAA:0.0002; kmer:UAAU:0.0001; kmer:CACG:0.0001; kmer:CACGU:0.0001,mir-205-5p:0.579; mir-25-3p:0.485; mir-145-5p:0.450
1171,mir-128-1-5p,MIMAT0026477,CGGGGCCGUAGCACUGUCUGAGA,nao,0.552067,0.664252,0.682301,,kmer:GU:0.0026; kmer:UGU:0.0007; kmer:UA:0.0006; kmer:UAG:0.0005; kmer:GUAG:0.0004; kmer:CGU:0.0004; kmer:UAGC:0.0003; kmer:GUA:0.0003; kmer:AGCA:0.0003; kmer:GCA:0.0002,mir-25-3p:0.519; mir-200a-3p:0.516; mir-6861-5p:0.515
1172,mir-613,MIMAT0003281,AGGAAUGUUCCUUCUUUGCC,nao,0.551685,0.664250,0.682291,,kmer:GU:0.0015; kmer:UGU:0.0008; kmer:AAU:0.0006; kmer:AA:0.0004; seed:GGAAUGU:0.0004; kmer:GUU:0.0003; kmer:GAAU:0.0002; kmer:GGAAU:0.0002; kmer:UUG:0.0002; kmer:AAUG:0.0002,mir-520c-3p:0.584; mir-205-5p:0.539; mir-145-5p:0.513
1173,mir-550b-2-5p,MIMAT0022737,AUGUGCCUGAGGGAGUAAGACA,nao,0.551302,0.664247,0.682279,,kmer:GU:0.0029; kmer:UGU:0.0008; kmer:UA:0.0007; kmer:GUG:0.0006; kmer:GUGC:0.0006; kmer:AA:0.0004; kmer:UGUG:0.0004; kmer:GUA:0.0003; kmer:UAA:0.0003; kmer:AGU:0.0002,mir-6875-5p:0.607; mir-206:0.565; mir-210-3p:0.524
1174,mir-541-5p,MIMAT0004919,AAAGGAUUCUGCUGUCGGUCCCACU,nao,0.550919,0.664242,0.682256,,kmer:GU:0.0025; kmer:AA:0.0007; kmer:UGU:0.0006; kmer:AAA:0.0003; kmer:UGUC:0.0002; kmer:UCG:0.0002; kmer:UGCU:0.0002; kmer:UCCC:0.0001; kmer:UCGGU:0.0001; kmer:CGGUC:0.0001,mir-181b-5p:0.611; mir-25-3p:0.590; mir-205-5p:0.564
1175,mir-204-5p,MIMAT0000265,UUCCCUUUGUCAUCCUAUGCCU,nao,0.550536,0.664234,0.682222,,kmer:GU:0.0014; kmer:UGU:0.0008; kmer:UA:0.0007; kmer:UUGU:0.0005; kmer:UGUC:0.0002; kmer:UUG:0.0002; kmer:UUGUC:0.0002; kmer:AUCC:0.0002; kmer:UUUGU:0.0002; kmer:UCCC:0.0002,mir-205-5p:0.601; mir-92a-3p:0.578; mir-145-5p:0.573
1176,mir-6854-5p,MIMAT0027608,AAGCUCAGGUUUGAGAACUGCUGA,nao,0.550153,0.664232,0.682210,,kmer:GU:0.0013; kmer:AA:0.0007; kmer:GUU:0.0003; kmer:UGA:0.0003; kmer:AGGU:0.0002; kmer:CUGA:0.0002; kmer:UUG:0.0002; kmer:CAGGU:0.0002; kmer:UGCU:0.0002; kmer:AAC:0.0001,mir-21-5p:0.563; mir-24-3p:0.518; mir-31-5p:0.518
1177,mir-337-5p,MIMAT0004695,GAACGGCUUCAUACAGGAGUU,nao,0.549770,0.664229,0.682199,,kmer:GU:0.0015; kmer:UA:0.0007; kmer:AA:0.0004; kmer:GUU:0.0003; kmer:AGU:0.0002; kmer:AGUU:0.0002; kmer:CGGC:0.0001; kmer:GCUU:0.0001; kmer:CAGGA:0.0001; kmer:AAC:0.0001,mir-24-3p:0.617; mir-6875-5p:0.524; mir-205-5p:0.480
1178,mir-450b-3p,MIMAT0004910,UUGGGAUCAUUUUGCAUCCAUA,nao,0.549387,0.664222,0.682166,,kmer:UA:0.0007; kmer:UUG:0.0004; kmer:UGCA:0.0003; kmer:GCA:0.0002; kmer:AUC:0.0002; kmer:AUCC:0.0002; kmer:CAUU:0.0001; kmer:UCCA:0.0001; kmer:AUUUU:0.0001; kmer:UUGCA:0.0000,mir-1246:0.595; mir-181b-5p:0.527; mir-373-3p:0.494
1179,mir-330-3p,MIMAT0000751,GCAAAGCACACGGCCUGCAGAGA,nao,0.549005,0.664218,0.682147,,kmer:AA:0.0008; kmer:GCA:0.0007; kmer:AAA:0.0004; kmer:AGCA:0.0003; kmer:UGCA:0.0002; kmer:CAAA:0.0002; kmer:GCAG:0.0002; kmer:GCAC:0.0002; kmer:GCAAA:0.0002; kmer:AGCAC:0.0002,mir-195-5p:0.607; mir-191-5p:0.569; mir-31-5p:0.558
1180,mir-3691-5p,MIMAT0018120,AGUGGAUGAUGGAGACUCGGUAC,nao,0.548622,0.664215,0.682136,,kmer:GU:0.0027; kmer:UA:0.0007; kmer:GUG:0.0006; kmer:GUA:0.0003; kmer:GGUA:0.0003; kmer:AGUG:0.0003; kmer:AGU:0.0002; kmer:UCG:0.0002; kmer:UCGGU:0.0001; kmer:UGA:0.0001,mir-382-5p:0.509; mir-206:0.508; mir-21-5p:0.498
1181,mir-658,MIMAT0003336,GGCGGAGGGAAGUAGGUCCGUUGGU,nao,0.548239,0.664215,0.682135,,kmer:GU:0.0049; kmer:UA:0.0006; kmer:UAG:0.0005; kmer:GUAG:0.0004; kmer:CGU:0.0004; kmer:AA:0.0004; kmer:GUA:0.0003; kmer:GUU:0.0003; kmer:AGU:0.0002; kmer:AGGU:0.0002,let-7b-5p:0.628; mir-6861-5p:0.622; let-7a-5p:0.594
1182,mir-221-3p,MIMAT0000278,AGCUACAUUGUCUGCUGGGUUUC,nao,0.547856,0.664206,0.682096,,kmer:GU:0.0027; kmer:UGU:0.0007; kmer:UA:0.0007; kmer:UUGU:0.0005; kmer:GUU:0.0003; kmer:UGUC:0.0002; kmer:UUG:0.0002; kmer:UUGUC:0.0002; kmer:UGCU:0.0002; kmer:AUUG:0.0001,mir-181b-5p:0.665; mir-34a-5p:0.636; mir-25-3p:0.624
1183,mir-557,MIMAT0003221,GUUUGCACGGGUGGGCCUUGUCU,nao,0.547473,0.664206,0.682094,,kmer:GU:0.0039; kmer:UGU:0.0007; kmer:GUG:0.0006; kmer:UUGU:0.0005; kmer:UUG:0.0004; kmer:GUU:0.0003; kmer:CUUGU:0.0003; kmer:UGCA:0.0002; kmer:GCA:0.0002; kmer:UGUC:0.0002,mir-92a-3p:0.636; mir-25-3p:0.613; mir-373-3p:0.599
1184,mir-4801,MIMAT0019980,UACACAAGAAAACCAAGGCUCA,nao,0.547090,0.664189,0.682017,,kmer:AA:0.0023; kmer:AAA:0.0008; kmer:UA:0.0008; kmer:AAC:0.0001; kmer:AACC:0.0001; kmer:AGAAA:0.0001; kmer:AAAAC:0.0001; kmer:AAACC:0.0000; kmer:AAAA:0.0000; kmer:ACC:0.0000,mir-191-5p:0.621; mir-19b-3p:0.486; mir-24-3p:0.478
1185,mir-208a-5p,MIMAT0026474,GAGCUUUUGGCCCGGGUUAUAC,sim,0.546708,0.664187,0.682008,hsa-mir-208a,kmer:GU:0.0014; kmer:UA:0.0014; kmer:GUU:0.0003; kmer:UUA:0.0002; kmer:UUG:0.0002; kmer:UUGGC:0.0001; kmer:GCUU:0.0001; kmer:UUAU:0.0001; kmer:GGUU:0.0001; kmer:CCCG:0.0001,mir-373-3p:0.555; mir-1246:0.542; mir-520c-3p:0.540
1186,mir-5003-3p,MIMAT0021026,UACUUUUCUAGGUUGUUGGGG,nao,0.546325,0.664180,0.681978,,kmer:GU:0.0029; kmer:UA:0.0014; kmer:UGU:0.0008; kmer:GUU:0.0007; kmer:UAG:0.0006; kmer:UUGU:0.0005; kmer:UUG:0.0004; kmer:GUUG:0.0004; kmer:AGGU:0.0002; kmer:GUUGU:0.0002,mir-373-3p:0.597; let-7b-5p:0.565; mir-520c-3p:0.543
1187,mir-361-5p,MIMAT0000703,UUAUCAGAAUCUCCAGGGGUAC,nao,0.545942,0.664179,0.681973,,kmer:GU:0.0013; kmer:UA:0.0013; kmer:AAU:0.0005; kmer:AA:0.0004; kmer:GUA:0.0003; kmer:AAUC:0.0003; kmer:GGUA:0.0003; kmer:UUA:0.0002; kmer:GAAU:0.0002; kmer:AUC:0.0002,mir-6861-5p:0.556; mir-145-5p:0.497; mir-24-3p:0.472
1188,mir-6800-5p,MIMAT0027500,GUAGGUGACAGUCAGGGGCGG,nao,0.545559,0.664177,0.681964,,kmer:GU:0.0043; kmer:UA:0.0007; kmer:GUG:0.0006; kmer:UAG:0.0006; kmer:GUAG:0.0005; kmer:GUA:0.0003; kmer:AGU:0.0002; kmer:AGGU:0.0002; kmer:CAGU:0.0002; kmer:UGA:0.0001,mir-6861-5p:0.679; mir-6875-5p:0.550; mir-24-3p:0.547
1189,mir-510-3p,MIMAT0026613,AUUGAAACCUCUAAGAGUGGA,nao,0.545176,0.664177,0.681963,,kmer:GU:0.0018; kmer:AA:0.0015; kmer:UA:0.0009; kmer:GUG:0.0008; kmer:AAA:0.0005; kmer:UAA:0.0003; kmer:AGUG:0.0003; kmer:AGU:0.0003; kmer:UUG:0.0002; kmer:CUAA:0.0002,mir-125b-5p:0.530; mir-206:0.524; mir-125a-5p:0.512
1190,mir-4321,MIMAT0016874,UUAGCGGUGGACCGCCCUGCG,nao,0.544793,0.664176,0.681960,,kmer:GU:0.0016; kmer:UA:0.0008; kmer:GUG:0.0007; kmer:UAG:0.0007; kmer:UAGC:0.0004; kmer:UUA:0.0003; kmer:ACCG:0.0003; kmer:CCCU:0.0002; kmer:CG:0.0002; kmer:CCCUG:0.0002,mir-4634:0.612; mir-210-3p:0.508; mir-125a-5p:0.488
1191,mir-6512-5p,MIMAT0025480,UACCAUUAGAAGAGCUGGAAGA,nao,0.544410,0.664170,0.681933,,kmer:UA:0.0014; kmer:AA:0.0008; kmer:UAG:0.0006; kmer:UUA:0.0002; kmer:UACC:0.0001; kmer:CAUU:0.0001; kmer:UAGAA:0.0001; kmer:UACCA:0.0000; kmer:CAUUA:0.0000; kmer:CCAUU:0.0000,mir-31-5p:0.505; mir-1-3p:0.473; mir-6875-5p:0.464
1192,mir-217-5p,MIMAT0000274,UACUGCAUCAGGAACUGAUUGGA,nao,0.544028,0.664170,0.681931,,kmer:UA:0.0007; kmer:AA:0.0004; kmer:UGCA:0.0002; kmer:GCA:0.0002; kmer:ACUGA:0.0002; kmer:CUGA:0.0002; kmer:UUG:0.0002; kmer:AUUGG:0.0001; kmer:UGA:0.0001; kmer:CAGGA:0.0001,mir-21-5p:0.569; mir-24-3p:0.495; mir-1246:0.493
1193,mir-34b-3p,MIMAT0004676,CAAUCACUAACUCCACUGCCAU,nao,0.543645,0.664168,0.681925,,kmer:AA:0.0009; kmer:UA:0.0007; kmer:AAU:0.0006; kmer:AAUC:0.0003; kmer:UAA:0.0003; kmer:CUAA:0.0002; kmer:UAAC:0.0002; kmer:AAC:0.0001; kmer:CUAAC:0.0001; kmer:AUC:0.0001,mir-425-5p:0.521; mir-19b-3p:0.494; mir-200a-3p:0.462
1194,mir-4729,MIMAT0019851,UCAUUUAUCUGUUGGGAAGCUA,nao,0.543262,0.664166,0.681915,,kmer:GU:0.0015; kmer:UA:0.0014; kmer:UGU:0.0008; kmer:AA:0.0004; kmer:GUU:0.0003; kmer:UUA:0.0002; kmer:UUG:0.0002; kmer:GUUG:0.0002; kmer:UUAU:0.0001; kmer:AUC:0.0001,mir-21-5p:0.554; mir-373-3p:0.550; mir-181b-5p:0.547
1195,mir-6500-3p,MIMAT0025455,ACACUUGUUGGGAUGACCUGC,nao,0.542879,0.664164,0.681908,,kmer:GU:0.0015; kmer:UGU:0.0008; kmer:UUGU:0.0005; kmer:UUG:0.0004; kmer:GUU:0.0004; kmer:CUUGU:0.0003; kmer:ACUUG:0.0002; kmer:GUUG:0.0002; kmer:UGA:0.0002; kmer:CACUU:0.0001,mir-92a-3p:0.559; mir-125b-5p:0.540; mir-25-3p:0.529
1196,let-7c-3p,MIMAT0026472,CUGUACAACCUUCUAGCUUUCC,sim,0.542496,0.664163,0.681903,hsa-let-7c,kmer:GU:0.0016; kmer:UA:0.0015; kmer:UGU:0.0008; kmer:UAG:0.0007; kmer:AA:0.0005; kmer:UAGC:0.0004; kmer:GUA:0.0004; kmer:UAGCU:0.0002; kmer:GCUU:0.0002; kmer:AAC:0.0001,mir-520c-3p:0.549; mir-205-5p:0.547; mir-125a-5p:0.528
1197,mir-8080,MIMAT0031007,GAAGGACACUGGUGUCAACGGCU,nao,0.542113,0.664162,0.681899,,kmer:GU:0.0027; kmer:AA:0.0008; kmer:UGU:0.0007; kmer:GUG:0.0006; kmer:UGUC:0.0002; kmer:CGGC:0.0001; kmer:AAC:0.0001; kmer:UGUCA:0.0001; kmer:GUCAA:0.0001; kmer:GUGU:0.0001,mir-200a-3p:0.618; mir-6861-5p:0.509; mir-210-3p:0.494
1198,mir-15a-3p,MIMAT0004488,CAGGCCAUAUUGUGCUGCCUCA,sim,0.541730,0.664162,0.681897,hsa-mir-15a,kmer:GU:0.0015; kmer:UGU:0.0008; kmer:UA:0.0008; kmer:GUG:0.0007; kmer:GUGC:0.0006; kmer:UUGU:0.0005; kmer:UGUG:0.0004; kmer:UUGUG:0.0003; kmer:GUGCU:0.0003; kmer:UAUUG:0.0003,mir-92a-3p:0.583; mir-31-5p:0.552; mir-93-5p:0.505
1199,mir-4683,MIMAT0019768,UGGAGAUCCAGUGCUCGCCCGAU,nao,0.541348,0.664161,0.681893,,kmer:GU:0.0014; kmer:GUG:0.0006; kmer:GUGC:0.0006; kmer:AGUGC:0.0005; kmer:AGUG:0.0003; kmer:GUGCU:0.0003; kmer:AGU:0.0002; kmer:UCG:0.0002; kmer:CGAU:0.0002; kmer:UGCU:0.0002,mir-99a-5p:0.602; mir-145-5p:0.481; mir-139-5p:0.470
1200,mir-196a-3p,MIMAT0004562,CGGCAACAAGAAACUGCCUGAG,sim,0.540965,0.664154,0.681860,hsa-mir-196a-1; hsa-mir-196a-2,kmer:AA:0.0017; kmer:AAA:0.0004; kmer:AAC:0.0003; kmer:GCA:0.0002; kmer:CUGA:0.0002; kmer:UGA:0.0002; kmer:CGGC:0.0001; kmer:CCUGA:0.0001; kmer:GCAA:0.0001; kmer:CUGAG:0.0001,mir-19a-3p:0.600; mir-19b-3p:0.593; mir-191-5p:0.591
1201,mir-8059,MIMAT0030986,GGGGAACUGUAGAUGAAAAGGC,nao,0.540582,0.664152,0.681854,,kmer:AA:0.0017; kmer:GU:0.0015; kmer:AAA:0.0008; kmer:UGU:0.0008; kmer:UA:0.0007; kmer:UAG:0.0006; kmer:GUAG:0.0005; kmer:GUA:0.0003; kmer:UGA:0.0001; kmer:AAC:0.0001,mir-1-3p:0.554; mir-206:0.538; mir-6861-5p:0.497
1202,mir-93-3p,MIMAT0004509,ACUGCUGAGCUAGCACUUCCCG,nao,0.540199,0.664147,0.681828,,kmer:UA:0.0007; kmer:UAG:0.0006; kmer:UAGC:0.0003; kmer:AGCA:0.0003; kmer:GCA:0.0002; kmer:GCAC:0.0002; kmer:CUGA:0.0002; kmer:UGCU:0.0002; kmer:AGCAC:0.0002; kmer:UAGCA:0.0002,mir-31-5p:0.515; mir-92a-3p:0.515; mir-125b-5p:0.498
1203,mir-1245b-3p,MIMAT0019951,UCAGAUGAUCUAAAGGCCUAUA,nao,0.539816,0.664144,0.681817,,kmer:UA:0.0022; kmer:AA:0.0009; kmer:AAA:0.0004; kmer:UAA:0.0003; kmer:CUAA:0.0002; kmer:UGA:0.0002; kmer:UAAA:0.0001; kmer:AUC:0.0001; kmer:UAAAG:0.0001; kmer:AAAG:0.0001,mir-365a-3p:0.524; mir-21-5p:0.503; mir-31-5p:0.479
1204,mir-1909-5p,MIMAT0007882,UGAGUGCCGGUGCCUGCCCUG,nao,0.539433,0.664142,0.681806,,kmer:GU:0.0033; kmer:GUG:0.0015; kmer:GUGC:0.0013; kmer:AGUGC:0.0006; kmer:AGUG:0.0003; kmer:AGU:0.0003; kmer:UGA:0.0002; kmer:CCCU:0.0002; kmer:CCCUG:0.0002; kmer:CCGG:0.0001,mir-125a-5p:0.552; mir-92a-3p:0.541; mir-210-3p:0.532
1205,mir-6715b-5p,MIMAT0025842,ACAGGCACGACUGGUUUGGCA,nao,0.539051,0.664136,0.681780,,kmer:GU:0.0014; kmer:GCA:0.0005; kmer:GUU:0.0003; kmer:GCAC:0.0002; kmer:UUG:0.0002; kmer:CGA:0.0001; kmer:UUGGC:0.0001; kmer:GGUU:0.0001; kmer:GCACG:0.0001; kmer:CACG:0.0001,mir-497-5p:0.605; mir-34a-5p:0.512; mir-31-5p:0.505
1206,mir-1276,MIMAT0005930,UAAAGAGCCCUGUGGAGACA,nao,0.538668,0.664134,0.681771,,kmer:GU:0.0016; kmer:AA:0.0009; kmer:UGU:0.0008; kmer:UA:0.0008; kmer:GUG:0.0007; kmer:UGUG:0.0005; kmer:AAA:0.0004; kmer:UAA:0.0003; kmer:CCCU:0.0002; kmer:CCCUG:0.0001,mir-125a-5p:0.604; mir-125b-5p:0.570; mir-6875-5p:0.542
1207,mir-605-3p,MIMAT0026621,AGAAGGCACUAUGAGAUUUAGA,nao,0.538285,0.664133,0.681769,,kmer:UA:0.0015; kmer:UAG:0.0006; kmer:AA:0.0005; kmer:GCA:0.0003; kmer:UUA:0.0002; kmer:GCAC:0.0002; kmer:UGA:0.0002; kmer:GCACU:0.0001; kmer:UGAGA:0.0001; kmer:UAU:0.0001,mir-31-5p:0.518; mir-21-5p:0.508; mir-1246:0.490
1208,mir-4753-3p,MIMAT0019891,UUCUCUUUCUUUAGCCUUGUGU,nao,0.537902,0.664131,0.681758,,kmer:GU:0.0030; kmer:UGU:0.0016; kmer:UA:0.0007; kmer:GUG:0.0007; kmer:UAG:0.0006; kmer:UUGU:0.0005; kmer:UGUG:0.0004; kmer:UAGC:0.0004; kmer:CUUGU:0.0003; kmer:UUGUG:0.0003,mir-520c-3p:0.582; mir-34a-5p:0.520; mir-25-3p:0.502
1209,mir-21-3p,MIMAT0004494,CAACACCAGUCGAUGGGCUGU,nao,0.537519,0.664121,0.681715,,kmer:GU:0.0034; kmer:UGU:0.0009; kmer:AA:0.0005; kmer:AGU:0.0003; kmer:UCG:0.0003; kmer:CGAU:0.0002; kmer:CAGU:0.0002; kmer:CGA:0.0002; kmer:AAC:0.0001; kmer:CCAGU:0.0001,mir-200a-3p:0.574; mir-181b-5p:0.559; mir-139-5p:0.525
1210,mir-515-5p,MIMAT0002826,UUCUCCAAAAGAAAGCACUUUCUG,sim,0.537136,0.664120,0.681710,hsa-mir-515-1; hsa-mir-515-2,kmer:AA:0.0019; kmer:AAA:0.0010; kmer:AGCA:0.0003; kmer:CAAA:0.0002; kmer:GCA:0.0002; kmer:GCAC:0.0002; kmer:AGCAC:0.0002; kmer:AAAG:0.0001; kmer:CAAAA:0.0001; kmer:UCCA:0.0001,mir-191-5p:0.611; mir-520c-3p:0.505; mir-19a-3p:0.503
1211,mir-3121-5p,MIMAT0019199,UCCUUUGCCUAUUCUAUUUAAG,nao,0.536753,0.664109,0.681662,,kmer:UA:0.0024; kmer:AA:0.0005; kmer:UAA:0.0003; kmer:UAUU:0.0003; kmer:UUA:0.0003; kmer:UUG:0.0002; kmer:UAU:0.0001; kmer:UUAA:0.0001; kmer:UCCUU:0.0000; kmer:AUUU:0.0000,mir-520c-3p:0.565; mir-365a-3p:0.520; mir-205-5p:0.476
1212,mir-301a-5p,MIMAT0022696,GCUCUGACUUUAUUGCACUACU,sim,0.536371,0.664109,0.681659,hsa-mir-301a,kmer:UA:0.0014; kmer:UGCA:0.0003; kmer:GCA:0.0002; kmer:UAUUG:0.0002; kmer:UUA:0.0002; kmer:GCAC:0.0002; kmer:CUGA:0.0002; kmer:UUG:0.0002; kmer:UGA:0.0001; kmer:AUUGC:0.0001,mir-25-3p:0.607; mir-92a-3p:0.545; mir-21-5p:0.498
1213,mir-4485-5p,MIMAT0032116,ACCGCCUGCCCAGUGA,nao,0.535988,0.664109,0.681659,,kmer:GU:0.0022; kmer:GUG:0.0010; kmer:AGUG:0.0004; kmer:AGU:0.0004; kmer:ACCG:0.0003; kmer:CAGU:0.0002; kmer:UGA:0.0002; kmer:CCAGU:0.0001; kmer:CAGUG:0.0001; kmer:CCG:0.0001,mir-125a-5p:0.557; mir-125b-5p:0.507; mir-92a-3p:0.493
1214,mir-188-3p,MIMAT0004613,CUCCCACAUGCAGGGUUUGCA,nao,0.535605,0.664106,0.681648,,kmer:GU:0.0014; kmer:UGCA:0.0005; kmer:GCA:0.0005; kmer:GUU:0.0003; kmer:GCAG:0.0002; kmer:GCAGG:0.0002; kmer:UUG:0.0002; kmer:UCCC:0.0002; kmer:AUGC:0.0001; kmer:GGUU:0.0001,mir-497-5p:0.552; mir-24-3p:0.482; mir-92a-3p:0.476
1215,mir-6882-5p,MIMAT0027664,UACAAGUCAGGAGCUGAAGCAG,nao,0.535222,0.664103,0.681632,,kmer:GU:0.0015; kmer:AA:0.0009; kmer:UA:0.0008; kmer:AGCA:0.0004; kmer:AGCAG:0.0003; kmer:GCA:0.0003; kmer:AGU:0.0002; kmer:GCAG:0.0002; kmer:AAGU:0.0002; kmer:CUGA:0.0002,mir-24-3p:0.704; mir-191-5p:0.588; mir-17-5p:0.574
1216,mir-3135a,MIMAT0015001,UGCCUAGGCUGAGACUGCAGUG,nao,0.534839,0.664099,0.681617,,kmer:GU:0.0014; kmer:UA:0.0007; kmer:GUG:0.0006; kmer:UAG:0.0006; kmer:AGUG:0.0003; kmer:UGCA:0.0003; kmer:GCA:0.0002; kmer:AGU:0.0002; kmer:GCAG:0.0002; kmer:CUGA:0.0002,mir-210-3p:0.577; mir-31-5p:0.560; mir-125b-5p:0.520
1217,mir-4793-3p,MIMAT0019966,UCUGCACUGUGAGUUGGCUGGCU,nao,0.534456,0.664090,0.681575,,kmer:GU:0.0025; kmer:UGU:0.0006; kmer:GUG:0.0006; kmer:UGUG:0.0004; kmer:GUU:0.0003; kmer:UGCA:0.0002; kmer:GCA:0.0002; kmer:AGU:0.0002; kmer:GCAC:0.0002; kmer:AGUU:0.0002,mir-210-3p:0.622; mir-34a-5p:0.614; mir-31-5p:0.538
1218,mir-4742-5p,MIMAT0019872,UCAGGCAAAGGGAUAUUUACAGA,nao,0.534074,0.664088,0.681566,,kmer:UA:0.0014; kmer:AA:0.0008; kmer:AAA:0.0004; kmer:CAAA:0.0002; kmer:GCA:0.0002; kmer:UUA:0.0002; kmer:GCAAA:0.0002; kmer:AUAUU:0.0002; kmer:UAUU:0.0001; kmer:UUAC:0.0001,mir-195-5p:0.578; mir-24-3p:0.570; mir-6875-5p:0.529
1219,mir-6730-5p,MIMAT0027361,AGAAAGGUGGAGGGGUUGUCAGA,nao,0.533691,0.664082,0.681537,,kmer:GU:0.0037; kmer:AA:0.0007; kmer:UGU:0.0006; kmer:GUG:0.0006; kmer:UUGU:0.0004; kmer:AAA:0.0003; kmer:GUU:0.0003; kmer:UGUC:0.0002; kmer:AGGU:0.0002; kmer:UUG:0.0002,let-7b-5p:0.592; mir-6861-5p:0.590; mir-6875-5p:0.563
1220,mir-135b-3p,MIMAT0004698,AUGUAGGGCUAAAAGCCAUGGG,sim,0.533308,0.664082,0.681537,hsa-mir-135b,kmer:GU:0.0015; kmer:UA:0.0014; kmer:AA:0.0013; kmer:AAA:0.0008; kmer:UGU:0.0008; kmer:UAG:0.0006; kmer:GUAG:0.0005; kmer:GUA:0.0003; kmer:UAA:0.0003; kmer:CUAA:0.0002,mir-6861-5p:0.582; mir-1-3p:0.554; mir-155-5p:0.541
1221,mir-103a-1-5p,MIMAT0037306,GGCUUCUUUACAGUGCUGCCUUG,nao,0.532925,0.664078,0.681521,,kmer:GU:0.0013; kmer:UA:0.0007; kmer:GUG:0.0006; kmer:GUGC:0.0005; kmer:AGUGC:0.0005; kmer:AGUG:0.0003; kmer:GUGCU:0.0002; kmer:AGU:0.0002; kmer:UUA:0.0002; kmer:UUG:0.0002,mir-520c-3p:0.631; mir-17-5p:0.562; mir-106a-5p:0.550
1222,mir-3119,MIMAT0014981,UGGCUUUUAACUUUGAUGGC,nao,0.532542,0.664073,0.681499,,kmer:UA:0.0008; kmer:AA:0.0005; kmer:UAA:0.0003; kmer:UUA:0.0003; kmer:UUG:0.0002; kmer:UAAC:0.0002; kmer:UGA:0.0002; kmer:GCUU:0.0002; kmer:AAC:0.0001; kmer:AACUU:0.0001,mir-1246:0.566; mir-373-3p:0.537; mir-520c-3p:0.524
1223,mir-518e-3p,MIMAT0002861,AAAGCGCUUCCCUUCAGAGUG,sim,0.532159,0.664063,0.681452,hsa-mir-518e,kmer:GU:0.0016; kmer:AA:0.0009; kmer:GUG:0.0007; kmer:AAA:0.0004; kmer:AGUG:0.0003; kmer:AGU:0.0003; kmer:UCCC:0.0002; kmer:CCCU:0.0002; kmer:UCCCU:0.0002; kmer:GCUU:0.0002,mir-520c-3p:0.642; mir-205-5p:0.562; mir-145-5p:0.507
1224,mir-3713,MIMAT0018164,GGUAUCCGUUUGGGGAUGGU,nao,0.531776,0.664062,0.681447,,kmer:GU:0.0050; kmer:UA:0.0008; kmer:CGU:0.0005; kmer:GUA:0.0004; kmer:GUU:0.0004; kmer:GGUA:0.0004; kmer:UUG:0.0002; kmer:AUCC:0.0002; kmer:CCGUU:0.0002; kmer:CGUU:0.0001,mir-6861-5p:0.609; mir-373-3p:0.597; mir-382-5p:0.528
1225,mir-6717-5p,MIMAT0025846,AGGCGAUGUGGGGAUGUAGAGA,nao,0.531394,0.664051,0.681398,,kmer:GU:0.0029; kmer:UGU:0.0015; kmer:UA:0.0007; kmer:GUG:0.0006; kmer:UAG:0.0006; kmer:GUAG:0.0005; kmer:UGUG:0.0004; kmer:GUA:0.0003; kmer:GAUGU:0.0002; kmer:CGAU:0.0002,mir-206:0.570; mir-6861-5p:0.521; mir-1-3p:0.503
1226,mir-627-5p,MIMAT0003296,GUGAGUCUCUAAGAAAAGAGGA,nao,0.531011,0.664050,0.681395,,kmer:GU:0.0030; kmer:AA:0.0018; kmer:AAA:0.0008; kmer:UA:0.0007; kmer:GUG:0.0007; kmer:UAA:0.0003; kmer:AGU:0.0002; kmer:CUAA:0.0002; kmer:UGA:0.0002; kmer:AGAAA:0.0001,mir-1-3p:0.493; mir-520c-3p:0.473; mir-6875-5p:0.459
1227,mir-4479,MIMAT0019011,CGCGCGGCCGUGCUCGGAGCAG,nao,0.530628,0.664048,0.681386,,kmer:GU:0.0015; kmer:GUG:0.0007; kmer:GUGC:0.0006; kmer:CGU:0.0005; kmer:CGUG:0.0004; kmer:AGCA:0.0004; kmer:AGCAG:0.0003; kmer:GUGCU:0.0003; kmer:GCA:0.0003; kmer:CG:0.0002,mir-4634:0.634; mir-1307-3p:0.604; mir-210-3p:0.514
1228,mir-5090,MIMAT0021082,CCGGGGCAGAUUGGUGUAGGGUG,nao,0.530245,0.664046,0.681378,,kmer:GU:0.0041; kmer:GUG:0.0012; kmer:UGU:0.0007; kmer:UA:0.0007; kmer:UAG:0.0006; kmer:GUAG:0.0005; kmer:GUA:0.0003; kmer:GCA:0.0002; kmer:GCAG:0.0002; kmer:UUG:0.0002,mir-6861-5p:0.709; let-7b-5p:0.597; mir-373-3p:0.597
1229,mir-4263,MIMAT0016898,AUUCUAAGUGCCUUGGCC,nao,0.529862,0.664046,0.681377,,kmer:GU:0.0019; kmer:UA:0.0009; kmer:GUG:0.0008; kmer:GUGC:0.0008; kmer:AGUGC:0.0007; kmer:AA:0.0006; kmer:AAGUG:0.0004; kmer:UAA:0.0004; kmer:AGUG:0.0004; kmer:AGU:0.0003,mir-520c-3p:0.550; mir-373-3p:0.527; mir-92a-3p:0.527
1230,mir-323b-3p,MIMAT0015050,CCCAAUACACGGUCGACCUCUU,sim,0.529479,0.664043,0.681364,hsa-mir-323b,kmer:GU:0.0017; kmer:UA:0.0008; kmer:AAU:0.0006; kmer:AA:0.0005; kmer:UCG:0.0003; kmer:AAUA:0.0002; kmer:CGA:0.0002; kmer:CACG:0.0001; kmer:CGGUC:0.0001; kmer:CG:0.0001,mir-425-5p:0.530; mir-205-5p:0.521; mir-223-3p:0.470
1231,mir-4652-5p,MIMAT0019716,AGGGGACUGGUUAAUAGAACUA,nao,0.529096,0.664038,0.681340,,kmer:UA:0.0021; kmer:GU:0.0014; kmer:AA:0.0008; kmer:UAG:0.0006; kmer:AAU:0.0005; kmer:GUU:0.0003; kmer:UAA:0.0003; kmer:UUA:0.0002; kmer:AAUA:0.0002; kmer:AUAG:0.0002,mir-155-5p:0.587; mir-6861-5p:0.556; mir-200a-3p:0.464
1232,mir-1304-3p,MIMAT0022720,UCUCACUGUAGCCUCGAACCCC,nao,0.528714,0.664034,0.681322,,kmer:GU:0.0014; kmer:UGU:0.0008; kmer:UA:0.0007; kmer:UAG:0.0006; kmer:GUAG:0.0005; kmer:AA:0.0004; kmer:UAGC:0.0003; kmer:GUA:0.0003; kmer:ACCC:0.0002; kmer:UCG:0.0002,mir-125a-5p:0.540; mir-10b-5p:0.539; mir-125b-5p:0.507
1233,mir-12124,MIMAT0049018,GAGGAAAUGCAGAUGCUGGA,nao,0.528331,0.664030,0.681305,,kmer:AA:0.0009; kmer:AAU:0.0006; kmer:AAA:0.0004; kmer:AUGC:0.0003; kmer:AAAU:0.0003; kmer:UGCA:0.0003; kmer:GCA:0.0002; kmer:GCAG:0.0002; kmer:UGCU:0.0002; kmer:AAUG:0.0002,mir-31-5p:0.622; mir-1246:0.513; mir-6875-5p:0.495
1234,mir-764,MIMAT0010367,GCAGGUGCUCACUUGUCCUCCU,nao,0.527948,0.664028,0.681295,,kmer:GU:0.0027; kmer:UGU:0.0007; kmer:GUG:0.0006; kmer:GUGC:0.0005; kmer:UUGU:0.0005; kmer:CUUGU:0.0003; kmer:GUGCU:0.0002; kmer:GCA:0.0002; kmer:UGUC:0.0002; kmer:ACUUG:0.0002,mir-92a-3p:0.593; mir-25-3p:0.581; mir-139-5p:0.524
1235,mir-506-3p,MIMAT0002878,UAAGGCACCCUUCUGAGUAGA,nao,0.527565,0.664024,0.681280,,kmer:GU:0.0016; kmer:UA:0.0015; kmer:UAG:0.0007; kmer:GUAG:0.0005; kmer:AA:0.0005; kmer:GUA:0.0004; kmer:UAA:0.0003; kmer:ACCC:0.0003; kmer:GCA:0.0003; kmer:AGU:0.0003,mir-125a-5p:0.593; mir-125b-5p:0.565; mir-520c-3p:0.525
1236,mir-3667-5p,MIMAT0018089,AAAGACCCAUUGAGGAGAAGGU,nao,0.527182,0.664022,0.681272,,kmer:GU:0.0014; kmer:AA:0.0012; kmer:AAA:0.0004; kmer:ACCC:0.0002; kmer:AGGU:0.0002; kmer:UUG:0.0002; kmer:GACCC:0.0002; kmer:UGA:0.0001; kmer:AUUG:0.0001; kmer:AGACC:0.0001,mir-6875-5p:0.698; mir-125b-5p:0.457; mir-520c-3p:0.452
1237,mir-4291,MIMAT0016922,UUCAGCAGGAACAGCU,nao,0.526799,0.664020,0.681259,,kmer:AA:0.0006; kmer:AGCA:0.0004; kmer:CAGC:0.0004; kmer:AGCAG:0.0004; kmer:CAGCA:0.0003; kmer:GCA:0.0003; kmer:GCAG:0.0003; kmer:GCAGG:0.0003; kmer:CAGGA:0.0002; kmer:AAC:0.0002,mir-24-3p:0.861; mir-195-5p:0.584; mir-497-5p:0.540
1238,mir-29b-2-5p,MIMAT0004515,CUGGUUUCACAUGGUGGCUUAG,nao,0.526417,0.664020,0.681259,,kmer:GU:0.0029; kmer:UA:0.0007; kmer:GUG:0.0006; kmer:UAG:0.0006; kmer:CUUA:0.0003; kmer:GUU:0.0003; kmer:GCUUA:0.0003; kmer:UUA:0.0002; kmer:GCUU:0.0001; kmer:GGUU:0.0001,mir-34a-5p:0.649; mir-181b-5p:0.583; mir-6861-5p:0.545
1239,mir-4782-5p,MIMAT0019944,UUCUGGAUAUGAAGACAAUCAA,nao,0.526034,0.664017,0.681248,,kmer:AA:0.0014; kmer:UA:0.0008; kmer:AAU:0.0006; kmer:AAUC:0.0004; kmer:UGA:0.0002; kmer:AUC:0.0001; kmer:UAU:0.0001; kmer:AGAC:0.0000; kmer:AUCA:0.0000; kmer:UGGAU:0.0000,mir-1-3p:0.512; mir-19a-3p:0.507; mir-21-5p:0.490
1240,mir-6512-3p,MIMAT0025481,UUCCAGCCCUUCUAAUGGUAGG,nao,0.525651,0.664012,0.681225,,kmer:GU:0.0015; kmer:UA:0.0014; kmer:UAG:0.0006; kmer:AAU:0.0006; kmer:GUAG:0.0005; kmer:AA:0.0004; kmer:GGUAG:0.0004; kmer:GUA:0.0003; kmer:GGUA:0.0003; kmer:UAA:0.0003,mir-145-5p:0.565; mir-205-5p:0.544; mir-365a-3p:0.536
1241,mir-3920,MIMAT0018195,ACUGAUUAUCUUAACUCUCUGA,nao,0.525268,0.664012,0.681224,,kmer:UA:0.0014; kmer:UUA:0.0005; kmer:CUGA:0.0004; kmer:AA:0.0004; kmer:CUUA:0.0003; kmer:UGA:0.0003; kmer:UAA:0.0003; kmer:ACUGA:0.0002; kmer:UAAC:0.0002; kmer:UUAU:0.0001,mir-21-5p:0.559; mir-25-3p:0.522; mir-200a-3p:0.468
1242,mir-10393-3p,MIMAT0041618,UGGUCAGAUUUGAACUCUUCAA,nao,0.524885,0.664011,0.681219,,kmer:GU:0.0015; kmer:AA:0.0009; kmer:UUG:0.0002; kmer:UGA:0.0001; kmer:AAC:0.0001; kmer:AUUUG:0.0001; kmer:GAUUU:0.0000; kmer:AACU:0.0000; kmer:CAG:0.0000; kmer:AUUU:0.0000,mir-373-3p:0.521; mir-25-3p:0.515; mir-24-3p:0.498
1243,mir-6509-3p,MIMAT0025475,UUCCACUGCCACUACCUAAUUU,nao,0.524502,0.664009,0.681210,,kmer:UA:0.0016; kmer:AAU:0.0006; kmer:AA:0.0005; kmer:UAA:0.0003; kmer:CUAA:0.0002; kmer:CCUAA:0.0002; kmer:UACC:0.0001; kmer:UAAU:0.0001; kmer:CUAAU:0.0001; kmer:AAUUU:0.0001,mir-205-5p:0.508; mir-451a:0.478; mir-365a-3p:0.474
1244,mir-3677-5p,MIMAT0019221,CAGUGGCCAGAGCCCUGCAGUG,nao,0.524119,0.664009,0.681210,,kmer:GU:0.0030; kmer:GUG:0.0014; kmer:AGUG:0.0006; kmer:AGU:0.0005; kmer:CAGU:0.0003; kmer:UGCA:0.0003; kmer:GCA:0.0003; kmer:GCAG:0.0002; kmer:CAGUG:0.0002; kmer:CCCU:0.0002,mir-17-5p:0.590; mir-106a-5p:0.561; mir-24-3p:0.558
1245,mir-500a-5p,MIMAT0004773,UAAUCCUUGCUACCUGGGUGAGA,nao,0.523737,0.664008,0.681206,,kmer:GU:0.0014; kmer:UA:0.0013; kmer:GUG:0.0006; kmer:AAU:0.0005; kmer:AA:0.0004; kmer:AAUC:0.0003; kmer:UAA:0.0003; kmer:AAUCC:0.0003; kmer:UUG:0.0002; kmer:UGCU:0.0002,mir-125a-5p:0.614; mir-125b-5p:0.605; mir-155-5p:0.543
1246,mir-614,MIMAT0003282,GAACGCCUGUUCUUGCCAGGUGG,nao,0.523354,0.664005,0.681195,,kmer:GU:0.0029; kmer:UGU:0.0007; kmer:GUG:0.0006; kmer:AA:0.0004; kmer:GUU:0.0003; kmer:AGGU:0.0002; kmer:UUG:0.0002; kmer:CAGGU:0.0002; kmer:AAC:0.0001; kmer:CCUGU:0.0001,mir-92a-3p:0.572; mir-93-5p:0.543; mir-382-5p:0.536
1247,mir-4256,MIMAT0016877,AUCUGACCUGAUGAAGGU,nao,0.522971,0.663994,0.681142,,kmer:GU:0.0019; kmer:UGA:0.0006; kmer:CUGA:0.0005; kmer:AA:0.0005; kmer:AGGU:0.0003; kmer:AUC:0.0001; kmer:CCUGA:0.0001; kmer:GACC:0.0001; kmer:CUGAU:0.0001; kmer:UGAUG:0.0000,mir-125a-5p:0.552; mir-21-5p:0.550; mir-125b-5p:0.533
1248,mir-6768-3p,MIMAT0027437,CAAAGGCCACAUUCUCCUGUGCAC,nao,0.522588,0.663991,0.681132,,kmer:GU:0.0014; kmer:AA:0.0008; kmer:UGU:0.0007; kmer:GUG:0.0006; kmer:GUGC:0.0005; kmer:UGUG:0.0004; kmer:AAA:0.0004; kmer:GUGCA:0.0003; kmer:UGCA:0.0003; kmer:CAAA:0.0002,mir-19b-3p:0.570; mir-139-5p:0.555; mir-205-5p:0.547
1249,mir-215-3p,MIMAT0026476,UCUGUCAUUUCUUUAGGCCAAUA,nao,0.522205,0.663974,0.681056,,kmer:GU:0.0015; kmer:UA:0.0015; kmer:UGU:0.0008; kmer:UAG:0.0006; kmer:AAU:0.0006; kmer:AA:0.0004; kmer:UGUC:0.0002; kmer:UUA:0.0002; kmer:AAUA:0.0002; kmer:UGUCA:0.0001,mir-205-5p:0.559; mir-520c-3p:0.519; mir-223-3p:0.512
1250,mir-744-3p,MIMAT0004946,CUGUUGCCACUAACCUCAACCU,nao,0.521822,0.663974,0.681056,,kmer:GU:0.0017; kmer:AA:0.0010; kmer:UGU:0.0009; kmer:UA:0.0008; kmer:GUU:0.0004; kmer:UAA:0.0003; kmer:AAC:0.0003; kmer:AACC:0.0003; kmer:UUG:0.0002; kmer:GUUG:0.0002,mir-125a-5p:0.577; mir-125b-5p:0.557; mir-200a-3p:0.514
1251,mir-5695,MIMAT0022488,ACUCCAAGAAGAAUCUAGACAG,nao,0.521440,0.663973,0.681050,,kmer:AA:0.0013; kmer:UA:0.0007; kmer:UAG:0.0006; kmer:AAU:0.0006; kmer:AAUC:0.0003; kmer:GAAU:0.0002; kmer:GAAUC:0.0002; kmer:AUC:0.0001; kmer:ACAG:0.0001; kmer:UCCA:0.0001,mir-191-5p:0.505; mir-6875-5p:0.433; mir-195-5p:0.424
1252,mir-4506,MIMAT0019042,AAAUGGGUGGUCUGAGGCAA,nao,0.521057,0.663973,0.681048,,kmer:GU:0.0030; kmer:AA:0.0013; kmer:GUG:0.0007; kmer:AAU:0.0006; kmer:AAA:0.0004; kmer:AAAU:0.0003; kmer:GCA:0.0003; kmer:CUGA:0.0002; kmer:AAUG:0.0002; kmer:UGA:0.0002,mir-6861-5p:0.610; mir-181b-5p:0.535; mir-206:0.522
1253,mir-4421,MIMAT0018934,ACCUGUCUGUGGAAAGGAGCUA,nao,0.520674,0.663972,0.681043,,kmer:GU:0.0029; kmer:UGU:0.0015; kmer:AA:0.0008; kmer:UA:0.0007; kmer:GUG:0.0006; kmer:UGUG:0.0004; kmer:AAA:0.0004; kmer:UGUC:0.0002; kmer:UGUCU:0.0001; kmer:CCUGU:0.0001,mir-206:0.611; mir-200a-3p:0.538; mir-34a-5p:0.518
1254,mir-6083,MIMAT0023708,CUUAUAUCAGAGGCUGUGGG,nao,0.520291,0.663968,0.681028,,kmer:GU:0.0015; kmer:UA:0.0014; kmer:UGU:0.0008; kmer:GUG:0.0007; kmer:UGUG:0.0004; kmer:CUUA:0.0003; kmer:CUUAU:0.0002; kmer:UUA:0.0002; kmer:UUAU:0.0001; kmer:UAU:0.0001,mir-21-5p:0.565; mir-6861-5p:0.542; mir-31-5p:0.486
1255,mir-3147,MIMAT0015019,GGUUGGGCAGUGAGGAGGGUGUGA,nao,0.519908,0.663966,0.681020,,kmer:GU:0.0050; kmer:GUG:0.0017; kmer:UGU:0.0006; kmer:UGUG:0.0004; kmer:GUU:0.0003; kmer:UGA:0.0003; kmer:AGUG:0.0002; kmer:GCA:0.0002; kmer:AGU:0.0002; kmer:GCAG:0.0002,let-7b-5p:0.683; mir-6861-5p:0.614; mir-206:0.598
1256,mir-6789-3p,MIMAT0027479,CGGCGCCCGUGUCUCCUCCAG,nao,0.519525,0.663964,0.681010,,kmer:GU:0.0030; kmer:UGU:0.0008; kmer:GUG:0.0007; kmer:CGU:0.0005; kmer:CGUG:0.0004; kmer:UGUC:0.0002; kmer:CGGC:0.0001; kmer:CG:0.0001; kmer:UGUCU:0.0001; kmer:CCCGU:0.0001,mir-139-5p:0.604; mir-205-5p:0.531; mir-1307-3p:0.527
1257,mir-591,MIMAT0003259,AGACCAUGGGUUCUCAUUGU,nao,0.519142,0.663960,0.680991,,kmer:GU:0.0031; kmer:UGU:0.0008; kmer:UUGU:0.0006; kmer:GUU:0.0004; kmer:UUG:0.0002; kmer:AUUG:0.0001; kmer:GGUU:0.0001; kmer:AGACC:0.0001; kmer:CAUU:0.0001; kmer:CAUUG:0.0001,mir-181b-5p:0.645; mir-205-5p:0.525; mir-25-3p:0.523
1258,mir-6835-5p,MIMAT0027570,AGGGGGUAGAAAGUGGCUGAAG,nao,0.518760,0.663954,0.680965,,kmer:GU:0.0026; kmer:AA:0.0012; kmer:UA:0.0006; kmer:GUG:0.0006; kmer:UAG:0.0005; kmer:GUAG:0.0004; kmer:AAA:0.0003; kmer:GGUAG:0.0003; kmer:GUA:0.0003; kmer:AAGUG:0.0003,mir-6861-5p:0.640; mir-206:0.551; mir-520c-3p:0.540
1259,mir-371b-5p,MIMAT0019892,ACUCAAAAGAUGGCGGCACUUU,nao,0.518377,0.663948,0.680937,,kmer:AA:0.0012; kmer:AAA:0.0007; kmer:CAAA:0.0002; kmer:GCA:0.0002; kmer:GCAC:0.0002; kmer:CGGC:0.0001; kmer:UGGCG:0.0001; kmer:CAAAA:0.0001; kmer:CACUU:0.0001; kmer:GCACU:0.0001,mir-31-5p:0.525; mir-191-5p:0.523; mir-19a-3p:0.480
1260,mir-135a-2-3p,MIMAT0037309,AUGUAGGGAUGGAAGCCAUGAA,nao,0.517994,0.663947,0.680932,,kmer:GU:0.0015; kmer:AA:0.0009; kmer:UGU:0.0008; kmer:UA:0.0007; kmer:UAG:0.0006; kmer:GUAG:0.0005; kmer:GUA:0.0004; kmer:UGA:0.0002; kmer:GUAGG:0.0001; kmer:AUGUA:0.0001,mir-1-3p:0.643; mir-206:0.623; mir-1246:0.503
1261,mir-4264,MIMAT0016899,ACUCAGUCAUGGUCAUU,nao,0.517611,0.663941,0.680905,,kmer:GU:0.0041; kmer:AGU:0.0003; kmer:CAGU:0.0002; kmer:CAUU:0.0001; kmer:UCAGU:0.0001; kmer:CAG:0.0001; kmer:UCAUU:0.0001; kmer:GUC:0.0000; kmer:GGU:0.0000,mir-181b-5p:0.558; mir-205-5p:0.513; mir-223-3p:0.505
1262,mir-4732-3p,MIMAT0019856,GCCCUGACCUGUCCUGUUCUG,nao,0.517228,0.663938,0.680891,,kmer:GU:0.0029; kmer:UGU:0.0015; kmer:GUU:0.0003; kmer:UGUC:0.0002; kmer:CCUGU:0.0002; kmer:CUGA:0.0002; kmer:UGA:0.0001; kmer:CCCU:0.0001; kmer:CCCUG:0.0001; kmer:CCUGA:0.0001,mir-125a-5p:0.713; mir-125b-5p:0.612; mir-92a-3p:0.573
1263,mir-6078,MIMAT0023703,CCGCCUGAGCUAGCUGUGG,nao,0.516845,0.663933,0.680871,,kmer:GU:0.0017; kmer:UGU:0.0009; kmer:UA:0.0008; kmer:GUG:0.0008; kmer:UAG:0.0007; kmer:UGUG:0.0005; kmer:UAGC:0.0004; kmer:UAGCU:0.0003; kmer:CUGA:0.0002; kmer:UGA:0.0002,mir-210-3p:0.571; mir-31-5p:0.540; mir-34a-5p:0.528
1264,mir-4433a-5p,MIMAT0020956,CGUCCCACCCCCCACUCCUGU,nao,0.516462,0.663933,0.680870,,kmer:GU:0.0030; kmer:UGU:0.0008; kmer:CGU:0.0005; kmer:ACCC:0.0003; kmer:UCCC:0.0002; kmer:CCUGU:0.0001; kmer:UCCCA:0.0001; kmer:CG:0.0000; kmer:CUGU:0.0000; kmer:ACC:0.0000,mir-145-5p:0.557; mir-125a-5p:0.551; mir-125b-5p:0.501
1265,mir-1250-3p,MIMAT0026740,ACAUUUUCCAGCCCAUUCA,nao,0.516080,0.663932,0.680864,,kmer:CAUU:0.0002; kmer:CAGC:0.0002; kmer:UCCAG:0.0001; kmer:UCCA:0.0001; kmer:UUUUC:0.0001; kmer:AUUUU:0.0001; kmer:CAUUC:0.0001; kmer:CCAUU:0.0000; kmer:CAG:0.0000; kmer:UUUCC:0.0000,mir-145-5p:0.601; mir-205-5p:0.582; mir-223-3p:0.423
1266,mir-138-2-3p,MIMAT0004596,GCUAUUUCACGACACCAGGGUU,nao,0.515697,0.663931,0.680860,,kmer:GU:0.0015; kmer:UA:0.0007; kmer:GUU:0.0003; kmer:CGA:0.0002; kmer:UAUU:0.0001; kmer:GGUU:0.0001; kmer:CACG:0.0001; kmer:ACGA:0.0001; kmer:CCAGG:0.0001; kmer:CAGG:0.0001,mir-425-5p:0.493; mir-24-3p:0.467; mir-497-5p:0.453
1267,mir-892c-3p,MIMAT0025858,CACUGUUUCCUUUCUGAGUGGA,sim,0.515314,0.663929,0.680852,hsa-mir-892c,kmer:GU:0.0027; kmer:UGU:0.0007; kmer:GUG:0.0006; kmer:GUU:0.0003; kmer:AGUG:0.0003; kmer:AGU:0.0002; kmer:CUGA:0.0002; kmer:UGA:0.0001; kmer:CUGAG:0.0001; kmer:UCCUU:0.0000,mir-205-5p:0.578; mir-520c-3p:0.567; mir-125a-5p:0.546
1268,mir-4772-3p,MIMAT0019927,CCUGCAACUUUGCCUGAUCAGA,nao,0.514931,0.663925,0.680834,,kmer:AA:0.0004; kmer:UGCA:0.0003; kmer:GCA:0.0002; kmer:CUGA:0.0002; kmer:UUG:0.0002; kmer:UGCAA:0.0002; kmer:UGA:0.0001; kmer:AAC:0.0001; kmer:AACUU:0.0001; kmer:AUC:0.0001,mir-125a-5p:0.568; mir-21-5p:0.548; mir-125b-5p:0.548
1269,mir-597-3p,MIMAT0026619,UGGUUCUCUUGUGGCUCAAGCGU,nao,0.514548,0.663922,0.680819,,kmer:GU:0.0043; kmer:UGU:0.0008; kmer:GUG:0.0006; kmer:UUGU:0.0005; kmer:CGU:0.0005; kmer:AA:0.0004; kmer:UGUG:0.0004; kmer:GUU:0.0003; kmer:CUUGU:0.0003; kmer:UUGUG:0.0003,mir-34a-5p:0.642; mir-382-5p:0.557; mir-25-3p:0.555
1270,mir-7159-5p,MIMAT0028228,UUCAACAAGGGUGUAGGAUGG,nao,0.514165,0.663920,0.680812,,kmer:GU:0.0034; kmer:AA:0.0010; kmer:UGU:0.0009; kmer:UA:0.0008; kmer:GUG:0.0008; kmer:UAG:0.0007; kmer:GUAG:0.0006; kmer:GUA:0.0004; kmer:AAC:0.0001; kmer:GUAGG:0.0001,mir-6861-5p:0.609; mir-206:0.580; let-7b-5p:0.555
1271,mir-641,MIMAT0003311,AAAGACAUAGGAUAGAGUCACCUC,nao,0.513783,0.663913,0.680783,,kmer:GU:0.0015; kmer:UA:0.0015; kmer:UAG:0.0012; kmer:AA:0.0009; kmer:AAA:0.0004; kmer:AUAG:0.0003; kmer:AGU:0.0002; kmer:GAUAG:0.0001; kmer:AUAGG:0.0001; kmer:AAAG:0.0001,mir-6875-5p:0.527; mir-31-5p:0.447; mir-20a-5p:0.440
1272,mir-7849-3p,MIMAT0030424,GACAAUUGUUGAUCUUGGGCCU,nao,0.513400,0.663909,0.680761,,kmer:GU:0.0015; kmer:UGU:0.0008; kmer:UUG:0.0006; kmer:AAU:0.0006; kmer:UUGU:0.0005; kmer:AA:0.0004; kmer:GUU:0.0004; kmer:GUUG:0.0002; kmer:GUUGA:0.0002; kmer:UGA:0.0002,mir-92a-3p:0.545; mir-21-5p:0.534; mir-373-3p:0.531
1273,mir-4751,MIMAT0019888,AGAGGACCCGUAGCUGCUAGAAGG,nao,0.513017,0.663904,0.680739,,kmer:GU:0.0014; kmer:UA:0.0013; kmer:UAG:0.0011; kmer:GUAG:0.0004; kmer:CGU:0.0004; kmer:AA:0.0004; kmer:UAGC:0.0003; kmer:GUA:0.0003; kmer:ACCC:0.0002; kmer:UAGCU:0.0002,mir-6875-5p:0.586; mir-31-5p:0.556; mir-520c-3p:0.479
1274,mir-5699-3p,MIMAT0022492,UCCUGUCUUUCCUUGUUGGAGC,nao,0.512634,0.663903,0.680737,,kmer:GU:0.0027; kmer:UGU:0.0014; kmer:UUGU:0.0005; kmer:UUG:0.0004; kmer:GUU:0.0003; kmer:CUUGU:0.0003; kmer:UGUC:0.0002; kmer:GUUG:0.0002; kmer:UGUCU:0.0001; kmer:CCUGU:0.0001,mir-205-5p:0.598; mir-92a-3p:0.566; mir-34a-5p:0.558
1275,mir-4731-3p,MIMAT0019854,CACACAAGUGGCCCCCAACACU,nao,0.512251,0.663902,0.680733,,kmer:GU:0.0015; kmer:AA:0.0009; kmer:GUG:0.0007; kmer:AAGUG:0.0003; kmer:AGUG:0.0003; kmer:AGU:0.0002; kmer:AAGU:0.0002; kmer:AAC:0.0001; kmer:UGGC:0.0001; kmer:ACACU:0.0000,mir-497-5p:0.463; mir-191-5p:0.456; mir-223-3p:0.435
1276,mir-1282,MIMAT0005940,UCGUUUGCCUUUUUCUGCUU,nao,0.511868,0.663900,0.680721,,kmer:GU:0.0017; kmer:CGU:0.0005; kmer:GUU:0.0004; kmer:UCGU:0.0003; kmer:UGCUU:0.0003; kmer:UCG:0.0003; kmer:UUG:0.0002; kmer:UGCU:0.0002; kmer:GCUU:0.0002; kmer:CGUU:0.0001,mir-520c-3p:0.597; mir-373-3p:0.552; mir-1246:0.459
1277,mir-137-5p,MIMAT0037310,ACGGGUAUUCUUGGGUGGAUAAU,nao,0.511485,0.663897,0.680711,,kmer:GU:0.0029; kmer:UA:0.0014; kmer:GUG:0.0007; kmer:AAU:0.0006; kmer:AA:0.0004; kmer:GUA:0.0003; kmer:GGUA:0.0003; kmer:UAA:0.0003; kmer:UUG:0.0002; kmer:UAUU:0.0001,mir-6861-5p:0.618; mir-181b-5p:0.600; mir-373-3p:0.583
1278,mir-8060,MIMAT0030987,CCAUGAAGCAGUGGGUAGGAGGAC,nao,0.511103,0.663896,0.680705,,kmer:GU:0.0026; kmer:UA:0.0006; kmer:GUG:0.0006; kmer:UAG:0.0005; kmer:GUAG:0.0004; kmer:AA:0.0004; kmer:GGUAG:0.0003; kmer:GUA:0.0003; kmer:AGCA:0.0003; kmer:GGUA:0.0003,mir-6875-5p:0.668; mir-6861-5p:0.617; mir-206:0.549
1279,mir-26b-3p,MIMAT0004500,CCUGUUCUCCAUUACUUGGCU,nao,0.510720,0.663896,0.680703,,kmer:GU:0.0014; kmer:UGU:0.0007; kmer:UA:0.0007; kmer:GUU:0.0003; kmer:UUA:0.0002; kmer:ACUUG:0.0002; kmer:UUG:0.0002; kmer:UUGGC:0.0001; kmer:UUAC:0.0001; kmer:CCUGU:0.0001,mir-92a-3p:0.550; mir-25-3p:0.530; mir-205-5p:0.527
1280,mir-617,MIMAT0003286,AGACUUCCCAUUUGAAGGUGGC,nao,0.510337,0.663894,0.680697,,kmer:GU:0.0014; kmer:GUG:0.0006; kmer:AA:0.0004; kmer:AGGU:0.0002; kmer:UUG:0.0002; kmer:UCCC:0.0002; kmer:UGA:0.0001; kmer:CAUU:0.0001; kmer:AUUUG:0.0001; kmer:UCCCA:0.0000,mir-373-3p:0.571; mir-520c-3p:0.542; mir-145-5p:0.516
1281,mir-8079,MIMAT0031006,CAGUGAUCGUCUCUGCUGGC,nao,0.509954,0.663892,0.680687,,kmer:GU:0.0032; kmer:GUG:0.0007; kmer:CGU:0.0005; kmer:AGUG:0.0003; kmer:AGU:0.0003; kmer:UCGU:0.0002; kmer:UCG:0.0002; kmer:UGCU:0.0002; kmer:CAGU:0.0002; kmer:UGA:0.0002,mir-34a-5p:0.581; mir-25-3p:0.576; mir-139-5p:0.574
1282,mir-6766-3p,MIMAT0027433,UGAUUGUCUUCCCCCACCCUCA,nao,0.509571,0.663887,0.680665,,kmer:GU:0.0015; kmer:UGU:0.0008; kmer:UUGU:0.0005; kmer:ACCC:0.0003; kmer:UGUC:0.0002; kmer:ACCCU:0.0002; kmer:UUG:0.0002; kmer:UUGUC:0.0002; kmer:UCCC:0.0002; kmer:UGA:0.0001,mir-205-5p:0.599; mir-125a-5p:0.598; mir-145-5p:0.590
1283,mir-605-5p,MIMAT0003273,UAAAUCCCAUGGUGCCUUCUCCU,nao,0.509188,0.663881,0.680639,,kmer:GU:0.0014; kmer:AA:0.0008; kmer:UA:0.0007; kmer:GUG:0.0006; kmer:GUGC:0.0006; kmer:AAU:0.0005; kmer:AAA:0.0004; kmer:AAUC:0.0003; kmer:AAAU:0.0003; kmer:UAA:0.0003,mir-365a-3p:0.659; mir-205-5p:0.564; mir-145-5p:0.562
1284,mir-6883-5p,MIMAT0027666,AGGGAGGGUGUGGUAUGGAUGU,nao,0.508806,0.663880,0.680632,,kmer:GU:0.0057; kmer:UGU:0.0015; kmer:GUG:0.0013; kmer:UA:0.0007; kmer:UGUG:0.0004; kmer:GUA:0.0003; kmer:GGUA:0.0003; kmer:GUGUG:0.0001; kmer:GAUGU:0.0001; kmer:GUGGU:0.0001,mir-206:0.681; let-7b-5p:0.658; mir-6861-5p:0.629
1285,mir-3925-5p,MIMAT0018200,AAGAGAACUGAAAGUGGAGCCU,nao,0.508423,0.663879,0.680629,,kmer:AA:0.0017; kmer:GU:0.0015; kmer:GUG:0.0007; kmer:AAA:0.0004; kmer:AAGUG:0.0003; kmer:AGUG:0.0003; kmer:AGU:0.0002; kmer:ACUGA:0.0002; kmer:AAGU:0.0002; kmer:CUGA:0.0002,mir-206:0.513; mir-1-3p:0.496; mir-191-5p:0.491
1286,mir-616-3p,MIMAT0004805,AGUCAUUGGAGGGUUUGAGCAG,nao,0.508040,0.663879,0.680627,,kmer:GU:0.0028; kmer:UUG:0.0004; kmer:AGCA:0.0003; kmer:GUU:0.0003; kmer:AGCAG:0.0003; kmer:GCA:0.0002; kmer:AGU:0.0002; kmer:GCAG:0.0002; kmer:AUUGG:0.0002; kmer:UGA:0.0001,mir-1246:0.653; mir-24-3p:0.543; mir-6875-5p:0.530
1287,mir-3649,MIMAT0018069,AGGGACCUGAGUGUCUAAG,nao,0.507657,0.663876,0.680615,,kmer:GU:0.0034; kmer:UGU:0.0009; kmer:UA:0.0008; kmer:GUG:0.0008; kmer:AA:0.0005; kmer:UAA:0.0003; kmer:AGUG:0.0003; kmer:UGUC:0.0003; kmer:AGU:0.0003; kmer:CUGA:0.0003,mir-125b-5p:0.556; mir-125a-5p:0.546; mir-206:0.537
1288,mir-4691-3p,MIMAT0019782,CCAGCCACGGACUGAGAGUGCAU,nao,0.507274,0.663866,0.680573,,kmer:GU:0.0015; kmer:GUG:0.0007; kmer:GUGC:0.0006; kmer:AGUGC:0.0005; kmer:GUGCA:0.0004; kmer:AGUG:0.0003; kmer:UGCA:0.0003; kmer:GCA:0.0002; kmer:AGU:0.0002; kmer:ACUGA:0.0002,mir-6875-5p:0.573; mir-139-5p:0.498; mir-17-5p:0.481
1289,mir-9903,MIMAT0039323,UUAUCCUCCAGUAGACUAGGGA,nao,0.506891,0.663865,0.680565,,kmer:UA:0.0021; kmer:GU:0.0014; kmer:UAG:0.0012; kmer:GUAG:0.0005; kmer:GUA:0.0003; kmer:AGU:0.0002; kmer:UUA:0.0002; kmer:AUCC:0.0002; kmer:CAGU:0.0001; kmer:UUAU:0.0001,mir-145-5p:0.513; mir-6861-5p:0.502; let-7a-5p:0.483
1290,mir-1270,MIMAT0005924,CUGGAGAUAUGGAAGAGCUGUGU,nao,0.506508,0.663857,0.680529,,kmer:GU:0.0028; kmer:UGU:0.0015; kmer:UA:0.0007; kmer:GUG:0.0006; kmer:AA:0.0004; kmer:UGUG:0.0004; kmer:GUGU:0.0001; kmer:UAU:0.0001; kmer:CUGU:0.0000; kmer:UGUGU:0.0000,mir-206:0.652; mir-1-3p:0.565; mir-31-5p:0.532
1291,mir-6893-5p,MIMAT0027686,CAGGCAGGUGUAGGGUGGAGC,nao,0.506126,0.663848,0.680490,,kmer:GU:0.0044; kmer:GUG:0.0013; kmer:UGU:0.0008; kmer:UA:0.0007; kmer:UAG:0.0006; kmer:GUAG:0.0005; kmer:GUA:0.0003; kmer:GCA:0.0002; kmer:GCAG:0.0002; kmer:AGGU:0.0002,mir-6861-5p:0.701; let-7b-5p:0.618; mir-6875-5p:0.551
1292,mir-513a-3p,MIMAT0004777,UAAAUUUCACCUUUCUGAGAAGG,sim,0.505743,0.663840,0.680456,hsa-mir-513a-1; hsa-mir-513a-2,kmer:AA:0.0012; kmer:UA:0.0007; kmer:AAU:0.0005; kmer:AAA:0.0004; kmer:AAAU:0.0003; kmer:UAA:0.0003; kmer:CUGA:0.0002; kmer:UGA:0.0001; kmer:UAAA:0.0001; kmer:AAUUU:0.0001,mir-520c-3p:0.583; mir-125a-5p:0.520; mir-205-5p:0.510
1293,mir-4781-5p,MIMAT0019942,UAGCGGGGAUUCCAAUAUUGG,nao,0.505360,0.663835,0.680430,,kmer:UA:0.0015; kmer:UAG:0.0006; kmer:AAU:0.0006; kmer:AA:0.0005; kmer:UAGC:0.0004; kmer:UAUUG:0.0003; kmer:UUG:0.0002; kmer:AAUAU:0.0002; kmer:AAUA:0.0002; kmer:AUAUU:0.0002,mir-1246:0.529; mir-16-5p:0.527; mir-195-5p:0.507
1294,mir-3619-5p,MIMAT0017999,UCAGCAGGCAGGCUGGUGCAGC,nao,0.504977,0.663834,0.680428,,kmer:GU:0.0013; kmer:GCA:0.0007; kmer:GCAG:0.0006; kmer:GUG:0.0006; kmer:GUGC:0.0005; kmer:GCAGG:0.0004; kmer:GUGCA:0.0003; kmer:AGCA:0.0003; kmer:CAGC:0.0003; kmer:AGCAG:0.0003,mir-24-3p:0.723; mir-31-5p:0.613; mir-497-5p:0.595
1295,mir-574-3p,MIMAT0003239,CACGCUCAUGCACACACCCACA,nao,0.504594,0.663830,0.680411,,kmer:UGCA:0.0003; kmer:ACCC:0.0003; kmer:GCA:0.0003; kmer:GCAC:0.0002; kmer:AUGC:0.0002; kmer:UGCAC:0.0001; kmer:GCACA:0.0001; kmer:CACG:0.0001; kmer:AUGCA:0.0001; kmer:CG:0.0001,mir-497-5p:0.486; mir-425-5p:0.469; mir-139-5p:0.430
1296,mir-7157-5p,MIMAT0028224,UCAGCAUUCAUUGGCACCAGAGA,nao,0.504211,0.663828,0.680402,,kmer:GCA:0.0004; kmer:AGCA:0.0003; kmer:CAGCA:0.0002; kmer:GCAC:0.0002; kmer:UUG:0.0002; kmer:CAUU:0.0002; kmer:CAGC:0.0001; kmer:AUUGG:0.0001; kmer:UUGGC:0.0001; kmer:AUUG:0.0001,mir-24-3p:0.621; mir-195-5p:0.614; mir-205-5p:0.519
1297,mir-5092,MIMAT0021084,AAUCCACGCUGAGCUUGGCAUC,nao,0.503828,0.663810,0.680320,,kmer:AAU:0.0006; kmer:AA:0.0004; kmer:AAUC:0.0003; kmer:AAUCC:0.0003; kmer:GCA:0.0003; kmer:CUGA:0.0002; kmer:UUG:0.0002; kmer:AUC:0.0002; kmer:AUCC:0.0002; kmer:UUGGC:0.0002,mir-31-5p:0.599; mir-191-5p:0.531; mir-19b-3p:0.475
1298,mir-1289,MIMAT0005879,UGGAGUCCAGGAAUCUGCAUUUU,nao,0.503446,0.663798,0.680268,,kmer:GU:0.0013; kmer:AAU:0.0005; kmer:AA:0.0004; kmer:AAUC:0.0003; kmer:UGCA:0.0002; kmer:GCA:0.0002; kmer:AGU:0.0002; kmer:GAAU:0.0002; kmer:GGAAU:0.0002; kmer:GAAUC:0.0001,mir-1246:0.664; mir-145-5p:0.647; mir-205-5p:0.546
1299,mir-1178-3p,MIMAT0005823,UUGCUCACUGUUCUUCCCUAG,nao,0.503063,0.663795,0.680251,,kmer:GU:0.0015; kmer:UGU:0.0008; kmer:UA:0.0007; kmer:UAG:0.0006; kmer:GUU:0.0003; kmer:UUG:0.0002; kmer:UGCU:0.0002; kmer:UCCC:0.0002; kmer:CCCU:0.0001; kmer:UCCCU:0.0001,mir-205-5p:0.567; mir-92a-3p:0.527; mir-125b-5p:0.510
1300,mir-10523-5p,MIMAT0041992,GACAAUGAUGAGAAGACCUGAGGA,nao,0.502680,0.663792,0.680239,,kmer:AA:0.0008; kmer:AAU:0.0005; kmer:UGA:0.0004; kmer:CUGA:0.0002; kmer:AAUG:0.0002; kmer:AGACC:0.0001; kmer:CCUGA:0.0001; kmer:CUGAG:0.0001; kmer:UGAGA:0.0001; kmer:GACC:0.0001,mir-6875-5p:0.639; mir-125b-5p:0.543; mir-125a-5p:0.538
1301,mir-1292-3p,MIMAT0022948,UCGCGCCCCGGCUCCCGUUC,nao,0.502297,0.663792,0.680238,,kmer:GU:0.0016; kmer:CGU:0.0005; kmer:GUU:0.0004; kmer:UCG:0.0003; kmer:CCCG:0.0002; kmer:CG:0.0002; kmer:UCCC:0.0002; kmer:CCGUU:0.0002; kmer:CGGC:0.0002; kmer:CCG:0.0002,mir-4634:0.625; mir-92a-3p:0.482; mir-99a-5p:0.452
1302,mir-23b-3p,MIMAT0000418,AUCACAUUGCCAGGGAUUACCAC,sim,0.501914,0.663788,0.680222,hsa-mir-23b,kmer:UA:0.0007; kmer:UUA:0.0002; kmer:UUG:0.0002; kmer:AUUGC:0.0001; kmer:UACC:0.0001; kmer:AUUG:0.0001; kmer:UUAC:0.0001; kmer:AUC:0.0001; kmer:CAUU:0.0001; kmer:CCAGG:0.0001,mir-451a:0.477; mir-181b-5p:0.466; mir-6875-5p:0.452
1303,mir-4529-3p,MIMAT0019068,AUUGGACUGCUGAUGGCCCGU,nao,0.501531,0.663787,0.680216,,kmer:GU:0.0015; kmer:CGU:0.0005; kmer:CUGA:0.0002; kmer:UUG:0.0002; kmer:UGCU:0.0002; kmer:AUUGG:0.0002; kmer:UGA:0.0002; kmer:AUUG:0.0001; kmer:CCCGU:0.0001; kmer:CCGU:0.0001,mir-92a-3p:0.515; mir-21-5p:0.515; mir-210-3p:0.509
1304,mir-7704,MIMAT0030019,CGGGGUCGGCGGCGACGUG,nao,0.501149,0.663781,0.680188,,kmer:GU:0.0035; kmer:GUG:0.0008; kmer:CGU:0.0006; kmer:CGUG:0.0004; kmer:CGGC:0.0003; kmer:CG:0.0003; kmer:UCG:0.0003; kmer:CGA:0.0002; kmer:CGGCG:0.0001; kmer:UCGG:0.0001,mir-4634:0.757; mir-1307-3p:0.752; mir-6861-5p:0.462
1305,mir-182-3p,MIMAT0000260,UGGUUCUAGACUUGCCAACUA,nao,0.500766,0.663776,0.680167,,kmer:GU:0.0017; kmer:UA:0.0017; kmer:UAG:0.0007; kmer:AA:0.0005; kmer:GUU:0.0004; kmer:ACUUG:0.0003; kmer:UUG:0.0002; kmer:AAC:0.0001; kmer:GGUU:0.0001; kmer:UGGUU:0.0001,mir-125b-5p:0.516; mir-25-3p:0.489; mir-21-5p:0.484
1306,mir-9900,MIMAT0039320,ACAGGUCCUAAGAGACUGCAU,nao,0.500383,0.663774,0.680158,,kmer:GU:0.0016; kmer:UA:0.0008; kmer:AA:0.0005; kmer:UAA:0.0003; kmer:UGCA:0.0003; kmer:GCA:0.0003; kmer:AGGU:0.0002; kmer:CAGGU:0.0002; kmer:CUAA:0.0002; kmer:CCUAA:0.0002,mir-6875-5p:0.521; mir-125b-5p:0.495; mir-17-5p:0.486
1307,mir-449c-3p,MIMAT0013771,UUGCUAGUUGCACUCCUCUCUGU,nao,0.500000,0.663770,0.680142,,kmer:GU:0.0028; kmer:UGU:0.0007; kmer:UA:0.0007; kmer:UAG:0.0006; kmer:UUG:0.0004; kmer:GUU:0.0003; kmer:UGCA:0.0003; kmer:GCA:0.0002; kmer:AGU:0.0002; kmer:GCAC:0.0002,mir-25-3p:0.641; mir-92a-3p:0.566; mir-139-5p:0.542
1308,mir-4677-5p,MIMAT0019760,UUGUUCUUUGGUCUUUCAGCCA,nao,0.499617,0.663770,0.680139,,kmer:GU:0.0030; kmer:UGU:0.0008; kmer:UUGU:0.0005; kmer:UUG:0.0004; kmer:GUU:0.0003; kmer:CAGC:0.0002; kmer:GUCU:0.0001; kmer:UGUUC:0.0000; kmer:CAG:0.0000; kmer:GUC:0.0000,mir-34a-5p:0.536; mir-25-3p:0.532; mir-373-3p:0.528
1309,mir-7975,MIMAT0031178,AUCCUAGUCACGGCACCA,nao,0.499234,0.663769,0.680137,,kmer:GU:0.0021; kmer:UA:0.0010; kmer:UAG:0.0009; kmer:GCA:0.0003; kmer:AGU:0.0003; kmer:GCAC:0.0003; kmer:AUCC:0.0002; kmer:CGGC:0.0002; kmer:CACG:0.0002; kmer:AUC:0.0001,mir-205-5p:0.552; mir-139-5p:0.521; mir-425-5p:0.443
1310,mir-4632-5p,MIMAT0022977,GAGGGCAGCGUGGGUGUGGCGGA,nao,0.498851,0.663767,0.680126,,kmer:GU:0.0037; kmer:GUG:0.0017; kmer:UGU:0.0006; kmer:CGU:0.0004; kmer:UGUG:0.0004; kmer:CGUG:0.0003; kmer:GCA:0.0002; kmer:GCAGC:0.0002; kmer:GCAG:0.0002; kmer:CAGC:0.0001,mir-6861-5p:0.641; mir-210-3p:0.588; mir-1307-3p:0.583
1311,mir-6840-3p,MIMAT0027583,GCCCAGGACUUUGUGCGGGGUG,nao,0.498469,0.663763,0.680111,,kmer:GU:0.0028; kmer:GUG:0.0012; kmer:UGU:0.0007; kmer:GUGC:0.0006; kmer:UUGU:0.0005; kmer:UGUG:0.0004; kmer:UUGUG:0.0003; kmer:UUG:0.0002; kmer:UUUGU:0.0002; kmer:CAGGA:0.0001,mir-6861-5p:0.599; mir-373-3p:0.597; mir-210-3p:0.534
1312,mir-4273,MIMAT0016903,GUGUUCUCUGAUGGACAG,nao,0.498086,0.663762,0.680105,,kmer:GU:0.0037; kmer:UGU:0.0010; kmer:GUG:0.0008; kmer:GUU:0.0004; kmer:CUGA:0.0003; kmer:UGA:0.0002; kmer:ACAG:0.0001; kmer:GUGU:0.0001; kmer:CUGAU:0.0001; kmer:UGUUC:0.0001,mir-21-5p:0.554; mir-25-3p:0.534; mir-210-3p:0.532
1313,mir-5189-3p,MIMAT0027088,UGCCAACCGUCAGAGCCCAGA,nao,0.497703,0.663760,0.680097,,kmer:GU:0.0017; kmer:CGU:0.0005; kmer:AA:0.0005; kmer:ACCG:0.0003; kmer:AACCG:0.0002; kmer:AAC:0.0001; kmer:AACC:0.0001; kmer:CCGU:0.0001; kmer:CAG:0.0001; kmer:CCG:0.0001,mir-191-5p:0.485; mir-24-3p:0.482; mir-223-3p:0.481
1314,mir-432-5p,MIMAT0002814,UCUUGGAGUAGGUCAUUGGGUGG,nao,0.497320,0.663760,0.680094,,kmer:GU:0.0039; kmer:UA:0.0006; kmer:GUG:0.0006; kmer:UAG:0.0005; kmer:GUAG:0.0004; kmer:UUG:0.0004; kmer:GUA:0.0003; kmer:AGU:0.0002; kmer:AGGU:0.0002; kmer:AUUGG:0.0001,mir-6861-5p:0.673; mir-181b-5p:0.641; let-7b-5p:0.628
1315,mir-6780b-3p,MIMAT0027573,UCCCUUGUCUCCUUUCCCUAG,nao,0.496937,0.663759,0.680091,,kmer:GU:0.0014; kmer:UGU:0.0007; kmer:UA:0.0007; kmer:UAG:0.0006; kmer:UUGU:0.0005; kmer:UCCC:0.0003; kmer:CUUGU:0.0003; kmer:CCCU:0.0003; kmer:UCCCU:0.0003; kmer:UGUC:0.0002,mir-145-5p:0.608; mir-125a-5p:0.601; mir-205-5p:0.596
1316,mir-4425,MIMAT0018940,UGUUGGGAUUCAGCAGGACCAU,nao,0.496554,0.663758,0.680087,,kmer:GU:0.0014; kmer:UGU:0.0007; kmer:AGCA:0.0003; kmer:GUU:0.0003; kmer:AGCAG:0.0003; kmer:CAGCA:0.0002; kmer:GCA:0.0002; kmer:GCAG:0.0002; kmer:GCAGG:0.0002; kmer:UUG:0.0002,mir-24-3p:0.659; mir-1246:0.626; mir-6875-5p:0.594
1317,mir-4773,MIMAT0019928,CAGAACAGGAGCAUAGAAAGGC,nao,0.496172,0.663753,0.680064,,kmer:AA:0.0013; kmer:UA:0.0007; kmer:UAG:0.0006; kmer:AAA:0.0004; kmer:AGCA:0.0004; kmer:GCA:0.0003; kmer:AUAG:0.0002; kmer:CAGGA:0.0001; kmer:AAC:0.0001; kmer:ACAG:0.0001,mir-195-5p:0.649; mir-24-3p:0.629; mir-6875-5p:0.615
1318,mir-3680-3p,MIMAT0018107,UUUUGCAUGACCCUGGGAGUAGG,nao,0.495789,0.663753,0.680063,,kmer:GU:0.0013; kmer:UA:0.0006; kmer:UAG:0.0005; kmer:GUAG:0.0004; kmer:GUA:0.0003; kmer:UGCA:0.0002; kmer:ACCC:0.0002; kmer:GCA:0.0002; kmer:AGU:0.0002; kmer:ACCCU:0.0002,mir-1246:0.602; mir-125a-5p:0.551; mir-373-3p:0.533
1319,mir-629-5p,MIMAT0004810,UGGGUUUACGUUGGGAGAACU,nao,0.495406,0.663750,0.680051,,kmer:GU:0.0031; kmer:UA:0.0008; kmer:GUU:0.0007; kmer:CGU:0.0005; kmer:AA:0.0005; kmer:UUA:0.0002; kmer:UUG:0.0002; kmer:GUUG:0.0002; kmer:UUAC:0.0001; kmer:AAC:0.0001,mir-373-3p:0.568; mir-6861-5p:0.547; mir-382-5p:0.500
1320,mir-4439,MIMAT0018957,GUGACUGAUACCUUGGAGGCAU,nao,0.495023,0.663747,0.680035,,kmer:GU:0.0014; kmer:UA:0.0007; kmer:GUG:0.0006; kmer:UGA:0.0003; kmer:GCA:0.0002; kmer:ACUGA:0.0002; kmer:CUGA:0.0002; kmer:UUG:0.0002; kmer:UACC:0.0001; kmer:AUACC:0.0001,mir-21-5p:0.569; mir-125b-5p:0.520; mir-125a-5p:0.510
1321,mir-6889-3p,MIMAT0027679,UCUGUGCCCCUACUUCCCAG,nao,0.494640,0.663746,0.680033,,kmer:GU:0.0016; kmer:UGU:0.0008; kmer:UA:0.0008; kmer:GUG:0.0007; kmer:GUGC:0.0006; kmer:UGUG:0.0005; kmer:UCCC:0.0002; kmer:CCCU:0.0002; kmer:CCCUA:0.0001; kmer:UGUGC:0.0001,mir-125b-5p:0.607; mir-125a-5p:0.606; mir-145-5p:0.589
1322,mir-2276-3p,MIMAT0011775,UCUGCAAGUGUCAGAGGCGAGG,nao,0.494257,0.663746,0.680032,,kmer:GU:0.0030; kmer:UGU:0.0008; kmer:GUG:0.0007; kmer:AA:0.0004; kmer:AAGUG:0.0003; kmer:AGUG:0.0003; kmer:UGCA:0.0003; kmer:GCA:0.0002; kmer:UGUC:0.0002; kmer:AGU:0.0002,mir-93-5p:0.554; mir-24-3p:0.546; mir-17-5p:0.533
1323,mir-1285-5p,MIMAT0022719,GAUCUCACUUUGUUGCCCAGG,nao,0.493874,0.663743,0.680021,,kmer:GU:0.0015; kmer:UGU:0.0008; kmer:UUGU:0.0005; kmer:UUG:0.0004; kmer:GUU:0.0003; kmer:GUUG:0.0002; kmer:UUUGU:0.0002; kmer:AUC:0.0001; kmer:CACUU:0.0001; kmer:CCAGG:0.0001,mir-25-3p:0.558; mir-92a-3p:0.546; mir-145-5p:0.519
1324,mir-9901,MIMAT0039321,CGGUCGCCGCGGUUCGCCGCC,nao,0.493492,0.663743,0.680020,,kmer:GU:0.0041; kmer:UCG:0.0006; kmer:GUU:0.0005; kmer:CG:0.0004; kmer:UUCG:0.0002; kmer:CCG:0.0002; kmer:GGUU:0.0002; kmer:GUUCG:0.0002; kmer:CGGUC:0.0001; kmer:GUCG:0.0001,mir-4634:0.636; mir-1307-3p:0.605; mir-382-5p:0.381
1325,mir-485-5p,MIMAT0002175,AGAGGCUGGCCGUGAUGAAUUC,nao,0.493109,0.663739,0.680003,,kmer:GU:0.0015; kmer:GUG:0.0007; kmer:AAU:0.0006; kmer:CGU:0.0005; kmer:AA:0.0004; kmer:CGUG:0.0004; kmer:UGA:0.0003; kmer:GAAU:0.0002; kmer:CCGU:0.0001; kmer:CGUGA:0.0001,mir-31-5p:0.556; mir-210-3p:0.518; mir-21-5p:0.482
1326,mir-2116-5p,MIMAT0011160,GGUUCUUAGCAUAGGAGGUCU,nao,0.492726,0.663739,0.679999,,kmer:GU:0.0030; kmer:UA:0.0015; kmer:UAG:0.0012; kmer:UAGC:0.0004; kmer:CUUA:0.0004; kmer:AGCA:0.0004; kmer:GUU:0.0003; kmer:GCA:0.0002; kmer:UUA:0.0002; kmer:AGGU:0.0002,let-7a-5p:0.564; mir-34a-5p:0.536; mir-520c-3p:0.519
1327,mir-4537,MIMAT0019080,UGAGCCGAGCUGAGCUUAGCUG,nao,0.492343,0.663726,0.679943,,kmer:UA:0.0007; kmer:UAG:0.0006; kmer:UAGC:0.0003; kmer:CUUA:0.0003; kmer:GCUUA:0.0003; kmer:UGA:0.0003; kmer:UUA:0.0002; kmer:UAGCU:0.0002; kmer:CUGA:0.0002; kmer:CGA:0.0001,mir-31-5p:0.537; mir-21-5p:0.532; mir-34a-5p:0.470
1328,mir-3150b-3p,MIMAT0018194,UGAGGAGAUCGUCGAGGUUGG,nao,0.491960,0.663724,0.679936,,kmer:GU:0.0031; kmer:CGU:0.0005; kmer:UCG:0.0005; kmer:GUU:0.0004; kmer:UCGU:0.0002; kmer:AGGU:0.0002; kmer:UUG:0.0002; kmer:GUUG:0.0002; kmer:CGA:0.0002; kmer:UGA:0.0002,mir-6875-5p:0.591; let-7b-5p:0.543; mir-382-5p:0.520
1329,mir-6866-3p,MIMAT0027633,GAUCCCUUUAUCUGUCCUCUAG,nao,0.491577,0.663721,0.679923,,kmer:GU:0.0014; kmer:UA:0.0014; kmer:UGU:0.0008; kmer:UAG:0.0006; kmer:UGUC:0.0002; kmer:UUA:0.0002; kmer:AUC:0.0002; kmer:AUCC:0.0002; kmer:UCCC:0.0002; kmer:CCCU:0.0001,mir-125a-5p:0.568; mir-205-5p:0.565; mir-99a-5p:0.538
1330,mir-329-3p,MIMAT0001629,AACACACCUGGUUAACCUCUUU,sim,0.491194,0.663721,0.679922,hsa-mir-329-1; hsa-mir-329-2,kmer:GU:0.0016; kmer:AA:0.0009; kmer:UA:0.0008; kmer:GUU:0.0004; kmer:UAA:0.0003; kmer:AAC:0.0003; kmer:UUA:0.0003; kmer:UAAC:0.0002; kmer:GGUU:0.0001; kmer:AACC:0.0001,mir-200a-3p:0.554; mir-125a-5p:0.548; mir-451a:0.494
1331,mir-135a-3p,MIMAT0004595,UAUAGGGAUUGGAGCCGUGGCG,sim,0.490812,0.663719,0.679912,hsa-mir-135a-1; hsa-mir-135a-2,kmer:GU:0.0014; kmer:UA:0.0014; kmer:GUG:0.0006; kmer:UAG:0.0006; kmer:CGU:0.0005; kmer:CGUG:0.0003; kmer:UUG:0.0002; kmer:AUAG:0.0002; kmer:AUUGG:0.0002; kmer:AUUG:0.0001,mir-1246:0.567; mir-6861-5p:0.503; mir-155-5p:0.503
1332,mir-9718,MIMAT0039310,UUGCUGACCUGGGUGGUGGU,nao,0.490429,0.663713,0.679885,,kmer:GU:0.0046; kmer:GUG:0.0014; kmer:CUGA:0.0002; kmer:UUG:0.0002; kmer:UGCU:0.0002; kmer:UGA:0.0002; kmer:GUGGU:0.0002; kmer:GACC:0.0001; kmer:GGU:0.0000; kmer:ACC:0.0000,mir-6861-5p:0.622; mir-181b-5p:0.603; mir-34a-5p:0.545
1333,mir-4262,MIMAT0016894,GACAUUCAGACUACCUG,nao,0.490046,0.663712,0.679880,,kmer:UA:0.0010; seed:ACAUUCA:0.0002; kmer:UACC:0.0002; kmer:CAUU:0.0001; kmer:CAGAC:0.0001; kmer:CAUUC:0.0001; kmer:CAG:0.0000; kmer:AGAC:0.0000; kmer:AGACU:0.0000; kmer:ACC:0.0000,mir-21-5p:0.502; mir-205-5p:0.478; mir-125a-5p:0.465
1334,mir-3175,MIMAT0015052,CGGGGAGAGAACGCAGUGACGU,nao,0.489663,0.663711,0.679875,,kmer:GU:0.0032; kmer:GUG:0.0007; kmer:CGU:0.0005; kmer:AA:0.0005; kmer:AGUG:0.0003; kmer:GCA:0.0003; kmer:AGU:0.0003; kmer:GCAG:0.0002; kmer:CAGU:0.0002; kmer:UGA:0.0002,mir-6875-5p:0.589; mir-4634:0.429; mir-24-3p:0.423
1335,mir-191-3p,MIMAT0001618,GCUGCGCUUGGAUUUCGUCCCC,nao,0.489280,0.663703,0.679839,,kmer:GU:0.0015; kmer:CGU:0.0005; kmer:UCGU:0.0002; kmer:UCG:0.0002; kmer:UUG:0.0002; kmer:UUCG:0.0002; kmer:UCCC:0.0002; kmer:GCUU:0.0001; kmer:UUCGU:0.0001; kmer:CG:0.0001,mir-92a-3p:0.543; mir-373-3p:0.528; mir-382-5p:0.498
1336,mir-6823-5p,MIMAT0027546,UCAGGGUUGGUAGGGGUUGCU,nao,0.488897,0.663697,0.679814,,kmer:GU:0.0041; kmer:UA:0.0007; kmer:GUU:0.0006; kmer:UAG:0.0006; kmer:GUAG:0.0005; kmer:UUG:0.0004; kmer:GUUG:0.0004; kmer:GGUAG:0.0004; kmer:GUA:0.0003; kmer:GGUA:0.0003,mir-6861-5p:0.696; let-7b-5p:0.628; let-7a-5p:0.554
1337,mir-6855-5p,MIMAT0027610,UUGGGGUUUGGGGUGCAGACAUUGC,nao,0.488515,0.663690,0.679781,,kmer:GU:0.0023; kmer:GUG:0.0005; kmer:UUG:0.0005; kmer:GUGC:0.0005; kmer:GUGCA:0.0003; kmer:GUU:0.0003; kmer:UGCA:0.0002; kmer:GCA:0.0002; kmer:GCAG:0.0002; kmer:AUUGC:0.0001,mir-373-3p:0.672; mir-6861-5p:0.603; mir-181b-5p:0.603
1338,mir-8053,MIMAT0030980,UGGCGAUUUUGGAACUCAAUGGCA,nao,0.488132,0.663690,0.679780,,kmer:AA:0.0008; kmer:AAU:0.0005; kmer:GCA:0.0002; kmer:UUG:0.0002; kmer:CGAU:0.0002; kmer:AAUG:0.0002; kmer:CGA:0.0001; kmer:AAC:0.0001; kmer:UGGC:0.0001; kmer:UGGCG:0.0001,mir-1246:0.705; mir-373-3p:0.578; mir-31-5p:0.493
1339,mir-134-5p,MIMAT0000447,UGUGACUGGUUGACCAGAGGGG,nao,0.487749,0.663689,0.679779,,kmer:GU:0.0027; kmer:UGU:0.0007; kmer:GUG:0.0006; kmer:UGUG:0.0004; kmer:GUU:0.0003; kmer:UGA:0.0003; kmer:UUG:0.0002; kmer:GUUG:0.0002; kmer:GUUGA:0.0002; kmer:UGUGA:0.0001,mir-6875-5p:0.591; mir-6861-5p:0.571; let-7b-5p:0.557
1340,mir-8055,MIMAT0030982,CUUUGAGCACAUGAGCAGACGGA,nao,0.487366,0.663688,0.679774,,kmer:AGCA:0.0007; kmer:GCA:0.0005; kmer:UGA:0.0003; kmer:AGCAG:0.0003; kmer:GCAG:0.0002; kmer:GCAC:0.0002; kmer:UUG:0.0002; kmer:AGCAC:0.0002; kmer:GCACA:0.0001; kmer:CAGAC:0.0001,mir-195-5p:0.574; mir-497-5p:0.558; mir-6875-5p:0.534
1341,mir-10399-3p,MIMAT0041630,CUCUCGGACAAGCUGUAGGUC,nao,0.486983,0.663676,0.679718,,kmer:GU:0.0030; kmer:UGU:0.0008; kmer:UA:0.0007; kmer:UAG:0.0006; kmer:GUAG:0.0005; kmer:AA:0.0004; kmer:GUA:0.0004; kmer:UCG:0.0002; kmer:AGGU:0.0002; kmer:UAGGU:0.0001,mir-25-3p:0.524; mir-6861-5p:0.495; mir-93-5p:0.486
1342,mir-133b,MIMAT0000770,UUUGGUCCCCUUCAACCAGCUA,sim,0.486600,0.663672,0.679699,hsa-mir-133b,kmer:GU:0.0015; kmer:UA:0.0007; kmer:AA:0.0004; kmer:UUG:0.0002; kmer:CAGC:0.0002; kmer:UCCC:0.0002; kmer:CCCU:0.0001; kmer:AAC:0.0001; kmer:AACC:0.0001; kmer:CAG:0.0000,mir-145-5p:0.621; mir-205-5p:0.572; mir-125a-5p:0.549
1343,mir-4761-3p,MIMAT0019909,GAGGGCAUGCGCACUUUGUCC,nao,0.486217,0.663665,0.679672,,kmer:GU:0.0015; kmer:UGU:0.0008; kmer:UUGU:0.0005; kmer:GCA:0.0005; kmer:UGUC:0.0002; kmer:GCAC:0.0002; kmer:UUG:0.0002; kmer:UUGUC:0.0002; kmer:UUUGU:0.0002; kmer:AUGC:0.0002,mir-92a-3p:0.606; mir-25-3p:0.552; mir-31-5p:0.525
1344,mir-378h,MIMAT0018984,ACUGGACUUGGUGUCAGAUGG,nao,0.485835,0.663662,0.679658,,kmer:GU:0.0030; kmer:UGU:0.0008; kmer:GUG:0.0007; kmer:UGUC:0.0002; kmer:ACUUG:0.0002; kmer:UUG:0.0002; kmer:UGUCA:0.0001; kmer:GUGU:0.0001; kmer:GUGUC:0.0001; kmer:CAG:0.0000,mir-34a-5p:0.565; mir-200a-3p:0.538; mir-21-5p:0.521
1345,mir-1228-5p,MIMAT0005582,GUGGGCGGGGGCAGGUGUGUG,nao,0.485452,0.663660,0.679646,,kmer:GU:0.0060; kmer:GUG:0.0027; kmer:UGU:0.0016; kmer:UGUG:0.0009; kmer:GUGUG:0.0003; kmer:GCA:0.0002; kmer:GCAG:0.0002; kmer:AGGU:0.0002; kmer:GCAGG:0.0002; kmer:CAGGU:0.0002,mir-6861-5p:0.689; mir-206:0.594; let-7b-5p:0.568
1346,mir-12113,MIMAT0049007,UCUGAACUCUAUGUGGGAUUAG,nao,0.485069,0.663652,0.679610,,kmer:GU:0.0015; kmer:UA:0.0015; kmer:UGU:0.0008; kmer:GUG:0.0007; kmer:UAG:0.0006; kmer:AA:0.0004; kmer:UGUG:0.0004; kmer:UUA:0.0002; kmer:CUGA:0.0002; kmer:UGA:0.0002,mir-21-5p:0.519; mir-200a-3p:0.517; mir-206:0.496
1347,mir-4675,MIMAT0019757,GGGGCUGUGAUUGACCAGCAGG,nao,0.484686,0.663652,0.679610,,kmer:GU:0.0014; kmer:UGU:0.0007; kmer:GUG:0.0006; kmer:UGUG:0.0004; kmer:AGCA:0.0003; kmer:UGA:0.0003; kmer:AGCAG:0.0003; kmer:CAGCA:0.0002; kmer:GCA:0.0002; kmer:GCAG:0.0002,mir-210-3p:0.577; mir-6861-5p:0.573; mir-497-5p:0.551
1348,mir-921,MIMAT0004971,CUAGUGAGGGACAGAACCAGGAUUC,nao,0.484303,0.663650,0.679604,,kmer:GU:0.0012; kmer:UA:0.0006; kmer:GUG:0.0005; kmer:UAG:0.0005; kmer:AA:0.0003; kmer:AGUG:0.0002; kmer:AGU:0.0002; kmer:UGA:0.0001; kmer:CAGGA:0.0001; kmer:AAC:0.0001,mir-6875-5p:0.789; mir-24-3p:0.556; mir-1246:0.469
1349,mir-4436a,MIMAT0018952,GCAGGACAGGCAGAAGUGGAU,nao,0.483920,0.663650,0.679600,,kmer:GU:0.0014; kmer:GUG:0.0006; kmer:GCA:0.0005; kmer:GCAG:0.0004; kmer:AA:0.0004; kmer:AAGUG:0.0003; kmer:AGUG:0.0003; kmer:AGU:0.0002; kmer:AAGU:0.0002; kmer:GCAGG:0.0002,mir-6875-5p:0.682; mir-24-3p:0.667; mir-17-5p:0.545
1350,mir-3926,MIMAT0018201,UGGCCAAAAAGCAGGCAGAGA,nao,0.483538,0.663641,0.679563,,kmer:AA:0.0019; kmer:AAA:0.0013; kmer:GCA:0.0005; kmer:GCAG:0.0005; kmer:AGCA:0.0004; kmer:AGCAG:0.0003; kmer:CAAA:0.0003; kmer:GCAGG:0.0002; kmer:CAAAA:0.0001; kmer:CAGG:0.0001,mir-191-5p:0.673; mir-195-5p:0.605; mir-24-3p:0.578
1351,mir-4709-3p,MIMAT0019812,UUGAAGAGGAGGUGCUCUGUAGC,nao,0.483155,0.663636,0.679540,,kmer:GU:0.0029; kmer:UGU:0.0007; kmer:UA:0.0007; kmer:GUG:0.0006; kmer:UAG:0.0006; kmer:GUGC:0.0006; kmer:GUAG:0.0005; kmer:AA:0.0004; kmer:UAGC:0.0003; kmer:GUA:0.0003,let-7b-5p:0.576; let-7a-5p:0.557; mir-93-5p:0.556
1352,mir-3913-5p,MIMAT0018187,UUUGGGACUGAUCUUGAUGUCU,nao,0.482772,0.663629,0.679508,,kmer:GU:0.0014; kmer:UGU:0.0007; kmer:UUG:0.0004; kmer:UGA:0.0003; kmer:UGUC:0.0002; kmer:ACUGA:0.0002; kmer:CUGA:0.0002; kmer:UGUCU:0.0001; kmer:GAUGU:0.0001; kmer:AUC:0.0001,mir-21-5p:0.636; mir-25-3p:0.578; mir-373-3p:0.538
1353,mir-6864-5p,MIMAT0027628,UUGAAGGGACAAGUCAGAUAUGCC,nao,0.482389,0.663623,0.679480,,kmer:GU:0.0015; kmer:AA:0.0009; kmer:UA:0.0007; kmer:AGU:0.0002; kmer:AAGU:0.0002; kmer:UUG:0.0002; kmer:AUGC:0.0002; kmer:UGA:0.0002; kmer:UAU:0.0001; kmer:CAG:0.0000,mir-6875-5p:0.563; mir-21-5p:0.519; mir-1-3p:0.518
1354,mir-4750-5p,MIMAT0019887,CUCGGGCGGAGGUGGUUGAGUG,nao,0.482006,0.663622,0.679477,,kmer:GU:0.0041; kmer:GUG:0.0012; kmer:GUU:0.0003; kmer:AGUG:0.0003; kmer:AGU:0.0002; kmer:UCG:0.0002; kmer:AGGU:0.0002; kmer:UUG:0.0002; kmer:GUUG:0.0002; kmer:GUUGA:0.0002,let-7b-5p:0.645; mir-6861-5p:0.595; mir-382-5p:0.584
1355,mir-3927-5p,MIMAT0022970,GCCUAUCACAUAUCUGCCUGU,nao,0.481623,0.663618,0.679459,,kmer:GU:0.0016; kmer:UA:0.0016; kmer:UGU:0.0008; kmer:AUC:0.0002; kmer:CCUGU:0.0001; kmer:UAU:0.0001; kmer:UAUCA:0.0001; kmer:CUGU:0.0000; kmer:AUCAC:0.0000; kmer:UAUC:0.0000,mir-92a-3p:0.521; mir-365a-3p:0.429; mir-205-5p:0.423
1356,mir-4780,MIMAT0019939,ACCCUUGAGCCUGAUCCCUAGC,nao,0.481240,0.663612,0.679434,,kmer:UA:0.0007; kmer:UAG:0.0006; kmer:UAGC:0.0003; kmer:UGA:0.0003; kmer:CCCU:0.0003; kmer:ACCC:0.0002; kmer:ACCCU:0.0002; kmer:CUGA:0.0002; kmer:UUG:0.0002; kmer:AUCC:0.0002,mir-125a-5p:0.730; mir-125b-5p:0.719; mir-99a-5p:0.497
1357,mir-6500-5p,MIMAT0025454,AGGAGCUAUCCACUCCAGGUGUCC,nao,0.480858,0.663610,0.679426,,kmer:GU:0.0025; kmer:UGU:0.0007; kmer:UA:0.0006; kmer:GUG:0.0006; kmer:UGUC:0.0002; kmer:AGGU:0.0002; kmer:CAGGU:0.0002; kmer:AUCC:0.0001; kmer:UCCA:0.0001; kmer:AUC:0.0001,mir-145-5p:0.592; mir-139-5p:0.559; mir-6861-5p:0.544
1358,mir-3187-5p,MIMAT0019216,CCUGGGCAGCGUGUGGCUGAAGG,nao,0.480475,0.663606,0.679404,,kmer:GU:0.0026; kmer:GUG:0.0012; kmer:UGU:0.0007; kmer:CGU:0.0004; kmer:AA:0.0004; kmer:UGUG:0.0004; kmer:CGUG:0.0003; kmer:GCA:0.0002; kmer:GCAGC:0.0002; kmer:GCAG:0.0002,mir-210-3p:0.710; mir-34a-5p:0.601; mir-6861-5p:0.601
1359,mir-6767-3p,MIMAT0027435,CCACGUGCUUCUCUUUCCGCAG,nao,0.480092,0.663603,0.679392,,kmer:GU:0.0015; kmer:GUG:0.0007; kmer:GUGC:0.0006; kmer:CGU:0.0005; kmer:CGUG:0.0004; kmer:GUGCU:0.0003; kmer:GCA:0.0003; kmer:UGCUU:0.0002; kmer:GCAG:0.0002; kmer:UGCU:0.0002,mir-205-5p:0.592; mir-139-5p:0.558; mir-520c-3p:0.540
1360,mir-625-3p,MIMAT0004808,GACUAUAGAACUUUCCCCCUCA,nao,0.479709,0.663602,0.679386,,kmer:UA:0.0014; kmer:UAG:0.0006; kmer:AA:0.0004; kmer:AUAG:0.0002; kmer:UCCC:0.0002; kmer:CCCU:0.0001; kmer:AAC:0.0001; kmer:AACUU:0.0001; kmer:UAUAG:0.0001; kmer:UAGAA:0.0001,mir-125b-5p:0.588; mir-125a-5p:0.571; mir-145-5p:0.537
1361,mir-7152-5p,MIMAT0028214,UUUCCUGUCCUCCAACCAGACC,nao,0.479326,0.663599,0.679373,,kmer:GU:0.0014; kmer:UGU:0.0007; kmer:AA:0.0004; kmer:UGUC:0.0002; kmer:AAC:0.0001; kmer:AACC:0.0001; kmer:AGACC:0.0001; kmer:CCUGU:0.0001; kmer:UCCA:0.0001; kmer:CAGAC:0.0001,mir-145-5p:0.634; mir-205-5p:0.630; mir-125a-5p:0.626
1362,mir-1295b-5p,MIMAT0022293,CACCCAGAUCUGCGGCCUAAU,nao,0.478943,0.663592,0.679341,,kmer:UA:0.0007; kmer:AAU:0.0006; kmer:AA:0.0004; kmer:UAA:0.0003; kmer:ACCC:0.0003; kmer:CUAA:0.0002; kmer:CCUAA:0.0002; kmer:CGGC:0.0001; kmer:UAAU:0.0001; kmer:AUC:0.0001,mir-365a-3p:0.501; mir-99a-5p:0.476; mir-92a-3p:0.471
1363,mir-6741-5p,MIMAT0027383,GUGGGUGCUGGUGGGAGCCGUG,nao,0.478560,0.663586,0.679314,,kmer:GU:0.0057; kmer:GUG:0.0025; kmer:GUGC:0.0006; kmer:CGU:0.0005; kmer:CGUG:0.0003; kmer:GUGCU:0.0003; kmer:UGCU:0.0002; kmer:CCGU:0.0001; kmer:CCG:0.0001; kmer:CG:0.0000,mir-6861-5p:0.672; mir-181b-5p:0.588; mir-373-3p:0.580
1364,mir-942-5p,MIMAT0004985,UCUUCUCUGUUUUGGCCAUGUG,nao,0.478178,0.663584,0.679306,,kmer:GU:0.0029; kmer:UGU:0.0015; kmer:GUG:0.0006; kmer:UGUG:0.0004; kmer:GUU:0.0003; kmer:UUG:0.0002; kmer:UUGGC:0.0001; kmer:UGGC:0.0000; kmer:AUGU:0.0000; kmer:CUGU:0.0000,mir-25-3p:0.560; mir-373-3p:0.555; mir-34a-5p:0.546
1365,mir-6760-5p,MIMAT0027420,CAGGGAGAAGGUGGAAGUGCAGA,nao,0.477795,0.663582,0.679298,,kmer:GU:0.0027; kmer:GUG:0.0012; kmer:AA:0.0008; kmer:GUGC:0.0005; kmer:AGUGC:0.0005; kmer:GUGCA:0.0003; kmer:AAGUG:0.0003; kmer:AGUG:0.0003; kmer:UGCA:0.0002; kmer:GCA:0.0002,mir-6875-5p:0.638; mir-206:0.612; mir-17-5p:0.582
1366,mir-5589-3p,MIMAT0022298,UGCACAUGGCAACCUAGCUCCCA,nao,0.477412,0.663578,0.679282,,kmer:UA:0.0007; kmer:UAG:0.0006; kmer:GCA:0.0005; kmer:AA:0.0004; kmer:UAGC:0.0003; kmer:UGCA:0.0003; kmer:UAGCU:0.0002; kmer:GCAC:0.0002; kmer:UCCC:0.0002; kmer:UGCAC:0.0001,mir-31-5p:0.619; mir-191-5p:0.533; mir-195-5p:0.496
1367,mir-383-3p,MIMAT0026485,ACAGCACUGCCUGGUCAGA,nao,0.477029,0.663578,0.679280,,kmer:GU:0.0016; kmer:AGCA:0.0004; kmer:CAGCA:0.0003; kmer:GCA:0.0003; kmer:GCAC:0.0002; kmer:AGCAC:0.0002; kmer:CAGC:0.0002; kmer:ACAG:0.0001; kmer:CAG:0.0001; kmer:GCACU:0.0001,mir-497-5p:0.651; mir-24-3p:0.586; mir-195-5p:0.507
1368,mir-6855-3p,MIMAT0027611,AGACUGACCUUCAACCCCACAG,nao,0.476646,0.663575,0.679268,,kmer:AA:0.0004; kmer:ACCC:0.0002; kmer:ACUGA:0.0002; kmer:CUGA:0.0002; kmer:UGA:0.0001; kmer:AAC:0.0001; kmer:AACC:0.0001; kmer:ACAG:0.0001; kmer:GACC:0.0001; kmer:ACC:0.0000,mir-125a-5p:0.614; mir-125b-5p:0.574; mir-205-5p:0.501
1369,mir-301b-5p,MIMAT0032026,GCUCUGACGAGGUUGCACUACU,sim,0.476263,0.663575,0.679268,hsa-mir-301b,kmer:GU:0.0015; kmer:UA:0.0007; kmer:GUU:0.0003; kmer:UGCA:0.0003; kmer:GCA:0.0002; kmer:AGGU:0.0002; kmer:GCAC:0.0002; kmer:CUGA:0.0002; kmer:UUG:0.0002; kmer:GUUG:0.0002,mir-25-3p:0.589; mir-200a-3p:0.474; mir-425-5p:0.469
1370,mir-4305,MIMAT0016857,CCUAGACACCUCCAGUUC,nao,0.475881,0.663575,0.679265,,kmer:GU:0.0019; kmer:UA:0.0009; kmer:UAG:0.0008; kmer:GUU:0.0004; kmer:AGU:0.0003; kmer:AGUU:0.0003; kmer:CAGUU:0.0002; kmer:CAGU:0.0002; kmer:UCCAG:0.0001; kmer:CCAGU:0.0001,mir-145-5p:0.584; mir-205-5p:0.552; mir-139-5p:0.551
1371,mir-6874-3p,MIMAT0027649,CAGUUCUGCUGUUCUGACUCUAG,nao,0.475498,0.663573,0.679259,,kmer:GU:0.0029; kmer:UGU:0.0007; kmer:UA:0.0007; kmer:GUU:0.0007; kmer:UAG:0.0006; kmer:AGU:0.0002; kmer:CUGA:0.0002; kmer:AGUU:0.0002; kmer:UGCU:0.0002; kmer:CAGUU:0.0002,mir-25-3p:0.543; mir-93-5p:0.508; mir-34a-5p:0.504
1372,mir-6733-5p,MIMAT0027367,UGGGAAAGACAAACUCAGAGUU,nao,0.475115,0.663565,0.679224,,kmer:AA:0.0018; kmer:GU:0.0015; kmer:AAA:0.0008; kmer:GUU:0.0004; kmer:CAAA:0.0003; kmer:AGU:0.0002; kmer:AGUU:0.0002; kmer:AAC:0.0001; kmer:AAACU:0.0001; kmer:AAAG:0.0001,mir-191-5p:0.551; mir-24-3p:0.546; mir-6875-5p:0.508
1373,mir-1208,MIMAT0005873,UCACUGUUCAGACAGGCGGA,nao,0.474732,0.663560,0.679199,,kmer:GU:0.0015; kmer:UGU:0.0008; kmer:GUU:0.0003; kmer:ACAG:0.0001; kmer:CAGG:0.0001; kmer:CAG:0.0001; kmer:CAGAC:0.0001; kmer:CG:0.0000; kmer:UGUUC:0.0000; kmer:CUGU:0.0000,mir-24-3p:0.637; mir-6875-5p:0.526; mir-497-5p:0.499
1374,mir-4661-5p,MIMAT0019729,AACUAGCUCUGUGGAUCCUGAC,nao,0.474349,0.663559,0.679197,,kmer:GU:0.0015; kmer:UGU:0.0008; kmer:UA:0.0007; kmer:GUG:0.0007; kmer:UAG:0.0006; kmer:AA:0.0004; kmer:UGUG:0.0004; kmer:UAGC:0.0004; kmer:UAGCU:0.0002; kmer:CUGA:0.0002,mir-125b-5p:0.569; mir-125a-5p:0.564; mir-21-5p:0.528
1375,mir-1299,MIMAT0005887,UUCUGGAAUUCUGUGUGAGGGA,nao,0.473966,0.663558,0.679192,,kmer:GU:0.0028; kmer:UGU:0.0014; kmer:GUG:0.0012; kmer:UGUG:0.0008; kmer:AAU:0.0005; kmer:AA:0.0004; kmer:GAAU:0.0002; kmer:GGAAU:0.0002; kmer:UGA:0.0001; kmer:UGUGA:0.0001,mir-206:0.653; mir-373-3p:0.539; mir-382-5p:0.536
1376,mir-211-5p,MIMAT0000268,UUCCCUUUGUCAUCCUUCGCCU,nao,0.473583,0.663556,0.679184,,kmer:GU:0.0014; kmer:UGU:0.0008; kmer:UUGU:0.0005; kmer:UGUC:0.0002; kmer:UCG:0.0002; kmer:UUG:0.0002; kmer:UUGUC:0.0002; kmer:AUCC:0.0002; kmer:UUUGU:0.0002; kmer:UUCG:0.0002,mir-205-5p:0.668; mir-145-5p:0.585; mir-125a-5p:0.538
1377,mir-486-5p,MIMAT0002177,UCCUGUACUGAGCUGCCCCGAG,sim,0.473201,0.663554,0.679171,hsa-mir-486-1; hsa-mir-486-2,kmer:GU:0.0015; kmer:UGU:0.0008; kmer:UA:0.0007; kmer:GUA:0.0004; kmer:ACUGA:0.0002; kmer:CUGA:0.0002; kmer:CGA:0.0002; kmer:UGA:0.0002; kmer:CCUGU:0.0001; kmer:CCGA:0.0001,mir-125a-5p:0.643; mir-125b-5p:0.604; mir-92a-3p:0.522
1378,mir-6847-3p,MIMAT0027595,GGCUCAUGUGUCUGUCCUCUUC,nao,0.472818,0.663552,0.679162,,kmer:GU:0.0043; kmer:UGU:0.0022; kmer:GUG:0.0006; kmer:UGUC:0.0005; kmer:UGUG:0.0004; kmer:UGUCU:0.0001; kmer:GUCUG:0.0001; kmer:GUGU:0.0001; kmer:GUGUC:0.0001; kmer:GUCU:0.0001,mir-25-3p:0.611; mir-205-5p:0.576; mir-34a-5p:0.545
1379,mir-3620-3p,MIMAT0018001,UCACCCUGCAUCCCGCACCCAG,nao,0.472435,0.663549,0.679149,,kmer:ACCC:0.0005; kmer:GCA:0.0005; kmer:UGCA:0.0003; kmer:ACCCU:0.0002; kmer:GCAC:0.0002; kmer:AUCC:0.0002; kmer:UCCC:0.0002; kmer:CCCU:0.0002; kmer:CCCUG:0.0001; kmer:UCCCG:0.0001,mir-145-5p:0.554; mir-125a-5p:0.523; mir-205-5p:0.508
1380,mir-12136,MIMAT0049032,GAAAAAGUCAUGGAGGCC,nao,0.472052,0.663549,0.679148,,kmer:AA:0.0023; kmer:GU:0.0019; kmer:AAA:0.0015; kmer:AGU:0.0003; kmer:AAGU:0.0003; kmer:AAAGU:0.0003; kmer:AAAA:0.0001; kmer:AAAG:0.0001; kmer:GUC:0.0000; kmer:AAAAG:0.0000,mir-191-5p:0.567; mir-1-3p:0.496; mir-19b-3p:0.478
1381,mir-4712-5p,MIMAT0019818,UCCAGUACAGGUCUCUCAUUUC,nao,0.471669,0.663548,0.679145,,kmer:GU:0.0029; kmer:UA:0.0007; kmer:GUA:0.0003; kmer:AGU:0.0002; kmer:AGGU:0.0002; kmer:CAGGU:0.0002; kmer:CAGU:0.0001; kmer:UCCAG:0.0001; kmer:ACAG:0.0001; kmer:UACAG:0.0001,mir-139-5p:0.648; mir-205-5p:0.608; mir-145-5p:0.546
1382,mir-146a-3p,MIMAT0004608,CCUCUGAAAUUCAGUUCUUCAG,nao,0.471286,0.663544,0.679127,,kmer:GU:0.0015; kmer:AA:0.0009; kmer:AAU:0.0006; kmer:AAA:0.0004; kmer:GUU:0.0004; kmer:AAAU:0.0003; kmer:AGU:0.0002; kmer:CUGA:0.0002; kmer:AGUU:0.0002; kmer:CAGUU:0.0002,mir-205-5p:0.608; mir-24-3p:0.584; mir-145-5p:0.473
1383,mir-589-5p,MIMAT0004799,UGAGAACCACGUCUGCUCUGAG,nao,0.470904,0.663543,0.679124,,kmer:GU:0.0014; kmer:CGU:0.0005; kmer:AA:0.0004; kmer:UGA:0.0003; kmer:CUGA:0.0002; kmer:UGCU:0.0002; kmer:AAC:0.0001; kmer:AACC:0.0001; kmer:CACG:0.0001; kmer:CACGU:0.0001,mir-125a-5p:0.531; mir-125b-5p:0.528; mir-25-3p:0.518
1384,mir-6851-3p,MIMAT0027603,UGGCCCUUUGUACCCCUCCAG,nao,0.470521,0.663543,0.679121,,kmer:GU:0.0015; kmer:UGU:0.0008; kmer:UA:0.0007; kmer:UUGU:0.0005; kmer:GUA:0.0004; kmer:CCCU:0.0003; kmer:ACCC:0.0003; kmer:UUG:0.0002; kmer:UUUGU:0.0002; kmer:UACCC:0.0002,mir-125a-5p:0.633; mir-145-5p:0.576; mir-125b-5p:0.569
1385,mir-7151-5p,MIMAT0028212,GAUCCAUCUCUGCCUGUAUUGGC,nao,0.470138,0.663542,0.679118,,kmer:GU:0.0013; kmer:UGU:0.0007; kmer:UA:0.0007; kmer:GUA:0.0003; kmer:UAUUG:0.0002; kmer:UUG:0.0002; kmer:AUC:0.0002; kmer:AUCC:0.0002; kmer:AUUGG:0.0001; kmer:UUGGC:0.0001,mir-92a-3p:0.567; mir-25-3p:0.519; mir-99a-5p:0.500
1386,mir-936,MIMAT0004979,ACAGUAGAGGGAGGAAUCGCAG,nao,0.469755,0.663542,0.679118,,kmer:GU:0.0014; kmer:UA:0.0007; kmer:UAG:0.0006; kmer:AAU:0.0005; kmer:GUAG:0.0005; kmer:AA:0.0004; kmer:GUA:0.0003; kmer:AAUC:0.0003; kmer:GCA:0.0002; kmer:AGU:0.0002,mir-6875-5p:0.686; mir-24-3p:0.590; mir-17-5p:0.471
1387,mir-10394-5p,MIMAT0041619,UCUGCAGGUCCUGGUGAACGCCAU,nao,0.469372,0.663541,0.679114,,kmer:GU:0.0029; kmer:GUG:0.0006; kmer:AA:0.0004; kmer:UGCA:0.0003; kmer:GCA:0.0002; kmer:GCAG:0.0002; kmer:AGGU:0.0002; kmer:GCAGG:0.0002; kmer:CAGGU:0.0002; kmer:UGA:0.0001,mir-93-5p:0.531; mir-181b-5p:0.521; mir-25-3p:0.519
1388,mir-4274,MIMAT0016906,CAGCAGUCCCUCCCCCUG,nao,0.468989,0.663537,0.679097,,kmer:GU:0.0017; kmer:AGCA:0.0004; kmer:UCCC:0.0004; kmer:AGCAG:0.0003; kmer:CCCU:0.0003; kmer:CAGCA:0.0003; kmer:GCA:0.0003; kmer:AGU:0.0003; kmer:GCAG:0.0003; kmer:CAGC:0.0002,mir-145-5p:0.618; mir-125a-5p:0.563; mir-125b-5p:0.523
1389,mir-4746-5p,MIMAT0019880,CCGGUCCCAGGAGAACCUGCAGA,nao,0.468606,0.663533,0.679077,,kmer:GU:0.0013; kmer:AA:0.0004; kmer:UGCA:0.0002; kmer:GCA:0.0002; kmer:GCAG:0.0002; kmer:UCCC:0.0001; kmer:CAGGA:0.0001; kmer:AAC:0.0001; kmer:AACC:0.0001; kmer:CGGUC:0.0001,mir-6875-5p:0.661; mir-145-5p:0.582; mir-125a-5p:0.515
1390,mir-515-3p,MIMAT0002827,GAGUGCCUUCUUUUGGAGCGUU,sim,0.468224,0.663528,0.679054,hsa-mir-515-1; hsa-mir-515-2,kmer:GU:0.0030; kmer:GUG:0.0007; kmer:GUGC:0.0006; kmer:AGUGC:0.0005; kmer:CGU:0.0005; kmer:GUU:0.0004; kmer:AGUG:0.0003; kmer:AGU:0.0002; kmer:UUG:0.0002; kmer:CGUU:0.0001,mir-520c-3p:0.660; mir-373-3p:0.647; mir-1246:0.603
1391,mir-6827-3p,MIMAT0027555,ACCGUCUCUUCUGUUCCCCAG,nao,0.467841,0.663525,0.679041,,kmer:GU:0.0030; kmer:UGU:0.0008; kmer:CGU:0.0005; kmer:GUU:0.0003; kmer:ACCG:0.0002; kmer:UCCC:0.0002; kmer:CCGU:0.0001; kmer:CCG:0.0001; kmer:ACCGU:0.0001; kmer:GUCU:0.0001,mir-205-5p:0.661; mir-145-5p:0.590; mir-139-5p:0.510
1392,mir-6831-3p,MIMAT0027563,UGACUAACUCCCACUCUACAG,nao,0.467458,0.663521,0.679024,,kmer:UA:0.0015; kmer:AA:0.0004; kmer:UAA:0.0003; kmer:CUAA:0.0002; kmer:UAAC:0.0002; kmer:UCCC:0.0002; kmer:UGA:0.0002; kmer:AAC:0.0001; kmer:CUAAC:0.0001; kmer:ACAG:0.0001,mir-125b-5p:0.524; mir-425-5p:0.514; mir-139-5p:0.477
1393,mir-12131,MIMAT0049025,UUUGGAGAGGUGUACUCCCA,nao,0.467075,0.663517,0.679005,,kmer:GU:0.0032; kmer:UGU:0.0008; kmer:UA:0.0008; kmer:GUG:0.0007; kmer:GUA:0.0004; kmer:AGGU:0.0002; kmer:UUG:0.0002; kmer:UCCC:0.0002; kmer:GUGU:0.0001; kmer:UCCCA:0.0001,let-7b-5p:0.545; mir-6875-5p:0.524; mir-1246:0.512
1394,mir-8064,MIMAT0030991,AGCACACUGAGCGAGCGGAC,nao,0.466692,0.663507,0.678963,,kmer:AGCA:0.0004; kmer:GCA:0.0003; kmer:ACUGA:0.0003; kmer:GCAC:0.0002; kmer:CUGA:0.0002; kmer:AGCAC:0.0002; kmer:CGA:0.0002; kmer:UGA:0.0002; kmer:GCACA:0.0001; kmer:CG:0.0001,mir-497-5p:0.517; mir-195-5p:0.472; mir-210-3p:0.468
1395,mir-3660,MIMAT0018081,ACUGACAGGAGAGCAUUUUGA,nao,0.466309,0.663503,0.678945,,kmer:AGCA:0.0004; kmer:UGA:0.0003; kmer:GCA:0.0003; kmer:ACUGA:0.0002; kmer:CUGA:0.0002; kmer:UUG:0.0002; kmer:CAGGA:0.0001; kmer:UGACA:0.0001; kmer:ACAG:0.0001; kmer:CAUU:0.0001,mir-6875-5p:0.647; mir-1246:0.640; mir-21-5p:0.535
1396,mir-7108-5p,MIMAT0028113,GUGUGGCCGGCAGGCGGGUGG,nao,0.465926,0.663502,0.678940,,kmer:GU:0.0046; kmer:GUG:0.0020; kmer:UGU:0.0008; kmer:UGUG:0.0004; kmer:GCA:0.0003; kmer:GCAG:0.0002; kmer:GCAGG:0.0002; kmer:CGGC:0.0002; kmer:GUGUG:0.0001; kmer:CCGGC:0.0001,mir-6861-5p:0.640; mir-4634:0.619; mir-1307-3p:0.566
1397,mir-4783-3p,MIMAT0019947,CCCCGGUGUUGGGGCGCGUCUGC,nao,0.465544,0.663500,0.678932,,kmer:GU:0.0045; kmer:UGU:0.0008; kmer:GUG:0.0007; kmer:CGU:0.0005; kmer:GUU:0.0003; kmer:UUG:0.0002; kmer:GUUG:0.0002; kmer:CG:0.0001; kmer:GCGU:0.0001; kmer:CCCG:0.0001,mir-4634:0.654; mir-1307-3p:0.598; mir-6861-5p:0.546
1398,mir-4447,MIMAT0018966,GGUGGGGGCUGUUGUUU,nao,0.465161,0.663500,0.678930,,kmer:GU:0.0053; kmer:UGU:0.0018; kmer:GUU:0.0008; kmer:GUG:0.0008; kmer:UUGU:0.0006; kmer:UUG:0.0002; kmer:GUUG:0.0002; kmer:GUUGU:0.0002; kmer:CUGU:0.0000; kmer:UGUUG:0.0000,mir-6861-5p:0.643; mir-373-3p:0.619; mir-181b-5p:0.563
1399,mir-5581-3p,MIMAT0022276,UUCCAUGCCUCCUAGAAGUUCC,nao,0.464778,0.663492,0.678894,,kmer:GU:0.0015; kmer:UA:0.0007; kmer:UAG:0.0006; kmer:AA:0.0004; kmer:GUU:0.0003; kmer:AGU:0.0002; kmer:AAGU:0.0002; kmer:AGUU:0.0002; kmer:AUGC:0.0002; kmer:GAAGU:0.0001,mir-205-5p:0.611; mir-145-5p:0.593; mir-520c-3p:0.500
1400,mir-4778-3p,MIMAT0019937,UCUUCUUCCUUUGCAGAGUUGA,nao,0.464395,0.663490,0.678884,,kmer:GU:0.0014; kmer:UUG:0.0004; kmer:GUU:0.0003; kmer:UGCA:0.0003; kmer:GCA:0.0002; kmer:AGU:0.0002; kmer:GCAG:0.0002; kmer:AGUU:0.0002; kmer:GUUG:0.0002; kmer:GUUGA:0.0002,mir-520c-3p:0.611; mir-205-5p:0.576; mir-25-3p:0.500
1401,mir-488-3p,MIMAT0004763,UUGAAAGGCUAUUUCUUGGUC,nao,0.464012,0.663484,0.678858,,kmer:GU:0.0018; kmer:AA:0.0010; kmer:UA:0.0009; kmer:UUG:0.0005; kmer:AAA:0.0005; kmer:UGA:0.0002; kmer:UAUU:0.0002; kmer:AAAG:0.0001; kmer:UAU:0.0001; kmer:CUUG:0.0000,mir-373-3p:0.596; mir-520c-3p:0.579; mir-1246:0.525
1402,mir-4700-5p,MIMAT0019796,UCUGGGGAUGAGGACAGUGUGU,nao,0.463629,0.663480,0.678840,,kmer:GU:0.0041; kmer:UGU:0.0014; kmer:GUG:0.0012; kmer:UGUG:0.0004; kmer:AGUG:0.0003; kmer:AGU:0.0002; kmer:CAGU:0.0001; kmer:UGA:0.0001; kmer:GUGUG:0.0001; kmer:GUGU:0.0001,mir-206:0.669; mir-6875-5p:0.586; let-7b-5p:0.567
1403,mir-133a-3p,MIMAT0000427,UUUGGUCCCCUUCAACCAGCUG,nao,0.463247,0.663469,0.678793,,kmer:GU:0.0015; kmer:AA:0.0004; kmer:UUG:0.0002; kmer:CAGC:0.0002; kmer:UCCC:0.0002; kmer:CCCU:0.0001; kmer:AAC:0.0001; kmer:AACC:0.0001; kmer:CAG:0.0000; kmer:ACC:0.0000,mir-145-5p:0.610; mir-205-5p:0.584; mir-125a-5p:0.575
1404,mir-622,MIMAT0003291,ACAGUCUGCUGAGGUUGGAGC,nao,0.462864,0.663464,0.678771,,kmer:GU:0.0029; kmer:GUU:0.0003; kmer:AGU:0.0002; kmer:AGGU:0.0002; kmer:CUGA:0.0002; kmer:UUG:0.0002; kmer:GUUG:0.0002; kmer:UGCU:0.0002; kmer:CAGU:0.0002; kmer:UGA:0.0001,mir-34a-5p:0.590; let-7b-5p:0.551; mir-210-3p:0.518
1405,mir-3124-5p,MIMAT0014986,UUCGCGGGCGAAGGCAAAGUC,nao,0.462481,0.663461,0.678756,,kmer:GU:0.0018; kmer:AA:0.0016; kmer:AAA:0.0005; kmer:CAAA:0.0003; kmer:GCA:0.0003; kmer:AGU:0.0003; kmer:UCG:0.0003; kmer:AAGU:0.0003; kmer:AAAGU:0.0003; kmer:GCAAA:0.0002,mir-4634:0.536; mir-1307-3p:0.501; mir-191-5p:0.494
1406,mir-6783-5p,MIMAT0027466,UAGGGGAAAAGUCCUGAUCCGG,nao,0.462098,0.663461,0.678755,,kmer:GU:0.0014; kmer:AA:0.0013; kmer:AAA:0.0008; kmer:UA:0.0007; kmer:UAG:0.0006; kmer:AGU:0.0002; kmer:AAGU:0.0002; kmer:CUGA:0.0002; kmer:AAAGU:0.0002; kmer:AUCC:0.0002,mir-191-5p:0.506; mir-6861-5p:0.498; mir-520c-3p:0.488
1407,mir-3919,MIMAT0018193,GCAGAGAACAAAGGACUCAGU,nao,0.461715,0.663459,0.678746,,kmer:GU:0.0017; kmer:AA:0.0014; kmer:AAA:0.0004; kmer:CAAA:0.0003; kmer:GCA:0.0003; kmer:AGU:0.0003; kmer:GCAG:0.0003; kmer:CAGU:0.0002; kmer:AAC:0.0001; kmer:CAG:0.0001,mir-24-3p:0.678; mir-6875-5p:0.576; mir-191-5p:0.557
1408,mir-1285-3p,MIMAT0005876,UCUGGGCAACAAAGUGAGACCU,nao,0.461332,0.663458,0.678742,,kmer:GU:0.0015; kmer:AA:0.0013; kmer:GUG:0.0007; kmer:AAA:0.0004; kmer:AAGUG:0.0003; kmer:AGUG:0.0003; kmer:CAAA:0.0003; kmer:GCA:0.0002; kmer:AGU:0.0002; kmer:AAGU:0.0002,mir-191-5p:0.539; mir-19a-3p:0.522; mir-125b-5p:0.514
1409,mir-3685,MIMAT0018113,UUUCCUACCCUACCUGAAGACU,nao,0.460949,0.663453,0.678721,,kmer:UA:0.0014; kmer:AA:0.0004; kmer:UACC:0.0003; kmer:ACCC:0.0003; kmer:ACCCU:0.0002; kmer:CUGA:0.0002; kmer:UACCC:0.0002; kmer:UGA:0.0001; kmer:CCCU:0.0001; kmer:CCCUA:0.0001,mir-125a-5p:0.692; mir-125b-5p:0.678; mir-10b-5p:0.539
1410,mir-4252,MIMAT0016886,GGCCACUGAGUCAGCACCA,nao,0.460567,0.663453,0.678718,,kmer:GU:0.0017; kmer:AGCA:0.0004; kmer:CAGCA:0.0003; kmer:GCA:0.0003; kmer:AGU:0.0003; kmer:ACUGA:0.0003; kmer:GCAC:0.0003; kmer:CUGA:0.0002; kmer:AGCAC:0.0002; kmer:CAGC:0.0002,mir-497-5p:0.600; mir-24-3p:0.555; mir-195-5p:0.475
1411,mir-194-3p,MIMAT0004671,CCAGUGGGGCUGCUGUUAUCUG,sim,0.460184,0.663451,0.678710,hsa-mir-194-1; hsa-mir-194-2,kmer:GU:0.0027; kmer:UGU:0.0007; kmer:UA:0.0007; kmer:GUG:0.0006; kmer:GUU:0.0003; kmer:AGUG:0.0003; kmer:AGU:0.0002; kmer:UUA:0.0002; kmer:UGCU:0.0002; kmer:CAGU:0.0001,mir-34a-5p:0.600; mir-6861-5p:0.593; mir-181b-5p:0.546
1412,mir-375-5p,MIMAT0037313,GCGACGAGCCCCUCGCACAAACC,nao,0.459801,0.663450,0.678708,,kmer:AA:0.0010; kmer:AAA:0.0004; kmer:CGA:0.0003; kmer:CAAA:0.0003; kmer:GCA:0.0003; kmer:UCG:0.0003; kmer:GCAC:0.0003; kmer:CCCU:0.0002; kmer:CG:0.0002; kmer:GCACA:0.0001,mir-191-5p:0.529; mir-425-5p:0.473; mir-4634:0.472
1413,mir-6764-5p,MIMAT0027428,UCCCAGGGUCUGGUCAGAGUUG,nao,0.459418,0.663450,0.678707,,kmer:GU:0.0040; kmer:GUU:0.0003; kmer:AGU:0.0002; kmer:AGUU:0.0002; kmer:UUG:0.0002; kmer:GUUG:0.0002; kmer:UCCC:0.0001; kmer:CCAGG:0.0001; kmer:CAGG:0.0001; kmer:CAG:0.0001,mir-145-5p:0.562; mir-6861-5p:0.554; mir-34a-5p:0.523
1414,mir-4727-3p,MIMAT0019848,AUAGUGGGAAGCUGGCAGAUUC,nao,0.459035,0.663450,0.678705,,kmer:GU:0.0014; kmer:UA:0.0007; kmer:GUG:0.0006; kmer:UAG:0.0006; kmer:AA:0.0004; kmer:AGUG:0.0003; kmer:GCA:0.0002; kmer:AGU:0.0002; kmer:GCAG:0.0002; kmer:AUAG:0.0002,mir-31-5p:0.693; mir-34a-5p:0.577; mir-6861-5p:0.529
1415,mir-3185,MIMAT0015065,AGAAGAAGGCGGUCGGUCUGCGG,nao,0.458652,0.663443,0.678677,,kmer:GU:0.0028; kmer:AA:0.0008; kmer:UCG:0.0002; kmer:CGGUC:0.0002; kmer:UCGGU:0.0001; kmer:CG:0.0001; kmer:UCGG:0.0001; kmer:GUCUG:0.0001; kmer:GUCG:0.0001; kmer:CGGU:0.0001,mir-1307-3p:0.590; mir-4634:0.465; mir-25-3p:0.444
1416,mir-6837-3p,MIMAT0027577,CCUUCACUGUGACUCUGCUGCAG,nao,0.458270,0.663443,0.678675,,kmer:GU:0.0013; kmer:UGU:0.0007; kmer:GUG:0.0006; kmer:UGUG:0.0004; kmer:UGCA:0.0002; kmer:GCA:0.0002; kmer:GCAG:0.0002; kmer:UGCU:0.0002; kmer:UGA:0.0001; kmer:UGUGA:0.0001,mir-210-3p:0.576; mir-25-3p:0.552; mir-497-5p:0.513
1417,mir-523-3p,MIMAT0002840,GAACGCGCUUCCCUAUAGAGGGU,nao,0.457887,0.663441,0.678666,,kmer:GU:0.0015; kmer:UA:0.0015; kmer:UAG:0.0006; kmer:AA:0.0004; kmer:AUAG:0.0002; kmer:UCCC:0.0002; kmer:CCCU:0.0001; kmer:UCCCU:0.0001; kmer:GCUU:0.0001; kmer:CCCUA:0.0001,mir-520c-3p:0.587; mir-125b-5p:0.475; mir-125a-5p:0.449
1418,let-7a-2-3p,MIMAT0010195,CUGUACAGCCUCCUAGCUUUCC,nao,0.457504,0.663441,0.678666,,kmer:GU:0.0015; kmer:UA:0.0014; kmer:UGU:0.0008; kmer:UAG:0.0006; kmer:UAGC:0.0004; kmer:GUA:0.0003; kmer:UAGCU:0.0002; kmer:CAGC:0.0002; kmer:GCUU:0.0001; kmer:ACAG:0.0001,mir-205-5p:0.503; mir-125a-5p:0.497; mir-520c-3p:0.495
1419,mir-6840-5p,MIMAT0027582,ACCCCCGGGCAAAGACCUGCAGAU,nao,0.457121,0.663439,0.678658,,kmer:AA:0.0008; kmer:GCA:0.0004; kmer:AAA:0.0004; kmer:UGCA:0.0002; kmer:CAAA:0.0002; kmer:ACCC:0.0002; kmer:GCAG:0.0002; kmer:GCAAA:0.0002; kmer:AGACC:0.0001; kmer:CCCG:0.0001,mir-125a-5p:0.538; mir-191-5p:0.529; mir-4634:0.500
1420,mir-516b-5p,MIMAT0002859,AUCUGGAGGUAAGAAGCACUUU,nao,0.456738,0.663437,0.678649,,kmer:GU:0.0014; kmer:AA:0.0008; kmer:UA:0.0007; kmer:AGGUA:0.0004; kmer:GUA:0.0003; kmer:AGCA:0.0003; kmer:GGUA:0.0003; kmer:UAA:0.0003; kmer:GCA:0.0002; kmer:AGGU:0.0002,mir-520c-3p:0.539; mir-1246:0.520; mir-31-5p:0.483
1421,mir-331-5p,MIMAT0004700,CUAGGUAUGGUCCCAGGGAUCC,nao,0.456355,0.663434,0.678634,,kmer:GU:0.0029; kmer:UA:0.0014; kmer:UAG:0.0006; kmer:AGGUA:0.0004; kmer:GUA:0.0003; kmer:GGUA:0.0003; kmer:AGGU:0.0002; kmer:AUCC:0.0002; kmer:UCCC:0.0002; kmer:UAGGU:0.0001,mir-6861-5p:0.640; mir-145-5p:0.571; mir-6875-5p:0.506
1422,mir-320e,MIMAT0015072,AAAGCUGGGUUGAGAAGG,nao,0.455972,0.663433,0.678631,,kmer:GU:0.0017; kmer:AA:0.0015; kmer:AAA:0.0004; kmer:GUU:0.0004; kmer:UUG:0.0002; kmer:GUUG:0.0002; kmer:GUUGA:0.0002; kmer:UGA:0.0002; kmer:GGUU:0.0001; kmer:GGUUG:0.0001,mir-520c-3p:0.508; mir-6861-5p:0.504; mir-31-5p:0.495
1423,mir-6810-3p,MIMAT0027521,UCCCCUGCUCCCUUGUUCCCCAG,nao,0.455590,0.663428,0.678607,,kmer:GU:0.0013; kmer:UGU:0.0007; kmer:UUGU:0.0005; kmer:UCCC:0.0004; kmer:GUU:0.0003; kmer:CUUGU:0.0003; kmer:CCCU:0.0003; kmer:UUG:0.0002; kmer:UGCU:0.0002; kmer:UCCCU:0.0001,mir-145-5p:0.663; mir-125a-5p:0.619; mir-125b-5p:0.594
1424,mir-7160-5p,MIMAT0028230,UGCUGAGGUCCGGGCUGUGCC,nao,0.455207,0.663428,0.678606,,kmer:GU:0.0029; kmer:UGU:0.0008; kmer:GUG:0.0007; kmer:GUGC:0.0006; kmer:UGUG:0.0004; kmer:AGGU:0.0002; kmer:CUGA:0.0002; kmer:UGCU:0.0002; kmer:UGA:0.0001; kmer:UGUGC:0.0001,mir-210-3p:0.652; mir-93-5p:0.525; mir-6861-5p:0.519
1425,mir-6719-3p,MIMAT0025850,UCUGACAUCAGUGAUUCUCCUG,nao,0.454824,0.663425,0.678595,,kmer:GU:0.0014; kmer:GUG:0.0006; kmer:UGA:0.0003; kmer:AGUG:0.0003; kmer:AGU:0.0002; kmer:CUGA:0.0002; kmer:CAGU:0.0002; kmer:UGACA:0.0001; kmer:AUC:0.0001; kmer:CAGUG:0.0001,mir-205-5p:0.588; mir-25-3p:0.546; mir-139-5p:0.526
1426,mir-3664-5p,MIMAT0018086,AACUCUGUCUUCACUCAUGAGU,nao,0.454441,0.663419,0.678567,,kmer:GU:0.0029; kmer:UGU:0.0007; kmer:AA:0.0004; kmer:UGUC:0.0002; kmer:AGU:0.0002; kmer:UGA:0.0001; kmer:UGUCU:0.0001; kmer:AAC:0.0001; kmer:GUCU:0.0001; kmer:AACU:0.0000,mir-25-3p:0.600; mir-205-5p:0.578; mir-200a-3p:0.526
1427,mir-1539,MIMAT0007401,UCCUGCGCGUCCCAGAUGCCC,nao,0.454058,0.663415,0.678552,,kmer:GU:0.0017; kmer:CGU:0.0005; kmer:UCCC:0.0002; kmer:AUGC:0.0002; kmer:GCGU:0.0001; kmer:CG:0.0001; kmer:UCCCA:0.0001; kmer:CAG:0.0000; kmer:GUC:0.0000; kmer:CCCAG:0.0000,mir-145-5p:0.554; mir-92a-3p:0.511; mir-125a-5p:0.485
1428,mir-550a-3p,MIMAT0003257,UGUCUUACUCCCUCAGGCACAU,sim,0.453675,0.663406,0.678510,hsa-mir-550a-1; hsa-mir-550a-2; hsa-mir-550a-3,kmer:GU:0.0014; kmer:UGU:0.0007; kmer:UA:0.0007; kmer:CUUA:0.0003; kmer:GCA:0.0002; kmer:UGUC:0.0002; kmer:UUA:0.0002; kmer:GCAC:0.0002; kmer:UCCC:0.0002; kmer:CCCU:0.0001,mir-139-5p:0.554; mir-205-5p:0.533; mir-25-3p:0.526
1429,mir-1205,MIMAT0005869,UCUGCAGGGUUUGCUUUGAG,nao,0.453292,0.663405,0.678503,,kmer:GU:0.0016; kmer:UUG:0.0004; kmer:GUU:0.0004; kmer:UGCA:0.0003; kmer:GCA:0.0003; kmer:UGCUU:0.0002; kmer:GCAG:0.0002; kmer:GCAGG:0.0002; kmer:UGCU:0.0002; kmer:UGA:0.0002,mir-373-3p:0.600; mir-520c-3p:0.599; mir-1246:0.560
1430,mir-766-5p,MIMAT0022714,AGGAGGAAUUGGUGCUGGUCUU,nao,0.452910,0.663400,0.678483,,kmer:GU:0.0026; kmer:GUG:0.0006; kmer:GUGC:0.0005; kmer:AAU:0.0005; kmer:AA:0.0004; kmer:GUGCU:0.0002; kmer:GAAU:0.0002; kmer:GGAAU:0.0002; kmer:UUG:0.0002; kmer:UGCU:0.0002,mir-373-3p:0.567; mir-34a-5p:0.566; mir-206:0.541
1431,mir-8074,MIMAT0031001,CUAUGGCGAGACUGGCAUGUACUC,nao,0.452527,0.663397,0.678469,,kmer:GU:0.0014; kmer:UA:0.0014; kmer:UGU:0.0007; kmer:GUA:0.0003; kmer:GCA:0.0002; kmer:CGA:0.0001; kmer:UGGC:0.0001; kmer:UGGCG:0.0001; kmer:GAGAC:0.0001; kmer:AUGUA:0.0001,mir-31-5p:0.566; mir-21-5p:0.515; mir-200a-3p:0.503
1432,mir-4757-3p,MIMAT0019902,CAUGACGUCACAGAGGCUUCGC,nao,0.452144,0.663394,0.678454,,kmer:GU:0.0016; kmer:CGU:0.0005; kmer:UCG:0.0002; kmer:UUCG:0.0002; kmer:UGA:0.0002; kmer:GCUU:0.0002; kmer:ACAG:0.0001; kmer:CG:0.0001; kmer:ACAGA:0.0001; kmer:AUGAC:0.0001,mir-24-3p:0.541; mir-425-5p:0.505; mir-205-5p:0.459
1433,mir-3144-5p,MIMAT0015014,AGGGGACCAAAGAGAUAUAUAG,nao,0.451761,0.663391,0.678443,,kmer:UA:0.0023; kmer:AA:0.0009; kmer:UAG:0.0006; kmer:AAA:0.0004; kmer:CAAA:0.0003; kmer:AUAG:0.0002; kmer:UAU:0.0001; kmer:UAUAG:0.0001; kmer:GACC:0.0001; kmer:AAAG:0.0001,mir-6875-5p:0.541; mir-155-5p:0.448; mir-31-5p:0.447
1434,mir-1284,MIMAT0005941,UCUAUACAGACCCUGGCUUUUC,nao,0.451378,0.663387,0.678426,,kmer:UA:0.0013; kmer:ACCC:0.0002; kmer:ACCCU:0.0002; kmer:GACCC:0.0002; kmer:CCCU:0.0001; kmer:GCUU:0.0001; kmer:CCCUG:0.0001; kmer:AGACC:0.0001; kmer:ACAG:0.0001; kmer:UACAG:0.0001,mir-125a-5p:0.587; mir-125b-5p:0.528; mir-520c-3p:0.472
1435,mir-4293,MIMAT0016848,CAGCCUGACAGGAACAG,nao,0.450995,0.663385,0.678415,,kmer:AA:0.0005; kmer:CUGA:0.0003; kmer:ACAG:0.0002; kmer:CAGC:0.0002; kmer:UGA:0.0002; kmer:CAGGA:0.0002; kmer:AAC:0.0002; kmer:AGGAA:0.0001; kmer:CAG:0.0001; kmer:UGACA:0.0001,mir-24-3p:0.679; mir-6875-5p:0.640; mir-195-5p:0.470
1436,mir-1271-5p,MIMAT0005796,CUUGGCACCUAGCAAGCACUCA,nao,0.450613,0.663383,0.678405,,kmer:GCA:0.0008; kmer:UA:0.0007; kmer:AGCA:0.0007; kmer:UAG:0.0006; kmer:GCAC:0.0005; kmer:AA:0.0004; kmer:UAGC:0.0004; kmer:UUG:0.0002; kmer:AGCAC:0.0002; kmer:UAGCA:0.0002,mir-195-5p:0.604; mir-31-5p:0.580; mir-497-5p:0.569
1437,mir-7114-5p,MIMAT0028125,UCUGUGGAGUGGGGUGCCUGU,nao,0.450230,0.663382,0.678403,,kmer:GU:0.0058; kmer:GUG:0.0019; kmer:UGU:0.0015; kmer:GUGC:0.0006; kmer:UGUG:0.0004; kmer:AGUG:0.0003; kmer:AGU:0.0002; kmer:CCUGU:0.0001; kmer:CUGU:0.0001; kmer:GGGGU:0.0000,mir-206:0.619; mir-6861-5p:0.612; mir-373-3p:0.585
1438,mir-1225-3p,MIMAT0005573,UGAGCCCCUGUGCCGCCCCCAG,nao,0.449847,0.663374,0.678365,,kmer:GU:0.0015; kmer:UGU:0.0008; kmer:GUG:0.0007; kmer:GUGC:0.0006; kmer:UGUG:0.0004; kmer:UGA:0.0002; kmer:CCCU:0.0002; kmer:CCCUG:0.0001; kmer:CCUGU:0.0001; kmer:UGUGC:0.0001,mir-125a-5p:0.578; mir-125b-5p:0.525; mir-92a-3p:0.472
1439,mir-4326,MIMAT0016888,UGUUCCUCUGUCUCCCAGAC,nao,0.449464,0.663373,0.678361,,kmer:GU:0.0030; kmer:UGU:0.0016; kmer:GUU:0.0004; kmer:UGUC:0.0002; kmer:UCCC:0.0002; kmer:UGUCU:0.0001; kmer:CAGAC:0.0001; kmer:GUCU:0.0001; kmer:UCCCA:0.0001; kmer:GUCUC:0.0000,mir-205-5p:0.607; mir-145-5p:0.565; mir-139-5p:0.561
1440,mir-6805-5p,MIMAT0027510,UAGGGGGCGGCUUGUGGAGUGU,nao,0.449081,0.663371,0.678352,,kmer:GU:0.0041; kmer:UGU:0.0014; kmer:GUG:0.0012; kmer:UA:0.0007; kmer:UAG:0.0006; kmer:UUGU:0.0005; kmer:UGUG:0.0004; kmer:CUUGU:0.0003; kmer:UUGUG:0.0003; kmer:AGUG:0.0003,mir-6861-5p:0.657; mir-373-3p:0.577; let-7b-5p:0.572
1441,mir-3074-5p,MIMAT0019208,GUUCCUGCUGAACUGAGCCAG,nao,0.448698,0.663370,0.678350,,kmer:GU:0.0016; kmer:CUGA:0.0005; kmer:AA:0.0005; kmer:GUU:0.0004; kmer:UGA:0.0003; kmer:ACUGA:0.0003; kmer:UGCU:0.0002; kmer:AAC:0.0001; kmer:CUGAG:0.0001; kmer:AACU:0.0000,mir-125a-5p:0.585; mir-125b-5p:0.573; mir-210-3p:0.515
1442,mir-7108-3p,MIMAT0028114,ACCCGCCCGUCUCCCCACAG,nao,0.448315,0.663368,0.678341,,kmer:GU:0.0017; kmer:CGU:0.0005; kmer:ACCC:0.0003; kmer:CCCG:0.0002; kmer:UCCC:0.0002; kmer:CCG:0.0002; kmer:CCCGU:0.0001; kmer:CCGU:0.0001; kmer:ACAG:0.0001; kmer:CG:0.0001,mir-145-5p:0.529; mir-99a-5p:0.490; mir-205-5p:0.478
1443,mir-4764-3p,MIMAT0019915,UUAACUCCUUUCACACCCAUGG,nao,0.447933,0.663358,0.678296,,kmer:UA:0.0007; kmer:AA:0.0004; kmer:UAA:0.0003; kmer:ACCC:0.0002; kmer:UUA:0.0002; kmer:UAAC:0.0002; kmer:AAC:0.0001; kmer:UAACU:0.0001; kmer:UUAA:0.0001; kmer:UCCUU:0.0000,mir-205-5p:0.585; mir-125a-5p:0.513; mir-425-5p:0.495
1444,mir-4267,MIMAT0016893,UCCAGCUCGGUGGCAC,nao,0.447550,0.663354,0.678278,,kmer:GU:0.0019; kmer:GUG:0.0009; kmer:GCA:0.0003; kmer:UCG:0.0003; kmer:GCAC:0.0003; kmer:CAGC:0.0002; kmer:UCGGU:0.0002; kmer:UCCAG:0.0001; kmer:UCGG:0.0001; kmer:UCCA:0.0001,mir-6861-5p:0.551; mir-1307-3p:0.536; mir-24-3p:0.511
1445,mir-3161,MIMAT0015035,CUGAUAAGAACAGAGGCCCAGAU,nao,0.447167,0.663352,0.678270,,kmer:AA:0.0008; kmer:UA:0.0007; kmer:UAA:0.0003; kmer:CUGA:0.0002; kmer:UGA:0.0001; kmer:AAC:0.0001; kmer:ACAG:0.0001; kmer:CAG:0.0001; kmer:ACAGA:0.0001; kmer:UGAUA:0.0001,mir-6875-5p:0.586; mir-195-5p:0.495; mir-31-5p:0.486
1446,mir-518b,MIMAT0002844,CAAAGCGCUCCCCUUUAGAGGU,sim,0.446784,0.663350,0.678260,hsa-mir-518b,kmer:GU:0.0015; kmer:AA:0.0009; kmer:UA:0.0008; kmer:UAG:0.0006; kmer:AAA:0.0004; kmer:CAAA:0.0003; kmer:UUA:0.0002; kmer:AGGU:0.0002; kmer:UCCC:0.0002; kmer:CCCU:0.0002,mir-520c-3p:0.660; mir-125a-5p:0.522; mir-191-5p:0.517
1447,mir-3200-5p,MIMAT0017392,AAUCUGAGAAGGCGCACAAGGU,nao,0.446401,0.663350,0.678258,,kmer:GU:0.0016; kmer:AA:0.0014; kmer:AAU:0.0006; kmer:AAUC:0.0004; kmer:GCA:0.0003; kmer:AGGU:0.0002; kmer:GCAC:0.0002; kmer:CUGA:0.0002; kmer:UGA:0.0002; kmer:GCACA:0.0001,mir-191-5p:0.541; mir-31-5p:0.531; mir-195-5p:0.501
1448,mir-539-3p,MIMAT0022705,AUCAUACAAGGACAAUUUCUUU,nao,0.446018,0.663344,0.678231,,kmer:AA:0.0010; kmer:UA:0.0008; kmer:AAU:0.0006; kmer:AUC:0.0001; kmer:AAUUU:0.0001; kmer:AUUU:0.0000; kmer:AUCA:0.0000,mir-1246:0.485; mir-205-5p:0.446; mir-520c-3p:0.430
1449,mir-7977,MIMAT0031180,UUCCCAGCCAACGCACCA,nao,0.445636,0.663343,0.678227,,kmer:AA:0.0006; kmer:GCA:0.0004; kmer:GCAC:0.0003; kmer:CAGC:0.0002; kmer:UCCC:0.0002; kmer:AAC:0.0002; kmer:UCCCA:0.0001; kmer:CG:0.0001; kmer:AACG:0.0001; kmer:CAG:0.0001,mir-145-5p:0.574; mir-191-5p:0.573; mir-205-5p:0.468
1450,mir-1279,MIMAT0005937,UCAUAUUGCUUCUUUCU,nao,0.445253,0.663342,0.678224,,kmer:UA:0.0010; kmer:UAUUG:0.0003; kmer:UGCUU:0.0003; kmer:UUG:0.0003; kmer:UGCU:0.0002; kmer:AUAUU:0.0002; kmer:GCUU:0.0002; kmer:AUUGC:0.0002; kmer:AUUG:0.0002; kmer:UAUU:0.0002,mir-205-5p:0.508; mir-25-3p:0.506; mir-520c-3p:0.490
1451,mir-4475,MIMAT0019002,CAAGGGACCAAGCAUUCAUUAU,nao,0.444870,0.663342,0.678223,,kmer:AA:0.0009; kmer:UA:0.0008; kmer:AGCA:0.0004; kmer:GCA:0.0003; kmer:UUA:0.0003; kmer:CAUU:0.0002; kmer:UUAU:0.0001; kmer:GACC:0.0001; kmer:UAU:0.0001; kmer:CAUUC:0.0001,mir-181b-5p:0.500; mir-191-5p:0.495; mir-205-5p:0.492
1452,mir-362-3p,MIMAT0004683,AACACACCUAUUCAAGGAUUCA,nao,0.444487,0.663336,0.678198,,kmer:AA:0.0009; kmer:UA:0.0008; kmer:UAUU:0.0001; kmer:AAC:0.0001; kmer:UAU:0.0001; kmer:ACC:0.0000; kmer:CCUA:0.0000; kmer:GGAUU:0.0000,mir-205-5p:0.518; mir-24-3p:0.467; mir-425-5p:0.435
1453,mir-6758-5p,MIMAT0027416,UAGAGAGGGGAAGGAUGUGAUGU,nao,0.444104,0.663332,0.678180,,kmer:GU:0.0028; kmer:UGU:0.0014; kmer:UA:0.0007; kmer:GUG:0.0006; kmer:UAG:0.0006; kmer:AA:0.0004; kmer:UGUG:0.0004; kmer:GAUGU:0.0002; kmer:UGA:0.0001; kmer:UGUGA:0.0001,mir-6875-5p:0.617; mir-206:0.599; mir-1-3p:0.512
1454,mir-6084,MIMAT0023709,UUCCGCCAGUCGGUGGCCGG,nao,0.443721,0.663331,0.678176,,kmer:GU:0.0036; kmer:GUG:0.0008; kmer:AGU:0.0003; kmer:UCG:0.0003; kmer:CAGU:0.0002; kmer:UCGGU:0.0002; kmer:CCG:0.0002; kmer:CG:0.0002; kmer:CCAGU:0.0001; kmer:UCGG:0.0001,mir-4634:0.619; mir-1307-3p:0.613; mir-181b-5p:0.502
1455,mir-7112-5p,MIMAT0028121,ACGGGCAGGGCAGUGCACCCUG,nao,0.443338,0.663326,0.678152,,kmer:GU:0.0014; kmer:GCA:0.0007; kmer:GUG:0.0006; kmer:GUGC:0.0006; kmer:AGUGC:0.0005; kmer:GCAG:0.0004; kmer:GUGCA:0.0003; kmer:AGUG:0.0003; kmer:UGCA:0.0003; kmer:ACCC:0.0002,mir-17-5p:0.528; mir-31-5p:0.518; mir-24-3p:0.517
1456,mir-4659a-3p,MIMAT0019727,UUUCUUCUUAGACAUGGCAACG,nao,0.442956,0.663323,0.678139,,kmer:UA:0.0008; kmer:UAG:0.0007; kmer:AA:0.0005; kmer:CUUA:0.0004; kmer:GCA:0.0003; kmer:UUA:0.0003; kmer:AAC:0.0001; kmer:GCAA:0.0001; kmer:UCUUA:0.0001; kmer:UGGC:0.0001,mir-520c-3p:0.502; mir-205-5p:0.465; mir-34a-5p:0.453
1457,mir-520e-5p,MIMAT0037324,CUCAAGAUGGAAGCAGUUUCUG,nao,0.442573,0.663321,0.678129,,kmer:GU:0.0015; kmer:AA:0.0009; kmer:AGCA:0.0004; kmer:GUU:0.0004; kmer:AGCAG:0.0003; kmer:GCA:0.0003; kmer:AGU:0.0002; kmer:GCAG:0.0002; kmer:AGUU:0.0002; kmer:CAGUU:0.0002,mir-24-3p:0.623; mir-1246:0.538; mir-31-5p:0.524
1458,mir-6499-5p,MIMAT0025450,UCGGGCGCAAGAGCACUGCAGU,nao,0.442190,0.663319,0.678120,,kmer:GU:0.0016; kmer:GCA:0.0008; kmer:AA:0.0005; kmer:AGCA:0.0004; kmer:UGCA:0.0003; kmer:AGU:0.0003; kmer:GCAG:0.0003; kmer:UCG:0.0003; kmer:GCAC:0.0002; kmer:AGCAC:0.0002,mir-31-5p:0.607; mir-497-5p:0.558; mir-24-3p:0.555
1459,mir-320c,MIMAT0005793,AAAAGCUGGGUUGAGAGGGU,nao,0.441807,0.663319,0.678120,,kmer:GU:0.0030; kmer:AA:0.0013; kmer:AAA:0.0008; kmer:GUU:0.0003; kmer:UUG:0.0002; kmer:GUUG:0.0002; kmer:GUUGA:0.0002; kmer:UGA:0.0002; kmer:GGUU:0.0001; kmer:GGUUG:0.0001,mir-6861-5p:0.568; mir-520c-3p:0.552; let-7b-5p:0.510
1460,mir-4316,MIMAT0016867,GGUGAGGCUAGCUGGUG,nao,0.441424,0.663317,0.678110,,kmer:GU:0.0038; kmer:GUG:0.0017; kmer:UA:0.0009; kmer:UAG:0.0008; kmer:UAGC:0.0005; kmer:UAGCU:0.0003; kmer:UGA:0.0002; kmer:GGU:0.0000; kmer:GUGA:0.0000; kmer:CUGGU:0.0000,mir-34a-5p:0.628; mir-6861-5p:0.596; mir-31-5p:0.568
1461,mir-6747-5p,MIMAT0027394,AGGGGUGUGGAAAGAGGCAGAACA,nao,0.441041,0.663293,0.678005,,kmer:GU:0.0025; kmer:GUG:0.0011; kmer:AA:0.0011; kmer:UGU:0.0007; kmer:UGUG:0.0004; kmer:AAA:0.0003; kmer:GCA:0.0002; kmer:GCAG:0.0002; kmer:GUGUG:0.0001; kmer:AAC:0.0001,mir-206:0.628; mir-6875-5p:0.581; mir-6861-5p:0.571
1462,mir-10397-3p,MIMAT0041626,CAUAGAUCUCGUCGCUUACUGGGA,nao,0.440658,0.663290,0.677992,,kmer:GU:0.0014; kmer:UA:0.0014; kmer:UAG:0.0006; kmer:CGU:0.0005; kmer:UCG:0.0004; kmer:CUUA:0.0003; kmer:GCUUA:0.0003; kmer:UUA:0.0002; kmer:UCGU:0.0002; kmer:AUAG:0.0002,mir-25-3p:0.506; mir-21-5p:0.484; mir-99a-5p:0.481
1463,mir-3622b-3p,MIMAT0018006,UCACCUGAGCUCCCGUGCCUG,nao,0.440276,0.663286,0.677973,,kmer:GU:0.0015; kmer:GUG:0.0007; kmer:GUGC:0.0006; kmer:CGU:0.0005; kmer:CGUG:0.0004; kmer:CUGA:0.0002; kmer:UCCC:0.0002; kmer:UGA:0.0002; kmer:UCCCG:0.0001; kmer:CCCGU:0.0001,mir-125a-5p:0.649; mir-125b-5p:0.598; mir-92a-3p:0.551
1464,mir-5706,MIMAT0022500,UUCUGGAUAACAUGCUGAAGCU,nao,0.439893,0.663282,0.677956,,kmer:AA:0.0009; kmer:UA:0.0007; kmer:UAA:0.0003; kmer:CUGA:0.0002; kmer:UGCU:0.0002; kmer:UAAC:0.0002; kmer:AUGC:0.0002; kmer:UGA:0.0002; kmer:AAC:0.0001; kmer:AUGCU:0.0001,mir-31-5p:0.628; mir-200a-3p:0.517; mir-21-5p:0.498
1465,mir-5004-5p,MIMAT0021027,UGAGGACAGGGCAAAUUCACGA,nao,0.439510,0.663278,0.677938,,kmer:AA:0.0008; kmer:AAU:0.0005; kmer:AAA:0.0004; kmer:AAAU:0.0003; kmer:CAAA:0.0002; kmer:GCA:0.0002; kmer:GCAAA:0.0002; kmer:CAAAU:0.0002; kmer:CGA:0.0001; kmer:UGA:0.0001,mir-6875-5p:0.672; mir-24-3p:0.549; mir-191-5p:0.473
1466,mir-5683,MIMAT0022472,UACAGAUGCAGAUUCUCUGACUUC,nao,0.439127,0.663259,0.677850,,kmer:UA:0.0006; kmer:UGCA:0.0002; kmer:GCA:0.0002; kmer:GCAG:0.0002; kmer:CUGA:0.0002; kmer:AUGC:0.0001; kmer:UGA:0.0001; kmer:ACAG:0.0001; kmer:UGCAG:0.0001; kmer:UACAG:0.0001,mir-21-5p:0.557; mir-25-3p:0.511; mir-205-5p:0.473
1467,mir-324-5p,MIMAT0000761,CGCAUCCCCUAGGGCAUUGGUG,nao,0.438744,0.663254,0.677828,,kmer:GU:0.0016; kmer:UA:0.0008; kmer:GUG:0.0007; kmer:UAG:0.0007; kmer:GCA:0.0005; kmer:UUG:0.0002; kmer:AUCC:0.0002; kmer:UCCC:0.0002; kmer:AUUGG:0.0002; kmer:CCCU:0.0002,mir-181b-5p:0.523; mir-6861-5p:0.511; mir-92a-3p:0.498
1468,mir-5585-3p,MIMAT0022286,CUGAAUAGCUGGGACUACAGGU,nao,0.438361,0.663251,0.677814,,kmer:GU:0.0015; kmer:UA:0.0015; kmer:UAG:0.0006; kmer:AAU:0.0006; kmer:AA:0.0004; kmer:UAGC:0.0004; kmer:GAAU:0.0002; kmer:AGGU:0.0002; kmer:UAGCU:0.0002; kmer:CUGA:0.0002,mir-6861-5p:0.585; mir-31-5p:0.562; mir-21-5p:0.509
1469,mir-2681-5p,MIMAT0013515,GUUUUACCACCUCCAGGAGACU,nao,0.437979,0.663250,0.677811,,kmer:GU:0.0014; kmer:UA:0.0007; kmer:GUU:0.0003; kmer:UUA:0.0002; kmer:CAGGA:0.0001; kmer:UACC:0.0001; kmer:UUAC:0.0001; kmer:UCCAG:0.0001; kmer:GAGAC:0.0001; kmer:UCCA:0.0001,mir-145-5p:0.596; mir-6875-5p:0.558; mir-451a:0.537
1470,mir-8073,MIMAT0031000,ACCUGGCAGCAGGGAGCGUCGU,nao,0.437596,0.663246,0.677791,,kmer:GU:0.0029; kmer:CGU:0.0009; kmer:GCA:0.0005; kmer:GCAG:0.0005; kmer:AGCA:0.0003; kmer:AGCAG:0.0003; kmer:CAGCA:0.0003; kmer:GCAGC:0.0002; kmer:UCGU:0.0002; kmer:UCG:0.0002,mir-24-3p:0.613; mir-497-5p:0.541; mir-31-5p:0.536
1471,mir-4489,MIMAT0019023,UGGGGCUAGUGAUGCAGGACG,nao,0.437213,0.663244,0.677784,,kmer:GU:0.0015; kmer:UA:0.0007; kmer:GUG:0.0007; kmer:UAG:0.0006; kmer:AGUG:0.0003; kmer:UGCA:0.0003; kmer:GCA:0.0002; kmer:AGU:0.0002; kmer:GCAG:0.0002; kmer:GCAGG:0.0002,mir-6861-5p:0.621; mir-31-5p:0.552; mir-6875-5p:0.544
1472,mir-502-5p,MIMAT0002873,AUCCUUGCUAUCUGGGUGCUA,nao,0.436830,0.663244,0.677782,,kmer:GU:0.0015; kmer:UA:0.0015; kmer:GUG:0.0007; kmer:GUGC:0.0006; kmer:UGCU:0.0004; kmer:GUGCU:0.0003; kmer:UUG:0.0002; kmer:AUC:0.0002; kmer:AUCC:0.0002; kmer:UGCUA:0.0001,mir-155-5p:0.487; mir-181b-5p:0.482; mir-373-3p:0.467
1473,mir-3139,MIMAT0015007,UAGGAGCUCAACAGAUGCCUGUU,nao,0.436447,0.663243,0.677779,,kmer:GU:0.0014; kmer:UGU:0.0008; kmer:UA:0.0007; kmer:UAG:0.0006; kmer:AA:0.0004; kmer:GUU:0.0003; kmer:AUGC:0.0001; kmer:AAC:0.0001; kmer:CCUGU:0.0001; kmer:ACAG:0.0001,mir-31-5p:0.591; mir-24-3p:0.582; mir-21-5p:0.546
1474,mir-4443,MIMAT0018961,UUGGAGGCGUGGGUUUU,nao,0.436064,0.663240,0.677767,,kmer:GU:0.0036; kmer:GUG:0.0008; kmer:CGU:0.0006; kmer:CGUG:0.0004; kmer:GUU:0.0004; kmer:UUG:0.0003; kmer:GGUU:0.0002; kmer:GCGUG:0.0001; kmer:GCGU:0.0001; kmer:CGUGG:0.0001,mir-1246:0.637; mir-373-3p:0.625; mir-382-5p:0.562
1475,mir-4661-3p,MIMAT0019730,CAGGAUCCACAGAGCUAGUCCA,nao,0.435681,0.663235,0.677743,,kmer:GU:0.0015; kmer:UA:0.0007; kmer:UAG:0.0006; kmer:AGU:0.0002; kmer:AUCC:0.0002; kmer:UCCA:0.0002; kmer:CAGGA:0.0001; kmer:AUC:0.0001; kmer:ACAG:0.0001; kmer:GUCCA:0.0001,mir-24-3p:0.588; mir-6875-5p:0.572; mir-145-5p:0.559
1476,mir-498-3p,MIMAT0037323,AAAGCACCUCCAGAGCUUGAAGC,nao,0.435299,0.663230,0.677721,,kmer:AA:0.0014; kmer:AAA:0.0004; kmer:AGCA:0.0004; kmer:GCA:0.0003; kmer:GCAC:0.0002; kmer:UUG:0.0002; kmer:AGCAC:0.0002; kmer:UGA:0.0002; kmer:GCUU:0.0002; kmer:UCCAG:0.0001,mir-191-5p:0.620; mir-195-5p:0.556; mir-31-5p:0.508
1477,mir-554,MIMAT0003217,GCUAGUCCUGACUCAGCCAGU,nao,0.434916,0.663227,0.677707,,kmer:GU:0.0034; kmer:UA:0.0008; kmer:UAG:0.0007; kmer:AGU:0.0005; kmer:CUGA:0.0002; kmer:CAGC:0.0002; kmer:CAGU:0.0002; kmer:UGA:0.0002; kmer:CCAGU:0.0001; kmer:CCUGA:0.0001,mir-139-5p:0.585; mir-24-3p:0.568; mir-145-5p:0.488
1478,mir-664a-5p,MIMAT0005948,ACUGGCUAGGGAAAAUGAUUGGAU,nao,0.434533,0.663226,0.677703,,kmer:AA:0.0012; kmer:AAA:0.0007; kmer:UA:0.0007; kmer:UAG:0.0006; kmer:AAU:0.0005; kmer:AAAU:0.0003; kmer:UUG:0.0002; kmer:AAUG:0.0002; kmer:AUUGG:0.0001; kmer:UGA:0.0001,mir-1246:0.578; mir-155-5p:0.530; mir-206:0.494
1479,mir-4754,MIMAT0019894,AUGCGGACCUGGGUUAGCGGAGU,nao,0.434150,0.663224,0.677693,,kmer:GU:0.0028; kmer:UA:0.0007; kmer:UAG:0.0006; kmer:UAGC:0.0003; kmer:GUU:0.0003; kmer:AGU:0.0002; kmer:UUA:0.0002; kmer:AUGC:0.0001; kmer:GGUU:0.0001; kmer:CG:0.0001,mir-6861-5p:0.522; mir-4634:0.514; mir-210-3p:0.474
1480,mir-1199-3p,MIMAT0031120,UGCGGCCGGUGCUCAACCUGC,nao,0.433767,0.663221,0.677681,,kmer:GU:0.0017; kmer:GUG:0.0007; kmer:GUGC:0.0007; kmer:AA:0.0005; kmer:GUGCU:0.0003; kmer:UGCU:0.0002; kmer:CGGC:0.0002; kmer:AAC:0.0001; kmer:AACC:0.0001; kmer:CG:0.0001,mir-4634:0.562; mir-210-3p:0.554; mir-92a-3p:0.525
1481,mir-4684-5p,MIMAT0019769,CUCUCUACUGACUUGCAACAUA,nao,0.433384,0.663218,0.677666,,kmer:UA:0.0015; kmer:AA:0.0005; kmer:UGCA:0.0003; kmer:GCA:0.0003; kmer:ACUUG:0.0002; kmer:ACUGA:0.0002; kmer:CUGA:0.0002; kmer:UUG:0.0002; kmer:UGCAA:0.0002; kmer:UGA:0.0002,mir-25-3p:0.593; mir-19a-3p:0.531; mir-200a-3p:0.466
1482,mir-3160-3p,MIMAT0015034,AGAGCUGAGACUAGAAAGCCCA,nao,0.433002,0.663213,0.677645,,kmer:AA:0.0009; kmer:UA:0.0007; kmer:UAG:0.0006; kmer:AAA:0.0004; kmer:CUGA:0.0002; kmer:UGA:0.0001; kmer:GAGAC:0.0001; kmer:CUGAG:0.0001; kmer:UGAGA:0.0001; kmer:UAGAA:0.0001,mir-6875-5p:0.511; mir-125b-5p:0.505; mir-191-5p:0.502
1483,mir-4646-3p,MIMAT0019708,AUUGUCCCUCUCCCUUCCCAG,nao,0.432619,0.663209,0.677627,,kmer:GU:0.0014; kmer:UGU:0.0007; kmer:UUGU:0.0005; kmer:UCCC:0.0005; kmer:CCCU:0.0003; kmer:UCCCU:0.0003; kmer:UGUC:0.0002; kmer:UUG:0.0002; kmer:UUGUC:0.0002; kmer:AUUG:0.0001,mir-145-5p:0.702; mir-205-5p:0.590; mir-125a-5p:0.560
1484,mir-1184,MIMAT0005829,CCUGCAGCGACUUGAUGGCUUCC,nao,0.432236,0.663198,0.677580,,kmer:UGCA:0.0003; kmer:GCA:0.0002; kmer:GCAGC:0.0002; kmer:ACUUG:0.0002; kmer:GCAG:0.0002; kmer:UUG:0.0002; kmer:CAGC:0.0002; kmer:CGA:0.0001; kmer:UGA:0.0001; kmer:GCUU:0.0001,mir-21-5p:0.550; mir-92a-3p:0.540; mir-31-5p:0.519
1485,mir-6846-3p,MIMAT0027593,UGACCCCUUCUGUCUCCCUAG,nao,0.431853,0.663198,0.677579,,kmer:GU:0.0014; kmer:UGU:0.0008; kmer:UA:0.0007; kmer:UAG:0.0006; kmer:CCCU:0.0003; kmer:ACCC:0.0002; kmer:UGUC:0.0002; kmer:GACCC:0.0002; kmer:UCCC:0.0002; kmer:UGA:0.0001,mir-125a-5p:0.696; mir-125b-5p:0.675; mir-205-5p:0.564
1486,mir-28-3p,MIMAT0004502,CACUAGAUUGUGAGCUCCUGGA,nao,0.431470,0.663195,0.677565,,kmer:GU:0.0015; kmer:UGU:0.0008; kmer:UA:0.0008; kmer:GUG:0.0007; kmer:UAG:0.0006; kmer:UUGU:0.0005; kmer:UGUG:0.0004; kmer:UUGUG:0.0003; kmer:UUG:0.0002; kmer:UGA:0.0002,mir-125b-5p:0.601; mir-21-5p:0.557; mir-125a-5p:0.557
1487,mir-6075,MIMAT0023700,ACGGCCCAGGCGGCAUUGGUG,nao,0.431087,0.663189,0.677539,,kmer:GU:0.0015; kmer:GUG:0.0007; kmer:CGGC:0.0003; kmer:GCA:0.0003; kmer:UUG:0.0002; kmer:AUUGG:0.0002; kmer:AUUG:0.0001; kmer:CG:0.0001; kmer:CGGCC:0.0001; kmer:CAUU:0.0001,mir-4634:0.642; mir-6861-5p:0.521; mir-181b-5p:0.490
1488,mir-4665-3p,MIMAT0019740,CUCGGCCGCGGCGCGUAGCCCCCGCC,nao,0.430704,0.663189,0.677538,,kmer:GU:0.0014; kmer:UA:0.0007; kmer:UAG:0.0006; kmer:GUAG:0.0005; kmer:CGU:0.0005; kmer:UAGC:0.0003; kmer:GUA:0.0003; kmer:CGGC:0.0003; kmer:CG:0.0003; kmer:UCG:0.0002,mir-4634:0.739; mir-1307-3p:0.525; mir-92a-3p:0.436
1489,mir-6070,MIMAT0023695,CCGGUUCCAGUCCCUGGAG,nao,0.430322,0.663188,0.677532,,kmer:GU:0.0033; kmer:GUU:0.0004; kmer:AGU:0.0003; kmer:UCCC:0.0002; kmer:CAGU:0.0002; kmer:CCCU:0.0002; kmer:UCCCU:0.0002; kmer:CCCUG:0.0002; kmer:GGUU:0.0001; kmer:UCCAG:0.0001,mir-145-5p:0.698; mir-205-5p:0.631; mir-125a-5p:0.516
1490,mir-6757-3p,MIMAT0027415,AACACUGGCCUUGCUAUCCCCA,nao,0.429939,0.663179,0.677493,,kmer:UA:0.0007; kmer:AA:0.0004; kmer:UUG:0.0002; kmer:UGCU:0.0002; kmer:AUCC:0.0002; kmer:UCCC:0.0002; kmer:AAC:0.0001; kmer:AUCCC:0.0001; kmer:AUC:0.0001; kmer:UGCUA:0.0001,mir-92a-3p:0.594; mir-125b-5p:0.507; mir-125a-5p:0.505
1491,mir-550a-3-5p,MIMAT0020925,AGUGCCUGAGGGAGUAAGAG,nao,0.429556,0.663177,0.677485,,kmer:GU:0.0033; kmer:UA:0.0008; kmer:GUG:0.0007; kmer:GUGC:0.0007; kmer:AGUGC:0.0006; kmer:AGU:0.0005; kmer:AA:0.0005; kmer:GUA:0.0004; kmer:UAA:0.0003; kmer:AGUG:0.0003,mir-6875-5p:0.587; mir-520c-3p:0.536; mir-20a-5p:0.516
1492,mir-6513-5p,MIMAT0025482,UUUGGGAUUGACGCCACAUGUCU,nao,0.429173,0.663177,0.677484,,kmer:GU:0.0016; kmer:UGU:0.0008; kmer:UUG:0.0004; kmer:UGUC:0.0003; kmer:UGA:0.0002; kmer:AUUG:0.0001; kmer:UGUCU:0.0001; kmer:GUCU:0.0001; kmer:CG:0.0001; kmer:AUGU:0.0000,mir-1246:0.582; mir-25-3p:0.569; mir-373-3p:0.564
1493,mir-450a-2-3p,MIMAT0031074,AUUGGGGACAUUUUGCAUUCAU,nao,0.428790,0.663170,0.677451,,kmer:UUG:0.0004; kmer:UGCA:0.0003; kmer:GCA:0.0002; kmer:CAUU:0.0002; kmer:AUUGG:0.0002; kmer:AUUG:0.0001; kmer:AUUUU:0.0001; kmer:CAUUC:0.0000; kmer:UUGCA:0.0000; kmer:UUCAU:0.0000,mir-181b-5p:0.629; mir-1246:0.613; mir-373-3p:0.556
1494,mir-4638-5p,MIMAT0019695,ACUCGGCUGCGGUGGACAAGU,nao,0.428407,0.663166,0.677436,,kmer:GU:0.0032; kmer:GUG:0.0007; kmer:AA:0.0005; kmer:AGU:0.0003; kmer:UCG:0.0002; kmer:AAGU:0.0002; kmer:CGGC:0.0002; kmer:CG:0.0001; kmer:UCGG:0.0001; kmer:CUCGG:0.0001,mir-1307-3p:0.619; mir-210-3p:0.596; mir-181b-5p:0.547
1495,mir-663b,MIMAT0005867,GGUGGCCCGGCCGUGCCUGAGG,nao,0.428025,0.663165,0.677433,,kmer:GU:0.0027; kmer:GUG:0.0012; kmer:GUGC:0.0005; kmer:CGU:0.0004; kmer:CGUG:0.0003; kmer:CUGA:0.0002; kmer:UGA:0.0001; kmer:CGGC:0.0001; kmer:CCG:0.0001; kmer:CCGU:0.0001,mir-4634:0.637; mir-92a-3p:0.547; mir-6861-5p:0.488
1496,mir-320d,MIMAT0006764,AAAAGCUGGGUUGAGAGGA,nao,0.427642,0.663164,0.677425,,kmer:GU:0.0016; kmer:AA:0.0014; kmer:AAA:0.0008; kmer:GUU:0.0004; kmer:UUG:0.0002; kmer:GUUG:0.0002; kmer:GUUGA:0.0002; kmer:UGA:0.0002; kmer:GGUU:0.0001; kmer:GGUUG:0.0001,mir-6875-5p:0.535; mir-520c-3p:0.510; mir-191-5p:0.488
1497,mir-4742-3p,MIMAT0019873,UCUGUAUUCUCCUUUGCCUGCAG,nao,0.427259,0.663162,0.677416,,kmer:GU:0.0014; kmer:UGU:0.0007; kmer:UA:0.0007; kmer:GUA:0.0003; kmer:UGCA:0.0003; kmer:GCA:0.0002; kmer:GCAG:0.0002; kmer:UUG:0.0002; kmer:UAUU:0.0001; kmer:UGCAG:0.0001,mir-92a-3p:0.598; mir-205-5p:0.563; mir-25-3p:0.559
1498,mir-193b-3p,MIMAT0002819,AACUGGCCCUCAAAGUCCCGCU,sim,0.426876,0.663161,0.677413,hsa-mir-193b,kmer:GU:0.0015; kmer:AA:0.0013; kmer:AAA:0.0004; kmer:CAAA:0.0003; kmer:AGU:0.0002; kmer:AAGU:0.0002; kmer:AAAGU:0.0002; kmer:UCCC:0.0002; kmer:CCCU:0.0002; kmer:AAC:0.0001,mir-191-5p:0.550; mir-365a-3p:0.503; mir-92a-3p:0.502
1499,mir-1914-5p,MIMAT0007889,CCCUGUGCCCGGCCCACUUCUG,nao,0.426493,0.663158,0.677399,,kmer:GU:0.0014; kmer:UGU:0.0007; kmer:GUG:0.0006; kmer:GUGC:0.0006; kmer:UGUG:0.0004; kmer:CCCU:0.0001; kmer:CGGC:0.0001; kmer:CCCUG:0.0001; kmer:CCUGU:0.0001; kmer:CCCG:0.0001,mir-92a-3p:0.671; mir-125a-5p:0.603; mir-125b-5p:0.551
1500,mir-6507-5p,MIMAT0025470,GAAGAAUAGGAGGGACUUUGU,nao,0.426110,0.663156,0.677392,,kmer:GU:0.0016; kmer:AA:0.0009; kmer:UGU:0.0008; kmer:UA:0.0008; kmer:UAG:0.0007; kmer:AAU:0.0006; kmer:UUGU:0.0006; kmer:GAAU:0.0002; kmer:UUG:0.0002; kmer:AAUA:0.0002,mir-6875-5p:0.626; mir-520c-3p:0.537; mir-1246:0.529
1501,mir-503-3p,MIMAT0022925,GGGGUAUUGUUUCCGCUGCCAGG,nao,0.425727,0.663156,0.677391,,kmer:GU:0.0030; kmer:UGU:0.0008; kmer:UA:0.0007; kmer:UUGU:0.0005; kmer:GUA:0.0004; kmer:GUU:0.0004; kmer:GGUA:0.0003; kmer:UAUUG:0.0002; kmer:UUG:0.0002; kmer:AUUG:0.0001,mir-6861-5p:0.626; mir-373-3p:0.584; mir-181b-5p:0.552
1502,mir-4660,MIMAT0019728,UGCAGCUCUGGUGGAAAAUGGAG,nao,0.425345,0.663153,0.677377,,kmer:GU:0.0014; kmer:AA:0.0012; kmer:AAA:0.0007; kmer:GUG:0.0006; kmer:AAU:0.0005; kmer:AAAU:0.0003; kmer:UGCA:0.0003; kmer:GCA:0.0002; kmer:GCAGC:0.0002; kmer:GCAG:0.0002,mir-206:0.580; mir-191-5p:0.534; mir-1246:0.531
1503,mir-4745-3p,MIMAT0019879,UGGCCCGGCGACGUCUCACGGUC,nao,0.424962,0.663151,0.677370,,kmer:GU:0.0029; kmer:CGU:0.0005; kmer:CG:0.0002; kmer:CGA:0.0002; kmer:CGGC:0.0001; kmer:CACG:0.0001; kmer:CCCG:0.0001; kmer:CCGGC:0.0001; kmer:CGGUC:0.0001; kmer:CCCGG:0.0001,mir-4634:0.702; mir-1307-3p:0.667; mir-25-3p:0.473
1504,mir-5192,MIMAT0021123,AGGAGAGUGGAUUCCAGGUGGU,nao,0.424579,0.663150,0.677365,,kmer:GU:0.0041; kmer:GUG:0.0012; kmer:AGUG:0.0003; kmer:AGU:0.0002; kmer:AGGU:0.0002; kmer:CAGGU:0.0002; kmer:UCCAG:0.0001; kmer:UCCA:0.0001; kmer:CCAGG:0.0001; kmer:CAGG:0.0001,mir-6875-5p:0.630; mir-382-5p:0.611; mir-6861-5p:0.596
1505,mir-1910-5p,MIMAT0007884,CCAGUCCUGUGCCUGCCGCCU,nao,0.424196,0.663149,0.677359,,kmer:GU:0.0034; kmer:UGU:0.0009; kmer:GUG:0.0008; kmer:GUGC:0.0007; kmer:UGUG:0.0005; kmer:AGU:0.0003; kmer:CAGU:0.0002; kmer:CCUGU:0.0001; kmer:UGUGC:0.0001; kmer:CCAGU:0.0001,mir-92a-3p:0.600; mir-125a-5p:0.558; mir-125b-5p:0.475
1506,mir-23b-5p,MIMAT0004587,UGGGUUCCUGGCAUGCUGAUUU,sim,0.423813,0.663146,0.677346,hsa-mir-23b,kmer:GU:0.0013; kmer:GUU:0.0003; kmer:GCA:0.0002; kmer:CUGA:0.0002; kmer:UGCU:0.0002; kmer:AUGC:0.0001; kmer:UGA:0.0001; kmer:GGUU:0.0001; kmer:AUGCU:0.0001; kmer:CUGAU:0.0001,mir-373-3p:0.579; mir-181b-5p:0.578; mir-31-5p:0.570
1507,mir-6722-5p,MIMAT0025853,AGGCGCACCCGACCACAUGC,nao,0.423430,0.663141,0.677321,,kmer:ACCC:0.0003; kmer:GCA:0.0003; kmer:GCAC:0.0003; kmer:CGA:0.0002; kmer:AUGC:0.0002; kmer:CCGA:0.0001; kmer:CCCG:0.0001; kmer:CG:0.0001; kmer:CCG:0.0001; kmer:GACC:0.0001,mir-4634:0.522; mir-425-5p:0.459; mir-31-5p:0.426
1508,mir-146b-3p,MIMAT0004766,GCCCUGUGGACUCAGUUCUGGU,sim,0.423047,0.663132,0.677284,hsa-mir-146b,kmer:GU:0.0043; kmer:UGU:0.0007; kmer:GUG:0.0006; kmer:UGUG:0.0004; kmer:GUU:0.0003; kmer:AGU:0.0002; kmer:AGUU:0.0002; kmer:CAGUU:0.0002; kmer:CAGU:0.0001; kmer:CCCU:0.0001,mir-34a-5p:0.581; mir-125a-5p:0.542; mir-382-5p:0.521
1509,mir-7702,MIMAT0030017,CUUAGACUGCCAGACUCCCUGA,nao,0.422665,0.663130,0.677275,,kmer:UA:0.0007; kmer:UAG:0.0006; kmer:CUUA:0.0003; kmer:UUA:0.0002; kmer:CUGA:0.0002; kmer:UCCC:0.0001; kmer:UGA:0.0001; kmer:CCCU:0.0001; kmer:UCCCU:0.0001; kmer:CCCUG:0.0001,mir-125a-5p:0.645; mir-125b-5p:0.636; mir-21-5p:0.572
1510,let-7b-3p,MIMAT0004482,CUAUACAACCUACUGCCUUCCC,sim,0.422282,0.663130,0.677275,hsa-let-7b,kmer:UA:0.0024; kmer:AA:0.0005; kmer:UCCC:0.0002; kmer:AAC:0.0001; kmer:AACC:0.0001; kmer:UAU:0.0001; kmer:ACUG:0.0000; kmer:ACC:0.0000; kmer:UACUG:0.0000; kmer:CCUA:0.0000,mir-125a-5p:0.562; mir-125b-5p:0.542; mir-365a-3p:0.528
1511,mir-514a-5p,MIMAT0022702,UACUCUGGAGAGUGACAAUCAUG,sim,0.421899,0.663127,0.677262,hsa-mir-514a-1; hsa-mir-514a-2; hsa-mir-514a-3,kmer:GU:0.0015; kmer:UA:0.0007; kmer:GUG:0.0007; kmer:AAU:0.0006; kmer:AA:0.0004; kmer:AAUC:0.0003; kmer:AGUG:0.0003; kmer:AGU:0.0002; kmer:UGA:0.0002; kmer:UGACA:0.0001,mir-425-5p:0.522; mir-21-5p:0.510; mir-6875-5p:0.480
1512,mir-4802-3p,MIMAT0019982,UACAUGGAUGGAAACCUUCAAGC,nao,0.421516,0.663118,0.677219,,kmer:AA:0.0013; kmer:UA:0.0007; kmer:AAA:0.0004; kmer:AAC:0.0001; kmer:AACC:0.0001; kmer:AAACC:0.0000; kmer:ACC:0.0000; kmer:AAAC:0.0000; kmer:UGGAU:0.0000,mir-191-5p:0.522; mir-1246:0.515; mir-1-3p:0.476
1513,mir-488-5p,MIMAT0002804,CCCAGAUAAUGGCACUCUCAA,nao,0.421133,0.663116,0.677212,,kmer:AA:0.0009; kmer:UA:0.0008; kmer:AAU:0.0006; kmer:UAA:0.0003; kmer:GCA:0.0003; kmer:GCAC:0.0002; kmer:AAUG:0.0002; kmer:UAAUG:0.0001; kmer:UAAU:0.0001; kmer:GCACU:0.0001,mir-31-5p:0.510; mir-191-5p:0.490; mir-425-5p:0.473
1514,mir-4451,MIMAT0018973,UGGUAGAGCUGAGGACA,nao,0.420750,0.663114,0.677201,,kmer:GU:0.0019; kmer:UA:0.0009; kmer:UAG:0.0008; kmer:GUAG:0.0006; kmer:GGUAG:0.0005; kmer:GUA:0.0005; kmer:GGUA:0.0004; kmer:CUGA:0.0003; kmer:UGA:0.0002; kmer:GUAGA:0.0001,mir-6875-5p:0.645; let-7b-5p:0.525; let-7a-5p:0.514
1515,mir-302d-5p,MIMAT0004685,ACUUUAACAUGGAGGCACUUGC,sim,0.420368,0.663113,0.677199,hsa-mir-302d,kmer:UA:0.0007; kmer:AA:0.0004; kmer:UAA:0.0003; kmer:GCA:0.0003; kmer:UUA:0.0002; kmer:ACUUG:0.0002; kmer:GCAC:0.0002; kmer:UUG:0.0002; kmer:UAAC:0.0002; kmer:AAC:0.0001,mir-1246:0.509; mir-25-3p:0.499; mir-92a-3p:0.497
1516,mir-3116,MIMAT0014978,UGCCUGGAACAUAGUAGGGACU,nao,0.419985,0.663113,0.677198,,kmer:GU:0.0015; kmer:UA:0.0014; kmer:UAG:0.0012; kmer:GUAG:0.0005; kmer:AA:0.0004; kmer:GUA:0.0003; kmer:AGU:0.0002; kmer:AUAG:0.0002; kmer:AAC:0.0001; kmer:GUAGG:0.0001,mir-6861-5p:0.539; let-7a-5p:0.517; mir-6875-5p:0.498
1517,mir-6742-3p,MIMAT0027386,ACCUGGGUUGUCCCCUCUAG,nao,0.419602,0.663107,0.677170,,kmer:GU:0.0032; kmer:UGU:0.0008; kmer:UA:0.0008; kmer:UAG:0.0007; kmer:UUGU:0.0006; kmer:GUU:0.0004; kmer:UGUC:0.0003; kmer:UUG:0.0002; kmer:GUUG:0.0002; kmer:UUGUC:0.0002,mir-125a-5p:0.594; mir-92a-3p:0.573; mir-125b-5p:0.573
1518,mir-1296-3p,MIMAT0026637,GAGUGGGGCUUCGACCCUAACC,nao,0.419219,0.663102,0.677150,,kmer:GU:0.0014; kmer:UA:0.0007; kmer:GUG:0.0006; kmer:AA:0.0004; kmer:UAA:0.0003; kmer:AGUG:0.0003; kmer:ACCC:0.0002; kmer:AGU:0.0002; kmer:ACCCU:0.0002; kmer:UCG:0.0002,mir-125b-5p:0.602; mir-125a-5p:0.576; mir-6861-5p:0.520
1519,mir-3126-3p,MIMAT0015377,CAUCUGGCAUCCGUCACACAGA,nao,0.418836,0.663095,0.677120,,kmer:GU:0.0016; kmer:CGU:0.0005; kmer:GCA:0.0003; kmer:AUC:0.0002; kmer:AUCC:0.0002; kmer:CCGU:0.0001; kmer:ACAG:0.0001; kmer:CCG:0.0001; kmer:ACAGA:0.0001; kmer:UGGC:0.0001,mir-205-5p:0.508; mir-24-3p:0.495; mir-425-5p:0.492
1520,mir-7854-3p,MIMAT0030429,UGAGGUGACCGCAGAUGGGAA,nao,0.418453,0.663094,0.677112,,kmer:GU:0.0017; kmer:GUG:0.0007; kmer:AA:0.0005; kmer:UGA:0.0003; kmer:GCA:0.0003; kmer:ACCG:0.0003; kmer:GCAG:0.0003; kmer:AGGU:0.0003; kmer:CCG:0.0001; kmer:GACC:0.0001,mir-6875-5p:0.649; mir-206:0.507; mir-6861-5p:0.486
1521,mir-6751-5p,MIMAT0027402,UUGGGGGUGAGGUUGGUGUCUGG,nao,0.418070,0.663090,0.677096,,kmer:GU:0.0051; kmer:GUG:0.0011; kmer:UGU:0.0007; kmer:UUG:0.0004; kmer:GUU:0.0003; kmer:UGUC:0.0002; kmer:AGGU:0.0002; kmer:GUUG:0.0002; kmer:UGA:0.0001; kmer:UGUCU:0.0001,mir-6861-5p:0.693; let-7b-5p:0.655; mir-373-3p:0.637
1522,mir-1910-3p,MIMAT0026917,GAGGCAGAAGCAGGAUGACA,nao,0.417688,0.663082,0.677061,,kmer:GCA:0.0005; kmer:GCAG:0.0005; kmer:AA:0.0005; kmer:AGCA:0.0004; kmer:AGCAG:0.0003; kmer:GCAGG:0.0002; kmer:UGA:0.0002; kmer:CAGGA:0.0001; kmer:UGACA:0.0001; kmer:CAGG:0.0001,mir-6875-5p:0.681; mir-24-3p:0.626; mir-195-5p:0.579
1523,mir-3193,MIMAT0015077,UCCUGCGUAGGAUCUGAGGAGU,nao,0.417305,0.663076,0.677033,,kmer:GU:0.0029; kmer:UA:0.0007; kmer:UAG:0.0006; kmer:GUAG:0.0005; kmer:CGU:0.0005; kmer:GUA:0.0003; kmer:AGU:0.0002; kmer:CUGA:0.0002; kmer:UGA:0.0001; kmer:GCGU:0.0001,mir-6875-5p:0.552; let-7a-5p:0.492; mir-99a-5p:0.474
1524,mir-4306,MIMAT0016858,UGGAGAGAAAGGCAGUA,nao,0.416922,0.663074,0.677025,,kmer:GU:0.0020; kmer:AA:0.0012; kmer:UA:0.0010; kmer:AAA:0.0005; kmer:GUA:0.0005; kmer:GCA:0.0003; kmer:AGU:0.0003; kmer:GCAG:0.0003; kmer:CAGU:0.0002; kmer:AGAAA:0.0001,mir-6875-5p:0.584; mir-24-3p:0.498; mir-1-3p:0.496
1525,mir-4440,MIMAT0018958,UGUCGUGGGGCUUGCUGGCUUG,nao,0.416539,0.663074,0.677022,,kmer:GU:0.0028; kmer:UGU:0.0007; kmer:GUG:0.0006; kmer:CGU:0.0005; kmer:UUG:0.0004; kmer:CGUG:0.0003; kmer:GCUU:0.0003; kmer:UCGUG:0.0003; kmer:UGUC:0.0002; kmer:UCGU:0.0002,mir-34a-5p:0.597; mir-373-3p:0.583; mir-6861-5p:0.571
1526,mir-412-3p,MIMAT0002170,ACUUCACCUGGUCCACUAGCCGU,nao,0.416156,0.663072,0.677016,,kmer:GU:0.0031; kmer:UA:0.0008; kmer:UAG:0.0007; kmer:CGU:0.0005; kmer:UAGC:0.0004; kmer:CCGU:0.0001; kmer:UCCA:0.0001; kmer:GUCCA:0.0001; kmer:CCG:0.0001; kmer:CG:0.0001,mir-205-5p:0.608; mir-92a-3p:0.534; mir-139-5p:0.486
1527,mir-6074,MIMAT0023699,GAUAUUCAGAGGCUAGGUGG,nao,0.415773,0.663061,0.676965,,kmer:GU:0.0017; kmer:UA:0.0016; kmer:GUG:0.0007; kmer:UAG:0.0007; kmer:AGGU:0.0003; kmer:AUAUU:0.0002; kmer:UAGGU:0.0001; kmer:UAUU:0.0001; kmer:UAU:0.0001; kmer:UAGG:0.0001,mir-6861-5p:0.570; let-7a-5p:0.519; mir-31-5p:0.513
1528,mir-504-5p,MIMAT0002875,AGACCCUGGUCUGCACUCUAUC,nao,0.415391,0.663061,0.676964,,kmer:GU:0.0014; kmer:UA:0.0007; kmer:UGCA:0.0003; kmer:ACCC:0.0002; kmer:GCA:0.0002; kmer:ACCCU:0.0002; kmer:GCAC:0.0002; kmer:GACCC:0.0002; kmer:CCCU:0.0001; kmer:UGCAC:0.0001,mir-25-3p:0.596; mir-125a-5p:0.560; mir-125b-5p:0.557
1529,mir-6879-3p,MIMAT0027659,UGUCACCCGCUCCUUGCCCAG,nao,0.415008,0.663060,0.676962,,kmer:GU:0.0017; kmer:UGU:0.0009; kmer:ACCC:0.0003; kmer:UGUC:0.0003; kmer:UUG:0.0002; kmer:CCCG:0.0001; kmer:UGUCA:0.0001; kmer:CCG:0.0001; kmer:CG:0.0001; kmer:UCCUU:0.0000,mir-92a-3p:0.594; mir-205-5p:0.572; mir-223-3p:0.563
1530,mir-885-5p,MIMAT0004947,UCCAUUACACUACCCUGCCUCU,nao,0.414625,0.663058,0.676954,,kmer:UA:0.0014; kmer:ACCC:0.0002; kmer:UUA:0.0002; kmer:ACCCU:0.0002; kmer:UACCC:0.0002; kmer:CCCU:0.0001; kmer:CCCUG:0.0001; kmer:UACC:0.0001; kmer:UUAC:0.0001; kmer:UUACA:0.0001,mir-125a-5p:0.562; mir-125b-5p:0.526; mir-205-5p:0.526
1531,mir-4653-3p,MIMAT0019719,UGGAGUUAAGGGUUGCUUGGAGA,nao,0.414242,0.663057,0.676946,,kmer:GU:0.0028; kmer:UA:0.0007; kmer:GUU:0.0007; kmer:AA:0.0004; kmer:UUG:0.0004; kmer:UAA:0.0003; kmer:AGU:0.0002; kmer:UUA:0.0002; kmer:UGCUU:0.0002; kmer:AGUU:0.0002,mir-1246:0.589; mir-373-3p:0.584; mir-520c-3p:0.577
1532,mir-4494,MIMAT0019029,CCAGACUGUGGCUGACCAGAGG,nao,0.413859,0.663056,0.676945,,kmer:GU:0.0014; kmer:UGU:0.0007; kmer:GUG:0.0006; kmer:UGUG:0.0004; kmer:CUGA:0.0002; kmer:UGA:0.0001; kmer:CAG:0.0001; kmer:CAGAC:0.0001; kmer:GACC:0.0001; kmer:UGGC:0.0000,mir-6875-5p:0.591; mir-210-3p:0.550; mir-21-5p:0.521
1533,mir-4450,MIMAT0018971,UGGGGAUUUGGAGAAGUGGUGA,nao,0.413476,0.663052,0.676926,,kmer:GU:0.0027; kmer:GUG:0.0012; kmer:AA:0.0004; kmer:AAGUG:0.0003; kmer:AGUG:0.0003; kmer:AGU:0.0002; kmer:AAGU:0.0002; kmer:UUG:0.0002; kmer:UGA:0.0001; kmer:GAAGU:0.0001,mir-373-3p:0.719; mir-1246:0.648; mir-382-5p:0.632
1534,mir-4732-5p,MIMAT0019855,UGUAGAGCAGGGAGCAGGAAGCU,nao,0.413093,0.663052,0.676924,,kmer:GU:0.0014; kmer:UGU:0.0007; kmer:UA:0.0007; kmer:AGCA:0.0007; kmer:UAG:0.0006; kmer:AGCAG:0.0006; kmer:GCA:0.0005; kmer:GUAG:0.0005; kmer:GCAG:0.0004; kmer:GCAGG:0.0004,mir-24-3p:0.652; mir-6875-5p:0.624; mir-195-5p:0.552
1535,mir-6797-3p,MIMAT0027495,UGCAUGACCCUUCCCUCCCCAC,nao,0.412711,0.663051,0.676922,,kmer:UCCC:0.0003; kmer:CCCU:0.0003; kmer:UGCA:0.0003; kmer:ACCC:0.0002; kmer:GCA:0.0002; kmer:ACCCU:0.0002; kmer:GACCC:0.0002; kmer:UGA:0.0001; kmer:UCCCU:0.0001; kmer:GACC:0.0001,mir-125a-5p:0.662; mir-125b-5p:0.621; mir-145-5p:0.583
1536,mir-3157-3p,MIMAT0019210,CUGCCCUAGUCUAGCUGAAGCU,nao,0.412328,0.663050,0.676915,,kmer:GU:0.0016; kmer:UA:0.0016; kmer:UAG:0.0013; kmer:AA:0.0005; kmer:UAGC:0.0004; kmer:AGU:0.0003; kmer:UAGCU:0.0002; kmer:CUGA:0.0002; kmer:UGA:0.0002; kmer:CCCU:0.0002,mir-31-5p:0.547; mir-34a-5p:0.485; mir-125b-5p:0.481
1537,mir-4642,MIMAT0019702,AUGGCAUCGUCCCCUGGUGGCU,nao,0.411945,0.663044,0.676890,,kmer:GU:0.0029; kmer:GUG:0.0007; kmer:CGU:0.0005; kmer:GCA:0.0002; kmer:UCGU:0.0002; kmer:UCG:0.0002; kmer:UCCC:0.0002; kmer:CCCU:0.0001; kmer:CCCUG:0.0001; kmer:AUC:0.0001,mir-34a-5p:0.524; mir-6861-5p:0.523; mir-181b-5p:0.503
1538,mir-4669,MIMAT0019749,UGUGUCCGGGAAGUGGAGGAGG,nao,0.411562,0.663043,0.676884,,kmer:GU:0.0044; kmer:UGU:0.0015; kmer:GUG:0.0013; kmer:AA:0.0004; kmer:UGUG:0.0004; kmer:AAGUG:0.0003; kmer:AGUG:0.0003; kmer:UGUC:0.0002; kmer:AGU:0.0002; kmer:AAGU:0.0002,mir-206:0.721; mir-6875-5p:0.592; let-7b-5p:0.558
1539,mir-2276-5p,MIMAT0026921,GCCCUCUGUCACCUUGCAGACG,nao,0.411179,0.663037,0.676860,,kmer:GU:0.0015; kmer:UGU:0.0008; kmer:UGCA:0.0003; kmer:GCA:0.0003; kmer:UGUC:0.0002; kmer:GCAG:0.0002; kmer:UUG:0.0002; kmer:CCCU:0.0002; kmer:UGUCA:0.0001; kmer:UGCAG:0.0001,mir-92a-3p:0.593; mir-125a-5p:0.586; mir-125b-5p:0.553
1540,mir-873-3p,MIMAT0022717,GGAGACUGAUGAGUUCCCGGGA,nao,0.410796,0.663032,0.676836,,kmer:GU:0.0013; kmer:GUU:0.0003; kmer:UGA:0.0003; kmer:AGU:0.0002; kmer:ACUGA:0.0002; kmer:CUGA:0.0002; kmer:AGUU:0.0002; kmer:UCCC:0.0001; kmer:UCCCG:0.0001; kmer:CCCG:0.0001,mir-6875-5p:0.596; mir-21-5p:0.526; mir-125b-5p:0.508
1541,mir-668-3p,MIMAT0003881,UGUCACUCGGCUCGGCCCACUAC,nao,0.410413,0.663032,0.676835,,kmer:GU:0.0013; kmer:UGU:0.0007; kmer:UA:0.0007; kmer:UCG:0.0004; kmer:CGGC:0.0003; kmer:UGUC:0.0002; kmer:UCGG:0.0001; kmer:CUCGG:0.0001; kmer:UGUCA:0.0001; kmer:CG:0.0001,mir-1307-3p:0.538; mir-25-3p:0.500; mir-92a-3p:0.483
1542,mir-3130-3p,MIMAT0014994,GCUGCACCGGAGACUGGGUAA,nao,0.410031,0.663024,0.676800,,kmer:GU:0.0015; kmer:UA:0.0007; kmer:AA:0.0004; kmer:GUA:0.0004; kmer:GGUA:0.0003; kmer:UAA:0.0003; kmer:UGCA:0.0003; kmer:GCA:0.0002; kmer:ACCG:0.0002; kmer:GCAC:0.0002,mir-6861-5p:0.565; mir-200a-3p:0.489; mir-31-5p:0.477
1543,mir-5684,MIMAT0022473,AACUCUAGCCUGAGCAACAG,nao,0.409648,0.663023,0.676795,,kmer:AA:0.0010; kmer:UA:0.0009; kmer:UAG:0.0007; kmer:UAGC:0.0004; kmer:AGCA:0.0004; kmer:AAC:0.0003; kmer:GCA:0.0003; kmer:CUGA:0.0003; kmer:UGA:0.0002; kmer:ACAG:0.0001,mir-191-5p:0.523; mir-24-3p:0.520; mir-195-5p:0.492
1544,mir-6742-5p,MIMAT0027385,AGUGGGGUGGGACCCAGCUGUU,nao,0.409265,0.663020,0.676781,,kmer:GU:0.0040; kmer:GUG:0.0012; kmer:UGU:0.0007; kmer:GUU:0.0003; kmer:AGUG:0.0003; kmer:ACCC:0.0002; kmer:AGU:0.0002; kmer:GACCC:0.0002; kmer:CAGC:0.0001; kmer:GACC:0.0001,mir-6861-5p:0.723; mir-373-3p:0.568; mir-181b-5p:0.550
1545,mir-7706,MIMAT0030021,UGAAGCGCCUGUGCUCUGCCGAGA,nao,0.408882,0.663018,0.676771,,kmer:GU:0.0015; kmer:UGU:0.0008; kmer:GUG:0.0007; kmer:GUGC:0.0006; kmer:AA:0.0004; kmer:UGUG:0.0004; kmer:GUGCU:0.0003; kmer:UGCU:0.0002; kmer:CGA:0.0002; kmer:UGA:0.0002,mir-210-3p:0.632; mir-125a-5p:0.522; mir-125b-5p:0.486
1546,mir-4700-3p,MIMAT0019797,CACAGGACUGACUCCUCACCCCAGUG,nao,0.408499,0.663017,0.676768,,kmer:GU:0.0012; kmer:GUG:0.0005; kmer:AGUG:0.0002; kmer:ACCC:0.0002; kmer:AGU:0.0002; kmer:ACUGA:0.0002; kmer:CUGA:0.0002; kmer:CAGU:0.0001; kmer:UGA:0.0001; kmer:CAGGA:0.0001,mir-6875-5p:0.560; mir-139-5p:0.537; mir-425-5p:0.534
1547,mir-5681a,MIMAT0022469,AGAAAGGGUGGCAAUACCUCUU,nao,0.408116,0.663017,0.676768,,kmer:GU:0.0015; kmer:AA:0.0013; kmer:UA:0.0007; kmer:GUG:0.0007; kmer:AAU:0.0006; kmer:AAA:0.0004; kmer:GCA:0.0003; kmer:AAUA:0.0002; kmer:UACC:0.0001; kmer:GCAA:0.0001,mir-6861-5p:0.537; mir-520c-3p:0.534; mir-31-5p:0.533
1548,mir-3189-5p,MIMAT0019217,UGCCCCAUCUGUGCCCUGGGUAGGA,nao,0.407734,0.663013,0.676751,,kmer:GU:0.0025; kmer:UGU:0.0006; kmer:UA:0.0006; kmer:GUG:0.0006; kmer:UAG:0.0005; kmer:GUGC:0.0005; kmer:GUAG:0.0004; kmer:UGUG:0.0004; kmer:GGUAG:0.0003; kmer:GUA:0.0003,mir-6861-5p:0.550; mir-125a-5p:0.543; mir-92a-3p:0.509
1549,mir-6760-3p,MIMAT0027421,ACACUGUCCCCUUCUCCCCAG,nao,0.407351,0.663013,0.676750,,kmer:GU:0.0014; kmer:UGU:0.0007; kmer:UCCC:0.0003; kmer:UGUC:0.0002; kmer:CCCU:0.0001; kmer:CAG:0.0000; kmer:CUGU:0.0000; kmer:ACUG:0.0000; kmer:ACACU:0.0000; kmer:GUC:0.0000,mir-145-5p:0.621; mir-125a-5p:0.562; mir-205-5p:0.560
1550,mir-500b-5p,MIMAT0016925,AAUCCUUGCUACCUGGGU,nao,0.406968,0.663011,0.676743,,kmer:GU:0.0018; kmer:UA:0.0009; kmer:AAU:0.0007; kmer:AA:0.0005; kmer:AAUC:0.0004; kmer:AAUCC:0.0003; kmer:UUG:0.0003; kmer:UGCU:0.0002; kmer:AUCC:0.0002; kmer:UACC:0.0002,mir-365a-3p:0.509; mir-125a-5p:0.504; mir-6861-5p:0.500
1551,mir-7154-5p,MIMAT0028218,UUCAUGAACUGGGUCUAGCUUGG,nao,0.406585,0.663001,0.676698,,kmer:GU:0.0014; kmer:UA:0.0007; kmer:UAG:0.0006; kmer:AA:0.0004; kmer:UAGC:0.0003; kmer:UAGCU:0.0002; kmer:UUG:0.0002; kmer:UGA:0.0001; kmer:GCUU:0.0001; kmer:AAC:0.0001,mir-181b-5p:0.582; mir-34a-5p:0.555; mir-6861-5p:0.553
1552,mir-551a,MIMAT0003214,GCGACCCACUCUUGGUUUCCA,sim,0.406202,0.662987,0.676634,hsa-mir-551a,kmer:GU:0.0016; kmer:GUU:0.0004; kmer:ACCC:0.0003; kmer:UUG:0.0002; kmer:GACCC:0.0002; kmer:CGA:0.0002; kmer:GGUU:0.0001; kmer:UGGUU:0.0001; kmer:UCCA:0.0001; kmer:GACC:0.0001,mir-205-5p:0.577; mir-145-5p:0.557; mir-425-5p:0.485
1553,mir-1181,MIMAT0005826,CCGUCGCCGCCACCCGAGCCG,nao,0.405819,0.662987,0.676633,,kmer:GU:0.0022; kmer:CGU:0.0007; kmer:CCG:0.0004; kmer:ACCC:0.0004; kmer:CG:0.0003; kmer:UCG:0.0003; kmer:CGA:0.0002; kmer:CCGU:0.0002; kmer:CCGA:0.0002; kmer:CCCG:0.0002,mir-4634:0.575; mir-99a-5p:0.498; mir-92a-3p:0.406
1554,mir-4286,MIMAT0016916,ACCCCACUCCUGGUACC,nao,0.405436,0.662982,0.676610,,kmer:GU:0.0019; kmer:UA:0.0009; kmer:GUA:0.0005; kmer:GGUA:0.0004; kmer:ACCC:0.0003; kmer:UACC:0.0002; kmer:ACC:0.0001; kmer:CUGGU:0.0000; kmer:ACCCC:0.0000; kmer:ACUCC:0.0000,mir-125a-5p:0.563; mir-125b-5p:0.516; mir-205-5p:0.459
1555,mir-600,MIMAT0003268,ACUUACAGACAAGAGCCUUGCUC,nao,0.405054,0.662977,0.676587,,kmer:UA:0.0007; kmer:AA:0.0004; kmer:CUUA:0.0003; kmer:UUA:0.0002; kmer:UUG:0.0002; kmer:UGCU:0.0002; kmer:UUAC:0.0001; kmer:ACAG:0.0001; kmer:CUUAC:0.0001; kmer:UACAG:0.0001,mir-17-5p:0.509; mir-21-5p:0.498; mir-106a-5p:0.487
1556,mir-520g-5p,MIMAT0026611,UCUAGAGGAAGCACUUUCUGUUU,nao,0.404671,0.662972,0.676568,,kmer:GU:0.0014; kmer:UGU:0.0007; kmer:UA:0.0007; kmer:UAG:0.0006; kmer:AA:0.0004; kmer:AGCA:0.0003; kmer:GUU:0.0003; kmer:GCA:0.0002; kmer:GCAC:0.0002; kmer:AGCAC:0.0002,mir-520c-3p:0.596; mir-25-3p:0.488; mir-1246:0.477
1557,mir-329-5p,MIMAT0026555,GAGGUUUUCUGGGUUUCUGUUUC,sim,0.404288,0.662971,0.676561,hsa-mir-329-1; hsa-mir-329-2,kmer:GU:0.0040; kmer:GUU:0.0009; kmer:UGU:0.0007; kmer:GGUU:0.0002; kmer:AGGU:0.0002; kmer:UUUUC:0.0001; kmer:AGGUU:0.0000; kmer:CUGU:0.0000; kmer:GUUUU:0.0000; kmer:GGU:0.0000,mir-373-3p:0.557; mir-520c-3p:0.534; mir-382-5p:0.491
1558,mir-4727-5p,MIMAT0019847,AUCUGCCAGCUUCCACAGUGG,nao,0.403905,0.662967,0.676546,,kmer:GU:0.0016; kmer:GUG:0.0007; kmer:AGUG:0.0003; kmer:AGU:0.0003; kmer:CAGC:0.0002; kmer:CAGU:0.0002; kmer:GCUU:0.0002; kmer:AUC:0.0001; kmer:ACAG:0.0001; kmer:CAGUG:0.0001,mir-139-5p:0.615; mir-205-5p:0.562; mir-24-3p:0.558
1559,mir-7112-3p,MIMAT0028122,UGCAUCACAGCCUUUGGCCCUAG,nao,0.403522,0.662966,0.676541,,kmer:UA:0.0007; kmer:UAG:0.0006; kmer:UGCA:0.0003; kmer:GCA:0.0002; kmer:UUG:0.0002; kmer:CAGC:0.0002; kmer:UUGGC:0.0001; kmer:CCCU:0.0001; kmer:CCCUA:0.0001; kmer:AUC:0.0001,mir-195-5p:0.516; mir-92a-3p:0.515; mir-497-5p:0.486
1560,mir-920,MIMAT0004970,GGGGAGCUGUGGAAGCAGUA,nao,0.403139,0.662964,0.676531,,kmer:GU:0.0031; kmer:UGU:0.0008; kmer:UA:0.0008; kmer:GUG:0.0007; kmer:AA:0.0005; kmer:UGUG:0.0005; kmer:GUA:0.0004; kmer:AGCA:0.0004; kmer:AGCAG:0.0003; kmer:GCA:0.0003,mir-206:0.607; mir-6861-5p:0.565; mir-34a-5p:0.539
1561,mir-4743-3p,MIMAT0022978,UUUCUGUCUUUUCUGGUCCAG,nao,0.402757,0.662964,0.676529,,kmer:GU:0.0029; kmer:UGU:0.0008; kmer:UGUC:0.0002; kmer:UGUCU:0.0001; kmer:UCCAG:0.0001; kmer:UCCA:0.0001; kmer:GUCCA:0.0001; kmer:UUUUC:0.0001; kmer:GUCU:0.0001; kmer:CAG:0.0000,mir-205-5p:0.567; mir-25-3p:0.551; mir-145-5p:0.531
1562,mir-6795-3p,MIMAT0027491,ACCCCUCGUUUCUUCCCCCAG,nao,0.402374,0.662961,0.676520,,kmer:GU:0.0015; kmer:CGU:0.0005; kmer:GUU:0.0004; kmer:ACCC:0.0003; kmer:UCGU:0.0002; kmer:UCG:0.0002; kmer:UCCC:0.0002; kmer:CCCU:0.0002; kmer:CGUU:0.0001; kmer:CG:0.0000,mir-145-5p:0.667; mir-125a-5p:0.533; mir-205-5p:0.532
1563,mir-1269a,MIMAT0005923,CUGGACUGAGCCGUGCUACUGG,sim,0.401991,0.662959,0.676510,hsa-mir-1269a,kmer:GU:0.0015; kmer:UA:0.0007; kmer:GUG:0.0007; kmer:GUGC:0.0006; kmer:CGU:0.0005; kmer:CGUG:0.0004; kmer:GUGCU:0.0003; kmer:ACUGA:0.0002; kmer:CUGA:0.0002; kmer:UGCU:0.0002,mir-210-3p:0.553; mir-125b-5p:0.479; mir-21-5p:0.477
1564,mir-4786-5p,MIMAT0019954,UGAGACCAGGACUGGAUGCACC,nao,0.401608,0.662957,0.676501,,kmer:UGCA:0.0003; kmer:GCA:0.0002; kmer:GCAC:0.0002; kmer:AUGC:0.0001; kmer:UGA:0.0001; kmer:UGCAC:0.0001; kmer:CAGGA:0.0001; kmer:AGACC:0.0001; kmer:GAGAC:0.0001; kmer:CCAGG:0.0001,mir-6875-5p:0.709; mir-125b-5p:0.504; mir-125a-5p:0.500
1565,mir-6841-3p,MIMAT0027585,ACCUUGCAUCUGCAUCCCCAG,nao,0.401225,0.662956,0.676495,,kmer:UGCA:0.0006; kmer:GCA:0.0005; kmer:UUG:0.0002; kmer:AUC:0.0002; kmer:AUCC:0.0002; kmer:UCCC:0.0002; kmer:AUCCC:0.0001; kmer:UUGCA:0.0001; kmer:CAG:0.0000; kmer:CUUG:0.0000,mir-145-5p:0.542; mir-92a-3p:0.538; mir-205-5p:0.526
1566,mir-3180-5p,MIMAT0015057,CUUCCAGACGCUCCGCCCCACGUCG,sim,0.400842,0.662947,0.676456,hsa-mir-3180-1; hsa-mir-3180-2; hsa-mir-3180-3; hsa-mir-3180-4; hsa-mir-3180-5,kmer:GU:0.0014; kmer:CGU:0.0005; kmer:UCG:0.0002; kmer:CG:0.0002; kmer:CACG:0.0001; kmer:CACGU:0.0001; kmer:UCCAG:0.0001; kmer:UCCA:0.0001; kmer:CCG:0.0001; kmer:CAGAC:0.0001,mir-205-5p:0.579; mir-145-5p:0.559; mir-139-5p:0.492
1567,mir-4699-3p,MIMAT0019795,AAUUUACUCUGCAAUCUUCUCC,nao,0.400459,0.662946,0.676448,,kmer:AAU:0.0012; kmer:AA:0.0009; kmer:UA:0.0008; kmer:AAUC:0.0003; kmer:UGCA:0.0003; kmer:GCA:0.0003; kmer:UUA:0.0002; kmer:UGCAA:0.0002; kmer:UUAC:0.0001; kmer:AUC:0.0001,mir-25-3p:0.517; mir-205-5p:0.516; mir-19a-3p:0.480
1568,mir-1323,MIMAT0005795,UCAAAACUGAGGGGCAUUUUCU,nao,0.400077,0.662939,0.676420,,kmer:AA:0.0012; kmer:AAA:0.0007; kmer:CAAA:0.0002; kmer:GCA:0.0002; kmer:ACUGA:0.0002; kmer:CUGA:0.0002; kmer:UGA:0.0001; kmer:AAC:0.0001; kmer:CAAAA:0.0001; kmer:CAUU:0.0001,mir-19a-3p:0.523; mir-19b-3p:0.509; mir-520c-3p:0.508
1569,mir-1233-3p,MIMAT0005588,UGAGCCCUGUCCUCCCGCAG,nao,0.399694,0.662938,0.676416,,kmer:GU:0.0017; kmer:UGU:0.0009; kmer:GCA:0.0003; kmer:UGUC:0.0003; kmer:GCAG:0.0003; kmer:UCCC:0.0002; kmer:UGA:0.0002; kmer:CCCU:0.0002; kmer:CCCUG:0.0002; kmer:UCCCG:0.0001,mir-125a-5p:0.637; mir-92a-3p:0.584; mir-125b-5p:0.582
1570,mir-6732-3p,MIMAT0027366,UAACCCUGUCCUCUCCCUCCCAG,nao,0.399311,0.662938,0.676414,,kmer:GU:0.0013; kmer:UGU:0.0007; kmer:UA:0.0006; kmer:AA:0.0004; kmer:UCCC:0.0003; kmer:CCCU:0.0003; kmer:UAA:0.0002; kmer:ACCC:0.0002; kmer:UGUC:0.0002; kmer:ACCCU:0.0002,mir-125a-5p:0.654; mir-145-5p:0.609; mir-125b-5p:0.594
1571,mir-608,MIMAT0003276,AGGGGUGGUGUUGGGACAGCUCCGU,nao,0.398928,0.662933,0.676390,,kmer:GU:0.0050; kmer:GUG:0.0011; kmer:UGU:0.0006; kmer:CGU:0.0004; kmer:GUU:0.0003; kmer:UUG:0.0002; kmer:GUUG:0.0002; kmer:CAGC:0.0001; kmer:CCGU:0.0001; kmer:ACAG:0.0001,mir-6861-5p:0.742; mir-373-3p:0.603; let-7b-5p:0.577
1572,mir-5588-5p,MIMAT0022295,ACUGGCAUUAGUGGGACUUUU,nao,0.398545,0.662927,0.676367,,kmer:GU:0.0016; kmer:UA:0.0008; kmer:GUG:0.0007; kmer:UAG:0.0007; kmer:AGUG:0.0003; kmer:GCA:0.0003; kmer:AGU:0.0003; kmer:UUA:0.0003; kmer:CAUU:0.0001; kmer:UAGU:0.0001,mir-373-3p:0.564; mir-1246:0.562; mir-520c-3p:0.538
1573,mir-3177-3p,MIMAT0015054,UGCACGGCACUGGGGACACGU,nao,0.398162,0.662921,0.676338,,kmer:GU:0.0015; kmer:GCA:0.0005; kmer:CGU:0.0005; kmer:GCAC:0.0004; kmer:UGCA:0.0003; kmer:CACG:0.0002; kmer:CGGC:0.0001; kmer:UGCAC:0.0001; kmer:GCACG:0.0001; kmer:CACGU:0.0001,mir-6861-5p:0.494; mir-497-5p:0.488; mir-4634:0.454
1574,mir-320b,MIMAT0005792,AAAAGCUGGGUUGAGAGGGCAA,nao,0.397779,0.662921,0.676337,,kmer:AA:0.0016; kmer:GU:0.0014; kmer:AAA:0.0007; kmer:GUU:0.0003; kmer:GCA:0.0002; kmer:UUG:0.0002; kmer:GUUG:0.0002; kmer:GUUGA:0.0002; kmer:UGA:0.0001; kmer:GGUU:0.0001,mir-31-5p:0.573; mir-191-5p:0.548; mir-6861-5p:0.532
1575,mir-3166,MIMAT0015040,CGCAGACAAUGCCUACUGGCCUA,nao,0.397397,0.662919,0.676329,,kmer:UA:0.0015; kmer:AAU:0.0006; kmer:AA:0.0004; kmer:GCA:0.0002; kmer:GCAG:0.0002; kmer:AAUG:0.0002; kmer:AUGC:0.0002; kmer:AAUGC:0.0001; kmer:CAGAC:0.0001; kmer:UGGC:0.0001,mir-31-5p:0.524; mir-92a-3p:0.463; mir-365a-3p:0.450
1576,mir-4733-3p,MIMAT0019858,CCACCAGGUCUAGCAUUGGGAU,nao,0.397014,0.662918,0.676325,,kmer:GU:0.0015; kmer:UA:0.0007; kmer:UAG:0.0006; kmer:UAGC:0.0004; kmer:AGCA:0.0004; kmer:GCA:0.0002; kmer:AGGU:0.0002; kmer:UUG:0.0002; kmer:CAGGU:0.0002; kmer:UAGCA:0.0002,mir-6861-5p:0.558; mir-195-5p:0.519; mir-6875-5p:0.507
1577,mir-6072,MIMAT0023697,UCCUCAUCACACUGCACCUUAG,nao,0.396631,0.662916,0.676317,,kmer:UA:0.0008; kmer:UAG:0.0006; kmer:CUUA:0.0004; kmer:UGCA:0.0003; kmer:GCA:0.0003; kmer:UUA:0.0002; kmer:GCAC:0.0002; kmer:UGCAC:0.0001; kmer:AUC:0.0001; kmer:CUUAG:0.0001,mir-205-5p:0.572; mir-425-5p:0.494; mir-139-5p:0.467
1578,mir-3934-3p,MIMAT0022975,UGCUCAGGUUGCACAGCUGGGA,nao,0.396248,0.662915,0.676310,,kmer:GU:0.0013; kmer:GUU:0.0003; kmer:UGCA:0.0002; kmer:GCA:0.0002; kmer:AGGU:0.0002; kmer:GCAC:0.0002; kmer:UUG:0.0002; kmer:CAGGU:0.0002; kmer:GUUG:0.0002; kmer:UGCU:0.0002,mir-24-3p:0.632; mir-31-5p:0.580; mir-497-5p:0.578
1579,mir-625-5p,MIMAT0003294,AGGGGGAAAGUUCUAUAGUCC,nao,0.395865,0.662911,0.676295,,kmer:GU:0.0032; kmer:UA:0.0016; kmer:AA:0.0009; kmer:UAG:0.0007; kmer:AGU:0.0005; kmer:AAA:0.0004; kmer:GUU:0.0004; kmer:AAGU:0.0002; kmer:AAAGU:0.0002; kmer:AGUU:0.0002,mir-520c-3p:0.534; mir-6861-5p:0.530; let-7a-5p:0.516
1580,mir-4522,MIMAT0019060,UGACUCUGCCUGUAGGCCGGU,nao,0.395482,0.662910,0.676291,,kmer:GU:0.0032; kmer:UGU:0.0008; kmer:UA:0.0008; kmer:UAG:0.0007; kmer:GUAG:0.0005; kmer:GUA:0.0004; kmer:UGA:0.0002; kmer:CCUGU:0.0001; kmer:GUAGG:0.0001; kmer:CCGG:0.0001,mir-92a-3p:0.583; mir-210-3p:0.524; mir-6861-5p:0.501
1581,mir-216a-3p,MIMAT0022844,UCACAGUGGUCUCUGGGAUUAU,nao,0.395100,0.662909,0.676285,,kmer:GU:0.0028; kmer:UA:0.0007; kmer:GUG:0.0006; kmer:AGUG:0.0003; kmer:AGU:0.0002; kmer:UUA:0.0002; kmer:CAGU:0.0001; kmer:UUAU:0.0001; kmer:ACAG:0.0001; kmer:CAGUG:0.0001,mir-139-5p:0.558; mir-25-3p:0.550; mir-181b-5p:0.533
1582,mir-4446-5p,MIMAT0019233,AUUUCCCUGCCAUUCCCUUGGC,nao,0.394717,0.662908,0.676281,,kmer:UCCC:0.0003; kmer:CCCU:0.0003; kmer:UCCCU:0.0003; kmer:UUG:0.0002; kmer:UUGGC:0.0001; kmer:CCCUG:0.0001; kmer:CAUU:0.0001; kmer:UGGC:0.0000; kmer:CAUUC:0.0000; kmer:CCAUU:0.0000,mir-145-5p:0.608; mir-205-5p:0.580; mir-125a-5p:0.556
1583,mir-6731-5p,MIMAT0027363,UGGGAGAGCAGGGUAUUGUGGA,nao,0.394334,0.662907,0.676277,,kmer:GU:0.0029; kmer:UGU:0.0008; kmer:UA:0.0007; kmer:GUG:0.0007; kmer:UUGU:0.0005; kmer:UGUG:0.0004; kmer:GUA:0.0003; kmer:AGCA:0.0003; kmer:GGUA:0.0003; kmer:AGCAG:0.0003,mir-6861-5p:0.625; mir-1246:0.617; mir-6875-5p:0.604
1584,mir-4317,MIMAT0016872,ACAUUGCCAGGGAGUUU,nao,0.393951,0.662906,0.676272,,kmer:GU:0.0020; kmer:GUU:0.0005; kmer:AGU:0.0003; kmer:AGUU:0.0003; kmer:UUG:0.0003; kmer:AGUUU:0.0002; kmer:AUUGC:0.0002; kmer:AUUG:0.0002; kmer:CAUU:0.0001; kmer:CCAGG:0.0001,mir-1246:0.562; mir-6875-5p:0.544; mir-145-5p:0.496
1585,mir-6766-5p,MIMAT0027432,CGGGUGGGAGCAGAUCUUAUUGAG,nao,0.393568,0.662897,0.676231,,kmer:GU:0.0013; kmer:UA:0.0006; kmer:GUG:0.0006; kmer:CUUA:0.0003; kmer:AGCA:0.0003; kmer:AGCAG:0.0003; kmer:GCA:0.0002; kmer:CUUAU:0.0002; kmer:UAUUG:0.0002; kmer:UUA:0.0002,mir-1246:0.569; mir-6861-5p:0.545; mir-373-3p:0.540
1586,mir-6807-5p,MIMAT0027514,GUGAGCCAGUGGAAUGGAGAGG,nao,0.393185,0.662888,0.676192,,kmer:GU:0.0030; kmer:GUG:0.0014; kmer:AAU:0.0006; kmer:AA:0.0004; kmer:AGUG:0.0003; kmer:AGU:0.0002; kmer:GAAU:0.0002; kmer:GGAAU:0.0002; kmer:AAUG:0.0002; kmer:CAGU:0.0002,mir-6875-5p:0.639; mir-206:0.636; mir-1246:0.545
1587,mir-10226,MIMAT0041128,CCAUGUGUCUGGGCUGGGAAAC,nao,0.392802,0.662888,0.676191,,kmer:GU:0.0028; kmer:UGU:0.0015; kmer:AA:0.0008; kmer:GUG:0.0006; kmer:UGUG:0.0004; kmer:AAA:0.0004; kmer:UGUC:0.0002; kmer:UGUCU:0.0001; kmer:AAC:0.0001; kmer:GUCUG:0.0001,mir-6861-5p:0.593; mir-206:0.588; mir-34a-5p:0.565
1588,mir-6820-3p,MIMAT0027541,UGUGACUUCUCCCCUGCCACAG,nao,0.392420,0.662882,0.676165,,kmer:GU:0.0015; kmer:UGU:0.0008; kmer:GUG:0.0007; kmer:UGUG:0.0004; kmer:UCCC:0.0002; kmer:UGA:0.0002; kmer:CCCU:0.0002; kmer:CCCUG:0.0001; kmer:UGUGA:0.0001; kmer:ACAG:0.0001,mir-125a-5p:0.665; mir-125b-5p:0.661; mir-92a-3p:0.547
1589,mir-3170,MIMAT0015045,CUGGGGUUCUGAGACAGACAGU,nao,0.392037,0.662882,0.676162,,kmer:GU:0.0026; kmer:GUU:0.0003; kmer:AGU:0.0002; kmer:CUGA:0.0002; kmer:ACAG:0.0002; kmer:CAGU:0.0001; kmer:UGA:0.0001; kmer:GGUU:0.0001; kmer:GAGAC:0.0001; kmer:CAG:0.0001,mir-6875-5p:0.573; mir-6861-5p:0.499; mir-24-3p:0.492
1590,mir-4644,MIMAT0019704,UGGAGAGAGAAAAGAGACAGAAG,nao,0.391654,0.662881,0.676158,,kmer:AA:0.0016; kmer:AAA:0.0007; kmer:ACAG:0.0001; kmer:GAGAC:0.0001; kmer:ACAGA:0.0001; kmer:CAGAA:0.0001; kmer:AGAAA:0.0001; kmer:AAAG:0.0001; kmer:CAG:0.0000; kmer:AGAC:0.0000,mir-6875-5p:0.576; mir-1-3p:0.408; mir-195-5p:0.408
1591,mir-4304,MIMAT0016854,CCGGCAUGUCCAGGGCA,nao,0.391271,0.662872,0.676120,,kmer:GU:0.0019; kmer:UGU:0.0010; kmer:GCA:0.0006; kmer:UGUC:0.0003; kmer:CGGC:0.0002; kmer:CCGGC:0.0001; kmer:UCCAG:0.0001; kmer:UCCA:0.0001; kmer:CCAGG:0.0001; kmer:GUCCA:0.0001,mir-4634:0.515; mir-6861-5p:0.509; mir-31-5p:0.507
1592,mir-4725-5p,MIMAT0019843,AGACCCUGCAGCCUUCCCACC,nao,0.390888,0.662869,0.676105,,kmer:UGCA:0.0003; kmer:ACCC:0.0003; kmer:GCA:0.0002; kmer:GCAGC:0.0002; kmer:ACCCU:0.0002; kmer:GCAG:0.0002; kmer:GACCC:0.0002; kmer:CAGC:0.0002; kmer:UCCC:0.0002; kmer:CCCU:0.0001,mir-125a-5p:0.681; mir-125b-5p:0.613; mir-145-5p:0.552
1593,mir-1268b,MIMAT0018925,CGGGCGUGGUGGUGGGGGUG,nao,0.390505,0.662859,0.676059,,kmer:GU:0.0060; kmer:GUG:0.0027; kmer:CGU:0.0005; kmer:CGUG:0.0004; kmer:GUGGU:0.0002; kmer:GCGUG:0.0001; kmer:GCGU:0.0001; kmer:CG:0.0001; kmer:CGUGG:0.0000; kmer:GGGGU:0.0000,mir-6861-5p:0.706; mir-1307-3p:0.540; mir-373-3p:0.540
1594,mir-510-5p,MIMAT0002882,UACUCAGGAGAGUGGCAAUCAC,nao,0.390123,0.662853,0.676033,,kmer:GU:0.0015; kmer:UA:0.0007; kmer:GUG:0.0007; kmer:AAU:0.0006; kmer:AA:0.0004; kmer:AAUC:0.0003; kmer:AGUG:0.0003; kmer:GCA:0.0003; kmer:AGU:0.0002; kmer:CAGGA:0.0001,mir-24-3p:0.635; mir-6875-5p:0.572; mir-31-5p:0.507
1595,mir-4725-3p,MIMAT0019844,UGGGGAAGGCGUCAGUGUCGGG,nao,0.389740,0.662849,0.676014,,kmer:GU:0.0044; kmer:UGU:0.0008; kmer:GUG:0.0007; kmer:CGU:0.0005; kmer:AA:0.0004; kmer:AGUG:0.0003; kmer:UGUC:0.0002; kmer:AGU:0.0002; kmer:UCG:0.0002; kmer:CAGU:0.0002,mir-6861-5p:0.638; mir-1307-3p:0.608; mir-373-3p:0.548
1596,mir-6720-5p,MIMAT0027345,UUCCAGCCCUGGUAGGCGCCGCG,nao,0.389357,0.662846,0.676003,,kmer:GU:0.0015; kmer:UA:0.0008; kmer:UAG:0.0006; kmer:GUAG:0.0005; kmer:GGUAG:0.0004; kmer:GUA:0.0004; kmer:GGUA:0.0003; kmer:CAGC:0.0002; kmer:CCCU:0.0002; kmer:CG:0.0001,mir-4634:0.565; mir-6861-5p:0.493; mir-145-5p:0.469
1597,mir-149-5p,MIMAT0000450,UCUGGCUCCGUGUCUUCACUCCC,nao,0.388974,0.662837,0.675963,,kmer:GU:0.0026; kmer:UGU:0.0007; kmer:GUG:0.0006; kmer:CGU:0.0004; kmer:CGUG:0.0003; kmer:UGUC:0.0002; kmer:UCCC:0.0001; kmer:UGUCU:0.0001; kmer:CCGU:0.0001; kmer:CGUGU:0.0001,mir-205-5p:0.616; mir-139-5p:0.557; mir-25-3p:0.545
1598,mir-5100,MIMAT0022259,UUCAGAUCCCAGCGGUGCCUCU,nao,0.388591,0.662830,0.675930,,kmer:GU:0.0014; kmer:GUG:0.0006; kmer:GUGC:0.0006; kmer:AUCC:0.0002; kmer:CAGC:0.0002; kmer:UCCC:0.0002; kmer:AUCCC:0.0001; kmer:AUC:0.0001; kmer:CAG:0.0001; kmer:CAGCG:0.0001,mir-145-5p:0.592; mir-205-5p:0.545; mir-24-3p:0.511
1599,mir-3692-5p,MIMAT0018121,CCUGCUGGUCAGGAGUGGAUACUG,nao,0.388208,0.662830,0.675930,,kmer:GU:0.0025; kmer:UA:0.0006; kmer:GUG:0.0006; kmer:AGUG:0.0002; kmer:AGU:0.0002; kmer:UGCU:0.0002; kmer:CAGGA:0.0001; kmer:CAGG:0.0001; kmer:CAG:0.0000; kmer:ACUG:0.0000,mir-34a-5p:0.552; mir-6861-5p:0.547; mir-31-5p:0.506
1600,mir-6745,MIMAT0027391,UGGGUGGAAGAAGGUCUGGUU,nao,0.387825,0.662829,0.675928,,kmer:GU:0.0043; kmer:AA:0.0008; kmer:GUG:0.0006; kmer:GUU:0.0003; kmer:AGGU:0.0002; kmer:GGUU:0.0001; kmer:UGGUU:0.0001; kmer:GUCUG:0.0001; kmer:GUCU:0.0001; kmer:GGU:0.0000,mir-6861-5p:0.640; mir-206:0.617; mir-382-5p:0.583
1601,mir-200b-5p,MIMAT0004571,CAUCUUACUGGGCAGCAUUGGA,sim,0.387443,0.662829,0.675928,hsa-mir-200b,kmer:UA:0.0007; kmer:GCA:0.0005; kmer:CUUA:0.0003; kmer:AGCA:0.0003; kmer:CAGCA:0.0002; kmer:GCAGC:0.0002; kmer:UUA:0.0002; kmer:GCAG:0.0002; kmer:UUG:0.0002; kmer:CAGC:0.0002,mir-31-5p:0.542; mir-195-5p:0.541; mir-497-5p:0.528
1602,mir-6515-5p,MIMAT0025486,UUGGAGGGUGUGGAAGACAUC,nao,0.387060,0.662829,0.675927,,kmer:GU:0.0031; kmer:GUG:0.0014; kmer:UGU:0.0008; kmer:AA:0.0005; kmer:UGUG:0.0004; kmer:UUG:0.0002; kmer:GUGUG:0.0001; kmer:AUC:0.0001; kmer:GUGU:0.0001; kmer:AGAC:0.0000,mir-206:0.707; mir-6875-5p:0.581; mir-373-3p:0.572
1603,mir-6776-3p,MIMAT0027453,CAACCACCACUGUCUCUCCCCAG,nao,0.386677,0.662825,0.675910,,kmer:GU:0.0014; kmer:UGU:0.0007; kmer:AA:0.0004; kmer:UGUC:0.0002; kmer:UCCC:0.0001; kmer:UGUCU:0.0001; kmer:AAC:0.0001; kmer:AACC:0.0001; kmer:GUCU:0.0001; kmer:ACC:0.0000,mir-139-5p:0.541; mir-205-5p:0.537; mir-145-5p:0.518
1604,mir-6079,MIMAT0023704,UUGGAAGCUUGGACCAACUAGCUG,nao,0.386294,0.662825,0.675908,,kmer:AA:0.0008; kmer:UA:0.0007; kmer:UAG:0.0006; kmer:UUG:0.0004; kmer:UAGC:0.0003; kmer:UAGCU:0.0002; kmer:GCUU:0.0001; kmer:AAC:0.0001; kmer:AGCUU:0.0001; kmer:GACC:0.0001,mir-31-5p:0.530; mir-191-5p:0.507; mir-21-5p:0.500
1605,mir-670-3p,MIMAT0026640,UUUCCUCAUAUUCAUUCAGGA,nao,0.385911,0.662823,0.675899,,kmer:UA:0.0007; kmer:AUAUU:0.0002; kmer:CAGGA:0.0001; kmer:UAUU:0.0001; kmer:CAUU:0.0001; kmer:CAGG:0.0001; kmer:UAU:0.0001; kmer:CAUUC:0.0001; kmer:UUCAU:0.0000; kmer:CAG:0.0000,mir-205-5p:0.661; mir-181b-5p:0.494; mir-145-5p:0.479
1606,mir-4648,MIMAT0019710,UGUGGGACUGCAAAUGGGAG,nao,0.385528,0.662810,0.675840,,kmer:GU:0.0017; kmer:AA:0.0010; kmer:UGU:0.0009; kmer:GUG:0.0007; kmer:AAU:0.0006; kmer:UGUG:0.0005; kmer:AAA:0.0004; kmer:AAAU:0.0003; kmer:UGCA:0.0003; kmer:CAAA:0.0003,mir-206:0.595; mir-19a-3p:0.589; mir-6861-5p:0.580
1607,mir-517-5p,MIMAT0002851,CCUCUAGAUGGAAGCACUGUCU,nao,0.385145,0.662808,0.675831,,kmer:GU:0.0015; kmer:UGU:0.0008; kmer:UA:0.0007; kmer:UAG:0.0006; kmer:AA:0.0004; kmer:AGCA:0.0003; kmer:GCA:0.0002; kmer:UGUC:0.0002; kmer:GCAC:0.0002; kmer:AGCAC:0.0002,mir-200a-3p:0.559; mir-25-3p:0.542; mir-31-5p:0.485
1608,mir-3689d,MIMAT0019008,GGGAGGUGUGAUCUCACACUCG,nao,0.384763,0.662807,0.675830,,kmer:GU:0.0029; kmer:GUG:0.0013; kmer:UGU:0.0007; kmer:UGUG:0.0004; kmer:UCG:0.0002; kmer:AGGU:0.0002; kmer:UGA:0.0001; kmer:UGUGA:0.0001; kmer:GUGUG:0.0001; kmer:AUC:0.0001,mir-425-5p:0.512; mir-25-3p:0.502; mir-6861-5p:0.492
1609,mir-874-5p,MIMAT0026718,CGGCCCCACGCACCAGGGUAAGA,nao,0.384380,0.662801,0.675800,,kmer:GU:0.0015; kmer:UA:0.0007; kmer:AA:0.0004; kmer:GUA:0.0004; kmer:GGUA:0.0003; kmer:UAA:0.0003; kmer:GCA:0.0003; kmer:GCAC:0.0002; kmer:CGGC:0.0002; kmer:CACG:0.0001,mir-4634:0.562; mir-6875-5p:0.521; mir-6861-5p:0.482
1610,mir-378d,MIMAT0018926,ACUGGACUUGGAGUCAGAAA,nao,0.383997,0.662797,0.675783,,kmer:GU:0.0016; kmer:AA:0.0009; kmer:AAA:0.0004; kmer:AGU:0.0003; kmer:ACUUG:0.0003; kmer:UUG:0.0002; kmer:CAGAA:0.0001; kmer:AGAAA:0.0001; kmer:CAG:0.0000; kmer:ACUG:0.0000,mir-6875-5p:0.492; mir-1246:0.481; mir-21-5p:0.469
1611,mir-6773-5p,MIMAT0027446,UUGGGCCCAGGAGUAAACAGGAU,nao,0.383614,0.662781,0.675714,,kmer:GU:0.0014; kmer:AA:0.0008; kmer:UA:0.0007; kmer:AAA:0.0004; kmer:GUA:0.0003; kmer:UAA:0.0003; kmer:CAGGA:0.0003; kmer:AGU:0.0002; kmer:UUG:0.0002; kmer:CAGG:0.0001,mir-6875-5p:0.734; mir-24-3p:0.568; mir-6861-5p:0.540
1612,mir-4285,MIMAT0016913,GCGGCGAGUCCGACUCAU,nao,0.383231,0.662778,0.675697,,kmer:GU:0.0021; kmer:CGA:0.0004; kmer:AGU:0.0003; kmer:CGGC:0.0002; kmer:CG:0.0002; kmer:CCGA:0.0001; kmer:CCG:0.0001; kmer:CGGCG:0.0001; kmer:GCGGC:0.0000; kmer:GUC:0.0000,mir-4634:0.580; mir-1307-3p:0.534; mir-205-5p:0.477
1613,mir-8063,MIMAT0030990,UCAAAAUCAGGAGUCGGGGCUU,nao,0.382848,0.662776,0.675692,,kmer:GU:0.0014; kmer:AA:0.0013; kmer:AAA:0.0008; kmer:AAU:0.0005; kmer:AAUC:0.0003; kmer:AAAU:0.0003; kmer:CAAA:0.0002; kmer:AGU:0.0002; kmer:UCG:0.0002; kmer:GCUU:0.0001,mir-24-3p:0.544; mir-191-5p:0.520; mir-6861-5p:0.484
1614,mir-513a-5p,MIMAT0002877,UUCACAGGGAGGUGUCAU,sim,0.382466,0.662774,0.675681,hsa-mir-513a-1; hsa-mir-513a-2,kmer:GU:0.0036; kmer:UGU:0.0009; kmer:GUG:0.0008; kmer:UGUC:0.0003; kmer:AGGU:0.0003; kmer:UGUCA:0.0001; kmer:ACAG:0.0001; kmer:CAGG:0.0001; kmer:GUGU:0.0001; kmer:GUGUC:0.0001,mir-24-3p:0.563; mir-6875-5p:0.544; mir-181b-5p:0.540
1615,mir-8083,MIMAT0031010,CAGGACUUGACGGCUGCAACU,nao,0.382083,0.662770,0.675664,,kmer:AA:0.0005; kmer:UGCA:0.0003; kmer:GCA:0.0003; kmer:ACUUG:0.0003; kmer:UUG:0.0002; kmer:UGCAA:0.0002; kmer:UGA:0.0002; kmer:CGGC:0.0002; kmer:CAGGA:0.0002; kmer:AAC:0.0001,mir-210-3p:0.499; mir-6875-5p:0.492; mir-31-5p:0.488
1616,mir-139-3p,MIMAT0004552,UGGAGACGCGGCCCUGUUGGAGU,nao,0.381700,0.662769,0.675658,,kmer:GU:0.0028; kmer:UGU:0.0007; kmer:GUU:0.0003; kmer:AGU:0.0002; kmer:UUG:0.0002; kmer:GUUG:0.0002; kmer:CCCU:0.0001; kmer:CGGC:0.0001; kmer:CCCUG:0.0001; kmer:CCUGU:0.0001,mir-6875-5p:0.506; mir-125a-5p:0.502; mir-4634:0.493
1617,mir-3622a-3p,MIMAT0018004,UCACCUGACCUCCCAUGCCUGU,sim,0.381317,0.662768,0.675654,hsa-mir-3622a,kmer:GU:0.0015; kmer:UGU:0.0008; kmer:CUGA:0.0002; kmer:UCCC:0.0002; kmer:AUGC:0.0002; kmer:UGA:0.0001; kmer:CCUGU:0.0001; kmer:CCUGA:0.0001; kmer:GACC:0.0001; kmer:UCCCA:0.0001,mir-125a-5p:0.690; mir-125b-5p:0.607; mir-92a-3p:0.551
1618,mir-6793-5p,MIMAT0027486,UGUGGGUUCUGGGUUGGGGUGA,nao,0.380934,0.662767,0.675651,,kmer:GU:0.0054; kmer:GUG:0.0012; kmer:UGU:0.0007; kmer:GUU:0.0006; kmer:UGUG:0.0004; kmer:GGUU:0.0002; kmer:UUG:0.0002; kmer:GUUG:0.0002; kmer:UGA:0.0001; kmer:GGUUG:0.0001,mir-6861-5p:0.704; mir-373-3p:0.620; let-7b-5p:0.586
1619,mir-6871-5p,MIMAT0027642,CAUGGGAGUUCGGGGUGGUUGC,nao,0.380551,0.662766,0.675646,,kmer:GU:0.0043; kmer:GUU:0.0007; kmer:GUG:0.0006; kmer:AGU:0.0002; kmer:UCG:0.0002; kmer:AGUU:0.0002; kmer:UUG:0.0002; kmer:GUUG:0.0002; kmer:UUCG:0.0002; kmer:GGUU:0.0001,mir-6861-5p:0.653; mir-382-5p:0.647; mir-373-3p:0.627
1620,mir-4490,MIMAT0019025,UCUGGUAAGAGAUUUGGGCAUA,nao,0.380168,0.662765,0.675642,,kmer:GU:0.0015; kmer:UA:0.0015; kmer:AA:0.0005; kmer:GUA:0.0004; kmer:GGUA:0.0003; kmer:UAA:0.0003; kmer:GCA:0.0003; kmer:UUG:0.0002; kmer:AUUUG:0.0001; kmer:GUAA:0.0001,mir-1246:0.597; mir-373-3p:0.578; mir-31-5p:0.572
1621,mir-4722-5p,MIMAT0019836,GGCAGGAGGGCUGUGCCAGGUUG,nao,0.379786,0.662761,0.675624,,kmer:GU:0.0025; kmer:UGU:0.0007; kmer:GUG:0.0006; kmer:GUGC:0.0005; kmer:UGUG:0.0004; kmer:GUU:0.0003; kmer:GCA:0.0002; kmer:GCAG:0.0002; kmer:AGGU:0.0002; kmer:GCAGG:0.0002,mir-6861-5p:0.637; mir-6875-5p:0.602; mir-24-3p:0.560
1622,mir-6839-5p,MIMAT0027580,UCUGGAUUGAAGAGACGACCCA,nao,0.379403,0.662759,0.675614,,kmer:AA:0.0004; kmer:ACCC:0.0003; kmer:UUG:0.0002; kmer:GACCC:0.0002; kmer:CGA:0.0002; kmer:UGA:0.0002; kmer:AUUG:0.0001; kmer:GAGAC:0.0001; kmer:ACGA:0.0001; kmer:GACC:0.0001,mir-6875-5p:0.608; mir-125b-5p:0.557; mir-125a-5p:0.551
1623,mir-555,MIMAT0003219,AGGGUAAGCUGAACCUCUGAU,nao,0.379020,0.662757,0.675604,,kmer:GU:0.0016; kmer:AA:0.0009; kmer:UA:0.0008; kmer:CUGA:0.0005; kmer:GUA:0.0004; kmer:GGUA:0.0003; kmer:UGA:0.0003; kmer:UAA:0.0003; kmer:AAC:0.0001; kmer:AACC:0.0001,mir-125a-5p:0.504; mir-200a-3p:0.493; mir-21-5p:0.484
1624,mir-7976,MIMAT0031179,UGCCCUGAGACUUUUGCUC,nao,0.378637,0.662755,0.675596,,kmer:CUGA:0.0002; kmer:UUG:0.0002; kmer:UGCU:0.0002; kmer:UGA:0.0002; kmer:CCCU:0.0002; kmer:CCCUG:0.0001; kmer:GAGAC:0.0001; kmer:CCUGA:0.0001; kmer:CUGAG:0.0001; kmer:UGAGA:0.0001,mir-125a-5p:0.664; mir-125b-5p:0.638; mir-520c-3p:0.494
1625,mir-6833-5p,MIMAT0027566,GUGUGGAAGAUGGGAGGAGAAA,nao,0.378254,0.662752,0.675580,,kmer:GU:0.0029; kmer:GUG:0.0013; kmer:AA:0.0013; kmer:UGU:0.0008; kmer:UGUG:0.0004; kmer:AAA:0.0004; kmer:GUGUG:0.0001; kmer:GUGU:0.0001; kmer:AGAAA:0.0001; kmer:UGUGG:0.0000,mir-206:0.720; mir-6875-5p:0.596; mir-1-3p:0.546
1626,mir-5190,MIMAT0021121,CCAGUGACUGAGCUGGAGCCA,nao,0.377871,0.662751,0.675578,,kmer:GU:0.0015; kmer:GUG:0.0007; kmer:UGA:0.0003; kmer:AGUG:0.0003; kmer:AGU:0.0002; kmer:ACUGA:0.0002; kmer:CUGA:0.0002; kmer:CAGU:0.0002; kmer:CCAGU:0.0001; kmer:CAGUG:0.0001,mir-210-3p:0.540; mir-6875-5p:0.532; mir-21-5p:0.513
1627,mir-4710,MIMAT0019815,GGGUGAGGGCAGGUGGUU,nao,0.377489,0.662750,0.675574,,kmer:GU:0.0050; kmer:GUG:0.0015; kmer:GUU:0.0004; kmer:GCA:0.0003; kmer:GCAG:0.0003; kmer:AGGU:0.0003; kmer:GCAGG:0.0002; kmer:CAGGU:0.0002; kmer:UGA:0.0002; kmer:GGUU:0.0001,mir-6861-5p:0.709; let-7b-5p:0.639; mir-34a-5p:0.507
1628,mir-4716-5p,MIMAT0019826,UCCAUGUUUCCUUCCCCCUUCU,nao,0.377106,0.662749,0.675569,,kmer:GU:0.0014; kmer:UGU:0.0007; kmer:GUU:0.0003; kmer:UCCC:0.0002; kmer:CCCU:0.0001; kmer:UCCA:0.0001; kmer:AUGUU:0.0001; kmer:UCCUU:0.0000; kmer:AUGU:0.0000; kmer:UUUCC:0.0000,mir-205-5p:0.668; mir-145-5p:0.654; mir-125a-5p:0.532
1629,mir-134-3p,MIMAT0026481,CCUGUGGGCCACCUAGUCACCAA,nao,0.376723,0.662748,0.675565,,kmer:GU:0.0031; kmer:UGU:0.0008; kmer:UA:0.0008; kmer:GUG:0.0007; kmer:UAG:0.0007; kmer:AA:0.0005; kmer:UGUG:0.0005; kmer:AGU:0.0003; kmer:CCUGU:0.0001; kmer:UAGU:0.0001,mir-125a-5p:0.537; mir-92a-3p:0.511; mir-205-5p:0.497
1630,mir-12122,MIMAT0049016,UGUCACAGAUGGCCGGAAGAGACUC,nao,0.376340,0.662747,0.675562,,kmer:GU:0.0013; kmer:UGU:0.0007; kmer:AA:0.0004; kmer:UGUC:0.0002; kmer:UGUCA:0.0001; kmer:ACAG:0.0001; kmer:GAGAC:0.0001; kmer:CCGG:0.0001; kmer:CCG:0.0001; kmer:ACAGA:0.0001,mir-6875-5p:0.553; mir-24-3p:0.505; mir-21-5p:0.483
1631,mir-6850-3p,MIMAT0027601,CCCGGCCGGAACGCCGCACU,nao,0.375957,0.662741,0.675534,,kmer:AA:0.0005; kmer:GCA:0.0003; kmer:GCAC:0.0003; kmer:CCG:0.0003; kmer:CG:0.0002; kmer:CCGG:0.0002; kmer:CGGC:0.0002; kmer:AAC:0.0002; kmer:CCCG:0.0001; kmer:CCGGC:0.0001,mir-4634:0.752; mir-92a-3p:0.515; mir-191-5p:0.417
1632,mir-4418,MIMAT0018930,CACUGCAGGACUCAGCAG,nao,0.375574,0.662740,0.675530,,kmer:GCA:0.0006; kmer:GCAG:0.0005; kmer:AGCA:0.0004; kmer:AGCAG:0.0004; kmer:UGCA:0.0003; kmer:CAGCA:0.0003; kmer:GCAGG:0.0003; kmer:CAGC:0.0002; kmer:CAGGA:0.0002; kmer:CAG:0.0001,mir-24-3p:0.733; mir-497-5p:0.626; mir-195-5p:0.532
1633,mir-518a-3p,MIMAT0002863,GAAAGCGCUUCCCUUUGCUGGA,nao,0.375191,0.662734,0.675500,,kmer:AA:0.0009; kmer:AAA:0.0004; kmer:UUG:0.0002; kmer:UGCU:0.0002; kmer:UCCC:0.0002; kmer:CCCU:0.0001; kmer:UCCCU:0.0001; kmer:GCUU:0.0001; kmer:AAAG:0.0001; kmer:CG:0.0000,mir-520c-3p:0.619; mir-125a-5p:0.516; mir-373-3p:0.513
1634,mir-6778-3p,MIMAT0027457,UGCCUCCCUGACAUUCCACAG,nao,0.374809,0.662720,0.675441,,kmer:CUGA:0.0002; kmer:UCCC:0.0002; kmer:UGA:0.0002; kmer:CCCU:0.0002; kmer:UCCCU:0.0001; kmer:CCCUG:0.0001; kmer:UGACA:0.0001; kmer:ACAG:0.0001; kmer:CAUU:0.0001; kmer:UCCA:0.0001,mir-205-5p:0.610; mir-125a-5p:0.595; mir-125b-5p:0.557
1635,mir-7154-3p,MIMAT0028219,AGGAGGACAAGUUGUGGGAU,nao,0.374426,0.662718,0.675429,,kmer:GU:0.0034; kmer:UGU:0.0009; kmer:GUG:0.0008; kmer:UUGU:0.0006; kmer:AA:0.0005; kmer:UGUG:0.0005; kmer:GUU:0.0004; kmer:UUGUG:0.0003; kmer:AGU:0.0003; kmer:AAGU:0.0003,mir-6875-5p:0.678; mir-206:0.609; let-7b-5p:0.558
1636,mir-6839-3p,MIMAT0027581,UUGGGUUUUCUCUUCAAUCCAG,nao,0.374043,0.662717,0.675426,,kmer:GU:0.0014; kmer:AAU:0.0005; kmer:AA:0.0004; kmer:GUU:0.0003; kmer:AAUC:0.0003; kmer:AAUCC:0.0003; kmer:UUG:0.0002; kmer:AUCC:0.0002; kmer:GGUU:0.0001; kmer:AUC:0.0001,mir-145-5p:0.598; mir-205-5p:0.563; mir-520c-3p:0.524
1637,mir-518d-3p,MIMAT0002864,CAAAGCGCUUCCCUUUGGAGC,nao,0.373660,0.662712,0.675401,,kmer:AA:0.0009; kmer:AAA:0.0004; kmer:CAAA:0.0003; kmer:UUG:0.0002; kmer:UCCC:0.0002; kmer:CCCU:0.0002; kmer:UCCCU:0.0002; kmer:GCUU:0.0002; kmer:AAAG:0.0001; kmer:CG:0.0001,mir-520c-3p:0.623; mir-191-5p:0.524; mir-1246:0.505
1638,mir-4436b-3p,MIMAT0019941,CAGGGCAGGAAGAAGUGGACAA,nao,0.373277,0.662711,0.675400,,kmer:GU:0.0014; kmer:AA:0.0013; kmer:GUG:0.0006; kmer:AAGUG:0.0003; kmer:AGUG:0.0003; kmer:GCA:0.0002; kmer:AGU:0.0002; kmer:GCAG:0.0002; kmer:AAGU:0.0002; kmer:GCAGG:0.0002,mir-6875-5p:0.674; mir-24-3p:0.627; mir-206:0.565
1639,mir-501-3p,MIMAT0004774,AAUGCACCCGGGCAAGGAUUCU,nao,0.372894,0.662709,0.675390,,kmer:AA:0.0009; kmer:AAU:0.0006; kmer:GCA:0.0005; kmer:UGCA:0.0003; kmer:ACCC:0.0003; kmer:GCAC:0.0002; kmer:AAUG:0.0002; kmer:AUGC:0.0002; kmer:UGCAC:0.0001; kmer:AAUGC:0.0001,mir-31-5p:0.553; mir-4634:0.501; mir-191-5p:0.498
1640,mir-623,MIMAT0003292,AUCCCUUGCAGGGGCUGUUGGGU,nao,0.372511,0.662708,0.675385,,kmer:GU:0.0025; kmer:UGU:0.0006; kmer:UUG:0.0003; kmer:GUU:0.0003; kmer:UGCA:0.0002; kmer:GCA:0.0002; kmer:GCAG:0.0002; kmer:GCAGG:0.0002; kmer:GUUG:0.0002; kmer:AUCC:0.0001,mir-6861-5p:0.661; mir-181b-5p:0.548; mir-373-3p:0.541
1641,mir-28-5p,MIMAT0000085,AAGGAGCUCACAGUCUAUUGAG,nao,0.372129,0.662706,0.675378,,kmer:GU:0.0016; kmer:UA:0.0008; kmer:AA:0.0005; kmer:UAUUG:0.0003; kmer:AGU:0.0003; kmer:UUG:0.0002; kmer:CAGU:0.0002; kmer:UGA:0.0002; kmer:AUUG:0.0001; kmer:UAUU:0.0001,mir-24-3p:0.600; mir-6875-5p:0.529; mir-139-5p:0.514
1642,mir-5195-5p,MIMAT0021126,AACCCCUAAGGCAACUGGAUGG,nao,0.371746,0.662699,0.675343,,kmer:AA:0.0013; kmer:UA:0.0007; kmer:UAA:0.0003; kmer:ACCC:0.0003; kmer:AAC:0.0003; kmer:GCA:0.0003; kmer:CUAA:0.0002; kmer:CCUAA:0.0002; kmer:CCCU:0.0002; kmer:CCCUA:0.0001,mir-125b-5p:0.544; mir-365a-3p:0.512; mir-125a-5p:0.504
1643,mir-23a-3p,MIMAT0000078,AUCACAUUGCCAGGGAUUUCC,sim,0.371363,0.662692,0.675315,hsa-mir-23a,kmer:UUG:0.0002; kmer:AUUGC:0.0001; kmer:AUUG:0.0001; kmer:AUC:0.0001; kmer:CAUU:0.0001; kmer:CCAGG:0.0001; kmer:CAGG:0.0001; kmer:CAUUG:0.0001; kmer:GAUUU:0.0000; kmer:CAG:0.0000,mir-1246:0.547; mir-145-5p:0.534; mir-205-5p:0.531
1644,let-7g-3p,MIMAT0004584,CUGUACAGGCCACUGCCUUGC,sim,0.370980,0.662691,0.675311,hsa-let-7g,kmer:GU:0.0017; kmer:UGU:0.0009; kmer:UA:0.0008; kmer:GUA:0.0004; kmer:UUG:0.0002; kmer:ACAG:0.0001; kmer:UACAG:0.0001; kmer:CAGG:0.0001; kmer:CAG:0.0000; kmer:CUGU:0.0000,mir-92a-3p:0.615; mir-497-5p:0.519; mir-210-3p:0.487
1645,mir-3943,MIMAT0018359,UAGCCCCCAGGCUUCACUUGGCG,nao,0.370597,0.662691,0.675310,,kmer:UA:0.0006; kmer:UAG:0.0005; kmer:UAGC:0.0003; kmer:ACUUG:0.0002; kmer:UUG:0.0002; kmer:UUGGC:0.0001; kmer:GCUU:0.0001; kmer:UGGCG:0.0001; kmer:CACUU:0.0001; kmer:CCAGG:0.0001,mir-92a-3p:0.500; mir-145-5p:0.472; mir-24-3p:0.450
1646,mir-3127-5p,MIMAT0014990,AUCAGGGCUUGUGGAAUGGGAAG,nao,0.370214,0.662684,0.675280,,kmer:GU:0.0014; kmer:AA:0.0008; kmer:UGU:0.0007; kmer:GUG:0.0006; kmer:AAU:0.0005; kmer:UUGU:0.0005; kmer:UGUG:0.0004; kmer:CUUGU:0.0003; kmer:UUGUG:0.0003; kmer:GAAU:0.0002,mir-206:0.677; mir-6861-5p:0.590; mir-1246:0.548
1647,mir-6834-5p,MIMAT0027568,GUGAGGGACUGGGAUUUGUGG,nao,0.369832,0.662683,0.675271,,kmer:GU:0.0029; kmer:GUG:0.0013; kmer:UGU:0.0008; kmer:UUGU:0.0005; kmer:UGUG:0.0004; kmer:UUGUG:0.0003; kmer:UUG:0.0002; kmer:UUUGU:0.0002; kmer:UGA:0.0001; kmer:AUUUG:0.0001,mir-373-3p:0.620; mir-1246:0.590; mir-6861-5p:0.585
1648,mir-30b-3p,MIMAT0004589,CUGGGAGGUGGAUGUUUACUUC,sim,0.369449,0.662680,0.675260,hsa-mir-30b,kmer:GU:0.0028; kmer:UGU:0.0007; kmer:UA:0.0007; kmer:GUG:0.0006; kmer:GUU:0.0003; kmer:UUA:0.0002; kmer:AGGU:0.0002; kmer:UUAC:0.0001; kmer:GAUGU:0.0001; kmer:AUGUU:0.0001,mir-373-3p:0.597; mir-382-5p:0.594; mir-6861-5p:0.582
1649,mir-4454,MIMAT0018976,GGAUCCGAGUCACGGCACCA,nao,0.369066,0.662668,0.675207,,kmer:GU:0.0019; kmer:GCA:0.0003; kmer:AGU:0.0003; kmer:GCAC:0.0003; kmer:AUCC:0.0002; kmer:CGA:0.0002; kmer:CGGC:0.0002; kmer:CACG:0.0001; kmer:CCGA:0.0001; kmer:AUC:0.0001,mir-205-5p:0.556; mir-425-5p:0.530; mir-4634:0.476
1650,mir-181d-3p,MIMAT0026608,CCACCGGGGGAUGAAUGUCAC,nao,0.368683,0.662667,0.675203,,kmer:GU:0.0016; kmer:UGU:0.0008; kmer:AAU:0.0006; kmer:AA:0.0005; kmer:UGUC:0.0003; kmer:GAAU:0.0003; kmer:ACCG:0.0003; kmer:AAUG:0.0002; kmer:UGA:0.0002; kmer:UGUCA:0.0001,mir-4634:0.496; mir-425-5p:0.478; mir-6861-5p:0.470
1651,mir-6793-3p,MIMAT0027487,UCCCCAACCCCUGCCCGCAG,nao,0.368300,0.662657,0.675157,,kmer:AA:0.0005; kmer:ACCC:0.0003; kmer:GCA:0.0003; kmer:GCAG:0.0003; kmer:UCCC:0.0002; kmer:CCCU:0.0002; kmer:CCCUG:0.0002; kmer:AAC:0.0002; kmer:AACC:0.0001; kmer:CCCG:0.0001,mir-125a-5p:0.570; mir-145-5p:0.533; mir-125b-5p:0.512
1652,mir-767-3p,MIMAT0003883,UCUGCUCAUACCCCAUGGUUUCU,nao,0.367917,0.662653,0.675140,,kmer:GU:0.0014; kmer:UA:0.0007; kmer:GUU:0.0003; kmer:ACCC:0.0002; kmer:UGCU:0.0002; kmer:UACCC:0.0002; kmer:UACC:0.0001; kmer:GGUU:0.0001; kmer:UGGUU:0.0001; kmer:AUACC:0.0001,mir-205-5p:0.565; mir-223-3p:0.536; mir-25-3p:0.478
1653,mir-320a-3p,MIMAT0000510,AAAAGCUGGGUUGAGAGGGCGA,nao,0.367534,0.662651,0.675131,,kmer:GU:0.0014; kmer:AA:0.0012; kmer:AAA:0.0007; kmer:GUU:0.0003; kmer:UUG:0.0002; kmer:GUUG:0.0002; kmer:GUUGA:0.0002; kmer:CGA:0.0001; kmer:UGA:0.0001; kmer:GGUU:0.0001,mir-6861-5p:0.532; mir-520c-3p:0.522; mir-6875-5p:0.503
1654,mir-18b-3p,MIMAT0004751,UGCCCUAAAUGCCCCUUCUGGC,nao,0.367152,0.662650,0.675125,,kmer:AA:0.0009; kmer:UA:0.0007; kmer:AAU:0.0006; kmer:AAA:0.0004; kmer:AAAU:0.0003; kmer:CCCU:0.0003; kmer:UAA:0.0003; kmer:AAUG:0.0002; kmer:CUAA:0.0002; kmer:AUGC:0.0002,mir-365a-3p:0.713; mir-125b-5p:0.544; mir-125a-5p:0.543
1655,mir-664b-3p,MIMAT0022272,UUCAUUUGCCUCCCAGCCUACA,nao,0.366769,0.662633,0.675048,,kmer:UA:0.0007; kmer:UUG:0.0002; kmer:CAGC:0.0002; kmer:UCCC:0.0002; kmer:CAUU:0.0001; kmer:AUUUG:0.0001; kmer:UCCCA:0.0001; kmer:UUCAU:0.0000; kmer:CAG:0.0000; kmer:UCAUU:0.0000,mir-205-5p:0.570; mir-145-5p:0.568; mir-92a-3p:0.500
1656,mir-584-5p,MIMAT0003249,UUAUGGUUUGCCUGGGACUGAG,nao,0.366386,0.662625,0.675015,,kmer:GU:0.0015; kmer:UA:0.0007; kmer:GUU:0.0003; kmer:UUA:0.0002; kmer:ACUGA:0.0002; kmer:CUGA:0.0002; kmer:UUG:0.0002; kmer:UGA:0.0001; kmer:UUAU:0.0001; kmer:GGUU:0.0001,mir-21-5p:0.541; mir-373-3p:0.536; mir-1246:0.523
1657,mir-185-5p,MIMAT0000455,UGGAGAGAAAGGCAGUUCCUGA,nao,0.366003,0.662622,0.675001,,kmer:GU:0.0015; kmer:AA:0.0009; kmer:AAA:0.0004; kmer:GUU:0.0003; kmer:GCA:0.0002; kmer:AGU:0.0002; kmer:GCAG:0.0002; kmer:CUGA:0.0002; kmer:AGUU:0.0002; kmer:CAGUU:0.0002,mir-6875-5p:0.581; mir-24-3p:0.532; mir-520c-3p:0.510
1658,mir-8088,MIMAT0031015,CCUCGGUACUGGAAAGGGGUA,nao,0.365620,0.662622,0.675000,,kmer:GU:0.0030; kmer:UA:0.0015; kmer:AA:0.0009; kmer:GUA:0.0007; kmer:GGUA:0.0007; kmer:AAA:0.0004; kmer:UCG:0.0002; kmer:UCGGU:0.0002; kmer:UCGG:0.0001; kmer:CUCGG:0.0001,mir-6861-5p:0.669; mir-155-5p:0.458; mir-206:0.455
1659,mir-1231,MIMAT0005586,GUGUCUGGGCGGACAGCUGC,nao,0.365237,0.662622,0.674999,,kmer:GU:0.0032; kmer:UGU:0.0008; kmer:GUG:0.0007; kmer:UGUC:0.0003; kmer:CAGC:0.0002; kmer:UGUCU:0.0001; kmer:ACAG:0.0001; kmer:GUCUG:0.0001; kmer:GUGU:0.0001; kmer:GUGUC:0.0001,mir-210-3p:0.676; mir-34a-5p:0.629; mir-6861-5p:0.539
1660,mir-1178-5p,MIMAT0022940,CAGGGUCAGCUGAGCAUG,nao,0.364855,0.662621,0.674997,,kmer:GU:0.0018; kmer:AGCA:0.0004; kmer:GCA:0.0003; kmer:CUGA:0.0003; kmer:CAGC:0.0002; kmer:UGA:0.0002; kmer:CAGG:0.0001; kmer:CAG:0.0001; kmer:CUGAG:0.0001; kmer:GUC:0.0000,mir-24-3p:0.643; mir-31-5p:0.571; mir-497-5p:0.529
1661,mir-675-3p,MIMAT0006790,CUGUAUGCCCUCACCGCUCA,nao,0.364472,0.662616,0.674974,,kmer:GU:0.0019; kmer:UGU:0.0010; kmer:UA:0.0009; kmer:GUA:0.0005; kmer:ACCG:0.0003; kmer:AUGC:0.0002; kmer:CCCU:0.0002; kmer:CCG:0.0001; kmer:UAU:0.0001; kmer:CG:0.0001,mir-92a-3p:0.527; mir-205-5p:0.496; mir-125a-5p:0.485
1662,mir-516a-5p,MIMAT0004770,UUCUCGAGGAAAGAAGCACUUUC,nao,0.364089,0.662614,0.674964,,kmer:AA:0.0012; kmer:AAA:0.0004; kmer:AGCA:0.0003; kmer:GCA:0.0002; kmer:UCG:0.0002; kmer:GCAC:0.0002; kmer:AGCAC:0.0002; kmer:CGA:0.0001; kmer:AGGAA:0.0001; kmer:CACUU:0.0001,mir-520c-3p:0.539; mir-191-5p:0.470; mir-24-3p:0.467
1663,mir-3173-3p,MIMAT0015048,AAAGGAGGAAAUAGGCAGGCCA,nao,0.363706,0.662611,0.674951,,kmer:AA:0.0017; kmer:AAA:0.0008; kmer:UA:0.0007; kmer:UAG:0.0006; kmer:AAU:0.0006; kmer:AAAU:0.0003; kmer:AAAUA:0.0003; kmer:GCA:0.0002; kmer:GCAG:0.0002; kmer:GCAGG:0.0002,mir-6875-5p:0.600; mir-191-5p:0.528; mir-24-3p:0.523
1664,mir-324-3p,MIMAT0000762,CCCACUGCCCCAGGUGCUGCUGG,nao,0.363323,0.662611,0.674950,,kmer:GU:0.0013; kmer:GUG:0.0006; kmer:GUGC:0.0005; kmer:UGCU:0.0003; kmer:GUGCU:0.0002; kmer:AGGU:0.0002; kmer:CAGGU:0.0002; kmer:CCAGG:0.0001; kmer:CAGG:0.0001; kmer:UGCUG:0.0000,mir-31-5p:0.477; mir-92a-3p:0.474; mir-6861-5p:0.465
1665,mir-433-3p,MIMAT0001627,AUCAUGAUGGGCUCCUCGGUGU,nao,0.362940,0.662609,0.674941,,kmer:GU:0.0030; kmer:UGU:0.0008; kmer:GUG:0.0007; kmer:UCG:0.0002; kmer:UCGGU:0.0002; kmer:UGA:0.0002; kmer:AUC:0.0001; kmer:UCGG:0.0001; kmer:CUCGG:0.0001; kmer:GUGU:0.0001,mir-181b-5p:0.585; mir-6861-5p:0.538; mir-25-3p:0.505
1666,mir-6772-3p,MIMAT0027445,UUGCUCCUGACUCUGUGCCCACA,nao,0.362557,0.662606,0.674931,,kmer:GU:0.0014; kmer:UGU:0.0008; kmer:GUG:0.0006; kmer:GUGC:0.0006; kmer:UGUG:0.0004; kmer:CUGA:0.0002; kmer:UUG:0.0002; kmer:UGCU:0.0002; kmer:UGA:0.0001; kmer:UGUGC:0.0001,mir-125a-5p:0.592; mir-125b-5p:0.569; mir-92a-3p:0.563
1667,mir-127-3p,MIMAT0000446,UCGGAUCCGUCUGAGCUUGGCU,nao,0.362175,0.662606,0.674929,,kmer:GU:0.0015; kmer:CGU:0.0005; kmer:UCG:0.0002; kmer:CUGA:0.0002; kmer:UUG:0.0002; kmer:AUCC:0.0002; kmer:UUGGC:0.0002; kmer:UGA:0.0001; kmer:GCUU:0.0001; kmer:CCGU:0.0001,mir-25-3p:0.566; mir-205-5p:0.531; mir-99a-5p:0.512
1668,mir-6806-3p,MIMAT0027513,UGAAGCUCUGACAUUCCUGCAG,nao,0.361792,0.662605,0.674925,,kmer:AA:0.0005; kmer:UGA:0.0003; kmer:UGCA:0.0003; kmer:GCA:0.0003; kmer:GCAG:0.0002; kmer:CUGA:0.0002; kmer:UGACA:0.0001; kmer:UGCAG:0.0001; kmer:CAUU:0.0001; kmer:CAUUC:0.0001,mir-205-5p:0.534; mir-25-3p:0.528; mir-21-5p:0.506
1669,mir-9983-3p,MIMAT0041993,UUUUUUGCUGGAACAUUUCUGG,nao,0.361409,0.662602,0.674912,,kmer:AA:0.0004; kmer:UUG:0.0002; kmer:UGCU:0.0002; kmer:AAC:0.0001; kmer:CAUU:0.0001; kmer:AUUU:0.0000; kmer:UGCUG:0.0000,mir-1246:0.667; mir-373-3p:0.584; mir-520c-3p:0.500
1670,mir-6821-5p,MIMAT0027542,GUGCGUGGUGGCUCGAGGCGGGG,nao,0.361026,0.662602,0.674909,,kmer:GU:0.0041; kmer:GUG:0.0019; kmer:GUGC:0.0006; kmer:CGU:0.0004; kmer:CGUG:0.0003; kmer:UCG:0.0002; kmer:CGA:0.0001; kmer:CG:0.0001; kmer:GCGUG:0.0001; kmer:GCGU:0.0001,mir-1307-3p:0.689; mir-6861-5p:0.664; mir-210-3p:0.574
1671,mir-4711-5p,MIMAT0019816,UGCAUCAGGCCAGAAGACAUGAG,nao,0.360643,0.662600,0.674902,,kmer:AA:0.0004; kmer:UGCA:0.0003; kmer:GCA:0.0003; kmer:UGA:0.0002; kmer:AUC:0.0001; kmer:CAGG:0.0001; kmer:CAG:0.0001; kmer:CAGAA:0.0001; kmer:AUCAG:0.0001; kmer:AGAC:0.0000,mir-24-3p:0.595; mir-6875-5p:0.586; mir-31-5p:0.550
1672,mir-4697-5p,MIMAT0019791,AGGGGGCGCAGUCACUGACGUG,nao,0.360260,0.662592,0.674865,,kmer:GU:0.0031; kmer:GUG:0.0007; kmer:CGU:0.0005; kmer:CGUG:0.0004; kmer:GCA:0.0003; kmer:AGU:0.0002; kmer:ACUGA:0.0002; kmer:GCAG:0.0002; kmer:CUGA:0.0002; kmer:CAGU:0.0002,mir-6861-5p:0.600; mir-1307-3p:0.505; mir-210-3p:0.498
1673,mir-6726-3p,MIMAT0027354,CUCGCCCUGUCUCCCGCUAG,nao,0.359877,0.662586,0.674837,,kmer:GU:0.0017; kmer:UGU:0.0009; kmer:UA:0.0008; kmer:UAG:0.0007; kmer:UGUC:0.0003; kmer:UCG:0.0003; kmer:UCCC:0.0002; kmer:CCCU:0.0002; kmer:CCCUG:0.0002; kmer:UGUCU:0.0001,mir-92a-3p:0.527; mir-125a-5p:0.525; mir-125b-5p:0.491
1674,mir-92b-5p,MIMAT0004792,AGGGACGGGACGCGGUGCAGUG,sim,0.359495,0.662584,0.674831,hsa-mir-92b,kmer:GU:0.0034; kmer:GUG:0.0015; kmer:GUGC:0.0007; kmer:GUGCA:0.0004; kmer:AGUG:0.0003; kmer:UGCA:0.0003; kmer:GCA:0.0003; kmer:AGU:0.0003; kmer:GCAG:0.0003; kmer:CAGU:0.0002,mir-4634:0.566; mir-6861-5p:0.554; mir-6875-5p:0.533
1675,mir-1253,MIMAT0005904,AGAGAAGAAGAUCAGCCUGCA,nao,0.359112,0.662582,0.674823,,kmer:AA:0.0009; kmer:UGCA:0.0003; kmer:GCA:0.0003; kmer:CAGC:0.0002; kmer:AUC:0.0001; kmer:AUCAG:0.0001; kmer:GAUCA:0.0000; kmer:CAG:0.0000; kmer:GAUC:0.0000; kmer:AUCA:0.0000,mir-31-5p:0.504; mir-24-3p:0.470; mir-195-5p:0.467
1676,mir-4756-3p,MIMAT0019900,CCAGAGAUGGUUGCCUUCCUAU,nao,0.358729,0.662582,0.674823,,kmer:GU:0.0016; kmer:UA:0.0008; kmer:GUU:0.0004; kmer:UUG:0.0002; kmer:GUUG:0.0002; kmer:GGUU:0.0001; kmer:UGGUU:0.0001; kmer:GGUUG:0.0001; kmer:UAU:0.0001; kmer:CAG:0.0000,mir-205-5p:0.528; mir-520c-3p:0.520; mir-125a-5p:0.516
1677,mir-888-3p,MIMAT0004917,GACUGACACCUCUUUGGGUGAA,nao,0.358346,0.662579,0.674810,,kmer:GU:0.0015; kmer:GUG:0.0007; kmer:AA:0.0004; kmer:UGA:0.0003; kmer:ACUGA:0.0002; kmer:CUGA:0.0002; kmer:UUG:0.0002; kmer:UGACA:0.0001; kmer:GACAC:0.0000; kmer:ACUG:0.0000,mir-125a-5p:0.557; mir-125b-5p:0.545; mir-425-5p:0.524
1678,mir-6837-5p,MIMAT0027576,ACCAGGGCCAGCAGGGAAUGU,nao,0.357963,0.662578,0.674804,,kmer:GU:0.0015; kmer:UGU:0.0008; kmer:AAU:0.0006; kmer:AA:0.0004; kmer:AGCA:0.0004; kmer:AGCAG:0.0003; kmer:CAGCA:0.0003; kmer:GCA:0.0002; kmer:GAAU:0.0002; kmer:GCAG:0.0002,mir-24-3p:0.617; mir-6875-5p:0.613; mir-6861-5p:0.551
1679,mir-6511b-5p,MIMAT0025847,CUGCAGGCAGAAGUGGGGCUGACA,nao,0.357580,0.662571,0.674773,,kmer:GU:0.0012; kmer:GUG:0.0006; kmer:GCA:0.0004; kmer:GCAG:0.0004; kmer:AA:0.0004; kmer:AAGUG:0.0003; kmer:AGUG:0.0002; kmer:UGCA:0.0002; kmer:AGU:0.0002; kmer:AAGU:0.0002,mir-31-5p:0.612; mir-6861-5p:0.599; mir-24-3p:0.585
1680,mir-6773-3p,MIMAT0027447,ACUGUCACUUCUCUGCCCAUAG,nao,0.357198,0.662567,0.674753,,kmer:GU:0.0015; kmer:UGU:0.0008; kmer:UA:0.0007; kmer:UAG:0.0006; kmer:UGUC:0.0002; kmer:AUAG:0.0002; kmer:UGUCA:0.0001; kmer:CACUU:0.0001; kmer:CUGU:0.0000; kmer:ACUG:0.0000,mir-25-3p:0.596; mir-205-5p:0.567; mir-92a-3p:0.527
1681,mir-2110,MIMAT0010133,UUGGGGAAACGGCCGCUGAGUG,nao,0.356815,0.662563,0.674737,,kmer:GU:0.0015; kmer:AA:0.0009; kmer:GUG:0.0007; kmer:AAA:0.0004; kmer:AGUG:0.0003; kmer:AGU:0.0002; kmer:CUGA:0.0002; kmer:UUG:0.0002; kmer:UGA:0.0002; kmer:CGGC:0.0002,mir-4634:0.568; mir-373-3p:0.557; mir-6861-5p:0.548
1682,mir-550a-5p,MIMAT0004800,AGUGCCUGAGGGAGUAAGAGCCC,sim,0.356432,0.662561,0.674727,hsa-mir-550a-1; hsa-mir-550a-2; hsa-mir-550a-3,kmer:GU:0.0029; kmer:UA:0.0007; kmer:GUG:0.0006; kmer:GUGC:0.0006; kmer:AGUGC:0.0005; kmer:AGU:0.0005; kmer:AA:0.0004; kmer:GUA:0.0003; kmer:UAA:0.0003; kmer:AGUG:0.0003,mir-6875-5p:0.580; mir-520c-3p:0.522; mir-125a-5p:0.497
1683,mir-1283,MIMAT0005799,UCUACAAAGGAAAGCGCUUUCU,nao,0.356049,0.662557,0.674712,,kmer:AA:0.0020; kmer:AAA:0.0009; kmer:UA:0.0008; kmer:CAAA:0.0003; kmer:GCUU:0.0002; kmer:AAAG:0.0001; kmer:AGGAA:0.0001; kmer:CG:0.0001; kmer:CAAAG:0.0000,mir-191-5p:0.577; mir-520c-3p:0.538; mir-106a-5p:0.460
1684,mir-6892-5p,MIMAT0027684,GUAAGGGACCGGAGAGUAGGA,nao,0.355666,0.662556,0.674703,,kmer:GU:0.0033; kmer:UA:0.0016; kmer:GUA:0.0008; kmer:UAG:0.0007; kmer:GUAG:0.0005; kmer:AA:0.0005; kmer:UAA:0.0003; kmer:AGU:0.0003; kmer:ACCG:0.0003; kmer:GUAGG:0.0001,mir-6875-5p:0.703; let-7a-5p:0.536; let-7b-5p:0.473
1685,mir-3616-3p,MIMAT0017996,CGAGGGCAUUUCAUGAUGCAGGC,nao,0.355283,0.662550,0.674679,,kmer:GCA:0.0005; kmer:UGCA:0.0003; kmer:GCAG:0.0002; kmer:GCAGG:0.0002; kmer:CGA:0.0001; kmer:AUGC:0.0001; kmer:UGA:0.0001; kmer:UGCAG:0.0001; kmer:CAUU:0.0001; kmer:CAGG:0.0001,mir-31-5p:0.605; mir-1246:0.558; mir-24-3p:0.509
1686,mir-10401-3p,MIMAT0041634,ACCUCGCCGUCCCGCCCGCCG,nao,0.354900,0.662545,0.674655,,kmer:GU:0.0020; kmer:CGU:0.0007; kmer:CCG:0.0004; kmer:CG:0.0003; kmer:UCG:0.0003; kmer:CCCG:0.0003; kmer:UCCC:0.0002; kmer:UCCCG:0.0002; kmer:CCGU:0.0002; kmer:ACC:0.0000,mir-4634:0.560; mir-99a-5p:0.485; mir-92a-3p:0.473
1687,mir-6860,MIMAT0027622,ACUGGGCAGGGCUGUGGUGAGU,nao,0.354518,0.662538,0.674623,,kmer:GU:0.0041; kmer:GUG:0.0012; kmer:UGU:0.0007; kmer:UGUG:0.0004; kmer:GCA:0.0002; kmer:AGU:0.0002; kmer:GCAG:0.0002; kmer:GCAGG:0.0002; kmer:UGA:0.0001; kmer:CAGG:0.0001,mir-6861-5p:0.715; mir-34a-5p:0.617; mir-210-3p:0.595
1688,mir-934,MIMAT0004977,UGUCUACUACUGGAGACACUGG,nao,0.354135,0.662535,0.674610,,kmer:GU:0.0014; kmer:UA:0.0014; kmer:UGU:0.0008; kmer:UGUC:0.0002; kmer:UGUCU:0.0001; kmer:GAGAC:0.0001; kmer:ACUG:0.0001; kmer:GUCU:0.0001; kmer:GACAC:0.0000; kmer:AGAC:0.0000,mir-200a-3p:0.603; mir-125b-5p:0.448; mir-25-3p:0.446
1689,mir-6854-3p,MIMAT0027609,UGCGUUUCUCCUCUUGAGCAG,nao,0.353752,0.662534,0.674606,,kmer:GU:0.0017; kmer:CGU:0.0005; kmer:AGCA:0.0004; kmer:GUU:0.0004; kmer:AGCAG:0.0003; kmer:GCA:0.0003; kmer:GCAG:0.0003; kmer:UUG:0.0002; kmer:UGA:0.0002; kmer:CGUU:0.0001,mir-25-3p:0.535; mir-205-5p:0.518; mir-520c-3p:0.489
1690,mir-526a-3p,MIMAT0037326,GAAAGCGCUUCCUUUUAGAGGA,nao,0.353369,0.662525,0.674568,,kmer:AA:0.0009; kmer:UA:0.0008; kmer:UAG:0.0007; kmer:AAA:0.0004; kmer:UUA:0.0003; kmer:GCUU:0.0002; kmer:AAAG:0.0001; kmer:CG:0.0001; kmer:UCCUU:0.0000,mir-520c-3p:0.795; mir-1246:0.498; mir-373-3p:0.484
1691,mir-184,MIMAT0000454,UGGACGGAGAACUGAUAAGGGU,nao,0.352986,0.662522,0.674553,,kmer:GU:0.0015; kmer:AA:0.0009; kmer:UA:0.0008; kmer:UAA:0.0003; kmer:ACUGA:0.0002; kmer:CUGA:0.0002; kmer:UGA:0.0002; kmer:AAC:0.0001; kmer:UGAUA:0.0001; kmer:CUGAU:0.0001,mir-6875-5p:0.605; mir-206:0.496; mir-6861-5p:0.494
1692,mir-1234-3p,MIMAT0005589,UCGGCCUGACCACCCACCCCAC,nao,0.352603,0.662519,0.674539,,kmer:ACCC:0.0005; kmer:UCG:0.0002; kmer:CUGA:0.0002; kmer:UGA:0.0002; kmer:CGGC:0.0001; kmer:CGGCC:0.0001; kmer:UCGG:0.0001; kmer:CCUGA:0.0001; kmer:ACC:0.0001; kmer:GACC:0.0001,mir-125a-5p:0.550; mir-125b-5p:0.497; mir-92a-3p:0.446
1693,mir-211-3p,MIMAT0022694,GCAGGGACAGCAAAGGGGUGC,nao,0.352221,0.662512,0.674510,,kmer:GU:0.0015; kmer:AA:0.0009; kmer:GUG:0.0007; kmer:GUGC:0.0006; kmer:GCA:0.0005; kmer:AAA:0.0004; kmer:AGCA:0.0003; kmer:CAGCA:0.0003; kmer:CAAA:0.0003; kmer:GCAG:0.0002,mir-6861-5p:0.585; mir-24-3p:0.584; mir-6875-5p:0.565
1694,mir-3652,MIMAT0018072,CGGCUGGAGGUGUGAGGA,nao,0.351838,0.662510,0.674498,,kmer:GU:0.0033; kmer:GUG:0.0015; kmer:UGU:0.0009; kmer:UGUG:0.0005; kmer:AGGU:0.0003; kmer:UGA:0.0002; kmer:CGGC:0.0002; kmer:UGUGA:0.0002; kmer:GUGUG:0.0001; kmer:GUGU:0.0001,mir-206:0.589; let-7b-5p:0.588; mir-210-3p:0.587
1695,mir-542-5p,MIMAT0003340,UCGGGGAUCAUCAUGUCACGAGA,nao,0.351455,0.662503,0.674469,,kmer:GU:0.0015; kmer:UGU:0.0008; kmer:UGUC:0.0002; kmer:UCG:0.0002; kmer:AUC:0.0002; kmer:CGA:0.0002; kmer:CACG:0.0001; kmer:UGUCA:0.0001; kmer:CG:0.0001; kmer:ACGA:0.0001,mir-425-5p:0.504; mir-181b-5p:0.480; mir-205-5p:0.467
1696,mir-212-5p,MIMAT0022695,ACCUUGGCUCUAGACUGCUUACU,nao,0.351072,0.662503,0.674467,,kmer:UA:0.0013; kmer:UAG:0.0006; kmer:CUUA:0.0003; kmer:GCUUA:0.0003; kmer:UUA:0.0002; kmer:UGCUU:0.0002; kmer:UUG:0.0002; kmer:UGCU:0.0002; kmer:UUGGC:0.0001; kmer:GCUU:0.0001,mir-21-5p:0.512; mir-125b-5p:0.477; mir-125a-5p:0.465
1697,mir-4672,MIMAT0019754,UUACACAGCUGGACAGAGGCA,nao,0.350689,0.662498,0.674447,,kmer:UA:0.0007; kmer:GCA:0.0002; kmer:UUA:0.0002; kmer:ACAG:0.0002; kmer:CAGC:0.0002; kmer:UUAC:0.0001; kmer:UUACA:0.0001; kmer:CAG:0.0001; kmer:ACAGA:0.0001; kmer:GACAG:0.0000,mir-24-3p:0.598; mir-6875-5p:0.572; mir-195-5p:0.569
1698,mir-3665,MIMAT0018087,AGCAGGUGCGGGGCGGCG,nao,0.350306,0.662498,0.674447,,kmer:GU:0.0018; kmer:GUG:0.0008; kmer:GUGC:0.0007; kmer:AGCA:0.0004; kmer:AGCAG:0.0004; kmer:GCA:0.0003; kmer:GCAG:0.0003; kmer:AGGU:0.0003; kmer:GCAGG:0.0003; kmer:CAGGU:0.0002,mir-4634:0.674; mir-6861-5p:0.541; mir-1307-3p:0.523
1699,mir-6510-3p,MIMAT0025477,CACCGACUCUGUCUCCUGCAG,nao,0.349923,0.662498,0.674446,,kmer:GU:0.0016; kmer:UGU:0.0008; kmer:UGCA:0.0003; kmer:GCA:0.0003; kmer:UGUC:0.0003; kmer:ACCG:0.0002; kmer:GCAG:0.0002; kmer:CGA:0.0002; kmer:UGUCU:0.0001; kmer:CCGA:0.0001,mir-25-3p:0.602; mir-139-5p:0.589; mir-205-5p:0.573
1700,mir-2115-5p,MIMAT0011158,AGCUUCCAUGACUCCUGAUGGA,nao,0.349541,0.662496,0.674435,,kmer:UGA:0.0003; kmer:CUGA:0.0002; kmer:GCUU:0.0001; kmer:UCCA:0.0001; kmer:CCUGA:0.0001; kmer:AGCUU:0.0001; kmer:CUGAU:0.0001; kmer:AUGAC:0.0000; kmer:UGAUG:0.0000; kmer:UCCAU:0.0000,mir-21-5p:0.579; mir-205-5p:0.529; mir-125a-5p:0.517
1701,mir-601,MIMAT0003269,UGGUCUAGGAUUGUUGGAGGAG,nao,0.349158,0.662489,0.674406,,kmer:GU:0.0029; kmer:UGU:0.0008; kmer:UA:0.0007; kmer:UAG:0.0006; kmer:UUGU:0.0005; kmer:UUG:0.0004; kmer:GUU:0.0003; kmer:GUUG:0.0002; kmer:AUUG:0.0001; kmer:GUCU:0.0001,mir-1246:0.615; mir-6875-5p:0.570; let-7b-5p:0.567
1702,mir-10522-5p,MIMAT0041991,AGAAGAAUUGGCCUACUCAGG,nao,0.348775,0.662488,0.674399,,kmer:AA:0.0009; kmer:UA:0.0008; kmer:AAU:0.0006; kmer:GAAU:0.0002; kmer:UUG:0.0002; kmer:AUUGG:0.0002; kmer:UUGGC:0.0002; kmer:AUUG:0.0001; kmer:CAGG:0.0001; kmer:GAAUU:0.0001,mir-195-5p:0.515; mir-24-3p:0.510; mir-31-5p:0.466
1703,mir-4664-5p,MIMAT0019737,UGGGGUGCCCACUCCGCAAGUU,nao,0.348392,0.662487,0.674399,,kmer:GU:0.0032; kmer:GUG:0.0007; kmer:GUGC:0.0006; kmer:AA:0.0005; kmer:GUU:0.0004; kmer:GCA:0.0003; kmer:AGU:0.0003; kmer:AAGU:0.0002; kmer:AGUU:0.0002; kmer:GCAA:0.0001,mir-6861-5p:0.613; mir-373-3p:0.533; mir-92a-3p:0.481
1704,mir-4525,MIMAT0019064,GGGGGGAUGUGCAUGCUGGUU,nao,0.348009,0.662486,0.674395,,kmer:GU:0.0029; kmer:UGU:0.0007; kmer:GUG:0.0006; kmer:GUGC:0.0006; kmer:UGUG:0.0004; kmer:GUGCA:0.0003; kmer:GUU:0.0003; kmer:UGCA:0.0003; kmer:GCA:0.0002; kmer:UGCU:0.0002,mir-6861-5p:0.603; mir-373-3p:0.553; mir-181b-5p:0.528
1705,mir-10b-3p,MIMAT0004556,ACAGAUUCGAUUCUAGGGGAAU,nao,0.347626,0.662485,0.674389,,kmer:UA:0.0007; kmer:UAG:0.0006; kmer:AAU:0.0006; kmer:AA:0.0004; kmer:GAAU:0.0002; kmer:UCG:0.0002; kmer:GGAAU:0.0002; kmer:CGAU:0.0002; kmer:UUCG:0.0002; kmer:CGA:0.0002,mir-155-5p:0.486; mir-373-3p:0.483; mir-1246:0.467
1706,mir-7855-5p,MIMAT0030430,UUGGUGAGGACCCCAAGCUCGG,nao,0.347243,0.662485,0.674389,,kmer:GU:0.0015; kmer:GUG:0.0007; kmer:AA:0.0004; kmer:ACCC:0.0003; kmer:UCG:0.0002; kmer:UUG:0.0002; kmer:GACCC:0.0002; kmer:UGA:0.0002; kmer:UCGG:0.0001; kmer:CUCGG:0.0001,mir-6875-5p:0.620; mir-125b-5p:0.513; mir-125a-5p:0.513
1707,mir-4432,MIMAT0018948,AAAGACUCUGCAAGAUGCCU,nao,0.346861,0.662482,0.674377,,kmer:AA:0.0015; kmer:AAA:0.0005; kmer:UGCA:0.0003; kmer:GCA:0.0003; kmer:UGCAA:0.0002; kmer:AUGC:0.0002; kmer:GCAA:0.0001; kmer:AAAG:0.0001; kmer:AGAC:0.0000; kmer:AGACU:0.0000,mir-19a-3p:0.591; mir-31-5p:0.576; mir-19b-3p:0.557
1708,mir-2115-3p,MIMAT0011159,CAUCAGAAUUCAUGGAGGCUAG,nao,0.346478,0.662482,0.674375,,kmer:UA:0.0007; kmer:UAG:0.0006; kmer:AAU:0.0006; kmer:AA:0.0004; kmer:GAAU:0.0002; kmer:AUC:0.0001; kmer:CAGAA:0.0001; kmer:GAAUU:0.0001; kmer:AUCAG:0.0001; kmer:UUCAU:0.0000,mir-24-3p:0.578; mir-31-5p:0.514; mir-195-5p:0.495
1709,mir-3940-3p,MIMAT0018356,CAGCCCGGAUCCCAGCCCACUU,nao,0.346095,0.662482,0.674375,,kmer:CAGC:0.0003; kmer:AUCC:0.0002; kmer:UCCC:0.0002; kmer:AUCCC:0.0001; kmer:CCCG:0.0001; kmer:AUC:0.0001; kmer:CCCGG:0.0001; kmer:CACUU:0.0001; kmer:CCGG:0.0001; kmer:CAG:0.0001,mir-145-5p:0.600; mir-191-5p:0.516; mir-205-5p:0.464
1710,mir-6890-5p,MIMAT0027680,CAUGGGGUAGGGCAGAGUAGG,nao,0.345712,0.662478,0.674357,,kmer:GU:0.0029; kmer:UA:0.0014; kmer:UAG:0.0012; kmer:GUAG:0.0010; kmer:GUA:0.0007; kmer:GGUAG:0.0004; kmer:GGUA:0.0003; kmer:GCA:0.0002; kmer:AGU:0.0002; kmer:GCAG:0.0002,mir-6861-5p:0.730; let-7a-5p:0.589; let-7b-5p:0.556
1711,mir-1260b,MIMAT0015041,AUCCCACCACUGCCACCAU,nao,0.345329,0.662477,0.674351,,kmer:AUCC:0.0002; kmer:UCCC:0.0002; kmer:AUCCC:0.0002; kmer:AUC:0.0001; kmer:UCCCA:0.0001; kmer:ACC:0.0001; kmer:ACCAU:0.0000; kmer:ACUG:0.0000,mir-145-5p:0.474; mir-205-5p:0.472; mir-425-5p:0.431
1712,mir-8058,MIMAT0030985,CUGGACUUUGAUCUUGCCAUAA,nao,0.344946,0.662477,0.674350,,kmer:UA:0.0008; kmer:AA:0.0005; kmer:UUG:0.0005; kmer:UAA:0.0003; kmer:UGA:0.0002; kmer:AUC:0.0001; kmer:GAUC:0.0000; kmer:CUUG:0.0000; kmer:UUGA:0.0000,mir-21-5p:0.550; mir-25-3p:0.541; mir-1246:0.498
1713,mir-431-3p,MIMAT0004757,CAGGUCGUCUUGCAGGGCUUCU,nao,0.344564,0.662473,0.674333,,kmer:GU:0.0029; kmer:CGU:0.0005; kmer:UGCA:0.0003; kmer:GCA:0.0002; kmer:UCGU:0.0002; kmer:GCAG:0.0002; kmer:UCG:0.0002; kmer:AGGU:0.0002; kmer:GCAGG:0.0002; kmer:UUG:0.0002,mir-25-3p:0.572; mir-24-3p:0.537; mir-34a-5p:0.522
1714,mir-4468,MIMAT0018995,AGAGCAGAAGGAUGAGAU,nao,0.344181,0.662470,0.674320,,kmer:AA:0.0006; kmer:AGCA:0.0004; kmer:AGCAG:0.0004; kmer:GCA:0.0003; kmer:GCAG:0.0003; kmer:UGA:0.0002; kmer:UGAGA:0.0001; kmer:CAGAA:0.0001; kmer:CAG:0.0000,mir-6875-5p:0.609; mir-195-5p:0.486; mir-31-5p:0.485
1715,mir-4465,MIMAT0018992,CUCAAGUAGUCUGACCAGGGGA,nao,0.343798,0.662463,0.674289,,kmer:GU:0.0029; kmer:UA:0.0007; kmer:UAG:0.0006; kmer:GUAG:0.0005; kmer:AGU:0.0005; kmer:AA:0.0004; kmer:GUA:0.0003; kmer:AAGU:0.0002; kmer:CUGA:0.0002; kmer:UGA:0.0001,mir-6875-5p:0.577; mir-6861-5p:0.572; mir-24-3p:0.503
1716,mir-18a-3p,MIMAT0002891,ACUGCCCUAAGUGCUCCUUCUGG,sim,0.343415,0.662461,0.674280,hsa-mir-18a,kmer:GU:0.0014; kmer:UA:0.0007; kmer:GUG:0.0006; kmer:GUGC:0.0006; kmer:AGUGC:0.0005; kmer:AA:0.0004; kmer:AAGUG:0.0003; kmer:UAA:0.0003; kmer:AGUG:0.0003; kmer:GUGCU:0.0003,mir-125b-5p:0.569; mir-125a-5p:0.552; mir-520c-3p:0.546
1717,mir-3151-3p,MIMAT0027026,CCUGAUCCCACAGCCCACCU,nao,0.343032,0.662458,0.674267,,kmer:CUGA:0.0002; kmer:AUCC:0.0002; kmer:CAGC:0.0002; kmer:UCCC:0.0002; kmer:UGA:0.0002; kmer:AUCCC:0.0001; kmer:AUC:0.0001; kmer:ACAG:0.0001; kmer:CCUGA:0.0001; kmer:CUGAU:0.0001,mir-125a-5p:0.573; mir-145-5p:0.557; mir-125b-5p:0.521
1718,mir-6876-5p,MIMAT0027652,CAGGAAGGAGACAGGCAGUUCA,nao,0.342649,0.662455,0.674252,,kmer:GU:0.0014; kmer:AA:0.0004; kmer:GUU:0.0003; kmer:GCA:0.0002; kmer:AGU:0.0002; kmer:GCAG:0.0002; kmer:AGUU:0.0002; kmer:CAGUU:0.0002; kmer:CAGU:0.0001; kmer:CAGG:0.0001,mir-24-3p:0.763; mir-6875-5p:0.742; mir-17-5p:0.487
1719,mir-6819-3p,MIMAT0027539,AAGCCUCUGUCCCCACCCCAG,nao,0.342266,0.662448,0.674223,,kmer:GU:0.0016; kmer:UGU:0.0008; kmer:AA:0.0005; kmer:ACCC:0.0003; kmer:UGUC:0.0003; kmer:UCCC:0.0002; kmer:CAG:0.0000; kmer:CUGU:0.0000; kmer:ACC:0.0000; kmer:ACCCC:0.0000,mir-145-5p:0.601; mir-223-3p:0.536; mir-125a-5p:0.534
1720,mir-645,MIMAT0003315,UCUAGGCUGGUACUGCUGA,nao,0.341884,0.662444,0.674205,,kmer:GU:0.0017; kmer:UA:0.0017; kmer:UAG:0.0007; kmer:GUA:0.0004; kmer:GGUA:0.0004; kmer:CUGA:0.0003; kmer:UGCU:0.0002; kmer:UGA:0.0002; kmer:UAGG:0.0001; kmer:ACUG:0.0000,mir-31-5p:0.552; mir-6861-5p:0.529; mir-34a-5p:0.528
1721,mir-3916,MIMAT0018190,AAGAGGAAGAAAUGGCUGGUUCUCAG,nao,0.341501,0.662443,0.674202,,kmer:AA:0.0014; kmer:GU:0.0012; kmer:AAU:0.0005; kmer:AAA:0.0003; kmer:GUU:0.0003; kmer:AAAU:0.0002; kmer:AAUG:0.0002; kmer:GGUU:0.0001; kmer:AGGAA:0.0001; kmer:UGGUU:0.0001,mir-24-3p:0.574; mir-31-5p:0.538; mir-206:0.525
1722,mir-4785,MIMAT0019949,AGAGUCGGCGACGCCGCCAGC,nao,0.341118,0.662442,0.674193,,kmer:GU:0.0020; kmer:AGU:0.0003; kmer:UCG:0.0003; kmer:CG:0.0003; kmer:CAGC:0.0002; kmer:CGA:0.0002; kmer:CGGC:0.0002; kmer:UCGG:0.0001; kmer:CCG:0.0001; kmer:GUCG:0.0001,mir-4634:0.625; mir-1307-3p:0.528; mir-16-5p:0.411
1723,mir-4659b-3p,MIMAT0019734,UUUCUUCUUAGACAUGGCAGCU,nao,0.340735,0.662437,0.674175,,kmer:UA:0.0007; kmer:UAG:0.0006; kmer:CUUA:0.0004; kmer:GCA:0.0002; kmer:GCAGC:0.0002; kmer:UUA:0.0002; kmer:GCAG:0.0002; kmer:CAGC:0.0002; kmer:UCUUA:0.0001; kmer:UGGC:0.0001,mir-34a-5p:0.543; mir-520c-3p:0.528; mir-31-5p:0.508
1724,mir-128-2-5p,MIMAT0031095,GGGGGCCGAUACACUGUACGAGA,nao,0.340352,0.662437,0.674173,,kmer:GU:0.0015; kmer:UA:0.0014; kmer:UGU:0.0008; kmer:GUA:0.0003; kmer:CGA:0.0003; kmer:CGAU:0.0002; kmer:CCGA:0.0001; kmer:CG:0.0001; kmer:ACGA:0.0001; kmer:CCG:0.0001,mir-4634:0.516; mir-200a-3p:0.507; mir-6861-5p:0.506
1725,mir-3156-5p,MIMAT0015030,AAAGAUCUGGAAGUGGGAGACA,nao,0.339969,0.662430,0.674142,,kmer:GU:0.0014; kmer:AA:0.0012; kmer:GUG:0.0006; kmer:AAA:0.0004; kmer:AAGUG:0.0003; kmer:AGUG:0.0003; kmer:AGU:0.0002; kmer:AAGU:0.0002; kmer:GAAGU:0.0001; kmer:AUC:0.0001,mir-206:0.597; mir-6875-5p:0.555; mir-1-3p:0.524
1726,mir-3605-5p,MIMAT0017981,UGAGGAUGGAUAGCAAGGAAGCC,nao,0.339587,0.662430,0.674142,,kmer:AA:0.0008; kmer:UA:0.0007; kmer:UAG:0.0006; kmer:UAGC:0.0003; kmer:AGCA:0.0003; kmer:GCA:0.0002; kmer:UAGCA:0.0002; kmer:AUAG:0.0002; kmer:UGA:0.0001; kmer:AGGAA:0.0001,mir-6875-5p:0.612; mir-31-5p:0.574; mir-1246:0.556
1727,mir-4641,MIMAT0019701,UGCCCAUGCCAUACUUUUGCCUCA,nao,0.339204,0.662415,0.674074,,kmer:UA:0.0007; kmer:UUG:0.0002; kmer:AUGC:0.0002; kmer:CAUGC:0.0000,mir-92a-3p:0.528; mir-223-3p:0.434; mir-19b-3p:0.421
1728,mir-6852-3p,MIMAT0027605,UGUCCUCUGUUCCUCAG,nao,0.338821,0.662413,0.674066,,kmer:GU:0.0041; kmer:UGU:0.0022; kmer:GUU:0.0005; kmer:UGUC:0.0003; kmer:UGUUC:0.0001; kmer:CAG:0.0001; kmer:CUGU:0.0001; kmer:GUC:0.0000,mir-205-5p:0.616; mir-139-5p:0.500; mir-25-3p:0.488
1729,mir-4320,MIMAT0016871,GGGAUUCUGUAGCUUCCU,nao,0.338438,0.662408,0.674043,,kmer:GU:0.0018; kmer:UGU:0.0009; kmer:UA:0.0009; kmer:UAG:0.0007; kmer:GUAG:0.0006; kmer:UAGC:0.0004; kmer:GUA:0.0004; kmer:UAGCU:0.0003; kmer:GCUU:0.0002; kmer:AGCUU:0.0001,mir-205-5p:0.568; mir-520c-3p:0.536; mir-373-3p:0.491
1730,mir-4750-3p,MIMAT0022979,CCUGACCCACCCCCUCCCGCAG,nao,0.338055,0.662403,0.674020,,kmer:ACCC:0.0005; kmer:GCA:0.0003; kmer:GCAG:0.0002; kmer:CUGA:0.0002; kmer:GACCC:0.0002; kmer:UCCC:0.0002; kmer:UGA:0.0002; kmer:CCCU:0.0002; kmer:UCCCG:0.0001; kmer:CCCG:0.0001,mir-125a-5p:0.653; mir-125b-5p:0.599; mir-145-5p:0.523
1731,mir-3937,MIMAT0018352,ACAGGCGGCUGUAGCAAUGGGGG,nao,0.337672,0.662401,0.674014,,kmer:GU:0.0013; kmer:UGU:0.0007; kmer:UA:0.0007; kmer:UAG:0.0006; kmer:AAU:0.0005; kmer:GUAG:0.0004; kmer:AA:0.0004; kmer:UAGC:0.0003; kmer:GUA:0.0003; kmer:AGCA:0.0003,mir-6861-5p:0.692; mir-31-5p:0.572; mir-4634:0.533
1732,mir-6826-5p,MIMAT0027552,UCAAUAGGAAAGAGGUGGGACCU,nao,0.337289,0.662400,0.674008,,kmer:GU:0.0014; kmer:AA:0.0013; kmer:UA:0.0007; kmer:GUG:0.0006; kmer:UAG:0.0006; kmer:AAU:0.0005; kmer:AAA:0.0004; kmer:AGGU:0.0002; kmer:AAUA:0.0002; kmer:AUAG:0.0002,mir-6875-5p:0.626; mir-6861-5p:0.570; mir-206:0.535
1733,mir-887-3p,MIMAT0004951,GUGAACGGGCGCCAUCCCGAGG,nao,0.336907,0.662397,0.673995,,kmer:GU:0.0018; kmer:GUG:0.0008; kmer:AA:0.0005; kmer:AUCC:0.0002; kmer:UCCC:0.0002; kmer:CGA:0.0002; kmer:UGA:0.0002; kmer:CG:0.0002; kmer:AAC:0.0001; kmer:UCCCG:0.0001,mir-4634:0.668; mir-99a-5p:0.504; mir-191-5p:0.485
1734,mir-4640-3p,MIMAT0019700,CACCCCCUGUUUCCUGGCCCAC,nao,0.336524,0.662396,0.673991,,kmer:GU:0.0014; kmer:UGU:0.0008; kmer:GUU:0.0003; kmer:ACCC:0.0002; kmer:CCCU:0.0001; kmer:CCCUG:0.0001; kmer:CCUGU:0.0001; kmer:UGGC:0.0000; kmer:CUGU:0.0000; kmer:UUUCC:0.0000,mir-125a-5p:0.645; mir-145-5p:0.559; mir-125b-5p:0.549
1735,mir-3688-3p,MIMAT0018116,UAUGGAAAGACUUUGCCACUCU,nao,0.336141,0.662390,0.673962,,kmer:AA:0.0009; kmer:UA:0.0008; kmer:AAA:0.0004; kmer:UUG:0.0002; kmer:AAAG:0.0001; kmer:UAU:0.0001; kmer:AGAC:0.0000; kmer:AGACU:0.0000; kmer:CACUC:0.0000,mir-21-5p:0.490; mir-25-3p:0.473; mir-520c-3p:0.466
1736,mir-6815-5p,MIMAT0027530,UAGGUGGCGCCGGAGGAGUCAUU,nao,0.335758,0.662388,0.673953,,kmer:GU:0.0029; kmer:UA:0.0007; kmer:GUG:0.0007; kmer:UAG:0.0006; kmer:AGU:0.0002; kmer:AGGU:0.0002; kmer:UAGGU:0.0001; kmer:UGGCG:0.0001; kmer:CG:0.0001; kmer:CAUU:0.0001,mir-6875-5p:0.552; mir-6861-5p:0.547; let-7b-5p:0.507
1737,mir-6508-3p,MIMAT0025473,UGGGCCAUGCAUUUCUAGAACU,nao,0.335375,0.662376,0.673899,,kmer:UA:0.0007; kmer:UAG:0.0006; kmer:AA:0.0004; kmer:UGCA:0.0003; kmer:GCA:0.0003; kmer:AUGC:0.0002; kmer:AAC:0.0001; kmer:CAUU:0.0001; kmer:UAGAA:0.0001; kmer:AUGCA:0.0001,mir-31-5p:0.533; mir-181b-5p:0.496; mir-19b-3p:0.487
1738,mir-572,MIMAT0003237,GUCCGCUCGGCGGUGGCCCA,nao,0.334992,0.662371,0.673877,,kmer:GU:0.0034; kmer:GUG:0.0008; kmer:UCG:0.0003; kmer:CGGC:0.0002; kmer:CG:0.0002; kmer:UCGG:0.0001; kmer:CCG:0.0001; kmer:CUCGG:0.0001; kmer:CGGCG:0.0001; kmer:UGGC:0.0001,mir-1307-3p:0.686; mir-4634:0.682; mir-6861-5p:0.489
1739,mir-1255b-2-3p,MIMAT0022725,AACCACUUUCUUUGCUCAUCCA,nao,0.334609,0.662368,0.673864,,kmer:AA:0.0005; kmer:UUG:0.0002; kmer:UGCU:0.0002; kmer:AUCC:0.0002; kmer:AAC:0.0001; kmer:AACC:0.0001; kmer:AUC:0.0001; kmer:UCCA:0.0001; kmer:CACUU:0.0001; kmer:AUCCA:0.0000,mir-205-5p:0.585; mir-25-3p:0.506; mir-145-5p:0.487
1740,mir-6746-3p,MIMAT0027393,CAGCCGCCGCCUGUCUCCACAG,nao,0.334227,0.662364,0.673847,,kmer:GU:0.0016; kmer:UGU:0.0008; kmer:UGUC:0.0003; kmer:CAGC:0.0002; kmer:CCG:0.0002; kmer:UGUCU:0.0001; kmer:CCUGU:0.0001; kmer:ACAG:0.0001; kmer:CG:0.0001; kmer:UCCA:0.0001,mir-139-5p:0.562; mir-92a-3p:0.517; mir-205-5p:0.505
1741,mir-4753-5p,MIMAT0019890,CAAGGCCAAAGGAAGAGAACAG,nao,0.333844,0.662362,0.673839,,kmer:AA:0.0024; kmer:AAA:0.0004; kmer:CAAA:0.0003; kmer:AAC:0.0001; kmer:AGGAA:0.0001; kmer:ACAG:0.0001; kmer:AAAG:0.0001; kmer:AGAAC:0.0001; kmer:CAAAG:0.0000; kmer:CAG:0.0000,mir-191-5p:0.614; mir-6875-5p:0.562; mir-24-3p:0.540
1742,mir-6752-3p,MIMAT0027405,UCCCUGCCCCCAUACUCCCAG,nao,0.333461,0.662361,0.673833,,kmer:UA:0.0007; kmer:UCCC:0.0003; kmer:CCCU:0.0001; kmer:UCCCU:0.0001; kmer:CCCUG:0.0001; kmer:UCCCA:0.0001; kmer:CAG:0.0000; kmer:ACUCC:0.0000; kmer:CCCAG:0.0000,mir-145-5p:0.611; mir-125a-5p:0.543; mir-125b-5p:0.512
1743,mir-302c-5p,MIMAT0000716,UUUAACAUGGGGGUACCUGCUG,nao,0.333078,0.662356,0.673813,,kmer:GU:0.0016; kmer:UA:0.0015; kmer:AA:0.0005; kmer:GUA:0.0004; kmer:GGUA:0.0003; kmer:UAA:0.0003; kmer:UUA:0.0003; kmer:UGCU:0.0002; kmer:UAAC:0.0002; kmer:UACC:0.0001,mir-6861-5p:0.623; mir-181b-5p:0.563; mir-373-3p:0.536
1744,mir-4776-3p,MIMAT0019933,CUUGCCAUCCUGGUCCACUGCAU,nao,0.332695,0.662352,0.673794,,kmer:GU:0.0015; kmer:UGCA:0.0003; kmer:GCA:0.0003; kmer:UUG:0.0002; kmer:AUCC:0.0002; kmer:AUC:0.0001; kmer:UCCA:0.0001; kmer:GUCCA:0.0001; kmer:ACUG:0.0000; kmer:CUUG:0.0000,mir-92a-3p:0.602; mir-205-5p:0.564; mir-25-3p:0.562
1745,mir-4717-3p,MIMAT0019830,ACACAUGGGUGGCUGUGGCCU,nao,0.332312,0.662346,0.673765,,kmer:GU:0.0029; kmer:GUG:0.0013; kmer:UGU:0.0008; kmer:UGUG:0.0004; kmer:UGGC:0.0001; kmer:CUGU:0.0000; kmer:UGUGG:0.0000; kmer:GCUGU:0.0000; kmer:GGU:0.0000; kmer:CUGUG:0.0000,mir-6861-5p:0.619; mir-181b-5p:0.596; mir-210-3p:0.535
1746,mir-525-3p,MIMAT0002839,GAAGGCGCUUCCCUUUAGAGCG,nao,0.331930,0.662338,0.673730,,kmer:UA:0.0008; kmer:UAG:0.0007; kmer:AA:0.0005; kmer:UUA:0.0003; kmer:UCCC:0.0002; kmer:CCCU:0.0002; kmer:UCCCU:0.0002; kmer:GCUU:0.0002; kmer:CG:0.0001; kmer:UUCCC:0.0000,mir-520c-3p:0.679; mir-125a-5p:0.486; mir-145-5p:0.459
1747,let-7e-3p,MIMAT0004485,CUAUACGGCCUCCUAGCUUUCC,sim,0.331547,0.662336,0.673720,hsa-let-7e,kmer:UA:0.0022; kmer:UAG:0.0006; kmer:UAGC:0.0004; kmer:UAGCU:0.0002; kmer:CGGC:0.0002; kmer:GCUU:0.0001; kmer:CGGCC:0.0001; kmer:AGCUU:0.0001; kmer:UAU:0.0001; kmer:CG:0.0000,mir-205-5p:0.482; mir-92a-3p:0.476; mir-520c-3p:0.465
1748,mir-4731-5p,MIMAT0019853,UGCUGGGGGCCACAUGAGUGUG,nao,0.331164,0.662334,0.673714,,kmer:GU:0.0029; kmer:GUG:0.0013; kmer:UGU:0.0008; kmer:UGUG:0.0004; kmer:AGUG:0.0003; kmer:AGU:0.0002; kmer:UGCU:0.0002; kmer:UGA:0.0001; kmer:GUGUG:0.0001; kmer:GUGU:0.0001,mir-6861-5p:0.609; mir-210-3p:0.572; mir-206:0.549
1749,mir-6807-3p,MIMAT0027515,CACUGCAUUCCUGCUUGGCCCAG,nao,0.330781,0.662324,0.673670,,kmer:UGCA:0.0003; kmer:GCA:0.0002; kmer:UGCUU:0.0002; kmer:UUG:0.0002; kmer:UGCU:0.0002; kmer:UUGGC:0.0001; kmer:GCUU:0.0001; kmer:CAUU:0.0001; kmer:UGGC:0.0000; kmer:CAUUC:0.0000,mir-92a-3p:0.599; mir-205-5p:0.541; mir-31-5p:0.513
1750,mir-6825-5p,MIMAT0027550,UGGGGAGGUGUGGAGUCAGCAU,nao,0.330398,0.662312,0.673616,,kmer:GU:0.0043; kmer:GUG:0.0013; kmer:UGU:0.0008; kmer:UGUG:0.0004; kmer:AGCA:0.0003; kmer:CAGCA:0.0003; kmer:GCA:0.0002; kmer:AGU:0.0002; kmer:AGGU:0.0002; kmer:CAGC:0.0002,mir-6861-5p:0.637; mir-206:0.607; let-7b-5p:0.588
1751,mir-6857-3p,MIMAT0027615,UGACUGAGCUUCUCCCCACAG,nao,0.330015,0.662312,0.673614,,kmer:UGA:0.0003; kmer:ACUGA:0.0002; kmer:CUGA:0.0002; kmer:UCCC:0.0002; kmer:GCUU:0.0001; kmer:ACAG:0.0001; kmer:CUGAG:0.0001; kmer:AGCUU:0.0001; kmer:CAG:0.0000; kmer:ACUG:0.0000,mir-125b-5p:0.573; mir-125a-5p:0.566; mir-205-5p:0.519
1752,mir-3189-3p,MIMAT0015071,CCCUUGGGUCUGAUGGGGUAG,nao,0.329632,0.662311,0.673608,,kmer:GU:0.0028; kmer:UA:0.0007; kmer:UAG:0.0006; kmer:GUAG:0.0005; kmer:GGUAG:0.0004; kmer:GUA:0.0003; kmer:GGUA:0.0003; kmer:CUGA:0.0002; kmer:UUG:0.0002; kmer:UGA:0.0001,mir-6861-5p:0.703; mir-373-3p:0.546; mir-181b-5p:0.491
1753,mir-9500,MIMAT0035542,AAGGGAAGAUGGUGACCAC,nao,0.329250,0.662306,0.673589,,kmer:GU:0.0019; kmer:AA:0.0011; kmer:GUG:0.0008; kmer:UGA:0.0002; kmer:GACC:0.0001; kmer:ACC:0.0000; kmer:GUGA:0.0000; kmer:GUGAC:0.0000; kmer:GGU:0.0000,mir-6875-5p:0.606; mir-206:0.562; mir-6861-5p:0.478
1754,mir-708-5p,MIMAT0004926,AAGGAGCUUACAAUCUAGCUGGG,nao,0.328867,0.662297,0.673549,,kmer:UA:0.0014; kmer:AA:0.0008; kmer:UAG:0.0006; kmer:AAU:0.0005; kmer:UAGC:0.0003; kmer:CUUA:0.0003; kmer:AAUC:0.0003; kmer:GCUUA:0.0003; kmer:UUA:0.0002; kmer:UAGCU:0.0002,mir-31-5p:0.611; mir-191-5p:0.506; mir-6861-5p:0.489
1755,mir-337-3p,MIMAT0000754,CUCCUAUAUGAUGCCUUUCUUC,nao,0.328484,0.662296,0.673542,,kmer:UA:0.0015; kmer:AUGC:0.0002; kmer:UGA:0.0002; kmer:UAU:0.0001; kmer:UGAUG:0.0000; kmer:CCUA:0.0000; kmer:AUAU:0.0000,mir-205-5p:0.521; mir-365a-3p:0.491; mir-125a-5p:0.467
1756,mir-12121,MIMAT0049015,CUGCCACGAGCGUGCGGGCCU,nao,0.328101,0.662295,0.673541,,kmer:GU:0.0017; kmer:GUG:0.0008; kmer:GUGC:0.0007; kmer:CGU:0.0005; kmer:CGUG:0.0004; kmer:CGA:0.0002; kmer:CG:0.0002; kmer:CACG:0.0001; kmer:GCGUG:0.0001; kmer:GCGU:0.0001,mir-210-3p:0.601; mir-4634:0.581; mir-1307-3p:0.507
1757,mir-6721-5p,MIMAT0025852,UGGGCAGGGGCUUAUUGUAGGAG,nao,0.327718,0.662291,0.673522,,kmer:GU:0.0013; kmer:UA:0.0013; kmer:UGU:0.0007; kmer:UAG:0.0005; kmer:UUGU:0.0005; kmer:GUAG:0.0004; kmer:GUA:0.0003; kmer:CUUA:0.0003; kmer:GCUUA:0.0003; kmer:GCA:0.0002,mir-6861-5p:0.691; mir-1246:0.520; mir-6875-5p:0.511
1758,mir-4721,MIMAT0019835,UGAGGGCUCCAGGUGACGGUGG,nao,0.327335,0.662278,0.673462,,kmer:GU:0.0028; kmer:GUG:0.0012; kmer:UGA:0.0003; kmer:AGGU:0.0002; kmer:CAGGU:0.0002; kmer:UCCAG:0.0001; kmer:UCCA:0.0001; kmer:CCAGG:0.0001; kmer:CAGG:0.0001; kmer:CG:0.0000,mir-6861-5p:0.754; mir-6875-5p:0.586; let-7b-5p:0.530
1759,mir-5006-3p,MIMAT0021034,UUUCCCUUUCCAUCCUGGCAG,nao,0.326953,0.662273,0.673439,,kmer:GCA:0.0002; kmer:GCAG:0.0002; kmer:AUCC:0.0002; kmer:UCCC:0.0002; kmer:CCCU:0.0001; kmer:UCCCU:0.0001; kmer:AUC:0.0001; kmer:UCCA:0.0001; kmer:UUUCC:0.0001; kmer:UGGC:0.0000,mir-145-5p:0.686; mir-205-5p:0.619; mir-125a-5p:0.514
1760,mir-2116-3p,MIMAT0011161,CCUCCCAUGCCAAGAACUCCC,nao,0.326570,0.662270,0.673426,,kmer:AA:0.0009; kmer:UCCC:0.0003; kmer:AUGC:0.0002; kmer:AAC:0.0001; kmer:AGAAC:0.0001; kmer:UCCCA:0.0001; kmer:AACU:0.0000; kmer:CAUGC:0.0000; kmer:ACUCC:0.0000,mir-145-5p:0.558; mir-191-5p:0.495; mir-125a-5p:0.494
1761,mir-378c,MIMAT0016847,ACUGGACUUGGAGUCAGAAGAGUGG,nao,0.326187,0.662266,0.673410,,kmer:GU:0.0026; kmer:GUG:0.0006; kmer:AGU:0.0004; kmer:AA:0.0004; kmer:AGUG:0.0002; kmer:ACUUG:0.0002; kmer:UUG:0.0002; kmer:CAGAA:0.0001; kmer:CAG:0.0000; kmer:ACUG:0.0000,mir-6875-5p:0.544; mir-206:0.529; mir-1246:0.494
1762,mir-1298-3p,MIMAT0026641,CAUCUGGGCAACUGACUGAAC,nao,0.325804,0.662264,0.673399,,kmer:AA:0.0009; kmer:ACUGA:0.0005; kmer:CUGA:0.0005; kmer:UGA:0.0003; kmer:AAC:0.0003; kmer:GCA:0.0003; kmer:AUC:0.0001; kmer:GCAA:0.0001; kmer:ACUG:0.0001; kmer:AACU:0.0000,mir-19a-3p:0.568; mir-19b-3p:0.536; mir-200a-3p:0.519
1763,mir-4269,MIMAT0016897,GCAGGCACAGACAGCCCUGGC,nao,0.325421,0.662260,0.673383,,kmer:GCA:0.0005; kmer:GCAG:0.0002; kmer:GCAC:0.0002; kmer:GCAGG:0.0002; kmer:ACAG:0.0002; kmer:CAGC:0.0002; kmer:CCCU:0.0001; kmer:CCCUG:0.0001; kmer:GCACA:0.0001; kmer:CAG:0.0001,mir-24-3p:0.635; mir-195-5p:0.619; mir-31-5p:0.561
1764,mir-3126-5p,MIMAT0014989,UGAGGGACAGAUGCCAGAAGCA,nao,0.325038,0.662260,0.673382,,kmer:AA:0.0004; kmer:AGCA:0.0003; kmer:GCA:0.0002; seed:GAGGGAC:0.0002; kmer:AUGC:0.0002; kmer:UGA:0.0001; kmer:ACAG:0.0001; kmer:CAG:0.0001; kmer:ACAGA:0.0001; kmer:CAGAA:0.0001,mir-6875-5p:0.731; mir-195-5p:0.556; mir-24-3p:0.539
1765,mir-6776-5p,MIMAT0027452,UCUGGGUGCAGUGGGGGUU,nao,0.324655,0.662257,0.673370,,kmer:GU:0.0046; kmer:GUG:0.0014; kmer:GUGC:0.0006; kmer:GUGCA:0.0004; kmer:GUU:0.0004; kmer:AGUG:0.0003; kmer:UGCA:0.0003; kmer:GCA:0.0003; kmer:AGU:0.0002; kmer:GCAG:0.0002,mir-6861-5p:0.751; mir-373-3p:0.604; mir-181b-5p:0.553
1766,mir-675-5p,MIMAT0004284,UGGUGCGGAGAGGGCCCACAGUG,nao,0.324273,0.662256,0.673366,,kmer:GU:0.0028; kmer:GUG:0.0013; kmer:GUGC:0.0006; kmer:AGUG:0.0003; kmer:AGU:0.0002; kmer:CAGU:0.0001; kmer:ACAG:0.0001; kmer:CAGUG:0.0001; kmer:ACAGU:0.0001; kmer:GUGCG:0.0001,mir-6875-5p:0.625; mir-6861-5p:0.554; mir-210-3p:0.515
1767,mir-3188,MIMAT0015070,AGAGGCUUUGUGCGGAUACGGGG,nao,0.323890,0.662256,0.673362,,kmer:GU:0.0015; kmer:UGU:0.0008; kmer:UA:0.0007; kmer:GUG:0.0007; kmer:GUGC:0.0006; kmer:UUGU:0.0005; kmer:UGUG:0.0004; kmer:UUGUG:0.0003; kmer:UUG:0.0002; kmer:UUUGU:0.0002,mir-373-3p:0.581; mir-6861-5p:0.550; mir-4634:0.535
1768,mir-1180-5p,MIMAT0026735,GGACCCACCCGGCCGGGAAUA,nao,0.323507,0.662254,0.673357,,kmer:UA:0.0008; kmer:AAU:0.0006; kmer:ACCC:0.0006; kmer:AA:0.0005; kmer:GAAU:0.0003; kmer:GGAAU:0.0002; kmer:GACCC:0.0002; kmer:AAUA:0.0002; kmer:CCGG:0.0002; kmer:CGGC:0.0002,mir-4634:0.726; mir-6875-5p:0.496; mir-92a-3p:0.421
1769,mir-3675-5p,MIMAT0018098,UAUGGGGCUUCUGUAGAGAUUUC,nao,0.323124,0.662251,0.673342,,kmer:GU:0.0014; kmer:UA:0.0014; kmer:UGU:0.0007; kmer:UAG:0.0006; kmer:GUAG:0.0005; kmer:GUA:0.0003; kmer:GCUU:0.0001; kmer:GUAGA:0.0001; kmer:UAU:0.0001; kmer:GAUUU:0.0000,mir-373-3p:0.622; mir-520c-3p:0.563; mir-6861-5p:0.510
1770,mir-3691-3p,MIMAT0019224,ACCAAGUCUGCGUCAUCCUCUC,nao,0.322741,0.662234,0.673267,,kmer:GU:0.0034; kmer:CGU:0.0005; kmer:AA:0.0005; kmer:AGU:0.0003; kmer:AAGU:0.0003; kmer:AUCC:0.0002; kmer:GCGU:0.0001; kmer:AUC:0.0001; kmer:UGCGU:0.0001; kmer:GUCUG:0.0001,mir-205-5p:0.652; mir-139-5p:0.573; mir-25-3p:0.557
1771,mir-3610,MIMAT0017987,GAAUCGGAAAGGAGGCGCCG,nao,0.322358,0.662232,0.673257,,kmer:AA:0.0016; kmer:AAU:0.0007; kmer:AAA:0.0005; kmer:AAUC:0.0004; kmer:GAAU:0.0003; kmer:UCG:0.0003; kmer:GAAUC:0.0002; kmer:CG:0.0002; kmer:AAUCG:0.0001; kmer:AUC:0.0001,mir-191-5p:0.539; mir-4634:0.519; mir-6875-5p:0.507
1772,mir-7107-3p,MIMAT0028112,UGGUCUGUUCAUUCUCUCUUUUUGGCC,nao,0.321975,0.662231,0.673250,,kmer:GU:0.0022; kmer:UGU:0.0006; kmer:GUU:0.0003; kmer:UUG:0.0002; kmer:UUGGC:0.0001; kmer:CAUU:0.0001; kmer:GUCUG:0.0000; kmer:GUCU:0.0000; kmer:UGGC:0.0000; kmer:CAUUC:0.0000,mir-25-3p:0.604; mir-205-5p:0.586; mir-181b-5p:0.530
1773,mir-1238-3p,MIMAT0005593,CUUCCUCGUCUGUCUGCCCC,nao,0.321593,0.662227,0.673234,,kmer:GU:0.0034; kmer:UGU:0.0009; kmer:CGU:0.0005; kmer:UGUC:0.0003; kmer:UCGU:0.0003; kmer:UCG:0.0003; kmer:GUCUG:0.0001; kmer:UGUCU:0.0001; kmer:GUCU:0.0001; kmer:CG:0.0001,mir-205-5p:0.632; mir-25-3p:0.577; mir-92a-3p:0.505
1774,mir-6890-3p,MIMAT0027681,CCACUGCCUAUGCCCCACAG,nao,0.321210,0.662223,0.673216,,kmer:UA:0.0009; kmer:AUGC:0.0002; kmer:ACAG:0.0001; kmer:UAU:0.0001; kmer:CAG:0.0000; kmer:ACUG:0.0000; kmer:CCUA:0.0000; kmer:CACAG:0.0000,mir-92a-3p:0.498; mir-365a-3p:0.454; mir-125a-5p:0.448
1775,mir-4299,MIMAT0016851,GCUGGUGACAUGAGAGGC,nao,0.320827,0.662217,0.673191,,kmer:GU:0.0018; kmer:GUG:0.0008; kmer:UGA:0.0004; kmer:UGACA:0.0001; kmer:UGAGA:0.0001; kmer:GUGA:0.0000; kmer:GUGAC:0.0000; kmer:CUGGU:0.0000; kmer:GGU:0.0000,mir-210-3p:0.576; mir-6875-5p:0.548; mir-31-5p:0.548
1776,mir-584-3p,MIMAT0022708,UCAGUUCCAGGCCAACCAGGCU,nao,0.320444,0.662209,0.673155,,kmer:GU:0.0015; kmer:AA:0.0004; kmer:GUU:0.0004; kmer:AGU:0.0002; kmer:AGUU:0.0002; kmer:CAGUU:0.0002; kmer:CCAGG:0.0002; kmer:CAGU:0.0002; kmer:CAGG:0.0002; kmer:AAC:0.0001,mir-24-3p:0.681; mir-145-5p:0.619; mir-6875-5p:0.479
1777,mir-6514-3p,MIMAT0025485,CUGCCUGUUCUUCCACUCCAG,nao,0.320061,0.662209,0.673152,,kmer:GU:0.0015; kmer:UGU:0.0008; kmer:GUU:0.0003; kmer:UCCA:0.0002; kmer:CCUGU:0.0001; kmer:UCCAG:0.0001; kmer:UGUUC:0.0000; kmer:CAG:0.0000; kmer:CUGU:0.0000; kmer:ACUCC:0.0000,mir-205-5p:0.633; mir-145-5p:0.534; mir-92a-3p:0.532
1778,mir-647,MIMAT0003317,GUGGCUGCACUCACUUCCUUC,nao,0.319678,0.662206,0.673140,,kmer:GU:0.0015; kmer:GUG:0.0007; kmer:UGCA:0.0003; kmer:GCA:0.0002; kmer:GCAC:0.0002; kmer:UGCAC:0.0001; kmer:CACUU:0.0001; kmer:GCACU:0.0001; kmer:UGGC:0.0000; kmer:UCCUU:0.0000,mir-205-5p:0.569; mir-25-3p:0.556; mir-92a-3p:0.529
1779,mir-1307-5p,MIMAT0022727,UCGACCGGACCUCGACCGGCU,nao,0.319296,0.662204,0.673132,,kmer:ACCG:0.0005; kmer:UCG:0.0005; kmer:CGA:0.0003; kmer:ACCGG:0.0002; kmer:GACC:0.0002; kmer:CG:0.0002; kmer:CCGG:0.0002; kmer:CGGC:0.0002; kmer:CCG:0.0002; kmer:CCGGC:0.0001,mir-4634:0.667; mir-205-5p:0.455; mir-125a-5p:0.403
1780,mir-5690,MIMAT0022482,UCAGCUACUACCUCUAUUAGG,nao,0.318913,0.662203,0.673126,,kmer:UA:0.0036; kmer:UAG:0.0008; kmer:UUA:0.0003; kmer:CAGC:0.0002; kmer:UACC:0.0002; kmer:UAUU:0.0002; kmer:UAU:0.0001; kmer:UAGG:0.0001; kmer:CAG:0.0000; kmer:ACC:0.0000,mir-21-5p:0.414; mir-139-5p:0.404; mir-451a:0.403
1781,mir-7856-5p,MIMAT0030431,UUUUAAGGACACUGAGGGAUC,nao,0.318530,0.662197,0.673099,,kmer:UA:0.0007; kmer:AA:0.0004; kmer:UAA:0.0003; kmer:UUA:0.0002; kmer:ACUGA:0.0002; kmer:CUGA:0.0002; kmer:UGA:0.0002; kmer:AUC:0.0001; kmer:CUGAG:0.0001; kmer:UUAA:0.0001,mir-6875-5p:0.622; mir-1246:0.573; mir-520c-3p:0.517
1782,mir-1301-3p,MIMAT0005797,UUGCAGCUGCCUGGGAGUGACUUC,nao,0.318147,0.662186,0.673049,,kmer:GU:0.0013; kmer:GUG:0.0006; kmer:AGUG:0.0003; kmer:UGCA:0.0002; kmer:GCA:0.0002; kmer:GCAGC:0.0002; kmer:AGU:0.0002; kmer:GCAG:0.0002; kmer:UUG:0.0002; kmer:CAGC:0.0001,mir-34a-5p:0.570; mir-210-3p:0.569; mir-92a-3p:0.531
1783,mir-1286,MIMAT0005877,UGCAGGACCAAGAUGAGCCCU,nao,0.317764,0.662183,0.673036,,kmer:AA:0.0005; kmer:UGCA:0.0003; kmer:GCA:0.0003; kmer:GCAG:0.0003; kmer:GCAGG:0.0002; kmer:UGA:0.0002; kmer:CCCU:0.0002; kmer:CAGGA:0.0002; kmer:UGCAG:0.0001; kmer:CAGG:0.0001,mir-6875-5p:0.666; mir-31-5p:0.546; mir-125a-5p:0.519
1784,mir-6866-5p,MIMAT0027632,UUAGAGGCUGGAAUAGAGAUUCU,nao,0.317381,0.662182,0.673031,,kmer:UA:0.0014; kmer:UAG:0.0012; kmer:AAU:0.0005; kmer:AA:0.0004; kmer:UUA:0.0002; kmer:GAAU:0.0002; kmer:GGAAU:0.0002; kmer:AAUA:0.0002; kmer:AUAG:0.0002,mir-31-5p:0.542; mir-520c-3p:0.512; mir-1246:0.486
1785,mir-4481,MIMAT0019015,GGAGUGGGCUGGUGGUU,nao,0.316998,0.662181,0.673029,,kmer:GU:0.0054; kmer:GUG:0.0016; kmer:GUU:0.0004; kmer:AGUG:0.0003; kmer:AGU:0.0003; kmer:GGUU:0.0001; kmer:UGGUU:0.0001; kmer:GUGGU:0.0001; kmer:GGU:0.0000; kmer:CUGGU:0.0000,mir-6861-5p:0.683; mir-34a-5p:0.612; let-7b-5p:0.599
1786,mir-4446-3p,MIMAT0018965,CAGGGCUGGCAGUGACAUGGGU,nao,0.316616,0.662181,0.673029,,kmer:GU:0.0028; kmer:GUG:0.0006; kmer:AGUG:0.0003; kmer:GCA:0.0002; kmer:AGU:0.0002; kmer:GCAG:0.0002; kmer:CAGU:0.0001; kmer:UGA:0.0001; kmer:UGACA:0.0001; kmer:CAGUG:0.0001,mir-6861-5p:0.684; mir-34a-5p:0.595; mir-31-5p:0.592
1787,mir-6068,MIMAT0023693,CCUGCGAGUCUCCGGCGGUGG,nao,0.316233,0.662180,0.673023,,kmer:GU:0.0033; kmer:GUG:0.0007; kmer:AGU:0.0003; kmer:CGA:0.0002; kmer:CGGC:0.0002; kmer:CG:0.0002; kmer:CCGGC:0.0001; kmer:CCGG:0.0001; kmer:CCG:0.0001; kmer:CGGCG:0.0001,mir-4634:0.637; mir-1307-3p:0.628; mir-210-3p:0.505
1788,mir-3922-5p,MIMAT0019227,UCAAGGCCAGAGGUCCCACAGCA,nao,0.315850,0.662171,0.672983,,kmer:GU:0.0014; kmer:AA:0.0004; kmer:AGCA:0.0003; kmer:CAGCA:0.0003; kmer:GCA:0.0002; kmer:AGGU:0.0002; kmer:CAGC:0.0002; kmer:UCCC:0.0002; kmer:ACAG:0.0001; kmer:CAG:0.0001,mir-24-3p:0.626; mir-191-5p:0.545; mir-6875-5p:0.541
1789,mir-6828-3p,MIMAT0027557,AUCUGCUCUCUUGUUCCCAG,nao,0.315467,0.662170,0.672977,,kmer:GU:0.0016; kmer:UGU:0.0008; kmer:UUGU:0.0006; kmer:GUU:0.0004; kmer:CUUGU:0.0003; kmer:UUG:0.0002; kmer:UGCU:0.0002; kmer:UCCC:0.0002; kmer:AUC:0.0001; kmer:UCCCA:0.0001,mir-25-3p:0.570; mir-205-5p:0.561; mir-145-5p:0.519
1790,mir-3173-5p,MIMAT0019214,UGCCCUGCCUGUUUUCUCCUUU,nao,0.315084,0.662166,0.672961,,kmer:GU:0.0014; kmer:UGU:0.0007; kmer:GUU:0.0003; kmer:CCCU:0.0001; kmer:CCCUG:0.0001; kmer:CCUGU:0.0001; kmer:UUUUC:0.0001; kmer:UCCUU:0.0000; kmer:CUGU:0.0000; kmer:GUUUU:0.0000,mir-125a-5p:0.621; mir-92a-3p:0.554; mir-520c-3p:0.523
1791,mir-6878-5p,MIMAT0027656,AGGGAGAAAGCUAGAAGCUGAAG,nao,0.314701,0.662164,0.672955,,kmer:AA:0.0017; kmer:UA:0.0007; kmer:UAG:0.0006; kmer:AAA:0.0004; kmer:CUGA:0.0002; kmer:UGA:0.0001; kmer:UAGAA:0.0001; kmer:AGAAA:0.0001; kmer:AAAG:0.0001,mir-191-5p:0.518; mir-31-5p:0.518; mir-6875-5p:0.476
1792,mir-371a-5p,MIMAT0004687,ACUCAAACUGUGGGGGCACU,sim,0.314319,0.662162,0.672943,hsa-mir-371a,kmer:GU:0.0015; kmer:AA:0.0009; kmer:UGU:0.0008; kmer:GUG:0.0007; kmer:UGUG:0.0004; kmer:AAA:0.0004; kmer:CAAA:0.0003; kmer:GCA:0.0002; kmer:GCAC:0.0002; kmer:AAC:0.0001,mir-6861-5p:0.606; mir-200a-3p:0.472; mir-19a-3p:0.467
1793,mir-4667-3p,MIMAT0019744,UCCCUCCUUCUGUCCCCACAG,nao,0.313936,0.662155,0.672912,,kmer:GU:0.0015; kmer:UGU:0.0008; kmer:UCCC:0.0003; kmer:UGUC:0.0002; kmer:CCCU:0.0001; kmer:UCCCU:0.0001; kmer:ACAG:0.0001; kmer:UCCUU:0.0000; kmer:CAG:0.0000; kmer:CUGU:0.0000,mir-145-5p:0.648; mir-205-5p:0.646; mir-125a-5p:0.581
1794,mir-4740-3p,MIMAT0019870,GCCCGAGAGGAUCCGUCCCUGC,nao,0.313553,0.662144,0.672864,,kmer:GU:0.0016; kmer:CGU:0.0005; kmer:AUCC:0.0002; kmer:UCCC:0.0002; kmer:CGA:0.0002; kmer:CCCU:0.0002; kmer:UCCCU:0.0002; kmer:CCG:0.0002; kmer:CCCUG:0.0001; kmer:CCGU:0.0001,mir-99a-5p:0.609; mir-125a-5p:0.562; mir-145-5p:0.545
1795,mir-3200-3p,MIMAT0015085,CACCUUGCGCUACUCAGGUCUG,nao,0.313170,0.662135,0.672822,,kmer:GU:0.0016; kmer:UA:0.0008; kmer:AGGU:0.0002; kmer:UUG:0.0002; kmer:CAGGU:0.0002; kmer:CAGG:0.0001; kmer:GUCUG:0.0001; kmer:GUCU:0.0001; kmer:CG:0.0001; kmer:CAG:0.0000,mir-25-3p:0.626; mir-205-5p:0.523; mir-139-5p:0.510
1796,mir-5002-3p,MIMAT0021024,UGACUGCCUCACUGACCACUU,nao,0.312787,0.662132,0.672807,,kmer:UGA:0.0003; kmer:ACUGA:0.0003; kmer:CUGA:0.0002; kmer:CACUU:0.0001; kmer:ACUG:0.0001; kmer:GACC:0.0001; kmer:ACC:0.0000; kmer:GACUG:0.0000; kmer:UCACU:0.0000,mir-125b-5p:0.537; mir-425-5p:0.529; mir-125a-5p:0.521
1797,mir-151a-5p,MIMAT0004697,UCGAGGAGCUCACAGUCUAGU,nao,0.312404,0.662129,0.672796,,kmer:GU:0.0034; kmer:UA:0.0008; kmer:UAG:0.0007; kmer:AGU:0.0006; kmer:UCG:0.0003; kmer:CAGU:0.0002; kmer:CGA:0.0002; kmer:ACAG:0.0001; kmer:UAGU:0.0001; kmer:ACAGU:0.0001,mir-24-3p:0.599; mir-139-5p:0.584; mir-6875-5p:0.501
1798,mir-449b-3p,MIMAT0009203,CAGCCACAACUACCCUGCCACU,nao,0.312021,0.662129,0.672794,,kmer:UA:0.0009; kmer:AA:0.0005; kmer:ACCC:0.0003; kmer:ACCCU:0.0003; kmer:UACCC:0.0002; kmer:CAGC:0.0002; kmer:CCCU:0.0002; kmer:CCCUG:0.0002; kmer:UACC:0.0002; kmer:AAC:0.0001,mir-125b-5p:0.497; mir-125a-5p:0.494; mir-191-5p:0.465
1799,mir-210-5p,MIMAT0026475,AGCCCCUGCCCACCGCACACUG,nao,0.311639,0.662125,0.672777,,kmer:GCA:0.0003; kmer:ACCG:0.0003; kmer:GCAC:0.0002; kmer:CCCU:0.0002; kmer:CCCUG:0.0002; kmer:GCACA:0.0001; kmer:CCG:0.0001; kmer:CG:0.0001; kmer:ACUG:0.0000; kmer:ACACU:0.0000,mir-125a-5p:0.516; mir-92a-3p:0.511; mir-125b-5p:0.476
1800,mir-668-5p,MIMAT0026636,UGCGCCUCGGGUGAGCAUG,nao,0.311256,0.662118,0.672746,,kmer:GU:0.0020; kmer:GUG:0.0009; kmer:AGCA:0.0005; kmer:GCA:0.0003; kmer:UCG:0.0003; kmer:UGA:0.0002; kmer:CG:0.0001; kmer:UCGG:0.0001; kmer:CUCGG:0.0001; kmer:GUGA:0.0000,mir-210-3p:0.560; mir-1307-3p:0.530; mir-181b-5p:0.506
1801,mir-4653-5p,MIMAT0019718,UCUCUGAGCAAGGCUUAACACC,nao,0.310873,0.662115,0.672734,,kmer:AA:0.0009; kmer:UA:0.0008; kmer:CUUA:0.0004; kmer:AGCA:0.0004; kmer:GCUUA:0.0003; kmer:UAA:0.0003; kmer:GCA:0.0003; kmer:UUA:0.0003; kmer:CUGA:0.0002; kmer:UAAC:0.0002,mir-31-5p:0.507; mir-191-5p:0.498; mir-24-3p:0.495
1802,mir-6529-5p,MIMAT0048637,GAGAGAUCAGAGGCGCAGAGUG,nao,0.310490,0.662115,0.672732,,kmer:GU:0.0016; kmer:GUG:0.0007; kmer:AGUG:0.0003; kmer:GCA:0.0003; kmer:AGU:0.0003; kmer:GCAG:0.0003; kmer:AUC:0.0001; kmer:CAG:0.0001; kmer:AUCAG:0.0001; kmer:CG:0.0001,mir-6875-5p:0.571; mir-24-3p:0.500; mir-31-5p:0.444
1803,mir-3125,MIMAT0014988,UAGAGGAAGCUGUGGAGAGA,nao,0.310107,0.662114,0.672729,,kmer:GU:0.0016; kmer:UGU:0.0008; kmer:UA:0.0008; kmer:GUG:0.0007; kmer:UAG:0.0007; kmer:AA:0.0005; kmer:UGUG:0.0005; kmer:AGGAA:0.0001; kmer:CUGU:0.0000; kmer:UGUGG:0.0000,mir-6875-5p:0.620; mir-206:0.535; mir-31-5p:0.460
1804,mir-8078,MIMAT0031005,GGUCUAGGCCCGGUGAGAGACUC,nao,0.309724,0.662109,0.672707,,kmer:GU:0.0028; kmer:UA:0.0007; kmer:GUG:0.0006; kmer:UAG:0.0006; kmer:UGA:0.0001; kmer:CCCG:0.0001; kmer:GAGAC:0.0001; kmer:CCCGG:0.0001; kmer:CCGG:0.0001; kmer:CCG:0.0001,mir-6875-5p:0.527; mir-125b-5p:0.500; mir-6861-5p:0.488
1805,mir-7515,MIMAT0029310,AGAAGGGAAGAUGGUGAC,nao,0.309342,0.662101,0.672670,,kmer:GU:0.0020; kmer:AA:0.0012; kmer:GUG:0.0009; kmer:UGA:0.0002; kmer:GUGA:0.0000; kmer:GUGAC:0.0000; kmer:GGU:0.0000,mir-206:0.582; mir-6875-5p:0.569; mir-1-3p:0.525
1806,mir-1266-3p,MIMAT0026742,CCCUGUUCUAUGCCCUGAGGGA,nao,0.308959,0.662100,0.672667,,kmer:GU:0.0014; kmer:UGU:0.0007; kmer:UA:0.0007; kmer:GUU:0.0003; kmer:CCCU:0.0003; kmer:CCCUG:0.0003; kmer:CUGA:0.0002; kmer:AUGC:0.0001; kmer:UGA:0.0001; kmer:CCUGU:0.0001,mir-125a-5p:0.688; mir-125b-5p:0.636; mir-92a-3p:0.502
1807,mir-6505-5p,MIMAT0025466,UUGGAAUAGGGGAUAUCUCAGC,nao,0.308576,0.662096,0.672650,,kmer:UA:0.0014; kmer:UAG:0.0006; kmer:AAU:0.0005; kmer:AA:0.0004; kmer:GAAU:0.0002; kmer:GGAAU:0.0002; kmer:UUG:0.0002; kmer:AAUA:0.0002; kmer:CAGC:0.0002; kmer:AUAG:0.0002,mir-155-5p:0.562; mir-1246:0.521; mir-6861-5p:0.498
1808,mir-7974,MIMAT0031177,AGGCUGUGAUGCUCUCCUGAGCCC,nao,0.308193,0.662088,0.672613,,kmer:GU:0.0013; kmer:UGU:0.0007; kmer:GUG:0.0006; kmer:UGUG:0.0004; kmer:UGA:0.0003; kmer:CUGA:0.0002; kmer:UGCU:0.0002; kmer:AUGC:0.0001; kmer:UGUGA:0.0001; kmer:AUGCU:0.0001,mir-125a-5p:0.595; mir-210-3p:0.585; mir-125b-5p:0.568
1809,mir-186-5p,MIMAT0000456,CAAAGAAUUCUCCUUUUGGGCU,nao,0.307810,0.662088,0.672612,,kmer:AA:0.0012; kmer:AAU:0.0005; kmer:AAA:0.0004; kmer:CAAA:0.0002; kmer:GAAU:0.0002; kmer:UUG:0.0002; kmer:GAAUU:0.0001; kmer:AAAG:0.0001; kmer:UCCUU:0.0000; kmer:CAAAG:0.0000,mir-520c-3p:0.633; mir-373-3p:0.555; mir-1246:0.534
1810,mir-6814-5p,MIMAT0027528,UCCCAAGGGUGAGAUGCUGCCA,nao,0.307427,0.662088,0.672612,,kmer:GU:0.0016; kmer:GUG:0.0007; kmer:AA:0.0005; kmer:UGCU:0.0002; kmer:UCCC:0.0002; kmer:AUGC:0.0002; kmer:UGA:0.0002; kmer:AUGCU:0.0001; kmer:UGAGA:0.0001; kmer:UCCCA:0.0001,mir-31-5p:0.584; mir-6875-5p:0.498; mir-191-5p:0.497
1811,mir-6774-5p,MIMAT0027448,ACUUGGGCAGGAGGGACCCUGUAUG,nao,0.307044,0.662085,0.672599,,kmer:GU:0.0012; kmer:UGU:0.0006; kmer:UA:0.0006; kmer:GUA:0.0003; kmer:ACCC:0.0002; kmer:GCA:0.0002; kmer:ACUUG:0.0002; kmer:ACCCU:0.0002; kmer:GCAG:0.0002; kmer:GCAGG:0.0002,mir-6875-5p:0.666; mir-6861-5p:0.609; mir-125b-5p:0.506
1812,mir-4794,MIMAT0019967,UCUGGCUAUCUCACGAGACUGU,nao,0.306662,0.662080,0.672577,,kmer:GU:0.0015; kmer:UGU:0.0008; kmer:UA:0.0007; kmer:CGA:0.0002; kmer:CACG:0.0001; kmer:AUC:0.0001; kmer:GAGAC:0.0001; kmer:ACGA:0.0001; kmer:CACGA:0.0001; kmer:UAU:0.0001,mir-200a-3p:0.540; mir-21-5p:0.512; mir-25-3p:0.503
1813,mir-7161-3p,MIMAT0028233,UAGAUCUUUGACUCUGGCAGUCUCCAGG,nao,0.306279,0.662078,0.672570,,kmer:GU:0.0011; kmer:UA:0.0005; kmer:UAG:0.0005; kmer:GCA:0.0002; kmer:AGU:0.0002; kmer:GCAG:0.0002; kmer:UUG:0.0002; kmer:CAGU:0.0001; kmer:UGA:0.0001; kmer:AUC:0.0001,mir-139-5p:0.571; mir-25-3p:0.560; mir-34a-5p:0.538
1814,mir-6769b-3p,MIMAT0027621,CCCUCUCUGUCCCACCCAUAG,nao,0.305896,0.662076,0.672559,,kmer:GU:0.0017; kmer:UGU:0.0009; kmer:UA:0.0008; kmer:UAG:0.0007; kmer:ACCC:0.0003; kmer:UGUC:0.0003; kmer:AUAG:0.0002; kmer:UCCC:0.0002; kmer:CCCU:0.0002; kmer:UCCCA:0.0001,mir-145-5p:0.576; mir-205-5p:0.560; mir-125a-5p:0.553
1815,mir-6848-3p,MIMAT0027597,GUGGUCUCUUGGCCCCCAG,nao,0.305513,0.662073,0.672544,,kmer:GU:0.0033; kmer:GUG:0.0007; kmer:UUG:0.0002; kmer:UUGGC:0.0002; kmer:GUGGU:0.0001; kmer:GUCU:0.0001; kmer:UGGC:0.0001; kmer:GUCUC:0.0001; kmer:CAG:0.0000; kmer:CUUG:0.0000,mir-145-5p:0.495; mir-34a-5p:0.481; mir-92a-3p:0.471
1816,mir-5000-3p,MIMAT0021020,UCAGGACACUUCUGAACUUGGA,nao,0.305130,0.662064,0.672507,,kmer:AA:0.0004; kmer:ACUUG:0.0002; kmer:CUGA:0.0002; kmer:UUG:0.0002; kmer:UGA:0.0001; kmer:CAGGA:0.0001; kmer:AAC:0.0001; kmer:AACUU:0.0001; kmer:CACUU:0.0001; kmer:CAGG:0.0001,mir-25-3p:0.534; mir-6875-5p:0.516; mir-24-3p:0.499
1817,mir-4676-3p,MIMAT0019759,CACUGUUUCACCACUGGCUCUU,nao,0.304747,0.662064,0.672504,,kmer:GU:0.0015; kmer:UGU:0.0008; kmer:GUU:0.0003; kmer:ACUG:0.0001; kmer:UGGC:0.0000; kmer:CUGU:0.0000; kmer:ACC:0.0000,mir-497-5p:0.543; mir-25-3p:0.504; mir-205-5p:0.494
1818,mir-3199,MIMAT0015084,AGGGACUGCCUUAGGAGAAAGUU,nao,0.304364,0.662057,0.672476,,kmer:GU:0.0014; kmer:AA:0.0008; kmer:UA:0.0007; kmer:UAG:0.0006; kmer:AAA:0.0004; kmer:CUUA:0.0003; kmer:GUU:0.0003; kmer:AGU:0.0002; kmer:UUA:0.0002; kmer:AAGU:0.0002,mir-520c-3p:0.633; mir-6875-5p:0.609; mir-106a-5p:0.482
1819,mir-4259,MIMAT0016880,CAGUUGGGUCUAGGGGUCAGGA,nao,0.303982,0.662054,0.672462,,kmer:GU:0.0041; kmer:UA:0.0007; kmer:UAG:0.0006; kmer:GUU:0.0003; kmer:AGU:0.0002; kmer:AGUU:0.0002; kmer:UUG:0.0002; kmer:GUUG:0.0002; kmer:CAGUU:0.0002; kmer:CAGU:0.0001,mir-6861-5p:0.692; mir-24-3p:0.541; mir-6875-5p:0.510
1820,mir-6843-3p,MIMAT0027588,AUGGUCUCCUGUUCUCUGCAG,nao,0.303599,0.662051,0.672447,,kmer:GU:0.0031; kmer:UGU:0.0008; kmer:GUU:0.0004; kmer:UGCA:0.0003; kmer:GCA:0.0003; kmer:GCAG:0.0002; kmer:CCUGU:0.0001; kmer:UGCAG:0.0001; kmer:GUCU:0.0001; kmer:GUCUC:0.0001,mir-25-3p:0.637; mir-139-5p:0.551; mir-205-5p:0.536
1821,mir-4655-3p,MIMAT0019722,ACCCUCGUCAGGUCCCCGGGG,nao,0.303216,0.662041,0.672402,,kmer:GU:0.0031; kmer:CGU:0.0005; kmer:ACCC:0.0003; kmer:ACCCU:0.0002; kmer:UCGU:0.0002; kmer:UCG:0.0002; kmer:AGGU:0.0002; kmer:CAGGU:0.0002; kmer:UCCC:0.0002; kmer:CCCU:0.0002,mir-4634:0.546; mir-145-5p:0.534; mir-6861-5p:0.501
1822,mir-3928-5p,MIMAT0027037,UGAAGCUCUAAGGUUCCGCCUGC,nao,0.302833,0.662038,0.672388,,kmer:GU:0.0017; kmer:AA:0.0010; kmer:UA:0.0008; kmer:GUU:0.0004; kmer:UAA:0.0003; kmer:AGGU:0.0003; kmer:CUAA:0.0002; kmer:UGA:0.0002; kmer:GGUU:0.0001; kmer:CCG:0.0001,mir-520c-3p:0.501; mir-31-5p:0.489; mir-93-5p:0.479
1823,mir-6762-5p,MIMAT0027424,CGGGGCCAUGGAGCAGCCUGUGU,nao,0.302450,0.662033,0.672366,,kmer:GU:0.0029; kmer:UGU:0.0015; kmer:GUG:0.0006; kmer:UGUG:0.0004; kmer:AGCA:0.0003; kmer:AGCAG:0.0003; kmer:GCA:0.0002; kmer:GCAGC:0.0002; kmer:GCAG:0.0002; kmer:CAGC:0.0002,mir-497-5p:0.555; mir-6861-5p:0.543; mir-210-3p:0.538
1824,mir-6814-3p,MIMAT0027529,ACUCGCAUCCUUCCCUUGGCAG,nao,0.302067,0.662029,0.672351,,kmer:GCA:0.0005; kmer:GCAG:0.0002; kmer:UCG:0.0002; kmer:UUG:0.0002; kmer:AUCC:0.0002; kmer:UCCC:0.0002; kmer:UUGGC:0.0002; kmer:CCCU:0.0001; kmer:UCCCU:0.0001; kmer:AUC:0.0001,mir-205-5p:0.611; mir-145-5p:0.534; mir-92a-3p:0.498
1825,mir-3945,MIMAT0018361,AGGGCAUAGGAGAGGGUUGAUAU,nao,0.301685,0.662029,0.672350,,kmer:GU:0.0014; kmer:UA:0.0014; kmer:UAG:0.0006; kmer:GUU:0.0003; kmer:GCA:0.0002; kmer:UUG:0.0002; kmer:GUUG:0.0002; kmer:GUUGA:0.0002; kmer:AUAG:0.0002; kmer:UGA:0.0001,mir-6875-5p:0.620; mir-155-5p:0.554; let-7a-5p:0.539
1826,mir-3917,MIMAT0018191,GCUCGGACUGAGCAGGUGGG,nao,0.301302,0.662027,0.672342,,kmer:GU:0.0015; kmer:GUG:0.0007; kmer:AGCA:0.0004; kmer:AGCAG:0.0003; kmer:GCA:0.0002; kmer:ACUGA:0.0002; kmer:GCAG:0.0002; kmer:UCG:0.0002; kmer:AGGU:0.0002; kmer:GCAGG:0.0002,mir-6861-5p:0.673; mir-6875-5p:0.529; mir-24-3p:0.518
1827,mir-5705,MIMAT0022499,UGUUUCGGGGCUCAUGGCCUGUG,nao,0.300919,0.662027,0.672340,,kmer:GU:0.0029; kmer:UGU:0.0015; kmer:GUG:0.0006; kmer:UGUG:0.0004; kmer:GUU:0.0003; kmer:UCG:0.0002; kmer:UUCG:0.0002; kmer:CCUGU:0.0001; kmer:UCGG:0.0001; kmer:UGGC:0.0000,mir-181b-5p:0.590; mir-6861-5p:0.568; mir-373-3p:0.564
1828,mir-602,MIMAT0003270,GACACGGGCGACAGCUGCGGCCC,nao,0.300536,0.662027,0.672339,,kmer:CAGC:0.0002; kmer:CGA:0.0001; kmer:CGGC:0.0001; kmer:CG:0.0001; kmer:CACG:0.0001; kmer:ACAG:0.0001; kmer:CGGCC:0.0001; kmer:ACACG:0.0001; kmer:GACAC:0.0000; kmer:CAG:0.0000,mir-4634:0.679; mir-210-3p:0.543; mir-6875-5p:0.439
1829,mir-490-5p,MIMAT0004764,CCAUGGAUCUCCAGGUGGGU,nao,0.300153,0.662026,0.672338,,kmer:GU:0.0029; kmer:GUG:0.0007; kmer:AGGU:0.0002; kmer:CAGGU:0.0002; kmer:AUC:0.0001; kmer:UCCAG:0.0001; kmer:UCCA:0.0001; kmer:CCAGG:0.0001; kmer:CAGG:0.0001; kmer:CAG:0.0000,mir-6861-5p:0.719; mir-181b-5p:0.530; mir-145-5p:0.455
1830,mir-1301-5p,MIMAT0026639,CGCUCUAGGCACCGCAGCA,nao,0.299770,0.662023,0.672324,,kmer:GCA:0.0010; kmer:UA:0.0010; kmer:UAG:0.0009; kmer:AGCA:0.0005; kmer:CAGCA:0.0004; kmer:GCAGC:0.0003; kmer:ACCG:0.0003; kmer:GCAG:0.0003; kmer:GCAC:0.0003; kmer:CAGC:0.0002,mir-31-5p:0.587; mir-195-5p:0.565; mir-24-3p:0.559
1831,mir-4251,MIMAT0016883,CCUGAGAAAAGGGCCAA,nao,0.299387,0.662014,0.672280,,kmer:AA:0.0023; kmer:AAA:0.0010; kmer:CUGA:0.0003; kmer:UGA:0.0002; kmer:CCUGA:0.0001; kmer:CUGAG:0.0001; kmer:UGAGA:0.0001; kmer:AGAAA:0.0001; kmer:AAAG:0.0001; kmer:AAAA:0.0000,mir-191-5p:0.599; mir-19b-3p:0.465; mir-6875-5p:0.461
1832,mir-3162-3p,MIMAT0019213,UCCCUACCCCUCCACUCCCCA,nao,0.299005,0.662012,0.672271,,kmer:UA:0.0007; kmer:UCCC:0.0003; kmer:CCCU:0.0003; kmer:ACCC:0.0002; kmer:UACCC:0.0002; kmer:UCCCU:0.0001; kmer:UACC:0.0001; kmer:CCCUA:0.0001; kmer:UCCA:0.0001; kmer:ACC:0.0000,mir-145-5p:0.577; mir-125a-5p:0.553; mir-125b-5p:0.544
1833,mir-652-5p,MIMAT0022709,CAACCCUAGGAGAGGGUGCCAUUCA,nao,0.298622,0.662002,0.672227,,kmer:GU:0.0013; kmer:UA:0.0006; kmer:GUG:0.0006; kmer:UAG:0.0005; kmer:GUGC:0.0005; kmer:AA:0.0004; kmer:ACCC:0.0002; kmer:ACCCU:0.0002; kmer:CCCU:0.0001; kmer:CCCUA:0.0001,mir-6875-5p:0.637; mir-205-5p:0.526; mir-520c-3p:0.508
1834,mir-6796-5p,MIMAT0027492,UUGUGGGGUUGGAGAGCUGGCUG,nao,0.298239,0.661995,0.672199,,kmer:GU:0.0026; kmer:UGU:0.0007; kmer:GUG:0.0006; kmer:UUGU:0.0005; kmer:UGUG:0.0004; kmer:UUG:0.0004; kmer:GUU:0.0003; kmer:UUGUG:0.0003; kmer:GUUG:0.0002; kmer:GGUU:0.0001,mir-34a-5p:0.646; mir-6861-5p:0.631; mir-373-3p:0.586
1835,mir-541-3p,MIMAT0004920,UGGUGGGCACAGAAUCUGGACU,nao,0.297856,0.661994,0.672192,,kmer:GU:0.0014; kmer:GUG:0.0006; kmer:AAU:0.0005; kmer:AA:0.0004; kmer:AAUC:0.0003; kmer:GCA:0.0002; kmer:GAAU:0.0002; kmer:GCAC:0.0002; kmer:GAAUC:0.0001; kmer:GCACA:0.0001,mir-6861-5p:0.614; mir-181b-5p:0.497; mir-497-5p:0.483
1836,mir-151a-3p,MIMAT0000757,CUAGACUGAAGCUCCUUGAGG,nao,0.297473,0.661986,0.672157,,kmer:UA:0.0008; kmer:UAG:0.0006; kmer:AA:0.0005; kmer:UGA:0.0003; kmer:ACUGA:0.0002; kmer:CUGA:0.0002; kmer:UUG:0.0002; kmer:UCCUU:0.0000; kmer:ACUG:0.0000; kmer:AGAC:0.0000,mir-21-5p:0.604; mir-125b-5p:0.573; mir-125a-5p:0.540
1837,mir-6511a-5p,MIMAT0025478,CAGGCAGAAGUGGGGCUGACAGG,nao,0.297090,0.661985,0.672150,,kmer:GU:0.0013; kmer:GUG:0.0006; kmer:AA:0.0004; kmer:AAGUG:0.0003; kmer:AGUG:0.0002; kmer:GCA:0.0002; kmer:AGU:0.0002; kmer:GCAG:0.0002; kmer:AAGU:0.0002; kmer:CUGA:0.0002,mir-6861-5p:0.645; mir-24-3p:0.627; mir-6875-5p:0.610
1838,mir-6895-3p,MIMAT0027691,UGUCUCUCGCCCUUGGCCUUAG,nao,0.296708,0.661981,0.672133,,kmer:GU:0.0015; kmer:UGU:0.0008; kmer:UA:0.0007; kmer:UAG:0.0006; kmer:CUUA:0.0003; kmer:UGUC:0.0002; kmer:UUA:0.0002; kmer:UCG:0.0002; kmer:UUG:0.0002; kmer:UUGGC:0.0002,mir-25-3p:0.555; mir-92a-3p:0.538; mir-34a-5p:0.497
1839,mir-6081,MIMAT0023706,AGGAGCAGUGCCGGCCAAGGCGCC,nao,0.296325,0.661976,0.672112,,kmer:GU:0.0015; kmer:GUG:0.0007; kmer:GUGC:0.0006; kmer:AGUGC:0.0005; kmer:AA:0.0004; kmer:AGCA:0.0004; kmer:AGCAG:0.0003; kmer:AGUG:0.0003; kmer:GCA:0.0002; kmer:AGU:0.0002,mir-4634:0.593; mir-31-5p:0.537; mir-24-3p:0.517
1840,mir-502-3p,MIMAT0004775,AAUGCACCUGGGCAAGGAUUCA,nao,0.295942,0.661967,0.672072,,kmer:AA:0.0009; kmer:AAU:0.0006; kmer:GCA:0.0005; kmer:UGCA:0.0003; kmer:GCAC:0.0002; kmer:AAUG:0.0002; kmer:AUGC:0.0002; kmer:UGCAC:0.0001; kmer:AAUGC:0.0001; kmer:GCAA:0.0001,mir-31-5p:0.617; mir-1246:0.520; mir-19b-3p:0.517
1841,mir-8069,MIMAT0030996,GGAUGGUUGGGGGCGGUCGGCGU,nao,0.295559,0.661966,0.672069,,kmer:GU:0.0041; kmer:CGU:0.0004; kmer:GUU:0.0003; kmer:UCG:0.0002; kmer:UUG:0.0002; kmer:GUUG:0.0002; kmer:CGGC:0.0001; kmer:CG:0.0001; kmer:GGUU:0.0001; kmer:UGGUU:0.0001,mir-1307-3p:0.656; mir-4634:0.634; mir-6861-5p:0.628
1842,mir-3191-3p,MIMAT0015075,UGGGGACGUAGCUGGCCAGACAG,nao,0.295176,0.661964,0.672059,,kmer:GU:0.0014; kmer:UA:0.0007; kmer:UAG:0.0006; kmer:GUAG:0.0005; kmer:CGU:0.0004; kmer:UAGC:0.0003; kmer:GUA:0.0003; kmer:UAGCU:0.0002; kmer:ACAG:0.0001; kmer:CGUA:0.0001,mir-6861-5p:0.632; mir-6875-5p:0.586; mir-31-5p:0.550
1843,mir-6895-5p,MIMAT0027690,CAGGGCCAGGCACAGAGUAAG,nao,0.294793,0.661961,0.672047,,kmer:GU:0.0016; kmer:UA:0.0008; kmer:AA:0.0005; kmer:GUA:0.0004; kmer:UAA:0.0003; kmer:GCA:0.0003; kmer:AGU:0.0003; kmer:GCAC:0.0002; kmer:CAGG:0.0002; kmer:GCACA:0.0001,mir-24-3p:0.641; mir-6875-5p:0.610; mir-195-5p:0.569
1844,mir-5691,MIMAT0022483,UUGCUCUGAGCUCCGAGAAAGC,nao,0.294410,0.661960,0.672039,,kmer:AA:0.0009; kmer:AAA:0.0004; kmer:CUGA:0.0002; kmer:UUG:0.0002; kmer:UGCU:0.0002; kmer:CGA:0.0002; kmer:UGA:0.0002; kmer:CCGA:0.0001; kmer:CUGAG:0.0001; kmer:CCG:0.0001,mir-31-5p:0.490; mir-191-5p:0.470; mir-520c-3p:0.450
1845,mir-6884-3p,MIMAT0027669,CCCAUCACCUUUCCGUCUCCCCU,nao,0.294028,0.661958,0.672034,,kmer:GU:0.0014; kmer:CGU:0.0005; kmer:UCCC:0.0002; kmer:CCCU:0.0001; kmer:CCGU:0.0001; kmer:AUC:0.0001; kmer:CCG:0.0001; kmer:GUCU:0.0001; kmer:GUCUC:0.0000; kmer:CG:0.0000,mir-205-5p:0.657; mir-145-5p:0.652; mir-125a-5p:0.566
1846,mir-4768-3p,MIMAT0019921,CCAGGAGAUCCAGAGAGAAU,nao,0.293645,0.661954,0.672014,,kmer:AAU:0.0006; kmer:AA:0.0005; kmer:GAAU:0.0003; kmer:AUCC:0.0002; kmer:CAGGA:0.0002; kmer:AUC:0.0001; kmer:UCCAG:0.0001; kmer:UCCA:0.0001; kmer:CCAGG:0.0001; kmer:CAGG:0.0001,mir-6875-5p:0.677; mir-145-5p:0.467; mir-24-3p:0.418
1847,mir-5572,MIMAT0022260,GUUGGGGUGCAGGGGUCUGCU,nao,0.293262,0.661952,0.672006,,kmer:GU:0.0042; kmer:GUG:0.0006; kmer:GUGC:0.0006; kmer:GUGCA:0.0003; kmer:GUU:0.0003; kmer:UGCA:0.0003; kmer:GCA:0.0002; kmer:GCAG:0.0002; kmer:GCAGG:0.0002; kmer:UUG:0.0002,mir-6861-5p:0.716; mir-373-3p:0.604; mir-181b-5p:0.547
1848,mir-1247-3p,MIMAT0022721,CCCCGGGAACGUCGAGACUGGAGC,nao,0.292879,0.661949,0.671993,,kmer:GU:0.0014; kmer:CGU:0.0005; kmer:AA:0.0004; kmer:UCG:0.0002; kmer:CGA:0.0001; kmer:CG:0.0001; kmer:AAC:0.0001; kmer:CCCG:0.0001; kmer:GAGAC:0.0001; kmer:CCCGG:0.0001,mir-6875-5p:0.572; mir-4634:0.555; mir-125b-5p:0.471
1849,mir-6788-3p,MIMAT0027477,UUCGCCACUUCCCUCCCUGCAG,nao,0.292496,0.661946,0.671980,,kmer:UCCC:0.0003; kmer:CCCU:0.0003; kmer:UCCCU:0.0003; kmer:UGCA:0.0003; kmer:GCA:0.0003; kmer:GCAG:0.0002; kmer:UCG:0.0002; kmer:UUCG:0.0002; kmer:CCCUG:0.0001; kmer:UGCAG:0.0001,mir-145-5p:0.611; mir-205-5p:0.591; mir-125a-5p:0.579
1850,mir-4701-5p,MIMAT0019798,UUGGCCACCACACCUACCCCUU,nao,0.292113,0.661944,0.671970,,kmer:UA:0.0008; kmer:ACCC:0.0003; kmer:UUG:0.0002; kmer:UACCC:0.0002; kmer:UUGGC:0.0002; kmer:CCCU:0.0002; kmer:UACC:0.0001; kmer:ACC:0.0001; kmer:UGGC:0.0001; kmer:ACCCC:0.0000,mir-125a-5p:0.546; mir-125b-5p:0.500; mir-92a-3p:0.459
1851,mir-6886-5p,MIMAT0027672,CCCGCAGGUGAGAUGAGGGCU,nao,0.291730,0.661943,0.671963,,kmer:GU:0.0016; kmer:GUG:0.0007; kmer:UGA:0.0003; kmer:GCA:0.0003; kmer:GCAG:0.0002; kmer:AGGU:0.0002; kmer:GCAGG:0.0002; kmer:CAGGU:0.0002; kmer:CCCG:0.0001; kmer:CAGG:0.0001,mir-6875-5p:0.650; mir-31-5p:0.522; mir-6861-5p:0.511
1852,mir-6744-5p,MIMAT0027389,UGGAUGACAGUGGAGGCCU,nao,0.291348,0.661937,0.671936,,kmer:GU:0.0016; kmer:GUG:0.0007; kmer:AGUG:0.0003; kmer:AGU:0.0003; kmer:CAGU:0.0002; kmer:UGA:0.0002; kmer:UGACA:0.0001; kmer:ACAG:0.0001; kmer:CAGUG:0.0001; kmer:ACAGU:0.0001,mir-6875-5p:0.612; mir-1246:0.535; mir-206:0.507
1853,mir-6865-3p,MIMAT0027631,ACACCCUCUUUCCCUACCGCC,nao,0.290965,0.661936,0.671932,,kmer:UA:0.0008; kmer:CCCU:0.0003; kmer:ACCC:0.0003; kmer:ACCCU:0.0003; kmer:ACCG:0.0003; kmer:UCCC:0.0002; kmer:UCCCU:0.0002; kmer:UACC:0.0002; kmer:CCCUA:0.0001; kmer:CCG:0.0001,mir-125a-5p:0.627; mir-125b-5p:0.581; mir-205-5p:0.550
1854,mir-549a-3p,MIMAT0003333,UGACAACUAUGGAUGAGCUCU,nao,0.290582,0.661933,0.671918,,kmer:UA:0.0009; kmer:AA:0.0005; kmer:UGA:0.0004; kmer:AAC:0.0001; kmer:UGACA:0.0001; kmer:UAU:0.0001; kmer:AACU:0.0001; kmer:UGGAU:0.0000,mir-21-5p:0.561; mir-425-5p:0.509; mir-19a-3p:0.485
1855,mir-129-5p,MIMAT0000242,CUUUUUGCGGUCUGGGCUUGC,sim,0.290199,0.661925,0.671886,hsa-mir-129-1; hsa-mir-129-2,kmer:GU:0.0015; kmer:UUG:0.0004; kmer:GCUU:0.0001; kmer:CGGUC:0.0001; kmer:GUCUG:0.0001; kmer:GUCU:0.0001; kmer:CG:0.0000; kmer:CGGU:0.0000; kmer:CUUG:0.0000; kmer:GUC:0.0000,mir-373-3p:0.610; mir-25-3p:0.564; mir-520c-3p:0.542
1856,mir-6812-3p,MIMAT0027525,CCGCUCUUCCCCUGACCCCAG,nao,0.289816,0.661924,0.671879,,kmer:ACCC:0.0003; kmer:CUGA:0.0002; kmer:GACCC:0.0002; kmer:UCCC:0.0002; kmer:UGA:0.0002; kmer:CCCU:0.0002; kmer:CCCUG:0.0001; kmer:CCUGA:0.0001; kmer:CCG:0.0001; kmer:GACC:0.0001,mir-125a-5p:0.663; mir-125b-5p:0.618; mir-145-5p:0.588
1857,mir-4633-3p,MIMAT0019690,AGGAGCUAGCCAGGCAUAUGCA,nao,0.289433,0.661922,0.671871,,kmer:UA:0.0016; kmer:UAG:0.0007; kmer:GCA:0.0005; kmer:UAGC:0.0004; kmer:UGCA:0.0003; kmer:AUGC:0.0002; kmer:CCAGG:0.0001; kmer:CAGG:0.0001; kmer:AUGCA:0.0001; kmer:UAU:0.0001,mir-31-5p:0.728; mir-195-5p:0.591; mir-24-3p:0.544
1858,mir-11181-5p,MIMAT0043996,GUCUGACCAACCUCCUCCCGC,nao,0.289051,0.661919,0.671859,,kmer:GU:0.0017; kmer:AA:0.0005; kmer:CUGA:0.0002; kmer:UCCC:0.0002; kmer:UGA:0.0002; kmer:AAC:0.0001; kmer:AACC:0.0001; kmer:UCCCG:0.0001; kmer:CCCG:0.0001; kmer:CCG:0.0001,mir-125a-5p:0.619; mir-205-5p:0.601; mir-125b-5p:0.567
1859,mir-6126,MIMAT0024599,GUGAAGGCCCGGCGGAGA,nao,0.288668,0.661917,0.671847,,kmer:GU:0.0019; kmer:GUG:0.0008; kmer:AA:0.0006; kmer:UGA:0.0002; kmer:CGGC:0.0002; kmer:CCCG:0.0001; kmer:CCGGC:0.0001; kmer:CG:0.0001; kmer:CCCGG:0.0001; kmer:CCGG:0.0001,mir-4634:0.709; mir-6875-5p:0.528; mir-210-3p:0.435
1860,mir-6772-5p,MIMAT0027444,UGGGUGUAGGCUGGAGCUGAGG,nao,0.288285,0.661907,0.671802,,kmer:GU:0.0027; kmer:UGU:0.0007; kmer:UA:0.0007; kmer:GUG:0.0006; kmer:UAG:0.0006; kmer:GUAG:0.0004; kmer:GUA:0.0003; kmer:CUGA:0.0002; kmer:UGA:0.0001; kmer:GUAGG:0.0001,mir-6861-5p:0.693; let-7b-5p:0.583; mir-34a-5p:0.580
1861,mir-330-5p,MIMAT0004693,UCUCUGGGCCUGUGUCUUAGGC,nao,0.287902,0.661906,0.671799,,kmer:GU:0.0027; kmer:UGU:0.0014; kmer:UA:0.0007; kmer:GUG:0.0006; kmer:UAG:0.0006; kmer:UGUG:0.0004; kmer:CUUA:0.0003; kmer:UGUC:0.0002; kmer:UUA:0.0002; kmer:UGUCU:0.0001,mir-34a-5p:0.653; mir-25-3p:0.537; mir-6861-5p:0.529
1862,mir-4722-3p,MIMAT0019837,ACCUGCCAGCACCUCCCUGCAG,nao,0.287519,0.661902,0.671782,,kmer:GCA:0.0005; kmer:AGCA:0.0004; kmer:UGCA:0.0003; kmer:CAGCA:0.0003; kmer:GCAG:0.0002; kmer:GCAC:0.0002; kmer:AGCAC:0.0002; kmer:CAGC:0.0002; kmer:UCCC:0.0002; kmer:CCCU:0.0002,mir-125a-5p:0.582; mir-125b-5p:0.512; mir-92a-3p:0.505
1863,mir-339-5p,MIMAT0000764,UCCCUGUCCUCCAGGAGCUCACG,nao,0.287136,0.661898,0.671764,,kmer:GU:0.0013; kmer:UGU:0.0007; kmer:UGUC:0.0002; kmer:UCCC:0.0001; kmer:CCCU:0.0001; kmer:UCCCU:0.0001; kmer:CAGGA:0.0001; kmer:CCCUG:0.0001; kmer:CACG:0.0001; kmer:CCUGU:0.0001,mir-145-5p:0.632; mir-205-5p:0.618; mir-125a-5p:0.537
1864,mir-3190-5p,MIMAT0015073,UCUGGCCAGCUACGUCCCCA,nao,0.286753,0.661894,0.671747,,kmer:GU:0.0018; kmer:UA:0.0009; kmer:CGU:0.0006; kmer:CAGC:0.0002; kmer:UCCC:0.0002; kmer:UGGC:0.0001; kmer:CG:0.0001; kmer:ACGU:0.0001; kmer:CAG:0.0000; kmer:GUC:0.0000,mir-145-5p:0.549; mir-139-5p:0.496; mir-205-5p:0.494
1865,mir-1197,MIMAT0005955,UAGGACACAUGGUCUACUUCU,nao,0.286371,0.661894,0.671744,,kmer:GU:0.0017; kmer:UA:0.0017; kmer:UAG:0.0007; kmer:GUCU:0.0001; kmer:UAGG:0.0001; kmer:GACAC:0.0000; kmer:GUC:0.0000; kmer:GGU:0.0000,mir-25-3p:0.520; mir-200a-3p:0.504; mir-205-5p:0.476
1866,mir-4512,MIMAT0019049,CAGGGCCUCACUGUAUCGCCCA,nao,0.285988,0.661890,0.671726,,kmer:GU:0.0015; kmer:UGU:0.0008; kmer:UA:0.0007; kmer:GUA:0.0004; kmer:UCG:0.0002; kmer:AUC:0.0001; kmer:CAGG:0.0001; kmer:UAU:0.0001; kmer:AUCG:0.0001; kmer:CG:0.0000,mir-92a-3p:0.526; mir-6861-5p:0.470; mir-205-5p:0.453
1867,mir-6809-5p,MIMAT0027518,UGGCAAGGAAAGAAGAGGAUCA,nao,0.285605,0.661889,0.671724,,kmer:AA:0.0018; kmer:AAA:0.0004; kmer:GCA:0.0003; kmer:AGGAA:0.0001; kmer:AUC:0.0001; kmer:GCAA:0.0001; kmer:AAAG:0.0001; kmer:UGGC:0.0001; kmer:GAUCA:0.0000; kmer:UGGCA:0.0000,mir-6875-5p:0.566; mir-31-5p:0.540; mir-191-5p:0.524
1868,let-7i-3p,MIMAT0004585,CUGCGCAAGCUACUGCCUUGCU,sim,0.285222,0.661887,0.671715,hsa-let-7i,kmer:UA:0.0009; kmer:AA:0.0005; kmer:GCA:0.0003; kmer:UUG:0.0002; kmer:UGCU:0.0002; kmer:GCAA:0.0001; kmer:CG:0.0001; kmer:ACUG:0.0000; kmer:CUUG:0.0000; kmer:UACUG:0.0000,mir-31-5p:0.583; mir-92a-3p:0.495; mir-210-3p:0.479
1869,mir-12120,MIMAT0049014,UAAGGAACGCGGGGCCUUGGUAGAGC,nao,0.284839,0.661886,0.671709,,kmer:GU:0.0014; kmer:UA:0.0013; kmer:AA:0.0008; kmer:UAG:0.0006; kmer:GUAG:0.0004; kmer:GGUAG:0.0004; kmer:GUA:0.0003; kmer:GGUA:0.0003; kmer:UAA:0.0003; kmer:UUG:0.0002,mir-6861-5p:0.595; mir-4634:0.550; mir-520c-3p:0.503
1870,mir-6881-3p,MIMAT0027663,AUCCUCUUUCGUCCUUCCCACU,nao,0.284456,0.661882,0.671692,,kmer:GU:0.0015; kmer:CGU:0.0005; kmer:UCGU:0.0002; kmer:UCG:0.0002; kmer:AUCC:0.0002; kmer:UUCG:0.0002; kmer:UCCC:0.0002; kmer:UUCGU:0.0001; kmer:AUC:0.0001; kmer:UCCCA:0.0001,mir-205-5p:0.700; mir-145-5p:0.625; mir-125a-5p:0.475
1871,mir-6076,MIMAT0023701,AGCAUGACAGAGGAGAGGUGG,nao,0.284074,0.661879,0.671680,,kmer:GU:0.0015; kmer:GUG:0.0007; kmer:AGCA:0.0004; kmer:GCA:0.0003; kmer:AGGU:0.0002; kmer:UGA:0.0002; kmer:UGACA:0.0001; kmer:ACAG:0.0001; kmer:ACAGA:0.0001; kmer:AUGAC:0.0001,mir-6875-5p:0.728; mir-24-3p:0.502; mir-1246:0.475
1872,mir-6762-3p,MIMAT0027425,UGGCUGCUUCCCUUGGUCUCCAG,nao,0.283691,0.661879,0.671679,,kmer:GU:0.0013; kmer:UGCUU:0.0002; kmer:UUG:0.0002; kmer:UGCU:0.0002; kmer:UCCC:0.0001; kmer:CCCU:0.0001; kmer:UCCCU:0.0001; kmer:GCUU:0.0001; kmer:UCCAG:0.0001; kmer:UCCA:0.0001,mir-205-5p:0.574; mir-25-3p:0.533; mir-145-5p:0.524
1873,mir-484,MIMAT0002174,UCAGGCUCAGUCCCCUCCCGAU,nao,0.283308,0.661874,0.671655,,kmer:GU:0.0015; kmer:UCCC:0.0003; kmer:AGU:0.0002; kmer:CGAU:0.0002; kmer:CAGU:0.0002; kmer:CGA:0.0002; kmer:CCCU:0.0001; kmer:UCCCG:0.0001; kmer:CCGA:0.0001; kmer:CCCG:0.0001,mir-145-5p:0.621; mir-205-5p:0.531; mir-24-3p:0.513
1874,mir-4444,MIMAT0018962,CUCGAGUUGGAAGAGGCG,nao,0.282925,0.661858,0.671586,,kmer:GU:0.0020; kmer:AA:0.0006; kmer:GUU:0.0005; kmer:AGU:0.0003; kmer:UCG:0.0003; kmer:AGUU:0.0003; kmer:UUG:0.0003; kmer:GUUG:0.0003; kmer:CGA:0.0002; kmer:CG:0.0001,mir-382-5p:0.511; mir-6875-5p:0.507; mir-373-3p:0.464
1875,mir-4313,MIMAT0016865,AGCCCCCUGGCCCCAAACCC,nao,0.282542,0.661856,0.671578,,kmer:AA:0.0010; kmer:AAA:0.0004; kmer:CAAA:0.0003; kmer:ACCC:0.0003; kmer:CCCU:0.0002; kmer:CCCUG:0.0002; kmer:AAC:0.0001; kmer:AACC:0.0001; kmer:UGGC:0.0001; kmer:AAACC:0.0000,mir-125a-5p:0.533; mir-365a-3p:0.504; mir-125b-5p:0.478
1876,mir-423-3p,MIMAT0001340,AGCUCGGUCUGAGGCCCCUCAGU,nao,0.282159,0.661852,0.671557,,kmer:GU:0.0026; kmer:AGU:0.0002; kmer:UCG:0.0002; kmer:CUGA:0.0002; kmer:CAGU:0.0001; kmer:UCGGU:0.0001; kmer:UGA:0.0001; kmer:CCCU:0.0001; kmer:CGGUC:0.0001; kmer:UCGG:0.0001,mir-25-3p:0.535; mir-205-5p:0.505; mir-24-3p:0.501
1877,mir-491-5p,MIMAT0002807,AGUGGGGAACCCUUCCAUGAGG,nao,0.281776,0.661842,0.671512,,kmer:GU:0.0014; kmer:GUG:0.0006; kmer:AA:0.0004; kmer:AGUG:0.0003; kmer:ACCC:0.0002; kmer:AGU:0.0002; kmer:ACCCU:0.0002; kmer:UGA:0.0001; kmer:CCCU:0.0001; kmer:AAC:0.0001,mir-6861-5p:0.586; mir-6875-5p:0.564; mir-125a-5p:0.525
1878,mir-4713-3p,MIMAT0019821,UGGGAUCCAGACAGUGGGAGAA,nao,0.281394,0.661840,0.671504,,kmer:GU:0.0014; kmer:GUG:0.0006; kmer:AA:0.0004; kmer:AGUG:0.0003; kmer:AGU:0.0002; kmer:AUCC:0.0002; kmer:CAGU:0.0001; kmer:AUC:0.0001; kmer:UCCAG:0.0001; kmer:ACAG:0.0001,mir-6875-5p:0.674; mir-6861-5p:0.558; mir-24-3p:0.491
1879,mir-3911,MIMAT0018185,UGUGUGGAUCCUGGAGGAGGCA,nao,0.281011,0.661832,0.671471,,kmer:GU:0.0029; kmer:UGU:0.0015; kmer:GUG:0.0013; kmer:UGUG:0.0008; kmer:GCA:0.0002; kmer:AUCC:0.0002; kmer:GUGUG:0.0001; kmer:AUC:0.0001; kmer:GUGU:0.0001; kmer:GAUC:0.0000,mir-206:0.656; mir-6875-5p:0.553; let-7b-5p:0.536
1880,mir-30c-1-3p,MIMAT0004674,CUGGGAGAGGGUUGUUUACUCC,nao,0.280628,0.661830,0.671461,,kmer:GU:0.0029; kmer:UGU:0.0007; kmer:UA:0.0007; kmer:GUU:0.0007; kmer:UUGU:0.0005; kmer:UUA:0.0002; kmer:UUG:0.0002; kmer:GUUG:0.0002; kmer:GUUGU:0.0002; kmer:UUAC:0.0001,mir-6861-5p:0.593; mir-520c-3p:0.570; let-7b-5p:0.549
1881,mir-8071,MIMAT0030998,CGGUGGACUGGAGUGGGUGG,nao,0.280245,0.661828,0.671449,,kmer:GU:0.0047; kmer:GUG:0.0021; kmer:AGUG:0.0003; kmer:AGU:0.0003; kmer:CG:0.0001; kmer:ACUG:0.0000; kmer:CGGU:0.0000; kmer:GGU:0.0000; kmer:GACUG:0.0000,mir-6861-5p:0.679; mir-206:0.572; mir-382-5p:0.565
1882,mir-6788-5p,MIMAT0027476,CUGGGAGAAGAGUGGUGAAGA,nao,0.279862,0.661825,0.671436,,kmer:GU:0.0033; kmer:GUG:0.0015; kmer:AA:0.0010; kmer:AGUG:0.0003; kmer:AGU:0.0003; kmer:UGA:0.0002; kmer:GUGGU:0.0001; kmer:GUGA:0.0000; kmer:GGU:0.0000,mir-206:0.592; mir-6875-5p:0.533; mir-373-3p:0.502
1883,mir-1290,MIMAT0005880,UGGAUUUUUGGAUCAGGGA,nao,0.279479,0.661824,0.671434,,kmer:UUG:0.0002; kmer:AUC:0.0001; kmer:CAGG:0.0001; kmer:AUCAG:0.0001; kmer:AUUUU:0.0001; kmer:GAUUU:0.0000; kmer:GAUCA:0.0000; kmer:CAG:0.0000; kmer:GAUC:0.0000; kmer:AUUU:0.0000,mir-1246:0.846; mir-373-3p:0.584; mir-382-5p:0.471
1884,mir-6785-3p,MIMAT0027471,ACAUCGCCCCACCUUCCCCAG,nao,0.279096,0.661819,0.671412,,kmer:UCG:0.0003; kmer:UCCC:0.0002; kmer:AUC:0.0001; kmer:AUCG:0.0001; kmer:CG:0.0001; kmer:CAG:0.0000; kmer:ACC:0.0000; kmer:UUCCC:0.0000; kmer:CCCAG:0.0000,mir-145-5p:0.623; mir-205-5p:0.532; mir-125a-5p:0.480
1885,mir-5584-5p,MIMAT0022283,CAGGGAAAUGGGAAGAACUAGA,nao,0.278714,0.661809,0.671365,,kmer:AA:0.0019; kmer:UA:0.0008; kmer:UAG:0.0007; kmer:AAU:0.0006; kmer:AAA:0.0004; kmer:AAAU:0.0003; kmer:AAUG:0.0002; kmer:AAC:0.0001; kmer:GAAAU:0.0001; kmer:CAGG:0.0001,mir-6875-5p:0.564; mir-1-3p:0.527; mir-206:0.519
1886,mir-508-5p,MIMAT0004778,UACUCCAGAGGGCGUCACUCAUG,nao,0.278331,0.661803,0.671341,,kmer:GU:0.0014; kmer:UA:0.0007; kmer:CGU:0.0005; kmer:GCGU:0.0001; kmer:UCCAG:0.0001; kmer:UCCA:0.0001; kmer:CG:0.0000; kmer:CAG:0.0000; kmer:GUC:0.0000; kmer:ACUCC:0.0000,mir-139-5p:0.514; mir-205-5p:0.500; mir-425-5p:0.495
1887,mir-4787-3p,MIMAT0019957,GAUGCGCCGCCCACUGCCCCGCGC,nao,0.277948,0.661802,0.671334,,kmer:CG:0.0002; kmer:AUGC:0.0002; kmer:CCG:0.0002; kmer:CCCG:0.0001; kmer:ACUG:0.0000,mir-4634:0.557; mir-92a-3p:0.482; mir-99a-5p:0.393
1888,let-7d-3p,MIMAT0004484,CUAUACGACCUGCUGCCUUUCU,sim,0.277565,0.661800,0.671324,hsa-let-7d,kmer:UA:0.0017; kmer:UGCU:0.0002; kmer:CGA:0.0002; kmer:ACGA:0.0001; kmer:GACC:0.0001; kmer:UAU:0.0001; kmer:CG:0.0001; kmer:ACC:0.0000; kmer:UGCUG:0.0000,mir-125a-5p:0.577; mir-125b-5p:0.500; mir-92a-3p:0.486
1889,mir-6885-3p,MIMAT0027671,CUUUGCUUCCUGCUCCCCUAG,nao,0.277182,0.661798,0.671319,,kmer:UA:0.0008; kmer:UAG:0.0006; kmer:UGCU:0.0004; kmer:UGCUU:0.0002; kmer:UUG:0.0002; kmer:UCCC:0.0002; kmer:CCCU:0.0002; kmer:GCUU:0.0002; kmer:CCCUA:0.0001; kmer:CCUA:0.0000,mir-125a-5p:0.574; mir-520c-3p:0.558; mir-125b-5p:0.544
1890,mir-6806-5p,MIMAT0027512,UGUAGGCAUGAGGCAGGGCCCAGG,nao,0.276799,0.661793,0.671295,,kmer:GU:0.0013; kmer:UGU:0.0007; kmer:UA:0.0006; kmer:UAG:0.0005; kmer:GCA:0.0004; kmer:GUAG:0.0004; kmer:GUA:0.0003; kmer:GCAG:0.0002; kmer:GCAGG:0.0002; kmer:CAGG:0.0001,mir-6875-5p:0.615; mir-6861-5p:0.598; mir-31-5p:0.583
1891,mir-1295a,MIMAT0005885,UUAGGCCGCAGAUCUGGGUGA,nao,0.276417,0.661782,0.671246,,kmer:GU:0.0017; kmer:UA:0.0008; kmer:GUG:0.0008; kmer:UAG:0.0007; kmer:GCA:0.0003; kmer:UUA:0.0003; kmer:GCAG:0.0003; kmer:UGA:0.0002; kmer:AUC:0.0001; kmer:CCG:0.0001,mir-6861-5p:0.624; mir-31-5p:0.555; mir-34a-5p:0.524
1892,mir-298,MIMAT0004901,AGCAGAAGCAGGGAGGUUCUCCCA,nao,0.276034,0.661779,0.671232,,kmer:GU:0.0013; kmer:AGCA:0.0006; kmer:AGCAG:0.0005; kmer:GCA:0.0004; kmer:GCAG:0.0004; kmer:AA:0.0004; kmer:GUU:0.0003; kmer:AGGU:0.0002; kmer:GCAGG:0.0002; kmer:UCCC:0.0001,mir-24-3p:0.662; mir-6875-5p:0.582; mir-195-5p:0.537
1893,mir-5694,MIMAT0022487,CAGAUCAUGGGACUGUCUCAG,nao,0.275651,0.661773,0.671207,,kmer:GU:0.0015; kmer:UGU:0.0008; kmer:UGUC:0.0002; kmer:UGUCU:0.0001; kmer:AUC:0.0001; kmer:CAG:0.0001; kmer:GUCU:0.0001; kmer:GUCUC:0.0001; kmer:GAUCA:0.0000; kmer:CUGU:0.0000,mir-24-3p:0.545; mir-21-5p:0.521; mir-25-3p:0.512
1894,mir-6765-5p,MIMAT0027430,GUGAGGCGGGGCCAGGAGGGUGUGU,nao,0.275268,0.661770,0.671192,,kmer:GU:0.0051; kmer:GUG:0.0017; kmer:UGU:0.0013; kmer:UGUG:0.0004; kmer:UGA:0.0001; kmer:CAGGA:0.0001; kmer:GUGUG:0.0001; kmer:GUGU:0.0001; kmer:CCAGG:0.0001; kmer:CAGG:0.0001,mir-6861-5p:0.674; mir-6875-5p:0.618; let-7b-5p:0.597
1895,mir-6836-3p,MIMAT0027575,AUGCCUCCCCCGGCCCCGCAG,nao,0.274885,0.661769,0.671188,,kmer:GCA:0.0003; kmer:GCAG:0.0003; kmer:CCCG:0.0002; kmer:UCCC:0.0002; kmer:AUGC:0.0002; kmer:CGGC:0.0002; kmer:CCG:0.0002; kmer:CCGGC:0.0001; kmer:CG:0.0001; kmer:CGGCC:0.0001,mir-4634:0.546; mir-92a-3p:0.520; mir-145-5p:0.463
1896,mir-4769-5p,MIMAT0019922,GGUGGGAUGGAGAGAAGGUAUGAG,nao,0.274502,0.661767,0.671180,,kmer:GU:0.0028; kmer:UA:0.0007; kmer:GUG:0.0006; kmer:AA:0.0004; kmer:AGGUA:0.0003; kmer:GUA:0.0003; kmer:GGUA:0.0003; kmer:AGGU:0.0002; kmer:UGA:0.0001; kmer:UAU:0.0001,mir-6875-5p:0.611; mir-206:0.566; mir-6861-5p:0.544
1897,mir-339-3p,MIMAT0004702,UGAGCGCCUCGACGACAGAGCCG,nao,0.274119,0.661763,0.671163,,kmer:CGA:0.0004; kmer:UCG:0.0003; kmer:CG:0.0002; kmer:UGA:0.0002; kmer:ACAG:0.0001; kmer:ACGA:0.0001; kmer:CCG:0.0001; kmer:ACAGA:0.0001; kmer:CAG:0.0000; kmer:GACAG:0.0000,mir-6875-5p:0.502; mir-425-5p:0.454; mir-4634:0.453
1898,mir-4686,MIMAT0019773,UAUCUGCUGGGCUUUCUGGUGUU,nao,0.273737,0.661754,0.671122,,kmer:GU:0.0029; kmer:UGU:0.0008; kmer:UA:0.0007; kmer:GUG:0.0006; kmer:GUU:0.0003; kmer:UGCU:0.0002; kmer:GCUU:0.0001; kmer:AUC:0.0001; kmer:GUGU:0.0001; kmer:UAU:0.0001,mir-34a-5p:0.631; mir-373-3p:0.574; mir-181b-5p:0.547
1899,mir-6777-5p,MIMAT0027454,ACGGGGAGUCAGGCAGUGGUGGA,nao,0.273354,0.661754,0.671121,,kmer:GU:0.0043; kmer:GUG:0.0013; kmer:AGU:0.0005; kmer:AGUG:0.0003; kmer:GCA:0.0002; kmer:GCAG:0.0002; kmer:CAGU:0.0001; kmer:CAGUG:0.0001; kmer:CAGG:0.0001; kmer:GUGGU:0.0001,mir-6861-5p:0.667; mir-24-3p:0.560; mir-6875-5p:0.557
1900,mir-4437,MIMAT0018953,UGGGCUCAGGGUACAAAGGUU,nao,0.272971,0.661753,0.671115,,kmer:GU:0.0033; kmer:AA:0.0010; kmer:UA:0.0008; kmer:AAA:0.0004; kmer:GUA:0.0004; kmer:GUU:0.0004; kmer:GGUA:0.0004; kmer:CAAA:0.0003; kmer:AGGU:0.0003; kmer:GGUU:0.0001,mir-6861-5p:0.749; mir-24-3p:0.568; mir-17-5p:0.535
1901,mir-6817-5p,MIMAT0027534,UCUGCCAUAGGAAGCUUGGAGUGG,nao,0.272588,0.661750,0.671101,,kmer:GU:0.0014; kmer:UA:0.0007; kmer:GUG:0.0006; kmer:UAG:0.0006; kmer:AA:0.0004; kmer:AGUG:0.0003; kmer:AGU:0.0002; kmer:UUG:0.0002; kmer:AUAG:0.0002; kmer:GCUU:0.0001,mir-31-5p:0.579; mir-206:0.575; mir-34a-5p:0.533
1902,mir-3972,MIMAT0019357,CUGCCAGCCCCGUUCCAGGGCA,nao,0.272205,0.661746,0.671087,,kmer:GU:0.0015; kmer:CGU:0.0005; kmer:GUU:0.0004; kmer:GCA:0.0003; kmer:CAGC:0.0002; kmer:CCGUU:0.0002; kmer:CGUU:0.0001; kmer:CCCGU:0.0001; kmer:CCGU:0.0001; kmer:CCCG:0.0001,mir-145-5p:0.598; mir-24-3p:0.478; mir-205-5p:0.461
1903,mir-4496,MIMAT0019031,GAGGAAACUGAAGCUGAGAGGG,nao,0.271822,0.661740,0.671059,,kmer:AA:0.0012; kmer:CUGA:0.0004; kmer:AAA:0.0004; kmer:UGA:0.0003; kmer:ACUGA:0.0002; kmer:AAC:0.0001; kmer:AGGAA:0.0001; kmer:CUGAG:0.0001; kmer:UGAGA:0.0001; kmer:AAACU:0.0001,mir-6875-5p:0.618; mir-191-5p:0.446; mir-125b-5p:0.433
1904,mir-6736-5p,MIMAT0027373,CUGGGUGAGGGCAUCUGUGGU,nao,0.271440,0.661740,0.671058,,kmer:GU:0.0046; kmer:GUG:0.0014; kmer:UGU:0.0008; kmer:UGUG:0.0004; kmer:GCA:0.0003; kmer:UGA:0.0002; kmer:AUC:0.0001; kmer:GUGGU:0.0001; kmer:CUGU:0.0000; kmer:UGUGG:0.0000,mir-6861-5p:0.698; let-7b-5p:0.592; mir-181b-5p:0.592
1905,mir-6832-3p,MIMAT0027565,ACCCUUUUUCUCUUUCCCAG,nao,0.271057,0.661735,0.671034,,kmer:ACCC:0.0003; kmer:ACCCU:0.0002; kmer:UCCC:0.0002; kmer:CCCU:0.0002; kmer:UUUUC:0.0001; kmer:UCCCA:0.0001; kmer:CAG:0.0000; kmer:UUUCC:0.0000; kmer:ACC:0.0000; kmer:UUCCC:0.0000,mir-145-5p:0.655; mir-205-5p:0.531; mir-520c-3p:0.529
1906,mir-5187-3p,MIMAT0021118,ACUGAAUCCUCUUUUCCUCAG,nao,0.270674,0.661730,0.671014,,kmer:AAU:0.0006; kmer:AA:0.0005; kmer:AAUC:0.0004; kmer:AAUCC:0.0003; kmer:ACUGA:0.0003; kmer:GAAU:0.0002; kmer:CUGA:0.0002; kmer:AUCC:0.0002; kmer:UGA:0.0002; kmer:GAAUC:0.0002,mir-205-5p:0.598; mir-145-5p:0.590; mir-125a-5p:0.498
1907,mir-202-3p,MIMAT0002811,AGAGGUAUAGGGCAUGGGAA,nao,0.270291,0.661726,0.670997,,kmer:GU:0.0017; kmer:UA:0.0017; kmer:UAG:0.0007; kmer:AA:0.0005; kmer:AGGUA:0.0004; kmer:GUA:0.0004; kmer:GGUA:0.0004; kmer:GCA:0.0003; kmer:AGGU:0.0003; kmer:AUAG:0.0002,mir-6861-5p:0.637; let-7a-5p:0.567; mir-6875-5p:0.543
1908,mir-6768-5p,MIMAT0027436,CACACAGGAAAAGCGGGGCCCUG,nao,0.269908,0.661722,0.670976,,kmer:AA:0.0012; kmer:AAA:0.0007; kmer:CCCU:0.0001; kmer:CAGGA:0.0001; kmer:CCCUG:0.0001; kmer:AGGAA:0.0001; kmer:ACAG:0.0001; kmer:CAGG:0.0001; kmer:AAAG:0.0001; kmer:AGCGG:0.0000,mir-191-5p:0.575; mir-6875-5p:0.520; mir-24-3p:0.507
1909,mir-378j,MIMAT0024612,ACUGGAUUUGGAGCCAGAA,nao,0.269525,0.661713,0.670939,,kmer:AA:0.0005; kmer:UUG:0.0002; kmer:CAGAA:0.0001; kmer:AUUUG:0.0001; kmer:GAUUU:0.0001; kmer:CAG:0.0000; kmer:ACUG:0.0000; kmer:AUUU:0.0000; kmer:GGAUU:0.0000; kmer:UGGAU:0.0000,mir-1246:0.740; mir-6875-5p:0.521; mir-373-3p:0.496
1910,mir-6501-5p,MIMAT0025458,AGUUGCCAGGGCUGCCUUUGGU,nao,0.269142,0.661709,0.670921,,kmer:GU:0.0031; kmer:UUG:0.0004; kmer:GUU:0.0004; kmer:AGU:0.0002; kmer:AGUU:0.0002; kmer:GUUG:0.0002; kmer:CCAGG:0.0001; kmer:CAGG:0.0001; kmer:CAG:0.0000; kmer:GGU:0.0000,mir-34a-5p:0.575; mir-520c-3p:0.563; mir-373-3p:0.556
1911,mir-575,MIMAT0003240,GAGCCAGUUGGACAGGAGC,nao,0.268760,0.661704,0.670898,,kmer:GU:0.0018; kmer:GUU:0.0004; kmer:AGU:0.0003; kmer:AGUU:0.0003; kmer:UUG:0.0003; kmer:GUUG:0.0002; kmer:CAGUU:0.0002; kmer:CAGU:0.0002; kmer:CAGGA:0.0002; kmer:ACAG:0.0001,mir-6875-5p:0.747; mir-24-3p:0.643; mir-1246:0.538
1912,mir-6740-3p,MIMAT0027382,UGUCUUCUCUCCUCCCAAACAG,nao,0.268377,0.661701,0.670883,,kmer:GU:0.0015; kmer:AA:0.0009; kmer:UGU:0.0008; kmer:AAA:0.0004; kmer:CAAA:0.0003; kmer:UGUC:0.0002; kmer:UCCC:0.0002; kmer:UGUCU:0.0001; kmer:AAC:0.0001; kmer:ACAG:0.0001,mir-205-5p:0.590; mir-139-5p:0.551; mir-145-5p:0.506
1913,mir-524-3p,MIMAT0002850,GAAGGCGCUUCCCUUUGGAGU,nao,0.267994,0.661687,0.670822,,kmer:GU:0.0016; kmer:AA:0.0005; kmer:AGU:0.0003; kmer:UUG:0.0002; kmer:UCCC:0.0002; kmer:CCCU:0.0002; kmer:UCCCU:0.0002; kmer:GCUU:0.0002; kmer:CG:0.0001; kmer:UUCCC:0.0000,mir-520c-3p:0.666; mir-373-3p:0.582; mir-1246:0.533
1914,mir-5001-3p,MIMAT0021022,UUCUGCCUCUGUCCAGGUCCUU,nao,0.267611,0.661681,0.670796,,kmer:GU:0.0029; kmer:UGU:0.0008; kmer:UGUC:0.0002; kmer:AGGU:0.0002; kmer:CAGGU:0.0002; kmer:UCCAG:0.0001; kmer:UCCA:0.0001; kmer:CCAGG:0.0001; kmer:GUCCA:0.0001; kmer:CAGG:0.0001,mir-205-5p:0.650; mir-145-5p:0.563; mir-25-3p:0.540
1915,mir-6830-3p,MIMAT0027561,UGUCUUUCUUCUCUCCCUUGCAG,nao,0.267228,0.661680,0.670791,,kmer:GU:0.0014; kmer:UGU:0.0007; kmer:UGCA:0.0003; kmer:GCA:0.0002; kmer:UGUC:0.0002; kmer:GCAG:0.0002; kmer:UUG:0.0002; kmer:UCCC:0.0001; kmer:CCCU:0.0001; kmer:UCCCU:0.0001,mir-25-3p:0.608; mir-205-5p:0.573; mir-139-5p:0.482
1916,mir-640,MIMAT0003310,AUGAUCCAGGAACCUGCCUCU,nao,0.266845,0.661678,0.670783,,kmer:AA:0.0005; kmer:AUCC:0.0002; kmer:UGA:0.0002; kmer:CAGGA:0.0001; kmer:AAC:0.0001; kmer:AACC:0.0001; kmer:AGGAA:0.0001; kmer:AUC:0.0001; kmer:UCCAG:0.0001; kmer:UCCA:0.0001,mir-125a-5p:0.554; mir-145-5p:0.544; mir-125b-5p:0.506
1917,mir-1292-5p,MIMAT0005943,UGGGAACGGGUUCCGGCAGACGCUG,nao,0.266462,0.661674,0.670764,,kmer:GU:0.0014; kmer:AA:0.0004; kmer:GUU:0.0003; kmer:GCA:0.0002; kmer:GCAG:0.0002; kmer:CGGC:0.0001; kmer:CG:0.0001; kmer:AAC:0.0001; kmer:GGUU:0.0001; kmer:CCGGC:0.0001,mir-4634:0.640; mir-6861-5p:0.582; mir-181b-5p:0.487
1918,mir-6815-3p,MIMAT0027531,UGGCUUCUCUUGCACACCCAG,nao,0.266080,0.661673,0.670756,,kmer:UGCA:0.0003; kmer:ACCC:0.0003; kmer:GCA:0.0003; kmer:GCAC:0.0002; kmer:UUG:0.0002; kmer:GCUU:0.0002; kmer:UGCAC:0.0001; kmer:GCACA:0.0001; kmer:UGGC:0.0001; kmer:UUGCA:0.0000,mir-25-3p:0.556; mir-92a-3p:0.515; mir-205-5p:0.511
1919,mir-550b-3p,MIMAT0018445,UCUUACUCCCUCAGGCACUG,nao,0.265697,0.661664,0.670720,,kmer:UA:0.0008; kmer:CUUA:0.0004; kmer:GCA:0.0003; kmer:UUA:0.0002; kmer:GCAC:0.0002; kmer:UCCC:0.0002; kmer:CCCU:0.0002; kmer:UCCCU:0.0002; kmer:UUAC:0.0001; kmer:CUUAC:0.0001,mir-205-5p:0.495; mir-25-3p:0.472; mir-92a-3p:0.458
1920,mir-4498,MIMAT0019033,UGGGCUGGCAGGGCAAGUGCUG,nao,0.265314,0.661661,0.670703,,kmer:GU:0.0014; kmer:GUG:0.0006; kmer:GUGC:0.0006; kmer:AGUGC:0.0005; kmer:GCA:0.0005; kmer:AA:0.0004; kmer:AAGUG:0.0003; kmer:AGUG:0.0003; kmer:GUGCU:0.0003; kmer:AGU:0.0002,mir-31-5p:0.728; mir-6861-5p:0.620; mir-34a-5p:0.587
1921,mir-4322,MIMAT0016873,CUGUGGGCUCAGCGCGUGGGG,nao,0.264931,0.661659,0.670697,,kmer:GU:0.0030; kmer:GUG:0.0013; kmer:UGU:0.0008; kmer:CGU:0.0005; kmer:UGUG:0.0004; kmer:CGUG:0.0004; kmer:CAGC:0.0002; kmer:GCGUG:0.0001; kmer:GCGU:0.0001; kmer:CG:0.0001,mir-6861-5p:0.700; mir-210-3p:0.595; mir-1307-3p:0.555
1922,mir-5187-5p,MIMAT0021117,UGGGAUGAGGGAUUGAAGUGGA,nao,0.264548,0.661655,0.670678,,kmer:GU:0.0015; kmer:GUG:0.0007; kmer:AA:0.0004; kmer:AAGUG:0.0003; kmer:UGA:0.0003; kmer:AGUG:0.0003; kmer:AGU:0.0002; kmer:AAGU:0.0002; kmer:UUG:0.0002; kmer:AUUG:0.0001,mir-206:0.596; mir-1246:0.593; mir-6875-5p:0.584
1923,mir-6785-5p,MIMAT0027470,UGGGAGGGCGUGGAUGAUGGUG,nao,0.264165,0.661649,0.670652,,kmer:GU:0.0029; kmer:GUG:0.0013; kmer:CGU:0.0005; kmer:CGUG:0.0004; kmer:UGA:0.0001; kmer:GCGUG:0.0001; kmer:GCGU:0.0001; kmer:CGUGG:0.0000; kmer:CG:0.0000; kmer:UGAUG:0.0000,mir-6861-5p:0.590; mir-206:0.562; mir-382-5p:0.546
1924,mir-4687-5p,MIMAT0019774,CAGCCCUCCUCCCGCACCCAAA,nao,0.263783,0.661642,0.670619,,kmer:AA:0.0010; kmer:AAA:0.0004; kmer:CAAA:0.0003; kmer:ACCC:0.0003; kmer:GCA:0.0003; kmer:GCAC:0.0003; kmer:CAGC:0.0002; kmer:UCCC:0.0002; kmer:CCCU:0.0002; kmer:UCCCG:0.0001,mir-145-5p:0.565; mir-191-5p:0.537; mir-125a-5p:0.512
1925,mir-6764-3p,MIMAT0027429,UCUCUGGUCUUUCCUUGACAG,nao,0.263400,0.661635,0.670590,,kmer:GU:0.0014; kmer:UUG:0.0002; kmer:UGA:0.0001; kmer:UGACA:0.0001; kmer:ACAG:0.0001; kmer:GUCU:0.0001; kmer:UCCUU:0.0000; kmer:CAG:0.0000; kmer:CUUG:0.0000; kmer:UUUCC:0.0000,mir-25-3p:0.609; mir-205-5p:0.607; mir-520c-3p:0.488
1926,mir-1203,MIMAT0005866,CCCGGAGCCAGGAUGCAGCUC,nao,0.263017,0.661626,0.670548,,kmer:UGCA:0.0003; kmer:GCA:0.0003; kmer:GCAGC:0.0002; kmer:GCAG:0.0002; kmer:CAGC:0.0002; kmer:AUGC:0.0002; kmer:CAGGA:0.0001; kmer:CCCG:0.0001; kmer:UGCAG:0.0001; kmer:CCCGG:0.0001,mir-6875-5p:0.597; mir-24-3p:0.565; mir-31-5p:0.532
1927,mir-7851-3p,MIMAT0030426,UACCUGGGAGACUGAGGUUGGA,nao,0.262634,0.661625,0.670544,,kmer:GU:0.0014; kmer:UA:0.0007; kmer:GUU:0.0003; kmer:ACUGA:0.0002; kmer:AGGU:0.0002; kmer:CUGA:0.0002; kmer:UUG:0.0002; kmer:GUUG:0.0002; kmer:UGA:0.0001; kmer:UACC:0.0001,mir-6875-5p:0.618; mir-6861-5p:0.541; mir-125a-5p:0.518
1928,mir-524-5p,MIMAT0002849,CUACAAAGGGAAGCACUUUCUC,nao,0.262251,0.661624,0.670541,,kmer:AA:0.0014; kmer:UA:0.0008; kmer:AAA:0.0004; kmer:AGCA:0.0004; kmer:CAAA:0.0003; kmer:GCA:0.0003; kmer:GCAC:0.0002; kmer:AGCAC:0.0002; kmer:CACUU:0.0001; kmer:GCACU:0.0001,mir-191-5p:0.539; mir-520c-3p:0.519; mir-24-3p:0.474
1929,mir-6769b-5p,MIMAT0027620,UGGUGGGUGGGGAGGAGAAGUGC,nao,0.261868,0.661621,0.670525,,kmer:GU:0.0039; kmer:GUG:0.0017; kmer:GUGC:0.0005; kmer:AGUGC:0.0005; kmer:AA:0.0004; kmer:AAGUG:0.0003; kmer:AGUG:0.0002; kmer:AGU:0.0002; kmer:AAGU:0.0002; kmer:GAAGU:0.0001,mir-6861-5p:0.700; mir-206:0.612; mir-373-3p:0.611
1930,mir-8087,MIMAT0031014,GAAGACUUCUUGGAUUACAGGGG,nao,0.261485,0.661610,0.670478,,kmer:UA:0.0006; kmer:AA:0.0004; kmer:UUA:0.0002; kmer:UUG:0.0002; kmer:UUAC:0.0001; kmer:ACAG:0.0001; kmer:UACAG:0.0001; kmer:UUACA:0.0001; kmer:CAGG:0.0001; kmer:CAG:0.0000,mir-1246:0.559; mir-6875-5p:0.533; mir-373-3p:0.531
1931,mir-6748-5p,MIMAT0027396,UGUGGGUGGGAAGGACUGGAUU,nao,0.261103,0.661608,0.670469,,kmer:GU:0.0028; kmer:GUG:0.0013; kmer:UGU:0.0007; kmer:AA:0.0004; kmer:UGUG:0.0004; kmer:ACUG:0.0000; kmer:UGUGG:0.0000; kmer:GGAUU:0.0000; kmer:GGU:0.0000; kmer:GACUG:0.0000,mir-6861-5p:0.676; mir-206:0.651; mir-382-5p:0.583
1932,mir-6505-3p,MIMAT0025467,UGACUUCUACCUCUUCCAAAG,nao,0.260720,0.661602,0.670443,,kmer:AA:0.0010; kmer:UA:0.0009; kmer:AAA:0.0005; kmer:CAAA:0.0003; kmer:UGA:0.0002; kmer:UACC:0.0002; kmer:UCCA:0.0001; kmer:AAAG:0.0001; kmer:CAAAG:0.0000; kmer:ACC:0.0000,mir-205-5p:0.597; mir-125b-5p:0.498; mir-125a-5p:0.489
1933,mir-5591-5p,MIMAT0022301,UGGGAGCUAAGCUAUGGGUAU,nao,0.260337,0.661601,0.670437,,kmer:UA:0.0025; kmer:GU:0.0017; kmer:AA:0.0005; kmer:GUA:0.0004; kmer:GGUA:0.0004; kmer:UAA:0.0003; kmer:CUAA:0.0002; kmer:UAU:0.0001; kmer:GCUAA:0.0001; kmer:GGU:0.0000,mir-6861-5p:0.590; mir-155-5p:0.533; mir-31-5p:0.518
1934,mir-504-3p,MIMAT0026612,GGGAGUGCAGGGCAGGGUUUC,nao,0.259954,0.661595,0.670409,,kmer:GU:0.0029; kmer:GUG:0.0007; kmer:GUGC:0.0006; kmer:AGUGC:0.0005; kmer:GCA:0.0005; kmer:GCAG:0.0005; kmer:GCAGG:0.0004; kmer:GUGCA:0.0004; kmer:GUU:0.0003; kmer:AGUG:0.0003,mir-6861-5p:0.614; mir-24-3p:0.552; mir-6875-5p:0.535
1935,mir-5008-3p,MIMAT0021040,CCUGUGCUCCCAGGGCCUCGC,nao,0.259571,0.661594,0.670407,,kmer:GU:0.0015; kmer:UGU:0.0008; kmer:GUG:0.0007; kmer:GUGC:0.0006; kmer:UGUG:0.0004; kmer:GUGCU:0.0003; kmer:UCG:0.0002; kmer:UGCU:0.0002; kmer:UCCC:0.0002; kmer:CCUGU:0.0001,mir-92a-3p:0.545; mir-125a-5p:0.505; mir-145-5p:0.497
1936,mir-198,MIMAT0000228,GGUCCAGAGGGGAGAUAGGUUC,nao,0.259188,0.661594,0.670407,,kmer:GU:0.0028; kmer:UA:0.0007; kmer:UAG:0.0006; kmer:GUU:0.0003; kmer:AGGU:0.0002; kmer:AUAG:0.0002; kmer:UAGGU:0.0001; kmer:GGUU:0.0001; kmer:UCCAG:0.0001; kmer:GAUAG:0.0001,mir-6875-5p:0.630; mir-6861-5p:0.603; let-7a-5p:0.518
1937,mir-3153,MIMAT0015026,GGGGAAAGCGAGUAGGGACAUUU,nao,0.258806,0.661594,0.670404,,kmer:GU:0.0015; kmer:AA:0.0009; kmer:UA:0.0008; kmer:UAG:0.0006; kmer:GUAG:0.0005; kmer:AAA:0.0004; kmer:GUA:0.0004; kmer:AGU:0.0002; kmer:CGA:0.0002; kmer:GUAGG:0.0001,mir-6875-5p:0.583; mir-6861-5p:0.537; mir-1246:0.520
1938,mir-6790-3p,MIMAT0027481,CGACCUCGGCGACCCCUCACU,nao,0.258423,0.661586,0.670370,,kmer:CGA:0.0003; kmer:ACCC:0.0003; kmer:UCG:0.0003; kmer:GACCC:0.0002; kmer:CCCU:0.0002; kmer:CGGC:0.0002; kmer:CG:0.0002; kmer:GACC:0.0001; kmer:UCGG:0.0001; kmer:CUCGG:0.0001,mir-4634:0.540; mir-125a-5p:0.537; mir-125b-5p:0.517
1939,mir-887-5p,MIMAT0026720,CUUGGGAGCCCUGUUAGACUC,nao,0.258040,0.661576,0.670323,,kmer:GU:0.0016; kmer:UGU:0.0008; kmer:UA:0.0008; kmer:UAG:0.0007; kmer:GUU:0.0004; kmer:UUA:0.0003; kmer:UUG:0.0002; kmer:CCCU:0.0002; kmer:CCCUG:0.0001; kmer:CCUGU:0.0001,mir-125a-5p:0.606; mir-125b-5p:0.582; mir-21-5p:0.524
1940,mir-1237-3p,MIMAT0005592,UCCUUCUGCUCCGUCCCCCAG,nao,0.257657,0.661562,0.670265,,kmer:GU:0.0016; kmer:CGU:0.0005; kmer:UGCU:0.0002; kmer:UCCC:0.0002; kmer:CCGU:0.0001; kmer:CCG:0.0001; kmer:CG:0.0001; kmer:UCCUU:0.0000; kmer:CAG:0.0000; kmer:GUC:0.0000,mir-205-5p:0.640; mir-145-5p:0.638; mir-125a-5p:0.515
1941,mir-2117,MIMAT0011162,UGUUCUCUUUGCCAAGGACAG,nao,0.257274,0.661557,0.670241,,kmer:GU:0.0018; kmer:UGU:0.0009; kmer:AA:0.0005; kmer:GUU:0.0004; kmer:UUG:0.0002; kmer:ACAG:0.0001; kmer:UGUUC:0.0001; kmer:CAG:0.0000; kmer:GACAG:0.0000,mir-24-3p:0.534; mir-520c-3p:0.524; mir-25-3p:0.519
1942,mir-1538,MIMAT0007400,CGGCCCGGGCUGCUGCUGUUCCU,nao,0.256891,0.661551,0.670212,,kmer:GU:0.0014; kmer:UGU:0.0007; kmer:UGCU:0.0003; kmer:GUU:0.0003; kmer:CGGC:0.0001; kmer:CCCG:0.0001; kmer:CG:0.0001; kmer:CGGCC:0.0001; kmer:CCCGG:0.0001; kmer:CCGG:0.0001,mir-92a-3p:0.552; mir-4634:0.541; mir-210-3p:0.502
1943,mir-1269b,MIMAT0019059,CUGGACUGAGCCAUGCUACUGG,nao,0.256508,0.661547,0.670197,,kmer:UA:0.0007; kmer:ACUGA:0.0002; kmer:CUGA:0.0002; kmer:UGCU:0.0002; kmer:AUGC:0.0001; kmer:UGA:0.0001; kmer:AUGCU:0.0001; kmer:ACUG:0.0001; kmer:CUGAG:0.0001; kmer:UGCUA:0.0001,mir-31-5p:0.522; mir-21-5p:0.502; mir-210-3p:0.468
1944,mir-5010-5p,MIMAT0021043,AGGGGGAUGGCAGAGCAAAAUU,nao,0.256126,0.661545,0.670185,,kmer:AA:0.0013; kmer:AAA:0.0008; kmer:AAU:0.0006; kmer:GCA:0.0005; kmer:AGCA:0.0004; kmer:AAAU:0.0003; kmer:CAAA:0.0003; kmer:GCAG:0.0002; kmer:GCAAA:0.0002; kmer:CAAAA:0.0001,mir-31-5p:0.580; mir-1246:0.552; mir-195-5p:0.547
1945,mir-1256,MIMAT0005907,AGGCAUUGACUUCUCACUAGCU,nao,0.255743,0.661542,0.670176,,kmer:UA:0.0008; kmer:UAG:0.0007; kmer:UAGC:0.0004; kmer:GCA:0.0003; kmer:UAGCU:0.0002; kmer:UUG:0.0002; kmer:UGA:0.0002; kmer:AUUG:0.0001; kmer:CAUU:0.0001; kmer:CAUUG:0.0001,mir-25-3p:0.565; mir-31-5p:0.543; mir-21-5p:0.533
1946,mir-6873-5p,MIMAT0027646,CAGAGGGAAUACAGAGGGCAAU,nao,0.255360,0.661538,0.670157,,kmer:AAU:0.0011; kmer:AA:0.0009; kmer:UA:0.0007; kmer:GCA:0.0002; kmer:GAAU:0.0002; kmer:GGAAU:0.0002; kmer:AAUA:0.0002; kmer:ACAG:0.0001; kmer:UACAG:0.0001; kmer:GCAA:0.0001,mir-6875-5p:0.645; mir-195-5p:0.529; mir-24-3p:0.513
1947,mir-486-3p,MIMAT0004762,CGGGGCAGCUCAGUACAGGAU,sim,0.254977,0.661537,0.670152,hsa-mir-486-1; hsa-mir-486-2,kmer:GU:0.0016; kmer:UA:0.0008; kmer:GUA:0.0004; kmer:GCA:0.0003; kmer:GCAGC:0.0003; kmer:AGU:0.0003; kmer:GCAG:0.0002; kmer:CAGC:0.0002; kmer:CAGU:0.0002; kmer:CAGGA:0.0001,mir-24-3p:0.733; mir-6861-5p:0.568; mir-6875-5p:0.555
1948,mir-6514-5p,MIMAT0025484,UAUGGAGUGGACUUUCAGCUGGC,nao,0.254594,0.661534,0.670138,,kmer:GU:0.0014; kmer:UA:0.0007; kmer:GUG:0.0006; kmer:AGUG:0.0003; kmer:AGU:0.0002; kmer:CAGC:0.0002; kmer:UAU:0.0001; kmer:UGGC:0.0000; kmer:CAG:0.0000,mir-1246:0.592; mir-34a-5p:0.581; mir-31-5p:0.539
1949,mir-1202,MIMAT0005865,GUGCCAGCUGCAGUGGGGGAG,nao,0.254211,0.661530,0.670121,,kmer:GU:0.0031; kmer:GUG:0.0014; kmer:GUGC:0.0006; kmer:AGUG:0.0003; kmer:UGCA:0.0003; kmer:GCA:0.0003; kmer:AGU:0.0002; kmer:GCAG:0.0002; kmer:CAGC:0.0002; kmer:CAGU:0.0002,mir-6861-5p:0.642; mir-34a-5p:0.556; mir-17-5p:0.555
1950,mir-1236-5p,MIMAT0022945,UGAGUGACAGGGGAAAUGGGGA,nao,0.253828,0.661527,0.670106,,kmer:GU:0.0014; kmer:AA:0.0008; kmer:GUG:0.0006; kmer:AAU:0.0005; kmer:AAA:0.0004; kmer:UGA:0.0003; kmer:AAAU:0.0003; kmer:AGUG:0.0003; kmer:AGU:0.0002; kmer:AAUG:0.0002,mir-6875-5p:0.642; mir-6861-5p:0.588; mir-206:0.526
1951,mir-6753-3p,MIMAT0027407,UGGUCUGUCUCUGCCCUGGCAC,nao,0.253446,0.661526,0.670100,,kmer:GU:0.0029; kmer:UGU:0.0007; kmer:GCA:0.0002; kmer:UGUC:0.0002; kmer:GCAC:0.0002; kmer:CCCU:0.0001; kmer:CCCUG:0.0001; kmer:UGUCU:0.0001; kmer:GUCU:0.0001; kmer:GUCUG:0.0001,mir-25-3p:0.653; mir-34a-5p:0.579; mir-200a-3p:0.551
1952,mir-3202,MIMAT0015089,UGGAAGGGAGAAGAGCUUUAAU,nao,0.253063,0.661517,0.670061,,kmer:AA:0.0014; kmer:UA:0.0008; kmer:AAU:0.0006; kmer:UAA:0.0003; kmer:UUA:0.0002; kmer:GCUU:0.0002; kmer:UAAU:0.0001; kmer:UUAAU:0.0001; kmer:AGCUU:0.0001; kmer:UUAA:0.0001,mir-520c-3p:0.560; mir-1246:0.553; mir-6875-5p:0.550
1953,mir-5699-5p,MIMAT0027103,UGCCCCAACAAGGAAGGACAAG,nao,0.252680,0.661508,0.670023,,kmer:AA:0.0020; kmer:AAC:0.0001; kmer:AGGAA:0.0001,mir-191-5p:0.615; mir-6875-5p:0.580; mir-24-3p:0.458
1954,mir-8077,MIMAT0031004,GGCUGAGUGGGGUUCUGACUCC,nao,0.252297,0.661503,0.670001,,kmer:GU:0.0026; kmer:GUG:0.0006; kmer:CUGA:0.0004; kmer:GUU:0.0003; kmer:UGA:0.0003; kmer:AGUG:0.0003; kmer:AGU:0.0002; kmer:GGUU:0.0001; kmer:CUGAG:0.0001; kmer:GGGGU:0.0000,mir-6861-5p:0.642; mir-373-3p:0.530; mir-210-3p:0.506
1955,mir-519e-5p,MIMAT0002828,UUCUCCAAAAGGGAGCACUUUC,sim,0.251914,0.661497,0.669974,hsa-mir-519e,kmer:AA:0.0013; kmer:AAA:0.0008; kmer:AGCA:0.0004; kmer:CAAA:0.0003; kmer:GCA:0.0002; kmer:GCAC:0.0002; kmer:AGCAC:0.0002; kmer:CAAAA:0.0001; kmer:UCCA:0.0001; kmer:CACUU:0.0001,mir-191-5p:0.567; mir-520c-3p:0.560; mir-205-5p:0.527
1956,mir-6892-3p,MIMAT0027685,UCCCUCUCCCACCCCUUGCAG,nao,0.251531,0.661497,0.669974,,kmer:UCCC:0.0003; kmer:CCCU:0.0003; kmer:UGCA:0.0003; kmer:ACCC:0.0003; kmer:GCA:0.0003; kmer:GCAG:0.0002; kmer:UUG:0.0002; kmer:UCCCU:0.0002; kmer:UGCAG:0.0001; kmer:UCCCA:0.0001,mir-145-5p:0.609; mir-125a-5p:0.595; mir-125b-5p:0.565
1957,mir-4707-3p,MIMAT0019808,AGCCCGCCCCAGCCGAGGUUCU,nao,0.251149,0.661480,0.669897,,kmer:GU:0.0016; kmer:GUU:0.0004; kmer:AGGU:0.0002; kmer:CAGC:0.0002; kmer:CGA:0.0002; kmer:CCG:0.0002; kmer:GGUU:0.0001; kmer:CCGA:0.0001; kmer:CCCG:0.0001; kmer:CG:0.0001,mir-145-5p:0.510; mir-4634:0.471; mir-99a-5p:0.418
1958,mir-5196-3p,MIMAT0021129,UCAUCCUCGUCUCCCUCCCAG,nao,0.250766,0.661479,0.669893,,kmer:GU:0.0015; kmer:CGU:0.0005; kmer:UCCC:0.0003; kmer:UCGU:0.0002; kmer:UCG:0.0002; kmer:AUCC:0.0002; kmer:CCCU:0.0002; kmer:UCCCU:0.0002; kmer:AUC:0.0001; kmer:GUCU:0.0001,mir-145-5p:0.626; mir-205-5p:0.600; mir-139-5p:0.467
1959,mir-604,MIMAT0003272,AGGCUGCGGAAUUCAGGAC,nao,0.250383,0.661477,0.669883,,kmer:AAU:0.0007; kmer:AA:0.0005; kmer:GAAU:0.0003; kmer:GGAAU:0.0003; kmer:CAGGA:0.0002; kmer:CAGG:0.0001; kmer:GAAUU:0.0001; kmer:CG:0.0001; kmer:CAG:0.0000,mir-24-3p:0.594; mir-6875-5p:0.584; mir-31-5p:0.490
1960,mir-4456,MIMAT0018978,CCUGGUGGCUUCCUUUU,nao,0.250000,0.661469,0.669848,,kmer:GU:0.0018; kmer:GUG:0.0008; kmer:GCUU:0.0002; kmer:UGGC:0.0001; kmer:UCCUU:0.0001; kmer:CUGGU:0.0000; kmer:GGU:0.0000,mir-520c-3p:0.645; mir-373-3p:0.554; mir-125a-5p:0.500
1961,mir-4736,MIMAT0019862,AGGCAGGUUAUCUGGGCUG,nao,0.249617,0.661461,0.669811,,kmer:GU:0.0017; kmer:UA:0.0008; kmer:GUU:0.0004; kmer:GCA:0.0003; kmer:UUA:0.0003; kmer:GCAG:0.0003; kmer:AGGU:0.0003; kmer:GCAGG:0.0002; kmer:CAGGU:0.0002; kmer:UUAU:0.0001,mir-6861-5p:0.662; mir-31-5p:0.584; mir-34a-5p:0.568
1962,mir-2682-3p,MIMAT0013518,CGCCUCUUCAGCGCUGUCUUCC,nao,0.249234,0.661456,0.669791,,kmer:GU:0.0016; kmer:UGU:0.0008; kmer:UGUC:0.0003; kmer:CAGC:0.0002; kmer:UGUCU:0.0001; kmer:CG:0.0001; kmer:CAGCG:0.0001; kmer:GUCU:0.0001; kmer:CAG:0.0000; kmer:CUGU:0.0000,mir-205-5p:0.604; mir-25-3p:0.505; mir-92a-3p:0.457
1963,mir-519d-5p,MIMAT0026610,CCUCCAAAGGGAAGCGCUUUCUGUU,nao,0.248851,0.661455,0.669784,,kmer:GU:0.0014; kmer:AA:0.0013; kmer:UGU:0.0008; kmer:AAA:0.0004; kmer:GUU:0.0003; kmer:CAAA:0.0002; kmer:GCUU:0.0001; kmer:UCCA:0.0001; kmer:AAAG:0.0001; kmer:CG:0.0000,mir-520c-3p:0.626; mir-191-5p:0.561; mir-205-5p:0.511
1964,mir-193b-5p,MIMAT0004767,CGGGGUUUUGAGGGCGAGAUGA,sim,0.248469,0.661455,0.669784,hsa-mir-193b,kmer:GU:0.0015; kmer:GUU:0.0003; kmer:UGA:0.0003; kmer:UUG:0.0002; kmer:CGA:0.0002; kmer:GGUU:0.0001; kmer:CG:0.0001; kmer:GGGGU:0.0000; kmer:GUUUU:0.0000; kmer:GGGUU:0.0000,mir-373-3p:0.598; mir-1246:0.568; mir-6875-5p:0.537
1965,mir-4728-3p,MIMAT0019850,CAUGCUGACCUCCCUCCUGCCCCAG,nao,0.248086,0.661455,0.669783,,kmer:CUGA:0.0002; kmer:UGCU:0.0002; kmer:UCCC:0.0001; kmer:AUGC:0.0001; kmer:UGA:0.0001; kmer:CCCU:0.0001; kmer:UCCCU:0.0001; kmer:AUGCU:0.0001; kmer:GACC:0.0001; kmer:CAG:0.0000,mir-125a-5p:0.650; mir-125b-5p:0.601; mir-145-5p:0.531
1966,mir-6827-5p,MIMAT0027554,UGGGAGCCAUGAGGGUCUGUGC,nao,0.247703,0.661452,0.669774,,kmer:GU:0.0029; kmer:UGU:0.0008; kmer:GUG:0.0006; kmer:GUGC:0.0006; kmer:UGUG:0.0004; kmer:UGA:0.0001; kmer:UGUGC:0.0001; kmer:GUCUG:0.0001; kmer:GUCU:0.0001; kmer:CUGU:0.0000,mir-6861-5p:0.590; mir-210-3p:0.534; mir-6875-5p:0.527
1967,mir-615-5p,MIMAT0004804,GGGGGUCCCCGGUGCUCGGAUC,nao,0.247320,0.661452,0.669771,,kmer:GU:0.0028; kmer:GUG:0.0006; kmer:GUGC:0.0006; kmer:GUGCU:0.0003; kmer:UCG:0.0002; kmer:UGCU:0.0002; kmer:UCCC:0.0002; kmer:CCCG:0.0001; kmer:AUC:0.0001; kmer:CG:0.0001,mir-4634:0.602; mir-6861-5p:0.601; mir-1307-3p:0.508
1968,mir-1273h-3p,MIMAT0030416,CUGCAGACUCGACCUCCCAGGC,nao,0.246937,0.661451,0.669768,,kmer:UGCA:0.0003; kmer:GCA:0.0002; kmer:GCAG:0.0002; kmer:UCG:0.0002; kmer:UCCC:0.0002; kmer:CGA:0.0002; kmer:UGCAG:0.0001; kmer:CCAGG:0.0001; kmer:CAGG:0.0001; kmer:CAG:0.0001,mir-6875-5p:0.523; mir-145-5p:0.501; mir-125a-5p:0.501
1969,mir-2467-5p,MIMAT0019952,UGAGGCUCUGUUAGCCUUGGCUC,nao,0.246554,0.661447,0.669750,,kmer:GU:0.0014; kmer:UGU:0.0007; kmer:UA:0.0007; kmer:UAG:0.0006; kmer:UAGC:0.0003; kmer:GUU:0.0003; kmer:UUA:0.0002; kmer:UUG:0.0002; kmer:UUGGC:0.0001; kmer:UGA:0.0001,mir-34a-5p:0.566; mir-31-5p:0.510; mir-520c-3p:0.481
1970,mir-3675-3p,MIMAT0018099,CAUCUCUAAGGAACUCCCCCAA,nao,0.246172,0.661439,0.669712,,kmer:AA:0.0014; kmer:UA:0.0008; kmer:UAA:0.0003; kmer:CUAA:0.0002; kmer:UCCC:0.0002; kmer:AAC:0.0001; kmer:AGGAA:0.0001; kmer:AUC:0.0001; kmer:AACU:0.0000; kmer:ACUCC:0.0000,mir-145-5p:0.537; mir-191-5p:0.524; mir-365a-3p:0.513
1971,mir-422a,MIMAT0001339,ACUGGACUUAGGGUCAGAAGGC,nao,0.245789,0.661433,0.669685,,kmer:GU:0.0015; kmer:UA:0.0007; kmer:UAG:0.0006; kmer:AA:0.0004; kmer:CUUA:0.0003; kmer:UUA:0.0002; kmer:CAGAA:0.0001; kmer:CUUAG:0.0000; kmer:UAGG:0.0000; kmer:UAGGG:0.0000,mir-6861-5p:0.619; mir-6875-5p:0.543; mir-24-3p:0.507
1972,mir-188-5p,MIMAT0000457,CAUCCCUUGCAUGGUGGAGGG,nao,0.245406,0.661428,0.669666,,kmer:GU:0.0015; kmer:GUG:0.0007; kmer:UGCA:0.0003; kmer:GCA:0.0003; kmer:UUG:0.0002; kmer:AUCC:0.0002; kmer:UCCC:0.0002; kmer:CCCU:0.0002; kmer:UCCCU:0.0002; kmer:AUCCC:0.0001,mir-6861-5p:0.566; mir-181b-5p:0.545; mir-1246:0.501
1973,mir-8052,MIMAT0030979,CGGGACUGUAGAGGGCAUGAGC,nao,0.245023,0.661427,0.669658,,kmer:GU:0.0015; kmer:UGU:0.0008; kmer:UA:0.0008; kmer:UAG:0.0006; kmer:GUAG:0.0005; kmer:GUA:0.0004; kmer:GCA:0.0003; kmer:UGA:0.0002; kmer:GUAGA:0.0001; kmer:CG:0.0000,mir-6875-5p:0.611; mir-6861-5p:0.553; mir-31-5p:0.551
1974,mir-642a-3p,MIMAT0020924,AGACACAUUUGGAGAGGGAACC,sim,0.244640,0.661424,0.669649,hsa-mir-642a,kmer:AA:0.0004; kmer:UUG:0.0002; kmer:AAC:0.0001; kmer:AACC:0.0001; kmer:CAUU:0.0001; kmer:GAACC:0.0001; kmer:AUUUG:0.0001; kmer:GACAC:0.0000; kmer:AGAC:0.0000; kmer:AUUU:0.0000,mir-6875-5p:0.696; mir-1246:0.576; mir-24-3p:0.426
1975,mir-4726-3p,MIMAT0019846,ACCCAGGUUCCCUCUGGCCGCA,nao,0.244257,0.661420,0.669630,,kmer:GU:0.0015; kmer:GUU:0.0004; kmer:ACCC:0.0003; kmer:GCA:0.0003; kmer:AGGU:0.0002; kmer:CAGGU:0.0002; kmer:UCCC:0.0002; kmer:CCCU:0.0002; kmer:UCCCU:0.0001; kmer:GGUU:0.0001,mir-145-5p:0.639; mir-205-5p:0.556; mir-125a-5p:0.516
1976,mir-5009-5p,MIMAT0021041,UUGGACUUUUUCAGAUUUGGGGAU,nao,0.243874,0.661417,0.669615,,kmer:UUG:0.0004; kmer:UUUUC:0.0001; kmer:AUUUG:0.0001; kmer:GAUUU:0.0000; kmer:CAG:0.0000; kmer:AUUU:0.0000; kmer:UCAGA:0.0000; kmer:UUUGG:0.0000,mir-1246:0.763; mir-373-3p:0.661; mir-520c-3p:0.501
1977,mir-711,MIMAT0012734,GGGACCCAGGGAGAGACGUAAG,nao,0.243492,0.661416,0.669611,,kmer:GU:0.0015; kmer:UA:0.0007; kmer:CGU:0.0005; kmer:AA:0.0004; kmer:GUA:0.0004; kmer:UAA:0.0003; kmer:ACCC:0.0003; kmer:GACCC:0.0002; kmer:CGUA:0.0001; kmer:GAGAC:0.0001,mir-6875-5p:0.807; mir-6861-5p:0.467; mir-125b-5p:0.411
1978,mir-6738-5p,MIMAT0027377,CGAGGGGUAGAAGAGCACAGGGG,nao,0.243109,0.661410,0.669585,,kmer:GU:0.0013; kmer:UA:0.0006; kmer:UAG:0.0005; kmer:GUAG:0.0004; kmer:AA:0.0004; kmer:GGUAG:0.0003; kmer:GUA:0.0003; kmer:AGCA:0.0003; kmer:GGUA:0.0003; kmer:GCA:0.0002,mir-6875-5p:0.624; mir-6861-5p:0.601; mir-24-3p:0.457
1979,mir-1185-1-3p,MIMAT0022838,AUAUACAGGGGGAGACUCUUAU,nao,0.242726,0.661408,0.669576,,kmer:UA:0.0021; kmer:CUUA:0.0003; kmer:CUUAU:0.0002; kmer:UUA:0.0002; kmer:UUAU:0.0001; kmer:UAU:0.0001; kmer:ACAG:0.0001; kmer:GAGAC:0.0001; kmer:UACAG:0.0001; kmer:CAGG:0.0001,mir-6875-5p:0.512; mir-6861-5p:0.491; mir-155-5p:0.458
1980,mir-1261,MIMAT0005913,AUGGAUAAGGCUUUGGCUU,nao,0.242343,0.661404,0.669559,,kmer:UA:0.0009; kmer:AA:0.0005; kmer:GCUU:0.0004; kmer:UAA:0.0004; kmer:UUG:0.0003; kmer:UUGGC:0.0002; kmer:UGGC:0.0001; kmer:UGGAU:0.0000; kmer:UUUGG:0.0000,mir-1246:0.619; mir-373-3p:0.547; mir-31-5p:0.539
1981,mir-627-3p,MIMAT0026623,UCUUUUCUUUGAGACUCACU,nao,0.241960,0.661403,0.669554,,kmer:UUG:0.0002; kmer:UGA:0.0002; kmer:GAGAC:0.0001; kmer:UGAGA:0.0001; kmer:UUUUC:0.0001; kmer:AGAC:0.0000; kmer:AGACU:0.0000; kmer:UUGA:0.0000; kmer:UCACU:0.0000,mir-520c-3p:0.489; mir-25-3p:0.472; mir-205-5p:0.450
1982,mir-4441,MIMAT0018959,ACAGGGAGGAGAUUGUA,nao,0.241577,0.661395,0.669519,,kmer:GU:0.0021; kmer:UGU:0.0011; kmer:UA:0.0010; kmer:UUGU:0.0007; kmer:GUA:0.0005; kmer:UUG:0.0003; kmer:AUUG:0.0002; kmer:ACAG:0.0001; kmer:CAGG:0.0001; kmer:CAG:0.0001,mir-6875-5p:0.758; mir-1246:0.547; let-7a-5p:0.470
1983,mir-5581-5p,MIMAT0022275,AGCCUUCCAGGAGAAAUGGAGA,nao,0.241194,0.661386,0.669475,,kmer:AA:0.0008; kmer:AAU:0.0005; kmer:AAA:0.0004; kmer:AAAU:0.0003; kmer:AAUG:0.0002; kmer:CAGGA:0.0001; kmer:UCCAG:0.0001; kmer:GAAAU:0.0001; kmer:UCCA:0.0001; kmer:CCAGG:0.0001,mir-6875-5p:0.675; mir-1246:0.520; mir-145-5p:0.488
1984,mir-3150a-5p,MIMAT0019206,CAACCUCGACGAUCUCCUCAGC,nao,0.240812,0.661385,0.669473,,kmer:AA:0.0005; kmer:CGA:0.0003; kmer:UCG:0.0003; kmer:CGAU:0.0002; kmer:CAGC:0.0002; kmer:CGAUC:0.0002; kmer:ACGAU:0.0001; kmer:AAC:0.0001; kmer:AACC:0.0001; kmer:AUC:0.0001,mir-425-5p:0.537; mir-205-5p:0.513; mir-99a-5p:0.505
1985,mir-6822-3p,MIMAT0027545,AGGCUCUAACUGGCUUUCCCUGCA,nao,0.240429,0.661385,0.669471,,kmer:UA:0.0006; kmer:AA:0.0004; kmer:UAA:0.0002; kmer:UGCA:0.0002; kmer:GCA:0.0002; kmer:CUAA:0.0001; kmer:UAAC:0.0001; kmer:UCCC:0.0001; kmer:CCCU:0.0001; kmer:UCCCU:0.0001,mir-125b-5p:0.515; mir-31-5p:0.509; mir-125a-5p:0.509
1986,mir-1972,MIMAT0009447,UCAGGCCAGGCACAGUGGCUCA,nao,0.240046,0.661384,0.669467,,kmer:GU:0.0015; kmer:GUG:0.0007; kmer:AGUG:0.0003; kmer:GCA:0.0002; kmer:AGU:0.0002; kmer:GCAC:0.0002; kmer:CAGU:0.0002; kmer:CAGG:0.0002; kmer:GCACA:0.0001; kmer:CAG:0.0001,mir-24-3p:0.751; mir-6861-5p:0.536; mir-139-5p:0.527
1987,mir-1268a,MIMAT0005922,CGGGCGUGGUGGUGGGGG,nao,0.239663,0.661382,0.669461,,kmer:GU:0.0051; kmer:GUG:0.0023; kmer:CGU:0.0005; kmer:CGUG:0.0004; kmer:GUGGU:0.0002; kmer:GCGUG:0.0001; kmer:GCGU:0.0001; kmer:CG:0.0001; kmer:CGUGG:0.0001; kmer:GGU:0.0000,mir-6861-5p:0.714; mir-1307-3p:0.535; mir-382-5p:0.508
1988,mir-6802-3p,MIMAT0027505,UUCACCCCUCUCACCUAAGCAG,nao,0.239280,0.661378,0.669439,,kmer:UA:0.0008; kmer:AA:0.0005; kmer:AGCA:0.0004; kmer:AGCAG:0.0003; kmer:UAA:0.0003; kmer:ACCC:0.0003; kmer:GCA:0.0003; kmer:GCAG:0.0003; kmer:CUAA:0.0002; kmer:CCUAA:0.0002,mir-205-5p:0.546; mir-125a-5p:0.496; mir-125b-5p:0.491
1989,mir-593-5p,MIMAT0003261,AGGCACCAGCCAGGCAUUGCUCAGC,nao,0.238897,0.661376,0.669431,,kmer:GCA:0.0005; kmer:CAGC:0.0003; kmer:GCAC:0.0002; kmer:UUG:0.0002; kmer:UGCU:0.0002; kmer:AUUGC:0.0001; kmer:AUUG:0.0001; kmer:CAG:0.0001; kmer:CAUU:0.0001; kmer:CCAGG:0.0001,mir-24-3p:0.665; mir-31-5p:0.617; mir-195-5p:0.574
1990,mir-6869-3p,MIMAT0027639,CGCCGCGCGCAUCGGCUCAGC,nao,0.238515,0.661366,0.669389,,kmer:GCA:0.0003; kmer:CG:0.0003; kmer:UCG:0.0003; kmer:CAGC:0.0002; kmer:CGGC:0.0002; kmer:AUC:0.0001; kmer:UCGG:0.0001; kmer:CCG:0.0001; kmer:AUCG:0.0001; kmer:CAG:0.0001,mir-4634:0.584; mir-1307-3p:0.503; mir-31-5p:0.455
1991,mir-532-3p,MIMAT0004780,CCUCCCACACCCAAGGCUUGCA,nao,0.238132,0.661366,0.669386,,kmer:AA:0.0005; kmer:UGCA:0.0003; kmer:ACCC:0.0003; kmer:GCA:0.0003; kmer:UUG:0.0002; kmer:UCCC:0.0002; kmer:GCUU:0.0002; kmer:UCCCA:0.0001; kmer:UUGCA:0.0001; kmer:CUUG:0.0000,mir-145-5p:0.523; mir-92a-3p:0.510; mir-191-5p:0.507
1992,mir-3654,MIMAT0018074,GACUGGACAAGCUGAGGAA,nao,0.237749,0.661363,0.669376,,kmer:AA:0.0010; kmer:CUGA:0.0003; kmer:UGA:0.0002; kmer:AGGAA:0.0001; kmer:CUGAG:0.0001; kmer:ACUG:0.0000; kmer:UGAGG:0.0000; kmer:GACUG:0.0000,mir-6875-5p:0.622; mir-191-5p:0.479; mir-21-5p:0.469
1993,mir-4746-3p,MIMAT0019881,AGCGGUGCUCCUGCGGGCCGA,nao,0.237366,0.661360,0.669362,,kmer:GU:0.0017; kmer:GUG:0.0007; kmer:GUGC:0.0007; kmer:GUGCU:0.0003; kmer:UGCU:0.0002; kmer:CGA:0.0002; kmer:CG:0.0002; kmer:CCGA:0.0001; kmer:CCG:0.0001; kmer:AGCGG:0.0001,mir-4634:0.633; mir-210-3p:0.560; mir-1307-3p:0.505
1994,mir-3909,MIMAT0018183,UGUCCUCUAGGGCCUGCAGUCU,nao,0.236983,0.661357,0.669348,,kmer:GU:0.0030; kmer:UGU:0.0008; kmer:UA:0.0007; kmer:UAG:0.0006; kmer:UGCA:0.0003; kmer:GCA:0.0003; kmer:UGUC:0.0002; kmer:AGU:0.0002; kmer:GCAG:0.0002; kmer:CAGU:0.0002,mir-139-5p:0.580; mir-92a-3p:0.555; mir-34a-5p:0.540
1995,mir-3670,MIMAT0018093,AGAGCUCACAGCUGUCCUUCUCUA,nao,0.236600,0.661357,0.669346,,kmer:GU:0.0013; kmer:UGU:0.0007; kmer:UA:0.0007; kmer:UGUC:0.0002; kmer:CAGC:0.0001; kmer:ACAG:0.0001; kmer:UCCUU:0.0000; kmer:CAG:0.0000; kmer:CUGU:0.0000; kmer:ACAGC:0.0000,mir-205-5p:0.553; mir-139-5p:0.527; mir-24-3p:0.498
1996,mir-6779-3p,MIMAT0027459,AAGCCCUGUCUCCUCCCAUCU,nao,0.236217,0.661354,0.669335,,kmer:GU:0.0015; kmer:UGU:0.0008; kmer:AA:0.0004; kmer:UGUC:0.0002; kmer:UCCC:0.0002; kmer:CCCU:0.0002; kmer:CCCUG:0.0001; kmer:UGUCU:0.0001; kmer:CCUGU:0.0001; kmer:AUC:0.0001,mir-205-5p:0.562; mir-145-5p:0.545; mir-125a-5p:0.545
1997,mir-187-5p,MIMAT0004561,GGCUACAACACAGGACCCGGGC,nao,0.235835,0.661354,0.669334,,kmer:UA:0.0008; kmer:AA:0.0005; kmer:ACCC:0.0003; kmer:GACCC:0.0002; kmer:CAGGA:0.0001; kmer:AAC:0.0001; kmer:CCCG:0.0001; kmer:ACAG:0.0001; kmer:CCCGG:0.0001; kmer:CCGG:0.0001,mir-6875-5p:0.583; mir-4634:0.548; mir-24-3p:0.499
1998,mir-6874-5p,MIMAT0027648,AUGGAGCUGGAACCAGAUCAGGC,nao,0.235452,0.661347,0.669302,,kmer:AA:0.0004; kmer:AAC:0.0001; kmer:AACC:0.0001; kmer:AUC:0.0001; kmer:CAGG:0.0001; kmer:CAG:0.0001; kmer:GAACC:0.0001; kmer:AUCAG:0.0001; kmer:GAUCA:0.0000; kmer:GAUC:0.0000,mir-24-3p:0.601; mir-6875-5p:0.600; mir-31-5p:0.586
1999,mir-7156-3p,MIMAT0028223,CUGCAGCCACUUGGGGAACUGGU,nao,0.235069,0.661347,0.669301,,kmer:GU:0.0014; kmer:AA:0.0004; kmer:UGCA:0.0003; kmer:GCA:0.0002; kmer:GCAGC:0.0002; kmer:ACUUG:0.0002; kmer:GCAG:0.0002; kmer:UUG:0.0002; kmer:CAGC:0.0002; kmer:AAC:0.0001,mir-6861-5p:0.629; mir-497-5p:0.549; mir-34a-5p:0.504
2000,mir-6845-3p,MIMAT0027591,CCUCUCCUCCCUGUGCCCCAG,nao,0.234686,0.661344,0.669289,,kmer:GU:0.0015; kmer:UGU:0.0008; kmer:GUG:0.0007; kmer:GUGC:0.0006; kmer:UGUG:0.0004; kmer:UCCC:0.0002; kmer:CCCU:0.0001; kmer:UCCCU:0.0001; kmer:CCCUG:0.0001; kmer:CCUGU:0.0001,mir-125a-5p:0.627; mir-145-5p:0.564; mir-125b-5p:0.564
2001,mir-527,MIMAT0002862,CUGCAAAGGGAAGCCCUUUC,nao,0.234303,0.661341,0.669277,,kmer:AA:0.0015; kmer:AAA:0.0004; kmer:UGCA:0.0003; kmer:CAAA:0.0003; kmer:GCA:0.0003; kmer:GCAAA:0.0002; kmer:UGCAA:0.0002; kmer:CCCU:0.0002; kmer:GCAA:0.0001; kmer:AAAG:0.0001,mir-520c-3p:0.603; mir-191-5p:0.589; mir-19a-3p:0.501
2002,mir-518a-5p,MIMAT0005457,CUGCAAAGGGAAGCCCUUUC,nao,0.233920,0.661341,0.669277,,kmer:AA:0.0015; kmer:AAA:0.0004; kmer:UGCA:0.0003; kmer:CAAA:0.0003; kmer:GCA:0.0003; kmer:GCAAA:0.0002; kmer:UGCAA:0.0002; kmer:CCCU:0.0002; kmer:GCAA:0.0001; kmer:AAAG:0.0001,mir-520c-3p:0.603; mir-191-5p:0.589; mir-19a-3p:0.501
2003,mir-6731-3p,MIMAT0027364,UCUAUUCCCCACUCUCCCCAG,nao,0.233538,0.661332,0.669236,,kmer:UA:0.0007; kmer:UCCC:0.0003; kmer:UAUU:0.0001; kmer:UAU:0.0001; kmer:CAG:0.0000; kmer:CACUC:0.0000; kmer:UUCCC:0.0000; kmer:CCCAG:0.0000,mir-145-5p:0.621; mir-205-5p:0.550; mir-125a-5p:0.436
2004,mir-4758-3p,MIMAT0019904,UGCCCCACCUGCUGACCACCCUC,nao,0.233155,0.661330,0.669229,,kmer:ACCC:0.0003; kmer:ACCCU:0.0002; kmer:CUGA:0.0002; kmer:UGCU:0.0002; kmer:UGA:0.0002; kmer:CCCU:0.0002; kmer:ACC:0.0001; kmer:GACC:0.0001; kmer:UGCUG:0.0000,mir-125a-5p:0.669; mir-125b-5p:0.609; mir-92a-3p:0.476
2005,mir-6131,MIMAT0024615,GGCUGGUCAGAUGGGAGUG,nao,0.232772,0.661330,0.669229,,kmer:GU:0.0034; kmer:GUG:0.0008; kmer:AGUG:0.0003; kmer:AGU:0.0003; kmer:CAG:0.0000; kmer:UCAGA:0.0000; kmer:CUGGU:0.0000; kmer:GUC:0.0000; kmer:GGU:0.0000; kmer:GUCAG:0.0000,mir-6861-5p:0.619; mir-34a-5p:0.572; mir-31-5p:0.531
2006,mir-933,MIMAT0004976,UGUGCGCAGGGAGACCUCUCCC,nao,0.232389,0.661327,0.669213,,kmer:GU:0.0015; kmer:UGU:0.0008; kmer:GUG:0.0007; kmer:GUGC:0.0006; kmer:UGUG:0.0004; kmer:GCA:0.0003; kmer:GCAG:0.0002; kmer:GCAGG:0.0002; kmer:UCCC:0.0002; kmer:AGACC:0.0001,mir-6875-5p:0.563; mir-125a-5p:0.559; mir-125b-5p:0.553
2007,mir-4730,MIMAT0019852,CUGGCGGAGCCCAUUCCAUGCCA,nao,0.232006,0.661326,0.669209,,kmer:AUGC:0.0001; kmer:UGGCG:0.0001; kmer:CAUU:0.0001; kmer:UCCA:0.0001; kmer:UGGC:0.0000; kmer:CAUUC:0.0000; kmer:CG:0.0000; kmer:CCAUU:0.0000; kmer:CAUGC:0.0000; kmer:UCCAU:0.0000,mir-205-5p:0.555; mir-31-5p:0.469; mir-145-5p:0.454
2008,mir-3612,MIMAT0017989,AGGAGGCAUCUUGAGAAAUGGA,nao,0.231623,0.661321,0.669186,,kmer:AA:0.0009; kmer:AAU:0.0006; kmer:AAA:0.0004; kmer:AAAU:0.0003; kmer:GCA:0.0003; kmer:UUG:0.0002; kmer:AAUG:0.0002; kmer:UGA:0.0002; kmer:AUC:0.0001; kmer:GAAAU:0.0001,mir-6875-5p:0.624; mir-1246:0.582; mir-31-5p:0.508
2009,mir-10394-3p,MIMAT0041620,UGGGCGCGCCGGGACUGUGAGAC,nao,0.231240,0.661316,0.669165,,kmer:GU:0.0016; kmer:UGU:0.0008; kmer:GUG:0.0007; kmer:UGUG:0.0005; kmer:UGA:0.0002; kmer:CG:0.0002; kmer:UGUGA:0.0001; kmer:GAGAC:0.0001; kmer:CCGG:0.0001; kmer:CCG:0.0001,mir-4634:0.649; mir-210-3p:0.603; mir-6861-5p:0.514
2010,mir-659-5p,MIMAT0022710,AGGACCUUCCCUGAACCAAGGA,nao,0.230858,0.661314,0.669156,,kmer:AA:0.0009; kmer:CUGA:0.0002; kmer:UCCC:0.0002; kmer:UGA:0.0002; kmer:CCCU:0.0002; kmer:UCCCU:0.0002; kmer:CCCUG:0.0001; kmer:AAC:0.0001; kmer:AACC:0.0001; kmer:CCUGA:0.0001,mir-125a-5p:0.690; mir-125b-5p:0.625; mir-6875-5p:0.601
2011,mir-765,MIMAT0003945,UGGAGGAGAAGGAAGGUGAUG,nao,0.230475,0.661312,0.669145,,kmer:GU:0.0016; kmer:AA:0.0009; kmer:GUG:0.0007; kmer:AGGU:0.0002; kmer:UGA:0.0002; kmer:AGGAA:0.0001; kmer:UGAUG:0.0000; kmer:GUGAU:0.0000; kmer:GUGA:0.0000; kmer:GGU:0.0000,mir-6875-5p:0.672; mir-206:0.610; mir-1246:0.507
2012,mir-3059-5p,MIMAT0048633,UUUCCUCUCUGCCCCAUAGGGUGU,nao,0.230092,0.661307,0.669125,,kmer:GU:0.0029; kmer:UGU:0.0007; kmer:UA:0.0007; kmer:GUG:0.0006; kmer:UAG:0.0006; kmer:AUAG:0.0002; kmer:AUAGG:0.0001; kmer:GUGU:0.0001; kmer:UAGG:0.0000; kmer:UAGGG:0.0000,mir-205-5p:0.579; mir-145-5p:0.557; mir-520c-3p:0.500
2013,mir-4303,MIMAT0016856,UUCUGAGCUGAGGACAG,nao,0.229709,0.661305,0.669114,,kmer:CUGA:0.0005; kmer:UGA:0.0004; kmer:CUGAG:0.0002; kmer:ACAG:0.0001; kmer:CAG:0.0000; kmer:GACAG:0.0000; kmer:UGAGG:0.0000,mir-6875-5p:0.607; mir-21-5p:0.487; mir-210-3p:0.479
2014,mir-4800-5p,MIMAT0019978,AGUGGACCGAGGAAGGAAGGA,nao,0.229326,0.661298,0.669086,,kmer:GU:0.0016; kmer:AA:0.0009; kmer:GUG:0.0007; kmer:AGUG:0.0003; kmer:AGU:0.0003; kmer:ACCG:0.0003; kmer:AGGAA:0.0002; kmer:CGA:0.0002; kmer:CCGA:0.0001; kmer:ACCGA:0.0001,mir-6875-5p:0.696; mir-206:0.584; mir-1246:0.427
2015,mir-5703,MIMAT0022496,AGGAGAAGUCGGGAAGGU,nao,0.228943,0.661295,0.669071,,kmer:GU:0.0040; kmer:AA:0.0012; kmer:AGU:0.0003; kmer:UCG:0.0003; kmer:AGGU:0.0003; kmer:AAGU:0.0003; kmer:GAAGU:0.0002; kmer:UCGG:0.0001; kmer:GUCG:0.0001; kmer:GUCGG:0.0001,mir-6875-5p:0.597; mir-206:0.530; mir-6861-5p:0.458
2016,mir-193a-5p,MIMAT0004614,UGGGUCUUUGCGGGCGAGAUGA,sim,0.228560,0.661290,0.669048,hsa-mir-193a,kmer:GU:0.0015; kmer:UUG:0.0002; kmer:CGA:0.0002; kmer:UGA:0.0002; kmer:CG:0.0001; kmer:GUCU:0.0001; kmer:GUC:0.0000; kmer:GUCUU:0.0000; kmer:GGU:0.0000,mir-373-3p:0.597; mir-6861-5p:0.512; mir-4634:0.503
2017,mir-25-5p,MIMAT0004498,AGGCGGAGACUUGGGCAAUUG,nao,0.228178,0.661279,0.669000,,kmer:AAU:0.0006; kmer:AA:0.0005; kmer:UUG:0.0004; kmer:GCA:0.0003; kmer:ACUUG:0.0003; kmer:AUUG:0.0001; kmer:GAGAC:0.0001; kmer:GCAA:0.0001; kmer:CG:0.0001; kmer:AGAC:0.0000,mir-1246:0.557; mir-31-5p:0.532; mir-6861-5p:0.505
2018,mir-6077,MIMAT0023702,GGGAAGAGCUGUACGGCCUUC,nao,0.227795,0.661273,0.668970,,kmer:GU:0.0016; kmer:UGU:0.0008; kmer:UA:0.0008; kmer:AA:0.0005; kmer:GUA:0.0004; kmer:CGGC:0.0002; kmer:CGGCC:0.0001; kmer:CG:0.0001; kmer:CUGU:0.0000; kmer:CUGUA:0.0000,mir-520c-3p:0.509; mir-31-5p:0.495; mir-4634:0.472
2019,mir-500b-3p,MIMAT0027032,GCACCCAGGCAAGGAUUCUG,nao,0.227412,0.661264,0.668933,,kmer:GCA:0.0006; kmer:AA:0.0005; kmer:ACCC:0.0003; kmer:GCAC:0.0003; kmer:CCAGG:0.0001; kmer:CAGG:0.0001; kmer:GCAA:0.0001; kmer:CAG:0.0000; kmer:ACC:0.0000; kmer:GGAUU:0.0000,mir-6875-5p:0.576; mir-31-5p:0.567; mir-24-3p:0.541
2020,mir-5194,MIMAT0021125,UGAGGGGUUUGGAAUGGGAUGG,nao,0.227029,0.661258,0.668906,,kmer:GU:0.0014; kmer:AAU:0.0005; kmer:AA:0.0004; kmer:GUU:0.0003; kmer:GAAU:0.0002; kmer:GGAAU:0.0002; kmer:UUG:0.0002; kmer:AAUG:0.0002; kmer:UGA:0.0001; kmer:GGUU:0.0001,mir-1246:0.632; mir-6861-5p:0.590; mir-373-3p:0.582
2021,mir-619-5p,MIMAT0026622,GCUGGGAUUACAGGCAUGAGCC,nao,0.226646,0.661258,0.668903,,kmer:UA:0.0007; kmer:GCA:0.0003; kmer:UUA:0.0002; kmer:UGA:0.0002; kmer:UUAC:0.0001; kmer:ACAG:0.0001; kmer:UACAG:0.0001; kmer:UUACA:0.0001; kmer:CAGG:0.0001; kmer:CAG:0.0000,mir-31-5p:0.658; mir-1246:0.549; mir-6875-5p:0.532
2022,mir-125a-3p,MIMAT0004602,ACAGGUGAGGUUCUUGGGAGCC,sim,0.226263,0.661249,0.668867,hsa-mir-125a,kmer:GU:0.0030; kmer:GUG:0.0007; kmer:AGGU:0.0005; kmer:GUU:0.0004; kmer:UUG:0.0002; kmer:CAGGU:0.0002; kmer:UGA:0.0002; kmer:GGUU:0.0001; kmer:ACAG:0.0001; kmer:CAGG:0.0001,mir-6875-5p:0.619; let-7b-5p:0.616; mir-6861-5p:0.615
2023,mir-676-5p,MIMAT0018203,UCUUCAACCUCAGGACUUGCA,nao,0.225881,0.661246,0.668854,,kmer:AA:0.0005; kmer:UGCA:0.0003; kmer:GCA:0.0003; kmer:ACUUG:0.0003; kmer:UUG:0.0002; kmer:CAGGA:0.0002; kmer:AAC:0.0001; kmer:AACC:0.0001; kmer:CAGG:0.0001; kmer:UUGCA:0.0001,mir-24-3p:0.575; mir-205-5p:0.559; mir-25-3p:0.541
2024,mir-6780a-3p,MIMAT0027461,CUCCUCUGUUUUCUUUCCUAG,nao,0.225498,0.661239,0.668821,,kmer:GU:0.0016; kmer:UGU:0.0008; kmer:UA:0.0008; kmer:UAG:0.0007; kmer:GUU:0.0004; kmer:UUUUC:0.0001; kmer:CUGU:0.0000; kmer:UUUCC:0.0000; kmer:GUUUU:0.0000; kmer:CCUA:0.0000,mir-205-5p:0.565; mir-520c-3p:0.545; mir-145-5p:0.521
2025,mir-4691-5p,MIMAT0019781,GUCCUCCAGGCCAUGAGCUGCGG,nao,0.225115,0.661234,0.668800,,kmer:GU:0.0014; kmer:UGA:0.0001; kmer:UCCAG:0.0001; kmer:UCCA:0.0001; kmer:CCAGG:0.0001; kmer:CAGG:0.0001; kmer:CG:0.0000; kmer:CAG:0.0000; kmer:GUC:0.0000,mir-205-5p:0.527; mir-145-5p:0.519; mir-31-5p:0.519
2026,mir-526b-5p,MIMAT0002835,CUCUUGAGGGAAGCACUUUCUGU,sim,0.224732,0.661220,0.668736,hsa-mir-526b,kmer:GU:0.0014; kmer:UGU:0.0007; kmer:AA:0.0004; kmer:AGCA:0.0003; kmer:GCA:0.0002; kmer:GCAC:0.0002; kmer:UUG:0.0002; kmer:AGCAC:0.0002; kmer:UGA:0.0001; kmer:CACUU:0.0001,mir-25-3p:0.593; mir-520c-3p:0.566; mir-373-3p:0.502
2027,mir-6816-3p,MIMAT0027533,GAAGGACCUGCACCUUCG,nao,0.224349,0.661220,0.668734,,kmer:AA:0.0006; kmer:UGCA:0.0004; kmer:GCA:0.0004; kmer:UCG:0.0003; kmer:GCAC:0.0003; kmer:UUCG:0.0002; kmer:UGCAC:0.0002; kmer:GACC:0.0001; kmer:ACC:0.0001; kmer:CG:0.0001,mir-125a-5p:0.588; mir-205-5p:0.526; mir-125b-5p:0.513
2028,mir-6872-3p,MIMAT0027645,CCCAUGCCUCCUGCCGCGGUC,nao,0.223966,0.661218,0.668725,,kmer:GU:0.0018; kmer:AUGC:0.0002; kmer:CGGUC:0.0001; kmer:CG:0.0001; kmer:CCG:0.0001; kmer:CAUGC:0.0000; kmer:CGGU:0.0000; kmer:GUC:0.0000; kmer:GGU:0.0000,mir-92a-3p:0.547; mir-205-5p:0.503; mir-125a-5p:0.464
2029,mir-7158-3p,MIMAT0028227,CUGAACUAGAGAUUGGGCCCA,nao,0.223583,0.661212,0.668701,,kmer:UA:0.0008; kmer:UAG:0.0007; kmer:AA:0.0005; kmer:CUGA:0.0003; kmer:UUG:0.0002; kmer:AUUGG:0.0002; kmer:UGA:0.0002; kmer:AUUG:0.0002; kmer:AAC:0.0001; kmer:AACU:0.0000,mir-125b-5p:0.548; mir-6875-5p:0.512; mir-125a-5p:0.508
2030,mir-4639-3p,MIMAT0019698,UCACUCUCACCUUGCUUUGC,nao,0.223201,0.661212,0.668699,,kmer:UUG:0.0005; kmer:UGCUU:0.0003; kmer:UGCU:0.0002; kmer:GCUU:0.0002; kmer:CUUG:0.0000; kmer:ACC:0.0000; kmer:CACUC:0.0000; kmer:UCACU:0.0000,mir-25-3p:0.568; mir-92a-3p:0.483; mir-205-5p:0.480
2031,mir-1305,MIMAT0005893,UUUUCAACUCUAAUGGGAGAGA,nao,0.222818,0.661197,0.668635,,kmer:AA:0.0009; kmer:UA:0.0008; kmer:AAU:0.0006; kmer:UAA:0.0003; kmer:AAUG:0.0002; kmer:CUAA:0.0002; kmer:UAAUG:0.0001; kmer:AAC:0.0001; kmer:UAAU:0.0001; kmer:CUAAU:0.0001,mir-1246:0.562; mir-520c-3p:0.507; mir-373-3p:0.455
2032,mir-516a-3p,MIMAT0006778,UGCUUCCUUUCAGAGGGU,nao,0.222435,0.661197,0.668634,,kmer:GU:0.0017; kmer:UGCUU:0.0003; kmer:UGCU:0.0002; kmer:GCUU:0.0002; kmer:UCCUU:0.0001; kmer:CAG:0.0000; kmer:UCAGA:0.0000; kmer:GGU:0.0000,mir-520c-3p:0.776; mir-205-5p:0.572; mir-373-3p:0.551
2033,mir-516b-3p,MIMAT0002860,UGCUUCCUUUCAGAGGGU,nao,0.222052,0.661197,0.668634,,kmer:GU:0.0017; kmer:UGCUU:0.0003; kmer:UGCU:0.0002; kmer:GCUU:0.0002; kmer:UCCUU:0.0001; kmer:CAG:0.0000; kmer:UCAGA:0.0000; kmer:GGU:0.0000,mir-520c-3p:0.776; mir-205-5p:0.572; mir-373-3p:0.551
2034,mir-6864-3p,MIMAT0027629,GUGAGACUUCUCUCCCUUCAG,nao,0.221669,0.661174,0.668532,,kmer:GU:0.0015; kmer:GUG:0.0007; kmer:UCCC:0.0002; kmer:UGA:0.0002; kmer:CCCU:0.0002; kmer:UCCCU:0.0001; kmer:GAGAC:0.0001; kmer:UGAGA:0.0001; kmer:CAG:0.0000; kmer:AGAC:0.0000,mir-205-5p:0.604; mir-125b-5p:0.577; mir-125a-5p:0.568
2035,mir-1229-5p,MIMAT0022942,GUGGGUAGGGUUUGGGGGAGAGCG,nao,0.221286,0.661159,0.668465,,kmer:GU:0.0038; kmer:UA:0.0006; kmer:GUG:0.0006; kmer:UAG:0.0005; kmer:GUAG:0.0004; kmer:GGUAG:0.0003; kmer:GUA:0.0003; kmer:GUU:0.0003; kmer:GGUA:0.0003; kmer:UUG:0.0002,mir-6861-5p:0.759; mir-373-3p:0.592; let-7b-5p:0.564
2036,mir-718,MIMAT0012735,CUUCCGCCCCGCCGGGCGUCG,nao,0.220904,0.661146,0.668406,,kmer:GU:0.0020; kmer:CGU:0.0006; kmer:CG:0.0003; kmer:UCG:0.0003; kmer:CCG:0.0003; kmer:GCGU:0.0001; kmer:CCCG:0.0001; kmer:CCGG:0.0001; kmer:GUCG:0.0001; kmer:GUC:0.0000,mir-4634:0.724; mir-1307-3p:0.536; mir-205-5p:0.478
2037,mir-6734-5p,MIMAT0027369,UUGAGGGGAGAAUGAGGUGGAGA,nao,0.220521,0.661140,0.668380,,kmer:GU:0.0013; kmer:GUG:0.0006; kmer:AAU:0.0005; kmer:AA:0.0004; kmer:UGA:0.0003; kmer:GAAU:0.0002; kmer:AGGU:0.0002; kmer:UUG:0.0002; kmer:AAUG:0.0002; kmer:GAAUG:0.0000,mir-6875-5p:0.694; mir-1246:0.519; mir-206:0.485
2038,mir-3155a,MIMAT0015029,CCAGGCUCUGCAGUGGGAACU,nao,0.220138,0.661132,0.668342,,kmer:GU:0.0015; kmer:GUG:0.0007; kmer:AA:0.0005; kmer:AGUG:0.0003; kmer:UGCA:0.0003; kmer:GCA:0.0003; kmer:AGU:0.0002; kmer:GCAG:0.0002; kmer:CAGU:0.0002; kmer:AAC:0.0001,mir-6861-5p:0.662; mir-24-3p:0.647; mir-17-5p:0.532
2039,mir-4429,MIMAT0018944,AAAAGCUGGGCUGAGAGGCG,nao,0.219755,0.661130,0.668332,,kmer:AA:0.0014; kmer:AAA:0.0008; kmer:CUGA:0.0002; kmer:UGA:0.0002; kmer:CUGAG:0.0001; kmer:UGAGA:0.0001; kmer:AAAG:0.0001; kmer:CG:0.0001; kmer:AAAA:0.0000; kmer:AAAAG:0.0000,mir-31-5p:0.609; mir-191-5p:0.525; mir-6861-5p:0.471
2040,mir-6515-3p,MIMAT0025487,UCUCUUCAUCUACCCCCCAG,nao,0.219372,0.661127,0.668319,,kmer:UA:0.0008; kmer:ACCC:0.0003; kmer:UACCC:0.0002; kmer:UACC:0.0001; kmer:AUC:0.0001; kmer:UUCAU:0.0000; kmer:CAG:0.0000; kmer:ACC:0.0000; kmer:ACCCC:0.0000; kmer:CCCAG:0.0000,mir-205-5p:0.562; mir-145-5p:0.521; mir-223-3p:0.479
2041,mir-3142,MIMAT0015011,AAGGCCUUUCUGAACCUUCAGA,nao,0.218989,0.661126,0.668317,,kmer:AA:0.0009; kmer:CUGA:0.0002; kmer:UGA:0.0002; kmer:AAC:0.0001; kmer:AACC:0.0001; kmer:GAACC:0.0001; kmer:CAG:0.0000; kmer:ACC:0.0000; kmer:UCAGA:0.0000,mir-520c-3p:0.584; mir-125a-5p:0.575; mir-205-5p:0.562
2042,mir-1843,MIMAT0039764,UAUGGAGGUCUCUGUCUGGC,nao,0.218606,0.661122,0.668297,,kmer:GU:0.0031; kmer:UGU:0.0008; kmer:UA:0.0008; kmer:UGUC:0.0003; kmer:AGGU:0.0002; kmer:UGUCU:0.0001; kmer:GUCU:0.0001; kmer:GUCUG:0.0001; kmer:UAU:0.0001; kmer:UGGC:0.0001,mir-25-3p:0.609; mir-34a-5p:0.557; mir-200a-3p:0.541
2043,mir-4278,MIMAT0016910,CUAGGGGGUUUGCCCUUG,nao,0.218224,0.661121,0.668295,,kmer:GU:0.0018; kmer:UA:0.0009; kmer:UAG:0.0007; kmer:UUG:0.0005; kmer:GUU:0.0004; kmer:CCCU:0.0002; kmer:GGUU:0.0001; kmer:GUUUG:0.0001; kmer:UAGG:0.0001; kmer:UAGGG:0.0001,mir-6861-5p:0.572; mir-373-3p:0.554; mir-520c-3p:0.537
2044,mir-6758-3p,MIMAT0027417,ACUCAUUCUCCUCUGUCCAG,nao,0.217841,0.661119,0.668286,,kmer:GU:0.0016; kmer:UGU:0.0008; kmer:UGUC:0.0003; kmer:UCCAG:0.0001; kmer:CAUU:0.0001; kmer:UCCA:0.0001; kmer:GUCCA:0.0001; kmer:CAUUC:0.0001; kmer:CAG:0.0000; kmer:UCAUU:0.0000,mir-205-5p:0.691; mir-139-5p:0.545; mir-25-3p:0.538
2045,mir-3085-5p,MIMAT0048635,AGGUGCCAUUCUGAGGGCCAGGAGU,nao,0.217458,0.661110,0.668247,,kmer:GU:0.0025; kmer:GUG:0.0006; kmer:GUGC:0.0005; kmer:AGU:0.0002; kmer:AGGU:0.0002; kmer:CUGA:0.0002; kmer:UGA:0.0001; kmer:CAGGA:0.0001; kmer:CAUU:0.0001; kmer:CCAGG:0.0001,mir-6875-5p:0.679; mir-6861-5p:0.583; mir-24-3p:0.506
2046,mir-744-5p,MIMAT0004945,UGCGGGGCUAGGGCUAACAGCA,nao,0.217075,0.661105,0.668223,,kmer:UA:0.0015; kmer:UAG:0.0006; kmer:AA:0.0004; kmer:AGCA:0.0004; kmer:UAA:0.0003; kmer:CAGCA:0.0003; kmer:GCA:0.0002; kmer:CUAA:0.0002; kmer:UAAC:0.0002; kmer:CAGC:0.0002,mir-6861-5p:0.590; mir-31-5p:0.551; mir-24-3p:0.504
2047,mir-7155-3p,MIMAT0028221,UGGCCCAAGACCUCAGACC,nao,0.216692,0.661097,0.668185,,kmer:AA:0.0005; kmer:AGACC:0.0003; kmer:GACC:0.0002; kmer:AGAC:0.0001; kmer:CAGAC:0.0001; kmer:UGGC:0.0001; kmer:ACC:0.0001; kmer:CAG:0.0000; kmer:UCAGA:0.0000,mir-125a-5p:0.547; mir-125b-5p:0.520; mir-6875-5p:0.504
2048,mir-766-3p,MIMAT0003888,ACUCCAGCCCCACAGCCUCAGC,nao,0.216309,0.661096,0.668183,,kmer:CAGC:0.0005; kmer:CAG:0.0001; kmer:UCCAG:0.0001; kmer:ACAG:0.0001; kmer:UCCA:0.0001; kmer:ACAGC:0.0000; kmer:ACUCC:0.0000; kmer:CACAG:0.0000,mir-24-3p:0.537; mir-145-5p:0.502; mir-191-5p:0.470
2049,mir-6730-3p,MIMAT0027362,CCUGACACCCCAUCUGCCCUCA,nao,0.215926,0.661086,0.668137,,kmer:ACCC:0.0003; kmer:CUGA:0.0002; kmer:UGA:0.0002; kmer:CCCU:0.0002; kmer:UGACA:0.0001; kmer:AUC:0.0001; kmer:CCUGA:0.0001; kmer:GACAC:0.0000; kmer:ACC:0.0000; kmer:ACCCC:0.0000,mir-125a-5p:0.636; mir-125b-5p:0.586; mir-205-5p:0.522
2050,mir-7114-3p,MIMAT0028126,UGACCCACCCCUCUCCACCAG,nao,0.215544,0.661084,0.668128,,kmer:ACCC:0.0006; kmer:GACCC:0.0002; kmer:UGA:0.0002; kmer:CCCU:0.0002; kmer:UCCA:0.0001; kmer:ACC:0.0001; kmer:GACC:0.0001; kmer:CAG:0.0000; kmer:ACCCC:0.0000,mir-125a-5p:0.583; mir-125b-5p:0.543; mir-145-5p:0.540
2051,mir-1908-5p,MIMAT0007881,CGGCGGGGACGGCGAUUGGUC,nao,0.215161,0.661064,0.668042,,kmer:GU:0.0017; kmer:CGGC:0.0003; kmer:UUG:0.0002; kmer:CGAU:0.0002; kmer:CG:0.0002; kmer:AUUGG:0.0002; kmer:CGA:0.0002; kmer:AUUG:0.0001; kmer:CGGCG:0.0001; kmer:GUC:0.0000,mir-4634:0.752; mir-1307-3p:0.590; mir-6861-5p:0.494
2052,mir-3619-3p,MIMAT0019219,GGGACCAUCCUGCCUGCUGUGG,nao,0.214778,0.661061,0.668025,,kmer:GU:0.0015; kmer:UGU:0.0008; kmer:GUG:0.0007; kmer:UGUG:0.0004; kmer:UGCU:0.0002; kmer:AUCC:0.0002; kmer:AUC:0.0001; kmer:GACC:0.0001; kmer:ACCAU:0.0000; kmer:CUGU:0.0000,mir-125a-5p:0.568; mir-92a-3p:0.533; mir-210-3p:0.521
2053,mir-4261,MIMAT0016890,AGGAAACAGGGACCCA,nao,0.214395,0.661060,0.668021,,kmer:AA:0.0013; kmer:AAA:0.0006; kmer:ACCC:0.0004; kmer:GACCC:0.0003; kmer:AAC:0.0002; kmer:AGGAA:0.0002; kmer:ACAG:0.0001; kmer:CAGG:0.0001; kmer:GACC:0.0001; kmer:CAG:0.0001,mir-6875-5p:0.771; mir-24-3p:0.520; mir-191-5p:0.498
2054,mir-6789-5p,MIMAT0027478,GUAGGGGCGUCCCGGGCGCGCGGG,nao,0.214012,0.661049,0.667973,,kmer:GU:0.0030; kmer:UA:0.0007; kmer:UAG:0.0006; kmer:GUAG:0.0005; kmer:CGU:0.0005; kmer:GUA:0.0004; kmer:CG:0.0002; kmer:UCCC:0.0002; kmer:UCCCG:0.0001; kmer:GCGU:0.0001,mir-4634:0.788; mir-1307-3p:0.574; mir-6861-5p:0.563
2055,mir-7162-5p,MIMAT0028234,UGCUUCCUUUCUCAGCUG,nao,0.213629,0.661049,0.667973,,kmer:UGCUU:0.0003; kmer:UGCU:0.0002; kmer:CAGC:0.0002; kmer:GCUU:0.0002; kmer:UCCUU:0.0001; kmer:CAG:0.0000,mir-520c-3p:0.591; mir-205-5p:0.568; mir-25-3p:0.457
2056,mir-3194-3p,MIMAT0019218,AGCUCUGCUGCUCACUGGCAGU,nao,0.213247,0.661047,0.667963,,kmer:GU:0.0015; kmer:UGCU:0.0004; kmer:GCA:0.0002; kmer:AGU:0.0002; kmer:GCAG:0.0002; kmer:CAGU:0.0002; kmer:UGGC:0.0000; kmer:CAG:0.0000; kmer:ACUG:0.0000; kmer:UGGCA:0.0000,mir-31-5p:0.639; mir-34a-5p:0.553; mir-24-3p:0.502
2057,mir-490-3p,MIMAT0002806,CAACCUGGAGGACUCCAUGCUG,nao,0.212864,0.661046,0.667957,,kmer:AA:0.0004; kmer:UGCU:0.0002; kmer:AUGC:0.0001; kmer:AAC:0.0001; kmer:AACC:0.0001; kmer:AUGCU:0.0001; kmer:UCCA:0.0001; kmer:CAUGC:0.0000; kmer:ACC:0.0000; kmer:UCCAU:0.0000,mir-31-5p:0.511; mir-125a-5p:0.504; mir-6875-5p:0.499
2058,mir-498-5p,MIMAT0002824,UUUCAAGCCAGGGGGCGUUUUUC,nao,0.212481,0.661045,0.667954,,kmer:GU:0.0015; kmer:CGU:0.0005; kmer:AA:0.0004; kmer:GUU:0.0003; kmer:CGUU:0.0001; kmer:GCGU:0.0001; kmer:CCAGG:0.0001; kmer:CAGG:0.0001; kmer:UUUUC:0.0001; kmer:CG:0.0000,mir-1246:0.551; mir-520c-3p:0.548; mir-373-3p:0.537
2059,mir-7160-3p,MIMAT0028231,CAGGGCCCUGGCUUUAGCAGA,nao,0.212098,0.661032,0.667899,,kmer:UA:0.0007; kmer:UAG:0.0006; kmer:UAGC:0.0004; kmer:AGCA:0.0004; kmer:AGCAG:0.0003; kmer:GCA:0.0003; kmer:UUA:0.0002; kmer:GCAG:0.0002; kmer:UAGCA:0.0002; kmer:CCCU:0.0002,mir-31-5p:0.596; mir-24-3p:0.575; mir-195-5p:0.543
2060,mir-1236-3p,MIMAT0005591,CCUCUUCCCCUUGUCUCUCCAG,nao,0.211715,0.661032,0.667897,,kmer:GU:0.0014; kmer:UGU:0.0007; kmer:UUGU:0.0005; kmer:CUUGU:0.0003; kmer:UGUC:0.0002; kmer:UUG:0.0002; kmer:UUGUC:0.0002; kmer:UCCC:0.0002; kmer:CCCU:0.0001; kmer:UGUCU:0.0001,mir-205-5p:0.624; mir-145-5p:0.579; mir-25-3p:0.524
2061,mir-6850-5p,MIMAT0027600,GUGCGGAACGCUGGCCGGGGCG,nao,0.211332,0.661028,0.667878,,kmer:GU:0.0016; kmer:GUG:0.0007; kmer:GUGC:0.0007; kmer:AA:0.0005; kmer:CG:0.0002; kmer:AAC:0.0001; kmer:CCGG:0.0001; kmer:CCG:0.0001; kmer:GUGCG:0.0001; kmer:UGGC:0.0001,mir-4634:0.753; mir-1307-3p:0.549; mir-6861-5p:0.519
2062,mir-3122,MIMAT0014984,GUUGGGACAAGAGGACGGUCUU,nao,0.210949,0.661014,0.667815,,kmer:GU:0.0033; kmer:AA:0.0005; kmer:GUU:0.0004; kmer:UUG:0.0002; kmer:GUUG:0.0002; kmer:CGGUC:0.0001; kmer:GUCU:0.0001; kmer:CG:0.0001; kmer:CGGU:0.0000; kmer:GUC:0.0000,mir-6875-5p:0.623; mir-6861-5p:0.508; mir-373-3p:0.504
2063,mir-1266-5p,MIMAT0005920,CCUCAGGGCUGUAGAACAGGGCU,nao,0.210567,0.661007,0.667787,,kmer:GU:0.0014; kmer:UGU:0.0007; kmer:UA:0.0007; kmer:UAG:0.0006; kmer:GUAG:0.0005; kmer:AA:0.0004; kmer:GUA:0.0003; kmer:CAGG:0.0001; kmer:AAC:0.0001; kmer:ACAG:0.0001,mir-24-3p:0.626; mir-6861-5p:0.625; mir-31-5p:0.520
2064,mir-3621,MIMAT0018002,CGCGGGUCGGGGUCUGCAGG,nao,0.210184,0.661001,0.667757,,kmer:GU:0.0033; kmer:UGCA:0.0003; kmer:GCA:0.0003; kmer:GCAG:0.0003; kmer:UCG:0.0003; kmer:GCAGG:0.0002; kmer:CG:0.0002; kmer:UGCAG:0.0001; kmer:UCGG:0.0001; kmer:CAGG:0.0001,mir-6861-5p:0.625; mir-1307-3p:0.580; mir-4634:0.558
2065,mir-6738-3p,MIMAT0027378,CUUCUGCCUGCAUUCUACUCCCAG,nao,0.209801,0.660998,0.667743,,kmer:UA:0.0007; kmer:UGCA:0.0003; kmer:GCA:0.0002; kmer:UCCC:0.0002; kmer:CAUU:0.0001; kmer:UCCCA:0.0000; kmer:CAUUC:0.0000; kmer:CAG:0.0000; kmer:ACUCC:0.0000; kmer:CCCAG:0.0000,mir-205-5p:0.618; mir-92a-3p:0.530; mir-25-3p:0.520
2066,mir-6761-5p,MIMAT0027422,UCUGAGAGAGCUCGAUGGCAG,nao,0.209418,0.660996,0.667734,,kmer:GCA:0.0003; kmer:GCAG:0.0002; kmer:UCG:0.0002; kmer:CUGA:0.0002; kmer:CGAU:0.0002; kmer:CGA:0.0002; kmer:UGA:0.0002; kmer:CUGAG:0.0001; kmer:UGAGA:0.0001; kmer:UGGC:0.0001,mir-31-5p:0.579; mir-6875-5p:0.493; mir-21-5p:0.488
2067,mir-2277-3p,MIMAT0011777,UGACAGCGCCCUGCCUGGCUC,nao,0.209035,0.660995,0.667730,,kmer:CAGC:0.0002; kmer:UGA:0.0002; kmer:CCCU:0.0002; kmer:CCCUG:0.0001; kmer:UGACA:0.0001; kmer:ACAG:0.0001; kmer:CAGCG:0.0001; kmer:UGGC:0.0001; kmer:CG:0.0000; kmer:CAG:0.0000,mir-210-3p:0.575; mir-125a-5p:0.528; mir-92a-3p:0.493
2068,mir-4533,MIMAT0019072,UGGAAGGAGGUUGCCGGACGCU,nao,0.208652,0.660994,0.667727,,kmer:GU:0.0016; kmer:AA:0.0005; kmer:GUU:0.0004; kmer:AGGU:0.0002; kmer:UUG:0.0002; kmer:GUUG:0.0002; kmer:GGUU:0.0001; kmer:GGUUG:0.0001; kmer:CG:0.0001; kmer:CCGG:0.0001,mir-6875-5p:0.606; mir-206:0.504; mir-1246:0.503
2069,mir-1225-5p,MIMAT0005572,GUGGGUACGGCCCAGUGGGGGG,nao,0.208270,0.660991,0.667715,,kmer:GU:0.0042; kmer:GUG:0.0013; kmer:UA:0.0007; kmer:GUA:0.0003; kmer:GGUA:0.0003; kmer:AGUG:0.0003; kmer:AGU:0.0002; kmer:CAGU:0.0001; kmer:CGGC:0.0001; kmer:CGGCC:0.0001,mir-6861-5p:0.771; mir-4634:0.556; mir-373-3p:0.489
2070,mir-4695-5p,MIMAT0019788,CAGGAGGCAGUGGGCGAGCAGG,nao,0.207887,0.660985,0.667688,,kmer:GU:0.0015; kmer:GUG:0.0007; kmer:GCA:0.0005; kmer:GCAG:0.0005; kmer:AGCA:0.0003; kmer:AGCAG:0.0003; kmer:AGUG:0.0003; kmer:AGU:0.0002; kmer:GCAGG:0.0002; kmer:CAGU:0.0002,mir-24-3p:0.669; mir-6875-5p:0.647; mir-6861-5p:0.565
2071,mir-2277-5p,MIMAT0017352,AGCGCGGGCUGAGCGCUGCCAGUC,nao,0.207504,0.660985,0.667685,,kmer:GU:0.0016; kmer:AGU:0.0003; kmer:CUGA:0.0002; kmer:CAGU:0.0002; kmer:UGA:0.0002; kmer:CG:0.0002; kmer:CCAGU:0.0001; kmer:CUGAG:0.0001; kmer:CAG:0.0000; kmer:GUC:0.0000,mir-210-3p:0.608; mir-31-5p:0.560; mir-4634:0.498
2072,mir-5093,MIMAT0021085,AGGAAAUGAGGCUGGCUAGGAGC,nao,0.207121,0.660983,0.667677,,kmer:AA:0.0008; kmer:UA:0.0007; kmer:UAG:0.0006; kmer:AAU:0.0005; kmer:AAA:0.0004; kmer:AAAU:0.0003; kmer:AAUG:0.0002; kmer:UGA:0.0001; kmer:AGGAA:0.0001; kmer:GAAAU:0.0001,mir-31-5p:0.612; mir-6875-5p:0.580; mir-6861-5p:0.501
2073,mir-3137,MIMAT0015005,UCUGUAGCCUGGGAGCAAUGGGGU,nao,0.206738,0.660982,0.667674,,kmer:GU:0.0028; kmer:UGU:0.0007; kmer:UA:0.0007; kmer:UAG:0.0006; kmer:AAU:0.0005; kmer:GUAG:0.0005; kmer:AA:0.0004; kmer:UAGC:0.0003; kmer:GUA:0.0003; kmer:AGCA:0.0003,mir-6861-5p:0.694; mir-34a-5p:0.522; mir-31-5p:0.520
2074,mir-520d-5p,MIMAT0002855,CUACAAAGGGAAGCCCUUUC,sim,0.206355,0.660982,0.667674,hsa-mir-520d,kmer:AA:0.0016; kmer:UA:0.0009; kmer:AAA:0.0005; kmer:CAAA:0.0003; kmer:CCCU:0.0002; kmer:AAAG:0.0001; kmer:CAAAG:0.0000,mir-520c-3p:0.600; mir-191-5p:0.564; mir-365a-3p:0.494
2075,mir-4330,MIMAT0016924,CCUCAGAUCAGAGCCUUGC,nao,0.205972,0.660980,0.667666,,kmer:UUG:0.0003; kmer:AUC:0.0001; kmer:CAG:0.0001; kmer:AUCAG:0.0001; kmer:UCAGA:0.0001; kmer:GAUCA:0.0001; kmer:GAUC:0.0000; kmer:CUUG:0.0000; kmer:AUCA:0.0000,mir-24-3p:0.531; mir-21-5p:0.515; mir-205-5p:0.431
2076,mir-6791-3p,MIMAT0027483,UGCCUCCUUGGUCUCCGGCAG,nao,0.205590,0.660975,0.667644,,kmer:GU:0.0015; kmer:GCA:0.0003; kmer:GCAG:0.0002; kmer:UUG:0.0002; kmer:CGGC:0.0002; kmer:CCGGC:0.0001; kmer:CCGG:0.0001; kmer:CCG:0.0001; kmer:GUCU:0.0001; kmer:GUCUC:0.0001,mir-205-5p:0.581; mir-92a-3p:0.560; mir-25-3p:0.540
2077,mir-6750-5p,MIMAT0027400,CAGGGAACAGCUGGGUGAGCUGCU,nao,0.205207,0.660966,0.667604,,kmer:GU:0.0013; kmer:GUG:0.0006; kmer:AA:0.0004; kmer:UGCU:0.0002; kmer:CAGC:0.0001; kmer:UGA:0.0001; kmer:AAC:0.0001; kmer:ACAG:0.0001; kmer:CAGG:0.0001; kmer:CAG:0.0001,mir-6861-5p:0.609; mir-31-5p:0.607; mir-24-3p:0.572
2078,mir-4526,MIMAT0019065,GCUGACAGCAGGGCUGGCCGCU,nao,0.204824,0.660943,0.667501,,kmer:AGCA:0.0003; kmer:AGCAG:0.0003; kmer:CAGCA:0.0003; kmer:GCA:0.0002; kmer:GCAG:0.0002; kmer:GCAGG:0.0002; kmer:CUGA:0.0002; kmer:CAGC:0.0002; kmer:UGA:0.0001; kmer:UGACA:0.0001,mir-31-5p:0.647; mir-24-3p:0.575; mir-210-3p:0.573
2079,mir-378a-3p,MIMAT0000732,ACUGGACUUGGAGUCAGAAGGC,sim,0.204441,0.660943,0.667499,hsa-mir-378a,kmer:GU:0.0015; kmer:AA:0.0004; kmer:AGU:0.0002; kmer:ACUUG:0.0002; kmer:UUG:0.0002; kmer:CAGAA:0.0001; kmer:CAG:0.0000; kmer:ACUG:0.0000; kmer:CUUG:0.0000; kmer:UCAGA:0.0000,mir-6875-5p:0.564; mir-24-3p:0.520; mir-1246:0.519
2080,mir-3663-3p,MIMAT0018085,UGAGCACCACACAGGCCGGGCGC,nao,0.204058,0.660942,0.667496,,kmer:AGCA:0.0004; kmer:GCA:0.0003; kmer:GCAC:0.0002; kmer:AGCAC:0.0002; kmer:UGA:0.0002; kmer:ACAG:0.0001; kmer:CG:0.0001; kmer:CCGG:0.0001; kmer:CAGG:0.0001; kmer:CCG:0.0001,mir-4634:0.565; mir-195-5p:0.536; mir-497-5p:0.522
2081,mir-518f-3p,MIMAT0002842,GAAAGCGCUUCUCUUUAGAGG,nao,0.203675,0.660938,0.667478,,kmer:AA:0.0010; kmer:UA:0.0009; kmer:UAG:0.0007; kmer:AAA:0.0005; kmer:UUA:0.0003; kmer:GCUU:0.0002; kmer:AAAG:0.0001; kmer:CG:0.0001,mir-520c-3p:0.704; mir-373-3p:0.444; mir-31-5p:0.415
2082,mir-1908-3p,MIMAT0026916,CCGGCCGCCGGCUCCGCCCCG,nao,0.203292,0.660938,0.667475,,kmer:CCG:0.0004; kmer:CGGC:0.0003; kmer:CG:0.0003; kmer:CCGGC:0.0002; kmer:CCGG:0.0002; kmer:CCCG:0.0001; kmer:CGGCC:0.0001; kmer:CGGCU:0.0000,mir-4634:0.744; mir-92a-3p:0.474; mir-99a-5p:0.383
2083,mir-1295b-3p,MIMAT0022294,AAUAGGCCACGGAUCUGGGCAA,nao,0.202910,0.660935,0.667464,,kmer:AA:0.0009; kmer:UA:0.0008; kmer:UAG:0.0007; kmer:AAU:0.0006; kmer:GCA:0.0003; kmer:AAUA:0.0002; kmer:AUAG:0.0002; kmer:CACG:0.0001; kmer:AUC:0.0001; kmer:AUAGG:0.0001,mir-31-5p:0.606; mir-6861-5p:0.559; mir-191-5p:0.505
2084,mir-4748,MIMAT0019884,GAGGUUUGGGGAGGAUUUGCU,nao,0.202527,0.660933,0.667456,,kmer:GU:0.0014; kmer:UUG:0.0004; kmer:GUU:0.0003; kmer:AGGU:0.0002; kmer:UGCU:0.0002; kmer:GGUU:0.0001; kmer:AUUUG:0.0001; kmer:GUUUG:0.0001; kmer:GAUUU:0.0000; kmer:AGGUU:0.0000,mir-1246:0.703; mir-373-3p:0.656; mir-6861-5p:0.524
2085,mir-381-3p,MIMAT0000736,UAUACAAGGGCAAGCUCUCUGU,nao,0.202144,0.660929,0.667436,,kmer:GU:0.0018; kmer:UA:0.0017; kmer:AA:0.0010; kmer:UGU:0.0009; kmer:GCA:0.0003; kmer:GCAA:0.0001; kmer:UAU:0.0001; kmer:CUGU:0.0000,mir-31-5p:0.610; mir-191-5p:0.488; mir-24-3p:0.465
2086,mir-6716-3p,MIMAT0025845,UCCGAACUCUCCAUUCCUCUGC,nao,0.201761,0.660923,0.667410,,kmer:AA:0.0004; kmer:CGA:0.0002; kmer:AAC:0.0001; kmer:CCGAA:0.0001; kmer:CCGA:0.0001; kmer:CGAA:0.0001; kmer:CAUU:0.0001; kmer:UCCA:0.0001; kmer:CCG:0.0001; kmer:CAUUC:0.0001,mir-205-5p:0.669; mir-25-3p:0.478; mir-145-5p:0.460
2087,mir-4476,MIMAT0019003,CAGGAAGGAUUUAGGGACAGGC,nao,0.201378,0.660921,0.667402,,kmer:UA:0.0007; kmer:UAG:0.0006; kmer:AA:0.0004; kmer:UUA:0.0002; kmer:CAGG:0.0002; kmer:CAGGA:0.0001; kmer:AGGAA:0.0001; kmer:ACAG:0.0001; kmer:CAG:0.0001; kmer:UAGG:0.0000,mir-6875-5p:0.747; mir-1246:0.589; mir-24-3p:0.564
2088,mir-5006-5p,MIMAT0021033,UUGCCAGGGCAGGAGGUGGAA,nao,0.200995,0.660920,0.667398,,kmer:GU:0.0015; kmer:GUG:0.0007; kmer:AA:0.0004; kmer:GCA:0.0002; kmer:GCAG:0.0002; kmer:AGGU:0.0002; kmer:GCAGG:0.0002; kmer:UUG:0.0002; kmer:CAGG:0.0002; kmer:CAGGA:0.0001,mir-6875-5p:0.703; mir-6861-5p:0.642; mir-24-3p:0.581
2089,mir-11399,MIMAT0044656,UUCAGGUCUGGGGCUGAAACCU,nao,0.200613,0.660918,0.667387,,kmer:GU:0.0014; kmer:AA:0.0008; kmer:AAA:0.0004; kmer:AGGU:0.0002; kmer:CUGA:0.0002; kmer:CAGGU:0.0002; kmer:UGA:0.0001; kmer:AAC:0.0001; kmer:AACC:0.0001; kmer:CAGG:0.0001,mir-6861-5p:0.648; mir-181b-5p:0.500; mir-24-3p:0.492
2090,mir-6824-3p,MIMAT0027549,UCUCUGGUCUUGCCACCCCAG,nao,0.200230,0.660896,0.667292,,kmer:GU:0.0016; kmer:ACCC:0.0003; kmer:UUG:0.0002; kmer:GUCU:0.0001; kmer:CAG:0.0000; kmer:CUUG:0.0000; kmer:ACC:0.0000; kmer:CUGGU:0.0000; kmer:ACCCC:0.0000; kmer:GUC:0.0000,mir-205-5p:0.565; mir-25-3p:0.564; mir-139-5p:0.506
2091,mir-346,MIMAT0000773,UGUCUGCCCGCAUGCCUGCCUCU,nao,0.199847,0.660891,0.667267,,kmer:GU:0.0016; kmer:UGU:0.0008; kmer:GCA:0.0003; kmer:UGUC:0.0003; kmer:AUGC:0.0002; kmer:UGUCU:0.0001; kmer:CCCG:0.0001; kmer:CCG:0.0001; kmer:GUCUG:0.0001; kmer:GUCU:0.0001,mir-92a-3p:0.597; mir-25-3p:0.509; mir-125a-5p:0.464
2092,mir-4323,MIMAT0016875,CAGCCCCACAGCCUCAGA,nao,0.199464,0.660887,0.667251,,kmer:CAGC:0.0004; kmer:CAG:0.0001; kmer:ACAG:0.0001; kmer:UCAGA:0.0000; kmer:ACAGC:0.0000; kmer:CACAG:0.0000,mir-24-3p:0.575; mir-195-5p:0.475; mir-191-5p:0.463
2093,mir-99a-3p,MIMAT0004511,CAAGCUCGCUUCUAUGGGUCUG,sim,0.199081,0.660883,0.667233,hsa-mir-99a,kmer:GU:0.0016; kmer:UA:0.0008; kmer:AA:0.0005; kmer:UCG:0.0003; kmer:GCUU:0.0002; kmer:GUCUG:0.0001; kmer:GUCU:0.0001; kmer:UAU:0.0001; kmer:CG:0.0001; kmer:GUC:0.0000,mir-25-3p:0.582; mir-34a-5p:0.498; mir-181b-5p:0.493
2094,mir-1303,MIMAT0005891,UUUAGAGACGGGGUCUUGCUCU,nao,0.198698,0.660883,0.667231,,kmer:GU:0.0015; kmer:UA:0.0008; kmer:UAG:0.0006; kmer:UUA:0.0002; kmer:UUG:0.0002; kmer:UGCU:0.0002; kmer:GAGAC:0.0001; kmer:GUCU:0.0001; kmer:CG:0.0000; kmer:GGGGU:0.0000,mir-520c-3p:0.609; mir-373-3p:0.541; mir-25-3p:0.526
2095,mir-6735-5p,MIMAT0027371,CAGGGCAGAGGGCACAGGAAUCUGA,nao,0.198315,0.660875,0.667195,,kmer:AAU:0.0005; kmer:GCA:0.0004; kmer:AA:0.0004; kmer:AAUC:0.0003; kmer:GAAU:0.0002; kmer:GCAG:0.0002; kmer:GCAC:0.0002; kmer:GGAAU:0.0002; kmer:CUGA:0.0002; kmer:CAGG:0.0001,mir-6875-5p:0.688; mir-24-3p:0.639; mir-31-5p:0.534
2096,mir-8082,MIMAT0031009,UGAUGGAGCUGGGAAUACUCUG,nao,0.197933,0.660868,0.667163,,kmer:UA:0.0007; kmer:AAU:0.0006; kmer:AA:0.0004; kmer:GAAU:0.0002; kmer:GGAAU:0.0002; kmer:AAUA:0.0002; kmer:UGA:0.0002; kmer:AAUAC:0.0001; kmer:UGAUG:0.0000,mir-31-5p:0.518; mir-21-5p:0.498; mir-206:0.489
2097,mir-12119,MIMAT0049013,UUCUGAGGGGACGGUAGAUUUGGGG,nao,0.197550,0.660866,0.667155,,kmer:GU:0.0012; kmer:UA:0.0006; kmer:UAG:0.0005; kmer:GUAG:0.0004; kmer:GGUAG:0.0003; kmer:GUA:0.0003; kmer:GGUA:0.0003; kmer:CUGA:0.0002; kmer:UUG:0.0002; kmer:UGA:0.0001,mir-6861-5p:0.653; mir-373-3p:0.613; mir-1246:0.550
2098,mir-3907,MIMAT0018179,AGGUGCUCCAGGCUGGCUCACA,nao,0.197167,0.660856,0.667112,,kmer:GU:0.0014; kmer:GUG:0.0006; kmer:GUGC:0.0006; kmer:GUGCU:0.0003; kmer:AGGU:0.0002; kmer:UGCU:0.0002; kmer:UCCAG:0.0001; kmer:UCCA:0.0001; kmer:CCAGG:0.0001; kmer:CAGG:0.0001,mir-6861-5p:0.663; mir-24-3p:0.588; mir-31-5p:0.575
2099,mir-877-5p,MIMAT0004949,GUAGAGGAGAUGGCGCAGGG,nao,0.196784,0.660856,0.667110,,kmer:GU:0.0018; kmer:UA:0.0009; kmer:UAG:0.0007; kmer:GUAG:0.0006; kmer:GUA:0.0004; kmer:GCA:0.0003; kmer:GCAG:0.0003; kmer:GCAGG:0.0003; kmer:UGGCG:0.0001; kmer:CAGG:0.0001,mir-6875-5p:0.677; mir-31-5p:0.564; mir-6861-5p:0.529
2100,mir-138-1-3p,MIMAT0004607,GCUACUUCACAACACCAGGGCC,nao,0.196401,0.660854,0.667102,,kmer:UA:0.0008; kmer:AA:0.0005; kmer:AAC:0.0001; kmer:CCAGG:0.0001; kmer:CAGG:0.0001; kmer:CAG:0.0000; kmer:ACC:0.0000,mir-24-3p:0.520; mir-497-5p:0.440; mir-205-5p:0.439
2101,mir-664b-5p,MIMAT0022271,UGGGCUAAGGGAGAUGAUUGGGUA,nao,0.196018,0.660852,0.667092,,kmer:GU:0.0014; kmer:UA:0.0014; kmer:AA:0.0004; kmer:GUA:0.0003; kmer:GGUA:0.0003; kmer:UAA:0.0003; kmer:UUG:0.0002; kmer:CUAA:0.0002; kmer:AUUGG:0.0002; kmer:UGA:0.0001,mir-6861-5p:0.662; mir-155-5p:0.570; mir-373-3p:0.556
2102,mir-3186-3p,MIMAT0015068,UCACGCGGAGAGAUGGCUUUG,nao,0.195636,0.660849,0.667081,,kmer:UUG:0.0002; kmer:GCUU:0.0002; kmer:CACG:0.0001; kmer:CG:0.0001; kmer:UGGC:0.0001,mir-1246:0.536; mir-31-5p:0.498; mir-6875-5p:0.475
2103,mir-6782-5p,MIMAT0027464,UAGGGGUGGGGGAAUUCAGGGGUGU,nao,0.195253,0.660824,0.666970,,kmer:GU:0.0035; kmer:GUG:0.0010; kmer:UGU:0.0006; kmer:UA:0.0006; kmer:UAG:0.0005; kmer:AAU:0.0004; kmer:AA:0.0003; kmer:GAAU:0.0002; kmer:GGAAU:0.0002; kmer:CAGG:0.0001,mir-6861-5p:0.746; mir-373-3p:0.554; mir-155-5p:0.519
2104,mir-4758-5p,MIMAT0019903,GUGAGUGGGAGCCGGUGGGGCUG,nao,0.194870,0.660823,0.666966,,kmer:GU:0.0043; kmer:GUG:0.0019; kmer:AGUG:0.0003; kmer:AGU:0.0002; kmer:UGA:0.0001; kmer:CCGG:0.0001; kmer:CCG:0.0001; kmer:CG:0.0000; kmer:CGGU:0.0000; kmer:GUGA:0.0000,mir-6861-5p:0.712; mir-373-3p:0.565; mir-206:0.528
2105,mir-370-3p,MIMAT0000722,GCCUGCUGGGGUGGAACCUGGU,nao,0.194487,0.660822,0.666959,,kmer:GU:0.0027; kmer:GUG:0.0006; kmer:AA:0.0004; kmer:UGCU:0.0002; kmer:AAC:0.0001; kmer:AACC:0.0001; kmer:GAACC:0.0001; kmer:GGGGU:0.0000; kmer:ACC:0.0000; kmer:UGCUG:0.0000,mir-6861-5p:0.657; mir-181b-5p:0.522; mir-373-3p:0.499
2106,mir-892b,MIMAT0004918,CACUGGCUCCUUUCUGGGUAGA,sim,0.194104,0.660821,0.666954,hsa-mir-892b,kmer:GU:0.0014; kmer:UA:0.0007; kmer:UAG:0.0006; kmer:GUAG:0.0005; kmer:GGUAG:0.0004; kmer:GUA:0.0003; kmer:GGUA:0.0003; kmer:GUAGA:0.0001; kmer:UGGC:0.0000; kmer:UCCUU:0.0000,mir-6861-5p:0.660; mir-520c-3p:0.546; mir-205-5p:0.503
2107,mir-7843-3p,MIMAT0030412,AUGAAGCCUUCUCUGCCUUACG,nao,0.193721,0.660813,0.666920,,kmer:UA:0.0008; kmer:AA:0.0005; kmer:CUUA:0.0004; kmer:UUA:0.0003; kmer:UGA:0.0002; kmer:UUAC:0.0001; kmer:CUUAC:0.0001; kmer:CG:0.0001,mir-125a-5p:0.513; mir-205-5p:0.506; mir-520c-3p:0.467
2108,mir-345-5p,MIMAT0000772,GCUGACUCCUAGUCCAGGGCUC,nao,0.193338,0.660811,0.666912,,kmer:GU:0.0014; kmer:UA:0.0007; kmer:UAG:0.0006; kmer:AGU:0.0002; kmer:CUGA:0.0002; kmer:UGA:0.0001; kmer:UCCAG:0.0001; kmer:UCCA:0.0001; kmer:CCAGG:0.0001; kmer:GUCCA:0.0001,mir-6861-5p:0.576; mir-205-5p:0.495; mir-145-5p:0.482
2109,mir-378i,MIMAT0019074,ACUGGACUAGGAGUCAGAAGG,nao,0.192956,0.660798,0.666852,,kmer:GU:0.0017; kmer:UA:0.0008; kmer:UAG:0.0007; kmer:AA:0.0005; kmer:AGU:0.0003; kmer:CAGAA:0.0001; kmer:UAGG:0.0001; kmer:CAG:0.0000; kmer:ACUG:0.0000; kmer:UCAGA:0.0000,mir-6875-5p:0.645; mir-24-3p:0.529; mir-6861-5p:0.505
2110,mir-4633-5p,MIMAT0019689,AUAUGCCUGGCUAGCUCCUC,nao,0.192573,0.660796,0.666846,,kmer:UA:0.0017; kmer:UAG:0.0007; kmer:UAGC:0.0004; kmer:UAGCU:0.0003; kmer:AUGC:0.0002; kmer:UAU:0.0001; kmer:UGGC:0.0001; kmer:AUAU:0.0000,mir-31-5p:0.585; mir-92a-3p:0.458; mir-365a-3p:0.437
2111,mir-3614-5p,MIMAT0017992,CCACUUGGAUCUGAAGGCUGCCC,nao,0.192190,0.660792,0.666823,,kmer:AA:0.0004; kmer:ACUUG:0.0002; kmer:CUGA:0.0002; kmer:UUG:0.0002; kmer:UGA:0.0001; kmer:AUC:0.0001; kmer:CACUU:0.0001; kmer:GAUC:0.0000; kmer:CUUG:0.0000; kmer:UGGAU:0.0000,mir-92a-3p:0.538; mir-125b-5p:0.531; mir-25-3p:0.519
2112,mir-4308,MIMAT0016861,UCCCUGGAGUUUCUUCUU,nao,0.191807,0.660786,0.666797,,kmer:GU:0.0018; kmer:GUU:0.0004; kmer:AGU:0.0003; kmer:AGUU:0.0003; kmer:AGUUU:0.0002; kmer:UCCC:0.0002; kmer:CCCU:0.0002; kmer:UCCCU:0.0002; kmer:CCCUG:0.0002; kmer:GAGUU:0.0000,mir-205-5p:0.616; mir-145-5p:0.559; mir-520c-3p:0.529
2113,mir-937-5p,MIMAT0022938,GUGAGUCAGGGUGGGGCUGG,nao,0.191424,0.660785,0.666792,,kmer:GU:0.0046; kmer:GUG:0.0014; kmer:AGU:0.0002; kmer:UGA:0.0002; kmer:CAGG:0.0001; kmer:CAG:0.0000; kmer:GUGA:0.0000; kmer:GUC:0.0000; kmer:GGU:0.0000; kmer:GUCAG:0.0000,mir-6861-5p:0.785; mir-373-3p:0.550; mir-181b-5p:0.549
2114,mir-6867-3p,MIMAT0027635,CUCUCCCUCUUUACCCACUAG,nao,0.191041,0.660778,0.666763,,kmer:UA:0.0016; kmer:UAG:0.0007; kmer:ACCC:0.0003; kmer:UUA:0.0003; kmer:UACCC:0.0002; kmer:UCCC:0.0002; kmer:CCCU:0.0002; kmer:UCCCU:0.0002; kmer:UACC:0.0002; kmer:UUAC:0.0001,mir-125a-5p:0.555; mir-125b-5p:0.512; mir-205-5p:0.511
2115,mir-3156-3p,MIMAT0019209,CUCCCACUUCCAGAUCUUUCU,nao,0.190658,0.660778,0.666761,,kmer:UCCC:0.0002; kmer:AUC:0.0001; kmer:UCCAG:0.0001; kmer:UCCA:0.0001; kmer:CACUU:0.0001; kmer:UCCCA:0.0001; kmer:CAG:0.0000; kmer:GAUC:0.0000,mir-205-5p:0.645; mir-145-5p:0.625; mir-99a-5p:0.469
2116,mir-3151-5p,MIMAT0015024,GGUGGGGCAAUGGGAUCAGGU,nao,0.190276,0.660772,0.666737,,kmer:GU:0.0031; kmer:GUG:0.0007; kmer:AAU:0.0006; kmer:AA:0.0005; kmer:GCA:0.0003; kmer:AGGU:0.0002; kmer:CAGGU:0.0002; kmer:AAUG:0.0002; kmer:AUC:0.0001; kmer:CAGG:0.0001,mir-6861-5p:0.751; mir-181b-5p:0.530; mir-373-3p:0.498
2117,mir-4530,MIMAT0019069,CCCAGCAGGACGGGAGCG,nao,0.189893,0.660770,0.666727,,kmer:AGCA:0.0005; kmer:AGCAG:0.0004; kmer:CAGCA:0.0003; kmer:GCA:0.0003; kmer:GCAG:0.0003; kmer:GCAGG:0.0003; kmer:CAGC:0.0002; kmer:CAGGA:0.0002; kmer:CG:0.0001; kmer:CAGG:0.0001,mir-6875-5p:0.722; mir-24-3p:0.598; mir-4634:0.508
2118,mir-4462,MIMAT0018986,UGACACGGAGGGUGGCUUGGGAA,nao,0.189510,0.660766,0.666708,,kmer:GU:0.0014; kmer:GUG:0.0006; kmer:AA:0.0004; kmer:UUG:0.0002; kmer:UGA:0.0001; kmer:GCUU:0.0001; kmer:CACG:0.0001; kmer:UGACA:0.0001; kmer:ACACG:0.0001; kmer:UGGC:0.0000,mir-6861-5p:0.648; mir-6875-5p:0.581; mir-373-3p:0.543
2119,mir-6888-5p,MIMAT0027676,AAGGAGAUGCUCAGGCAGAU,nao,0.189127,0.660764,0.666701,,kmer:AA:0.0005; kmer:GCA:0.0003; kmer:GCAG:0.0003; kmer:UGCU:0.0002; kmer:AUGC:0.0002; kmer:AUGCU:0.0001; kmer:CAGG:0.0001; kmer:CAG:0.0001,mir-31-5p:0.675; mir-24-3p:0.617; mir-6875-5p:0.600
2120,mir-1251-5p,MIMAT0005903,ACUCUAGCUGCCAAAGGCGCU,nao,0.188744,0.660759,0.666678,,kmer:AA:0.0011; kmer:UA:0.0009; kmer:UAG:0.0008; kmer:AAA:0.0005; kmer:UAGC:0.0004; kmer:CAAA:0.0003; kmer:UAGCU:0.0003; kmer:AAAG:0.0001; kmer:CG:0.0001; kmer:CAAAG:0.0000,mir-31-5p:0.636; mir-191-5p:0.555; mir-19a-3p:0.463
2121,mir-5008-5p,MIMAT0021039,UGAGGCCCUUGGGGCACAGUGG,nao,0.188361,0.660757,0.666670,,kmer:GU:0.0014; kmer:GUG:0.0006; kmer:AGUG:0.0003; kmer:GCA:0.0002; kmer:AGU:0.0002; kmer:GCAC:0.0002; kmer:UUG:0.0002; kmer:CAGU:0.0001; kmer:UGA:0.0001; kmer:CCCU:0.0001,mir-6861-5p:0.643; mir-6875-5p:0.514; mir-34a-5p:0.501
2122,mir-2392,MIMAT0019043,UAGGAUGGGGGUGAGAGGUG,nao,0.187979,0.660750,0.666640,,kmer:GU:0.0033; kmer:GUG:0.0015; kmer:UA:0.0008; kmer:UAG:0.0007; kmer:AGGU:0.0002; kmer:UGA:0.0002; kmer:UGAGA:0.0001; kmer:UAGG:0.0001; kmer:GGGGU:0.0000; kmer:GGU:0.0000,mir-6861-5p:0.696; mir-6875-5p:0.584; let-7b-5p:0.572
2123,mir-4448,MIMAT0018967,GGCUCCUUGGUCUAGGGGUA,nao,0.187596,0.660749,0.666635,,kmer:GU:0.0031; kmer:UA:0.0015; kmer:UAG:0.0006; kmer:GUA:0.0004; kmer:GGUA:0.0003; kmer:UUG:0.0002; kmer:GUCU:0.0001; kmer:UAGG:0.0000; kmer:UAGGG:0.0000; kmer:UCCUU:0.0000,mir-6861-5p:0.725; mir-520c-3p:0.508; mir-155-5p:0.488
2124,mir-642b-3p,MIMAT0018444,AGACACAUUUGGAGAGGGACCC,nao,0.187213,0.660748,0.666629,,kmer:ACCC:0.0003; kmer:UUG:0.0002; kmer:GACCC:0.0002; kmer:CAUU:0.0001; kmer:AUUUG:0.0001; kmer:GACC:0.0001; kmer:GACAC:0.0000; kmer:AGAC:0.0000; kmer:AUUU:0.0000; kmer:ACC:0.0000,mir-6875-5p:0.752; mir-1246:0.558; mir-125a-5p:0.438
2125,mir-3162-5p,MIMAT0015036,UUAGGGAGUAGAAGGGUGGGGAG,nao,0.186830,0.660731,0.666552,,kmer:GU:0.0027; kmer:UA:0.0013; kmer:UAG:0.0011; kmer:GUG:0.0006; kmer:GUAG:0.0004; kmer:AA:0.0004; kmer:GUA:0.0003; kmer:AGU:0.0002; kmer:UUA:0.0002; kmer:GUAGA:0.0001,mir-6861-5p:0.680; mir-6875-5p:0.589; let-7b-5p:0.523
2126,mir-4682,MIMAT0019767,UCUGAGUUCCUGGAGCCUGGUCU,nao,0.186447,0.660730,0.666549,,kmer:GU:0.0027; kmer:GUU:0.0003; kmer:AGU:0.0002; kmer:CUGA:0.0002; kmer:AGUU:0.0002; kmer:UGA:0.0001; kmer:CUGAG:0.0001; kmer:GUCU:0.0001; kmer:GAGUU:0.0000; kmer:CUGGU:0.0000,mir-205-5p:0.571; mir-125a-5p:0.536; mir-34a-5p:0.517
2127,mir-4651,MIMAT0019715,CGGGGUGGGUGAGGUCGGGC,nao,0.186064,0.660726,0.666533,,kmer:GU:0.0047; kmer:GUG:0.0014; kmer:UCG:0.0002; kmer:AGGU:0.0002; kmer:UGA:0.0002; kmer:CG:0.0001; kmer:UCGG:0.0001; kmer:GUCG:0.0001; kmer:GUCGG:0.0001; kmer:GGGGU:0.0000,mir-6861-5p:0.744; mir-181b-5p:0.561; mir-1307-3p:0.536
2128,mir-520a-5p,MIMAT0002833,CUCCAGAGGGAAGUACUUUCU,sim,0.185681,0.660723,0.666520,hsa-mir-520a,kmer:GU:0.0016; kmer:UA:0.0008; kmer:AA:0.0005; kmer:GUA:0.0004; kmer:AGU:0.0003; kmer:AAGU:0.0002; kmer:GAAGU:0.0001; kmer:UCCAG:0.0001; kmer:UCCA:0.0001; kmer:CAG:0.0000,mir-520c-3p:0.609; mir-145-5p:0.526; mir-6875-5p:0.510
2129,mir-6881-5p,MIMAT0027662,UGGGGUAAGGAUAGGAGGGUCA,nao,0.185299,0.660722,0.666514,,kmer:GU:0.0029; kmer:UA:0.0014; kmer:UAG:0.0006; kmer:AA:0.0004; kmer:GUA:0.0003; kmer:GGUA:0.0003; kmer:UAA:0.0003; kmer:AUAG:0.0002; kmer:GAUAG:0.0001; kmer:AUAGG:0.0001,mir-6861-5p:0.698; mir-6875-5p:0.585; mir-155-5p:0.537
2130,mir-6825-3p,MIMAT0027551,GCGCUGACCCGCCUUCUCCGCA,nao,0.184916,0.660718,0.666497,,kmer:ACCC:0.0003; kmer:GCA:0.0003; kmer:CUGA:0.0003; kmer:GACCC:0.0002; kmer:UGA:0.0002; kmer:CCG:0.0002; kmer:CG:0.0002; kmer:CCCG:0.0001; kmer:GACC:0.0001; kmer:ACC:0.0000,mir-125a-5p:0.528; mir-205-5p:0.527; mir-4634:0.499
2131,mir-10392-5p,MIMAT0041615,GCGCUUCGACGGGCUGGGCUGUG,nao,0.184533,0.660716,0.666487,,kmer:GU:0.0015; kmer:UGU:0.0008; kmer:GUG:0.0007; kmer:UGUG:0.0004; kmer:UCG:0.0002; kmer:UUCG:0.0002; kmer:CGA:0.0002; kmer:GCUU:0.0002; kmer:CG:0.0001; kmer:CUGU:0.0000,mir-210-3p:0.605; mir-6861-5p:0.538; mir-4634:0.527
2132,mir-4493,MIMAT0019028,AGAAGGCCUUUCCAUCUCUGU,nao,0.184150,0.660712,0.666470,,kmer:GU:0.0016; kmer:UGU:0.0008; kmer:AA:0.0005; kmer:AUC:0.0001; kmer:UCCA:0.0001; kmer:CUGU:0.0000; kmer:UUUCC:0.0000; kmer:UCCAU:0.0000,mir-205-5p:0.608; mir-520c-3p:0.542; mir-145-5p:0.536
2133,mir-6805-3p,MIMAT0027511,UUGCUCUGCUCCCCCGCCCCCAG,nao,0.183767,0.660711,0.666462,,kmer:UGCU:0.0004; kmer:UUG:0.0002; kmer:UCCC:0.0002; kmer:CCCG:0.0001; kmer:CCG:0.0001; kmer:CG:0.0000; kmer:CAG:0.0000; kmer:CCCAG:0.0000,mir-145-5p:0.500; mir-125a-5p:0.469; mir-92a-3p:0.464
2134,mir-4523,MIMAT0019061,GACCGAGAGGGCCUCGGCUGU,nao,0.183384,0.660708,0.666451,,kmer:GU:0.0015; kmer:UGU:0.0008; kmer:ACCG:0.0002; kmer:UCG:0.0002; kmer:CGA:0.0002; kmer:CGGC:0.0002; kmer:CCGA:0.0001; kmer:ACCGA:0.0001; kmer:CG:0.0001; kmer:UCGG:0.0001,mir-4634:0.591; mir-6875-5p:0.538; mir-6861-5p:0.459
2135,mir-6857-5p,MIMAT0027614,UUGGGGAUUGGGUCAGGCCAGU,nao,0.183002,0.660705,0.666436,,kmer:GU:0.0029; kmer:UUG:0.0004; kmer:AGU:0.0002; kmer:AUUGG:0.0002; kmer:CAGU:0.0002; kmer:AUUG:0.0001; kmer:CCAGU:0.0001; kmer:CAGG:0.0001; kmer:CAG:0.0001; kmer:GUC:0.0000,mir-6861-5p:0.702; mir-373-3p:0.570; mir-1246:0.547
2136,mir-4713-5p,MIMAT0019820,UUCUCCCACUACCAGGCUCCCA,nao,0.182619,0.660699,0.666411,,kmer:UA:0.0007; kmer:UCCC:0.0003; kmer:UACC:0.0001; kmer:UCCCA:0.0001; kmer:CCAGG:0.0001; kmer:CAGG:0.0001; kmer:UACCA:0.0000; kmer:CAG:0.0000; kmer:ACC:0.0000,mir-145-5p:0.610; mir-205-5p:0.525; mir-139-5p:0.445
2137,mir-6737-5p,MIMAT0027375,UUGGGGUGGUCGGCCCUGGAG,nao,0.182236,0.660696,0.666395,,kmer:GU:0.0029; kmer:GUG:0.0006; kmer:UCG:0.0002; kmer:UUG:0.0002; kmer:CCCU:0.0001; kmer:CGGC:0.0001; kmer:CCCUG:0.0001; kmer:CGGCC:0.0001; kmer:UCGG:0.0001; kmer:GUGGU:0.0001,mir-6861-5p:0.702; mir-373-3p:0.557; mir-181b-5p:0.555
2138,mir-4515,MIMAT0019052,AGGACUGGACUCCCGGCAGCCC,nao,0.181853,0.660695,0.666393,,kmer:GCA:0.0002; kmer:GCAGC:0.0002; kmer:GCAG:0.0002; kmer:CAGC:0.0002; kmer:UCCC:0.0002; kmer:CGGC:0.0001; kmer:UCCCG:0.0001; kmer:CCCG:0.0001; kmer:CCGGC:0.0001; kmer:CCCGG:0.0001,mir-4634:0.549; mir-6875-5p:0.533; mir-92a-3p:0.469
2139,mir-4484,MIMAT0019018,AAAAGGCGGGAGAAGCCCCA,nao,0.181470,0.660691,0.666373,,kmer:AA:0.0021; kmer:AAA:0.0010; kmer:AAAG:0.0001; kmer:CG:0.0001; kmer:AAAA:0.0000; kmer:AAAAG:0.0000,mir-191-5p:0.630; mir-6875-5p:0.517; mir-4634:0.483
2140,mir-3150b-5p,MIMAT0019226,CAACCUCGAGGAUCUCCCCAGC,nao,0.181087,0.660658,0.666229,,kmer:AA:0.0005; kmer:UCG:0.0002; kmer:CAGC:0.0002; kmer:UCCC:0.0002; kmer:CGA:0.0002; kmer:AAC:0.0001; kmer:AACC:0.0001; kmer:AUC:0.0001; kmer:CG:0.0001; kmer:CAG:0.0000,mir-145-5p:0.590; mir-205-5p:0.525; mir-99a-5p:0.517
2141,mir-6822-5p,MIMAT0027544,CAGGGAACCAGUUGGGGCUU,nao,0.180704,0.660657,0.666224,,kmer:GU:0.0016; kmer:AA:0.0005; kmer:GUU:0.0004; kmer:AGU:0.0003; kmer:AGUU:0.0002; kmer:UUG:0.0002; kmer:GUUG:0.0002; kmer:CAGUU:0.0002; kmer:CAGU:0.0002; kmer:GCUU:0.0002,mir-6861-5p:0.673; mir-24-3p:0.585; mir-6875-5p:0.543
2142,mir-3922-3p,MIMAT0018197,UCUGGCCUUGACUUGACUCUUU,nao,0.180322,0.660651,0.666198,,kmer:UUG:0.0004; kmer:UGA:0.0003; kmer:ACUUG:0.0002; kmer:CUUG:0.0001; kmer:UGGC:0.0001; kmer:UUGA:0.0000,mir-25-3p:0.544; mir-125b-5p:0.510; mir-125a-5p:0.488
2143,mir-6792-5p,MIMAT0027484,GUAAGCAGGGGCUCUGGGUGA,nao,0.179939,0.660651,0.666195,,kmer:GU:0.0031; kmer:UA:0.0008; kmer:GUG:0.0007; kmer:AA:0.0005; kmer:GUA:0.0004; kmer:AGCA:0.0004; kmer:AGCAG:0.0003; kmer:UAA:0.0003; kmer:GCA:0.0003; kmer:GCAG:0.0002,mir-6861-5p:0.781; mir-24-3p:0.524; mir-31-5p:0.511
2144,mir-373-5p,MIMAT0000725,ACUCAAAAUGGGGGCGCUUUCC,nao,0.179556,0.660651,0.666195,,kmer:AA:0.0014; kmer:AAA:0.0008; kmer:AAU:0.0006; kmer:AAAU:0.0003; kmer:CAAA:0.0003; kmer:AAUG:0.0002; kmer:GCUU:0.0002; kmer:CAAAA:0.0001; kmer:CG:0.0001; kmer:UCAAA:0.0000,mir-6861-5p:0.544; mir-373-3p:0.488; mir-520c-3p:0.480
2145,mir-3622b-5p,MIMAT0018005,AGGCAUGGGAGGUCAGGUGA,nao,0.179173,0.660645,0.666168,,kmer:GU:0.0034; kmer:GUG:0.0008; kmer:AGGU:0.0005; kmer:GCA:0.0003; kmer:CAGGU:0.0002; kmer:UGA:0.0002; kmer:CAGG:0.0001; kmer:CAG:0.0000; kmer:GGU:0.0000; kmer:GUGA:0.0000,mir-6861-5p:0.666; mir-6875-5p:0.601; let-7b-5p:0.544
2146,mir-10392-3p,MIMAT0041616,CCGGCCCCGCCUCGGCUCCGCACC,nao,0.178790,0.660645,0.666168,,kmer:CGGC:0.0003; kmer:GCA:0.0002; kmer:UCG:0.0002; kmer:GCAC:0.0002; kmer:CCG:0.0002; kmer:CG:0.0002; kmer:CCCG:0.0001; kmer:CCGGC:0.0001; kmer:CGGCC:0.0001; kmer:UCGG:0.0001,mir-4634:0.699; mir-92a-3p:0.528; mir-205-5p:0.441
2147,mir-1825,MIMAT0006765,UCCAGUGCCCUCCUCUCC,nao,0.178407,0.660637,0.666134,,kmer:GU:0.0019; kmer:GUG:0.0008; kmer:GUGC:0.0008; kmer:AGUGC:0.0007; kmer:AGUG:0.0004; kmer:AGU:0.0003; kmer:CAGU:0.0002; kmer:CCCU:0.0002; kmer:UCCAG:0.0001; kmer:CCAGU:0.0001,mir-145-5p:0.590; mir-139-5p:0.571; mir-205-5p:0.559
2148,mir-6820-5p,MIMAT0027540,UGCGGCAGAGCUGGGGUCA,nao,0.178025,0.660636,0.666128,,kmer:GU:0.0017; kmer:GCA:0.0003; kmer:GCAG:0.0003; kmer:CGGC:0.0002; kmer:CG:0.0001; kmer:CAG:0.0000; kmer:GGGGU:0.0000; kmer:GCGGC:0.0000; kmer:GUC:0.0000; kmer:GGU:0.0000,mir-6861-5p:0.624; mir-31-5p:0.606; mir-34a-5p:0.538
2149,mir-197-3p,MIMAT0000227,UUCACCACCUUCUCCACCCAGC,nao,0.177642,0.660630,0.666104,,kmer:ACCC:0.0003; kmer:CAGC:0.0002; kmer:UCCA:0.0001; kmer:ACC:0.0001; kmer:CAG:0.0000; kmer:CCCAG:0.0000,mir-205-5p:0.648; mir-145-5p:0.552; mir-139-5p:0.455
2150,mir-432-3p,MIMAT0002815,CUGGAUGGCUCCUCCAUGUCU,nao,0.177259,0.660622,0.666068,,kmer:GU:0.0015; kmer:UGU:0.0008; kmer:UGUC:0.0002; kmer:UGUCU:0.0001; kmer:UCCA:0.0001; kmer:GUCU:0.0001; kmer:UGGC:0.0001; kmer:AUGU:0.0000; kmer:UCCAU:0.0000; kmer:GUC:0.0000,mir-205-5p:0.521; mir-25-3p:0.494; mir-6861-5p:0.483
2151,mir-378g,MIMAT0018937,ACUGGGCUUGGAGUCAGAAG,nao,0.176876,0.660613,0.666028,,kmer:GU:0.0017; kmer:AA:0.0005; kmer:AGU:0.0003; kmer:UUG:0.0002; kmer:GCUU:0.0002; kmer:CAGAA:0.0001; kmer:CAG:0.0000; kmer:ACUG:0.0000; kmer:CUUG:0.0000; kmer:UCAGA:0.0000,mir-6861-5p:0.570; mir-24-3p:0.555; mir-373-3p:0.515
2152,mir-4309,MIMAT0016859,CUGGAGUCUAGGAUUCCA,nao,0.176493,0.660602,0.665979,,kmer:GU:0.0019; kmer:UA:0.0010; kmer:UAG:0.0008; kmer:AGU:0.0003; kmer:UCCA:0.0001; kmer:GUCU:0.0001; kmer:UAGG:0.0001; kmer:GUC:0.0000; kmer:GGAUU:0.0000,mir-205-5p:0.628; mir-6875-5p:0.506; mir-1246:0.505
2153,mir-1273h-5p,MIMAT0030415,CUGGGAGGUCAAGGCUGCAGU,nao,0.176110,0.660595,0.665945,,kmer:GU:0.0032; kmer:AA:0.0005; kmer:UGCA:0.0003; kmer:GCA:0.0003; kmer:AGU:0.0003; kmer:GCAG:0.0002; kmer:AGGU:0.0002; kmer:CAGU:0.0002; kmer:UGCAG:0.0001; kmer:GUCAA:0.0001,mir-6861-5p:0.650; mir-31-5p:0.589; mir-24-3p:0.578
2154,mir-6870-3p,MIMAT0027641,GCUCAUCCCCAUCUCCUUUCAG,nao,0.175727,0.660591,0.665929,,kmer:AUC:0.0002; kmer:AUCC:0.0002; kmer:UCCC:0.0002; kmer:AUCCC:0.0001; kmer:UCCUU:0.0000; kmer:CAG:0.0000,mir-205-5p:0.653; mir-145-5p:0.610; mir-223-3p:0.436
2155,mir-4787-5p,MIMAT0019956,GCGGGGGUGGCGGCGGCAUCCC,nao,0.175345,0.660586,0.665908,,kmer:GU:0.0014; kmer:GUG:0.0006; kmer:CGGC:0.0003; kmer:GCA:0.0002; kmer:AUCC:0.0002; kmer:UCCC:0.0002; kmer:CG:0.0001; kmer:AUCCC:0.0001; kmer:AUC:0.0001; kmer:UGGCG:0.0001,mir-4634:0.736; mir-6861-5p:0.565; mir-1307-3p:0.538
2156,mir-4283,MIMAT0016914,UGGGGCUCAGCGAGUUU,nao,0.174962,0.660586,0.665905,,kmer:GU:0.0020; kmer:GUU:0.0005; kmer:AGU:0.0003; kmer:AGUU:0.0003; kmer:CAGC:0.0002; kmer:AGUUU:0.0002; kmer:CGA:0.0002; kmer:CAGCG:0.0001; kmer:CG:0.0001; kmer:CAG:0.0000,mir-24-3p:0.597; mir-6861-5p:0.593; mir-373-3p:0.539
2157,mir-6799-5p,MIMAT0027498,GGGGAGGUGUGCAGGGCUGG,nao,0.174579,0.660575,0.665858,,kmer:GU:0.0030; kmer:GUG:0.0014; kmer:UGU:0.0008; kmer:GUGC:0.0006; kmer:UGUG:0.0004; kmer:GUGCA:0.0004; kmer:UGCA:0.0003; kmer:GCA:0.0003; kmer:GCAG:0.0002; kmer:AGGU:0.0002,mir-6861-5p:0.742; let-7b-5p:0.523; mir-206:0.517
2158,mir-4294,MIMAT0016849,GGGAGUCUACAGCAGGG,nao,0.174196,0.660558,0.665784,,kmer:GU:0.0019; kmer:UA:0.0010; kmer:AGCA:0.0005; kmer:AGCAG:0.0004; kmer:CAGCA:0.0003; kmer:GCA:0.0003; kmer:AGU:0.0003; kmer:GCAG:0.0003; kmer:GCAGG:0.0003; kmer:CAGC:0.0002,mir-24-3p:0.636; mir-6875-5p:0.592; mir-6861-5p:0.556
2159,mir-12125,MIMAT0049019,UCUCUCACCUGGCAUAAGCAAU,nao,0.173813,0.660550,0.665746,,kmer:AA:0.0010; kmer:UA:0.0009; kmer:AAU:0.0007; kmer:GCA:0.0006; kmer:AGCA:0.0004; kmer:UAA:0.0003; kmer:GCAA:0.0001; kmer:UGGC:0.0001; kmer:UGGCA:0.0000; kmer:ACC:0.0000,mir-31-5p:0.588; mir-191-5p:0.500; mir-25-3p:0.473
2160,mir-1182,MIMAT0005827,GAGGGUCUUGGGAGGGAUGUGAC,nao,0.173430,0.660550,0.665744,,kmer:GU:0.0027; kmer:UGU:0.0007; kmer:GUG:0.0006; kmer:UGUG:0.0004; kmer:UUG:0.0002; kmer:UGA:0.0001; kmer:UGUGA:0.0001; kmer:GAUGU:0.0001; kmer:GUCU:0.0001; kmer:AUGU:0.0000,mir-6875-5p:0.619; mir-6861-5p:0.587; mir-373-3p:0.530
2161,mir-512-5p,MIMAT0002822,CACUCAGCCUUGAGGGCACUUUC,sim,0.173047,0.660541,0.665704,hsa-mir-512-1; hsa-mir-512-2,kmer:GCA:0.0002; kmer:GCAC:0.0002; kmer:UUG:0.0002; kmer:CAGC:0.0002; kmer:UGA:0.0001; kmer:CACUU:0.0001; kmer:GCACU:0.0001; kmer:CAG:0.0000; kmer:CUUG:0.0000; kmer:UGAGG:0.0000,mir-24-3p:0.524; mir-25-3p:0.513; mir-497-5p:0.509
2162,mir-2909,MIMAT0013863,GUUAGGGCCAACAUCUCUUGG,nao,0.172665,0.660540,0.665702,,kmer:GU:0.0018; kmer:UA:0.0009; kmer:UAG:0.0007; kmer:AA:0.0005; kmer:GUU:0.0004; kmer:UUA:0.0003; kmer:UUG:0.0002; kmer:AAC:0.0002; kmer:AUC:0.0001; kmer:UAGG:0.0001,mir-6861-5p:0.530; mir-181b-5p:0.483; mir-25-3p:0.481
2163,mir-6767-5p,MIMAT0027434,UCGCAGACAGGGACACAUGGAGA,nao,0.172282,0.660535,0.665679,,kmer:GCA:0.0003; kmer:GCAG:0.0002; kmer:UCG:0.0002; kmer:ACAG:0.0001; kmer:CAGG:0.0001; kmer:CAG:0.0001; kmer:CAGAC:0.0001; kmer:CG:0.0000; kmer:GACAC:0.0000; kmer:AGAC:0.0000,mir-6875-5p:0.727; mir-24-3p:0.556; mir-195-5p:0.476
2164,mir-6842-3p,MIMAT0027587,UUGGCUGGUCUCUGCUCCGCAG,nao,0.171899,0.660530,0.665656,,kmer:GU:0.0015; kmer:GCA:0.0003; kmer:GCAG:0.0002; kmer:UUG:0.0002; kmer:UGCU:0.0002; kmer:UUGGC:0.0002; kmer:CCG:0.0001; kmer:GUCU:0.0001; kmer:UGGC:0.0001; kmer:GUCUC:0.0000,mir-34a-5p:0.597; mir-25-3p:0.594; mir-31-5p:0.530
2165,mir-6750-3p,MIMAT0027401,GAACUCACCCUCUGCUCCCAG,nao,0.171516,0.660529,0.665652,,kmer:AA:0.0005; kmer:ACCC:0.0003; kmer:ACCCU:0.0003; kmer:UGCU:0.0002; kmer:UCCC:0.0002; kmer:CCCU:0.0002; kmer:AAC:0.0001; kmer:UCCCA:0.0001; kmer:AACU:0.0000; kmer:CAG:0.0000,mir-125a-5p:0.551; mir-125b-5p:0.549; mir-205-5p:0.529
2166,mir-296-5p,MIMAT0000690,AGGGCCCCCCCUCAAUCCUGU,nao,0.171133,0.660485,0.665455,,kmer:GU:0.0017; kmer:UGU:0.0009; kmer:AAU:0.0006; kmer:AA:0.0005; kmer:AAUC:0.0004; kmer:AAUCC:0.0003; kmer:AUCC:0.0002; kmer:CCCU:0.0002; kmer:CCUGU:0.0001; kmer:AUC:0.0001,mir-365a-3p:0.541; mir-145-5p:0.538; mir-125a-5p:0.538
2167,mir-4755-5p,MIMAT0019895,UUUCCCUUCAGAGCCUGGCUUU,nao,0.170750,0.660480,0.665434,,kmer:UCCC:0.0002; kmer:CCCU:0.0001; kmer:UCCCU:0.0001; kmer:GCUU:0.0001; kmer:UGGC:0.0000; kmer:CAG:0.0000; kmer:UUUCC:0.0000; kmer:UCAGA:0.0000; kmer:UUCCC:0.0000,mir-520c-3p:0.610; mir-145-5p:0.565; mir-205-5p:0.563
2168,mir-4755-3p,MIMAT0019896,AGCCAGGCUCUGAAGGGAAAGU,nao,0.170368,0.660470,0.665390,,kmer:GU:0.0016; kmer:AA:0.0014; kmer:AAA:0.0004; kmer:AGU:0.0003; kmer:AAGU:0.0002; kmer:CUGA:0.0002; kmer:AAAGU:0.0002; kmer:UGA:0.0002; kmer:CCAGG:0.0001; kmer:CAGG:0.0001,mir-24-3p:0.575; mir-191-5p:0.551; mir-6875-5p:0.543
2169,mir-500a-3p,MIMAT0002871,AUGCACCUGGGCAAGGAUUCUG,nao,0.169985,0.660466,0.665372,,kmer:GCA:0.0005; kmer:AA:0.0005; kmer:UGCA:0.0003; kmer:GCAC:0.0002; kmer:AUGC:0.0002; kmer:UGCAC:0.0002; kmer:GCAA:0.0001; kmer:AUGCA:0.0001; kmer:ACC:0.0000; kmer:GGAUU:0.0000,mir-31-5p:0.640; mir-19a-3p:0.504; mir-6861-5p:0.501
2170,mir-6851-5p,MIMAT0027602,AGGAGGUGGUACUAGGGGCCAGC,nao,0.169602,0.660463,0.665360,,kmer:GU:0.0029; kmer:UA:0.0014; kmer:GUG:0.0006; kmer:UAG:0.0006; kmer:GUA:0.0003; kmer:GGUA:0.0003; kmer:AGGU:0.0002; kmer:CAGC:0.0002; kmer:GUGGU:0.0001; kmer:UAGG:0.0000,mir-6861-5p:0.758; mir-6875-5p:0.592; let-7b-5p:0.564
2171,mir-646,MIMAT0003316,AAGCAGCUGCCUCUGAGGC,nao,0.169219,0.660447,0.665288,,kmer:AA:0.0005; kmer:AGCA:0.0004; kmer:AGCAG:0.0004; kmer:GCA:0.0003; kmer:GCAGC:0.0003; kmer:GCAG:0.0003; kmer:CUGA:0.0003; kmer:CAGC:0.0002; kmer:UGA:0.0002; kmer:CUGAG:0.0001,mir-31-5p:0.629; mir-191-5p:0.527; mir-24-3p:0.514
2172,mir-4708-5p,MIMAT0019809,AGAGAUGCCGCCUUGCUCCUU,nao,0.168836,0.660437,0.665242,,kmer:UUG:0.0002; kmer:UGCU:0.0002; kmer:AUGC:0.0002; kmer:CCG:0.0001; kmer:CG:0.0001; kmer:UCCUU:0.0001; kmer:CUUG:0.0000,mir-125a-5p:0.513; mir-520c-3p:0.511; mir-92a-3p:0.502
2173,mir-8072,MIMAT0030999,GGCGGCGGGGAGGUAGGCAG,nao,0.168453,0.660437,0.665242,,kmer:GU:0.0016; kmer:UA:0.0008; kmer:UAG:0.0007; kmer:GUAG:0.0005; kmer:GGUAG:0.0004; kmer:AGGUA:0.0004; kmer:GUA:0.0004; kmer:GGUA:0.0003; kmer:GCA:0.0003; kmer:GCAG:0.0002,mir-6861-5p:0.645; mir-4634:0.633; mir-6875-5p:0.471
2174,mir-525-5p,MIMAT0002838,CUCCAGAGGGAUGCACUUUCU,nao,0.168070,0.660432,0.665222,,kmer:UGCA:0.0003; kmer:GCA:0.0002; kmer:GCAC:0.0002; kmer:AUGC:0.0002; kmer:UGCAC:0.0001; kmer:UCCAG:0.0001; kmer:UCCA:0.0001; kmer:CACUU:0.0001; kmer:GCACU:0.0001; kmer:AUGCA:0.0001,mir-205-5p:0.519; mir-520c-3p:0.512; mir-25-3p:0.506
2175,mir-6826-3p,MIMAT0027553,CUCCCCUCUCUUUCCUGUUCAG,nao,0.167688,0.660432,0.665220,,kmer:GU:0.0015; kmer:UGU:0.0008; kmer:GUU:0.0003; kmer:UCCC:0.0002; kmer:CCCU:0.0001; kmer:CCUGU:0.0001; kmer:UGUUC:0.0000; kmer:CAG:0.0000; kmer:CUGU:0.0000; kmer:UUUCC:0.0000,mir-205-5p:0.625; mir-145-5p:0.576; mir-125a-5p:0.547
2176,mir-611,MIMAT0003279,GCGAGGACCCCUCGGGGUCUGAC,nao,0.167305,0.660430,0.665209,,kmer:GU:0.0014; kmer:ACCC:0.0002; kmer:UCG:0.0002; kmer:CUGA:0.0002; kmer:GACCC:0.0002; kmer:CGA:0.0001; kmer:UGA:0.0001; kmer:CCCU:0.0001; kmer:CG:0.0001; kmer:UCGG:0.0001,mir-6875-5p:0.583; mir-4634:0.566; mir-125a-5p:0.521
2177,mir-631,MIMAT0003300,AGACCUGGCCCAGACCUCAGC,nao,0.166922,0.660429,0.665208,,kmer:AGACC:0.0003; kmer:CAGC:0.0002; kmer:GACC:0.0001; kmer:CAG:0.0001; kmer:AGAC:0.0001; kmer:CAGAC:0.0001; kmer:UGGC:0.0001; kmer:ACC:0.0001; kmer:CCCAG:0.0000,mir-125a-5p:0.576; mir-125b-5p:0.532; mir-6875-5p:0.521
2178,mir-6775-3p,MIMAT0027451,AGGCCCUGUCCUCUGCCCCAG,nao,0.166539,0.660421,0.665169,,kmer:GU:0.0016; kmer:UGU:0.0008; kmer:UGUC:0.0003; kmer:CCCU:0.0002; kmer:CCCUG:0.0001; kmer:CCUGU:0.0001; kmer:CAG:0.0000; kmer:CUGU:0.0000; kmer:GUC:0.0000; kmer:CCCAG:0.0000,mir-125a-5p:0.584; mir-92a-3p:0.559; mir-145-5p:0.553
2179,mir-7158-5p,MIMAT0028226,GGCUCAAUCUCUGGUCCUGCAGCC,nao,0.166156,0.660420,0.665166,,kmer:GU:0.0014; kmer:AAU:0.0005; kmer:AA:0.0004; kmer:AAUC:0.0003; kmer:UGCA:0.0003; kmer:GCA:0.0002; kmer:GCAGC:0.0002; kmer:GCAG:0.0002; kmer:CAGC:0.0002; kmer:AUC:0.0001,mir-25-3p:0.529; mir-205-5p:0.511; mir-24-3p:0.496
2180,mir-6786-3p,MIMAT0027473,UGACGCCCCUUCUGAUUCUGCCU,nao,0.165773,0.660412,0.665131,,kmer:UGA:0.0003; kmer:CUGA:0.0002; kmer:CCCU:0.0002; kmer:CUGAU:0.0001; kmer:CG:0.0001,mir-125a-5p:0.629; mir-125b-5p:0.584; mir-205-5p:0.555
2181,mir-378e,MIMAT0018927,ACUGGACUUGGAGUCAGGA,nao,0.165391,0.660407,0.665108,,kmer:GU:0.0018; kmer:AGU:0.0003; kmer:ACUUG:0.0003; kmer:UUG:0.0002; kmer:CAGGA:0.0002; kmer:CAGG:0.0001; kmer:CAG:0.0000; kmer:ACUG:0.0000; kmer:CUUG:0.0000; kmer:GUC:0.0000,mir-6875-5p:0.627; mir-1246:0.532; mir-24-3p:0.494
2182,mir-593-3p,MIMAT0004802,UGUCUCUGCUGGGGUUUCU,nao,0.165008,0.660403,0.665091,,kmer:GU:0.0033; kmer:UGU:0.0009; kmer:GUU:0.0004; kmer:UGUC:0.0003; kmer:UGCU:0.0002; kmer:UGUCU:0.0001; kmer:GGUU:0.0001; kmer:GUCU:0.0001; kmer:GUCUC:0.0001; kmer:GGGGU:0.0000,mir-25-3p:0.593; mir-34a-5p:0.578; mir-373-3p:0.541
2183,mir-3184-5p,MIMAT0015064,UGAGGGGCCUCAGACCGAGCUUUU,nao,0.164625,0.660402,0.665086,,kmer:ACCG:0.0002; kmer:CGA:0.0001; kmer:UGA:0.0001; kmer:GCUU:0.0001; kmer:AGACC:0.0001; kmer:CCGA:0.0001; kmer:ACCGA:0.0001; kmer:CCG:0.0001; kmer:AGCUU:0.0001; kmer:CAGAC:0.0001,mir-520c-3p:0.577; mir-6875-5p:0.575; mir-1246:0.493
2184,mir-5571-5p,MIMAT0022257,CAAUUCUCAAAGGAGCCUCCC,nao,0.164242,0.660394,0.665051,,kmer:AA:0.0015; kmer:AAU:0.0006; kmer:AAA:0.0004; kmer:CAAA:0.0003; kmer:UCCC:0.0002; kmer:AAAG:0.0001; kmer:UCAAA:0.0000; kmer:CAAAG:0.0000,mir-191-5p:0.601; mir-205-5p:0.547; mir-145-5p:0.522
2185,mir-1976,MIMAT0009451,CCUCCUGCCCUCCUUGCUGU,nao,0.163859,0.660393,0.665047,,kmer:GU:0.0017; kmer:UGU:0.0009; kmer:UUG:0.0002; kmer:UGCU:0.0002; kmer:CCCU:0.0002; kmer:UCCUU:0.0001; kmer:CUGU:0.0000; kmer:CUUG:0.0000; kmer:UGCUG:0.0000; kmer:GCUGU:0.0000,mir-125a-5p:0.611; mir-92a-3p:0.560; mir-125b-5p:0.554
2186,mir-4436b-5p,MIMAT0019940,GUCCACUUCUGCCUGCCCUGCC,nao,0.163476,0.660388,0.665023,,kmer:GU:0.0016; kmer:CCCU:0.0002; kmer:CCCUG:0.0002; kmer:UCCA:0.0001; kmer:CACUU:0.0001; kmer:GUCCA:0.0001; kmer:GUC:0.0000,mir-92a-3p:0.619; mir-125a-5p:0.573; mir-125b-5p:0.528
2187,mir-7703,MIMAT0030018,UUGCACUCUGGCCUUCUCCCAGG,nao,0.163093,0.660380,0.664988,,kmer:UGCA:0.0002; kmer:GCA:0.0002; kmer:GCAC:0.0002; kmer:UUG:0.0002; kmer:UCCC:0.0001; kmer:UGCAC:0.0001; kmer:CCAGG:0.0001; kmer:CAGG:0.0001; kmer:GCACU:0.0001; kmer:UCCCA:0.0000,mir-92a-3p:0.589; mir-25-3p:0.568; mir-205-5p:0.563
2188,mir-365a-5p,MIMAT0009199,AGGGACUUUUGGGGGCAGAUGUG,sim,0.162711,0.660377,0.664975,hsa-mir-365a,kmer:GU:0.0014; kmer:UGU:0.0007; kmer:GUG:0.0006; kmer:UGUG:0.0004; kmer:GCA:0.0002; kmer:GCAG:0.0002; kmer:UUG:0.0002; kmer:GAUGU:0.0001; kmer:AUGU:0.0000; kmer:CAG:0.0000,mir-373-3p:0.651; mir-6861-5p:0.635; mir-1246:0.627
2189,mir-331-3p,MIMAT0000760,GCCCCUGGGCCUAUCCUAGAA,nao,0.162328,0.660376,0.664971,,kmer:UA:0.0016; kmer:UAG:0.0007; kmer:AA:0.0005; kmer:AUCC:0.0002; kmer:CCCU:0.0002; kmer:CCCUG:0.0001; kmer:AUC:0.0001; kmer:UAGAA:0.0001; kmer:UAU:0.0001; kmer:CCUA:0.0000,mir-365a-3p:0.581; mir-125a-5p:0.554; mir-125b-5p:0.544
2190,mir-12115,MIMAT0049009,UAGUGGAGCUGGGAGGCAGCUCGG,nao,0.161945,0.660374,0.664961,,kmer:GU:0.0013; kmer:UA:0.0006; kmer:GUG:0.0006; kmer:UAG:0.0005; kmer:AGUG:0.0003; kmer:GCA:0.0002; kmer:GCAGC:0.0002; kmer:AGU:0.0002; kmer:GCAG:0.0002; kmer:UCG:0.0002,mir-31-5p:0.618; mir-6861-5p:0.612; mir-34a-5p:0.551
2191,mir-222-3p,MIMAT0000279,AGCUACAUCUGGCUACUGGGU,nao,0.161562,0.660368,0.664936,,kmer:GU:0.0017; kmer:UA:0.0016; kmer:AUC:0.0001; kmer:UGGC:0.0001; kmer:ACUG:0.0000; kmer:UACUG:0.0000; kmer:GGU:0.0000,mir-6861-5p:0.594; mir-31-5p:0.529; mir-34a-5p:0.487
2192,mir-5193,MIMAT0021124,UCCUCCUCUACCUCAUCCCAGU,nao,0.161179,0.660368,0.664935,,kmer:GU:0.0016; kmer:UA:0.0008; kmer:AGU:0.0003; kmer:AUCC:0.0002; kmer:UCCC:0.0002; kmer:CAGU:0.0002; kmer:UACC:0.0001; kmer:AUCCC:0.0001; kmer:AUC:0.0001; kmer:CCAGU:0.0001,mir-205-5p:0.621; mir-145-5p:0.618; mir-139-5p:0.506
2193,mir-4287,MIMAT0016917,UCUCCCUUGAGGGCACUUU,nao,0.160796,0.660361,0.664903,,kmer:GCA:0.0003; kmer:GCAC:0.0002; kmer:UUG:0.0002; kmer:UCCC:0.0002; kmer:UGA:0.0002; kmer:CCCU:0.0002; kmer:UCCCU:0.0002; kmer:CACUU:0.0001; kmer:GCACU:0.0001; kmer:CUUG:0.0000,mir-520c-3p:0.545; mir-125a-5p:0.529; mir-25-3p:0.526
2194,mir-659-3p,MIMAT0003337,CUUGGUUCAGGGAGGGUCCCCA,nao,0.160413,0.660360,0.664898,,kmer:GU:0.0029; kmer:GUU:0.0003; kmer:UUG:0.0002; kmer:UCCC:0.0002; kmer:GGUU:0.0001; kmer:UGGUU:0.0001; kmer:CAGG:0.0001; kmer:CAG:0.0000; kmer:CUUG:0.0000; kmer:GGU:0.0000,mir-6861-5p:0.612; mir-6875-5p:0.567; mir-145-5p:0.547
2195,mir-4514,MIMAT0019051,ACAGGCAGGAUUGGGGAA,nao,0.160031,0.660359,0.664893,,kmer:AA:0.0005; kmer:GCA:0.0003; kmer:GCAG:0.0003; kmer:GCAGG:0.0003; kmer:UUG:0.0002; kmer:AUUGG:0.0002; kmer:CAGG:0.0002; kmer:CAGGA:0.0002; kmer:AUUG:0.0002; kmer:ACAG:0.0001,mir-6875-5p:0.658; mir-1246:0.605; mir-6861-5p:0.599
2196,mir-4449,MIMAT0018968,CGUCCCGGGGCUGCGCGAGGCA,nao,0.159648,0.660358,0.664888,,kmer:GU:0.0017; kmer:CGU:0.0005; kmer:GCA:0.0003; kmer:CG:0.0002; kmer:UCCC:0.0002; kmer:CGA:0.0002; kmer:UCCCG:0.0001; kmer:CCCG:0.0001; kmer:CCCGG:0.0001; kmer:CCGG:0.0001,mir-4634:0.753; mir-1307-3p:0.533; mir-6861-5p:0.507
2197,mir-6133,MIMAT0024617,UGAGGGAGGAGGUUGGGUA,nao,0.159265,0.660350,0.664854,,kmer:GU:0.0033; kmer:UA:0.0008; kmer:GUA:0.0004; kmer:GUU:0.0004; kmer:GGUA:0.0003; kmer:AGGU:0.0002; kmer:UUG:0.0002; kmer:GUUG:0.0002; kmer:UGA:0.0002; kmer:GGUU:0.0001,mir-6875-5p:0.657; let-7b-5p:0.617; mir-6861-5p:0.617
2198,mir-12126,MIMAT0049020,GACUUGGGGACCAGACCUUUUCUU,nao,0.158882,0.660339,0.664804,,kmer:ACUUG:0.0002; kmer:UUG:0.0002; kmer:GACC:0.0001; kmer:AGACC:0.0001; kmer:UUUUC:0.0001; kmer:CAGAC:0.0001; kmer:ACC:0.0000; kmer:CAG:0.0000; kmer:AGAC:0.0000; kmer:CUUG:0.0000,mir-125a-5p:0.522; mir-520c-3p:0.522; mir-373-3p:0.497
2199,mir-4784,MIMAT0019948,UGAGGAGAUGCUGGGACUGA,nao,0.158499,0.660334,0.664785,,kmer:UGA:0.0003; kmer:ACUGA:0.0002; kmer:CUGA:0.0002; kmer:UGCU:0.0002; kmer:AUGC:0.0002; kmer:AUGCU:0.0001; kmer:ACUG:0.0000; kmer:UGCUG:0.0000; kmer:UGAGG:0.0000; kmer:GACUG:0.0000,mir-6875-5p:0.626; mir-21-5p:0.533; mir-31-5p:0.525
2200,mir-3155b,MIMAT0019012,CCAGGCUCUGCAGUGGGA,nao,0.158116,0.660326,0.664749,,kmer:GU:0.0018; kmer:GUG:0.0008; kmer:AGUG:0.0003; kmer:UGCA:0.0003; kmer:GCA:0.0003; kmer:AGU:0.0003; kmer:GCAG:0.0003; kmer:CAGU:0.0002; kmer:UGCAG:0.0001; kmer:CAGUG:0.0001,mir-6861-5p:0.681; mir-24-3p:0.628; mir-34a-5p:0.542
2201,mir-6744-3p,MIMAT0027390,GGGCCUCUCUUGUCAUCCUGCAG,nao,0.157734,0.660324,0.664736,,kmer:GU:0.0015; kmer:UGU:0.0008; kmer:UUGU:0.0005; kmer:CUUGU:0.0003; kmer:UGCA:0.0003; kmer:GCA:0.0002; kmer:UGUC:0.0002; kmer:GCAG:0.0002; kmer:UUG:0.0002; kmer:UUGUC:0.0002,mir-25-3p:0.612; mir-92a-3p:0.587; mir-205-5p:0.569
2202,mir-4513,MIMAT0019050,AGACUGACGGCUGGAGGCCCAU,nao,0.157351,0.660305,0.664655,,kmer:ACUGA:0.0002; kmer:CUGA:0.0002; kmer:UGA:0.0001; kmer:CGGC:0.0001; kmer:CG:0.0000; kmer:ACUG:0.0000; kmer:AGAC:0.0000; kmer:AGACU:0.0000; kmer:CGGCU:0.0000; kmer:GACUG:0.0000,mir-6875-5p:0.578; mir-31-5p:0.524; mir-210-3p:0.489
2203,mir-1207-3p,MIMAT0005872,UCAGCUGGCCCUCAUUUC,nao,0.156968,0.660300,0.664632,,kmer:CAGC:0.0002; kmer:CCCU:0.0002; kmer:CAUU:0.0001; kmer:UGGC:0.0001; kmer:CAG:0.0000; kmer:UCAUU:0.0000; kmer:AUUU:0.0000,mir-205-5p:0.564; mir-24-3p:0.531; mir-181b-5p:0.471
2204,mir-4690-3p,MIMAT0019780,GCAGCCCAGCUGAGGCCUCUG,nao,0.156585,0.660290,0.664585,,kmer:CAGC:0.0003; kmer:GCA:0.0003; kmer:GCAGC:0.0002; kmer:GCAG:0.0002; kmer:CUGA:0.0002; kmer:UGA:0.0002; kmer:CAG:0.0001; kmer:CUGAG:0.0001; kmer:UGAGG:0.0000; kmer:CCCAG:0.0000,mir-31-5p:0.545; mir-24-3p:0.508; mir-191-5p:0.503
2205,mir-6503-3p,MIMAT0025463,GGGACUAGGAUGCAGACCUCC,nao,0.156202,0.660289,0.664582,,kmer:UA:0.0008; kmer:UAG:0.0007; kmer:UGCA:0.0003; kmer:GCA:0.0003; kmer:GCAG:0.0003; kmer:AUGC:0.0002; kmer:AGACC:0.0001; kmer:UGCAG:0.0001; kmer:CAGAC:0.0001; kmer:GACC:0.0001,mir-6875-5p:0.637; mir-6861-5p:0.488; mir-125b-5p:0.469
2206,mir-1224-5p,MIMAT0005458,GUGAGGACUCGGGAGGUGG,nao,0.155819,0.660264,0.664470,,kmer:GU:0.0035; kmer:GUG:0.0016; kmer:UCG:0.0003; kmer:AGGU:0.0003; kmer:UGA:0.0002; kmer:UCGG:0.0001; kmer:CUCGG:0.0001; kmer:CG:0.0001; kmer:GUGA:0.0000; kmer:UGAGG:0.0000,mir-6875-5p:0.645; mir-6861-5p:0.615; let-7b-5p:0.536
2207,mir-345-3p,MIMAT0022698,GCCCUGAACGAGGGGUCUGGAG,nao,0.155436,0.660250,0.664411,,kmer:GU:0.0014; kmer:AA:0.0004; kmer:CUGA:0.0002; kmer:CGA:0.0001; kmer:UGA:0.0001; kmer:CCCU:0.0001; kmer:CCCUG:0.0001; kmer:AAC:0.0001; kmer:ACGA:0.0001; kmer:CCUGA:0.0001,mir-6875-5p:0.558; mir-6861-5p:0.553; mir-125a-5p:0.503
2208,mir-6813-3p,MIMAT0027527,AACCUUGGCCCCUCUCCCCAG,nao,0.155054,0.660238,0.664357,,kmer:AA:0.0005; kmer:UUG:0.0002; kmer:UCCC:0.0002; kmer:UUGGC:0.0002; kmer:CCCU:0.0002; kmer:AAC:0.0001; kmer:AACC:0.0001; kmer:UGGC:0.0001; kmer:CAG:0.0000; kmer:CUUG:0.0000,mir-125a-5p:0.591; mir-145-5p:0.576; mir-125b-5p:0.548
2209,mir-30c-2-3p,MIMAT0004550,CUGGGAGAAGGCUGUUUACUCU,nao,0.154671,0.660237,0.664350,,kmer:GU:0.0015; kmer:UGU:0.0008; kmer:UA:0.0007; kmer:AA:0.0004; kmer:GUU:0.0004; kmer:UUA:0.0002; kmer:UUAC:0.0001; kmer:CUGU:0.0000; kmer:GCUGU:0.0000; kmer:UUACU:0.0000,mir-6861-5p:0.544; mir-520c-3p:0.517; mir-34a-5p:0.496
2210,mir-4538,MIMAT0019081,GAGCUUGGAUGAGCUGGGCUGA,nao,0.154288,0.660237,0.664349,,kmer:UGA:0.0003; kmer:CUGA:0.0002; kmer:UUG:0.0002; kmer:GCUU:0.0001; kmer:AGCUU:0.0001; kmer:CUUG:0.0000; kmer:UGGAU:0.0000,mir-31-5p:0.601; mir-21-5p:0.534; mir-210-3p:0.517
2211,mir-4741,MIMAT0019871,CGGGCUGUCCGGAGGGGUCGGCU,nao,0.153905,0.660233,0.664331,,kmer:GU:0.0026; kmer:UGU:0.0007; kmer:UGUC:0.0002; kmer:UCG:0.0002; kmer:CGGC:0.0001; kmer:CG:0.0001; kmer:UCGG:0.0001; kmer:CCGG:0.0001; kmer:CCG:0.0001; kmer:GUCG:0.0001,mir-4634:0.641; mir-6861-5p:0.629; mir-1307-3p:0.559
2212,mir-769-5p,MIMAT0003886,UGAGACCUCUGGGUUCUGAGCU,nao,0.153522,0.660232,0.664327,,kmer:GU:0.0015; kmer:GUU:0.0003; kmer:UGA:0.0003; kmer:CUGA:0.0002; kmer:GGUU:0.0001; kmer:AGACC:0.0001; kmer:GAGAC:0.0001; kmer:CUGAG:0.0001; kmer:UGAGA:0.0001; kmer:GACC:0.0001,mir-125a-5p:0.584; mir-125b-5p:0.577; mir-21-5p:0.486
2213,mir-320a-5p,MIMAT0037311,GCCUUCUCUUCCCGGUUCUUCC,nao,0.153139,0.660232,0.664327,,kmer:GU:0.0015; kmer:GUU:0.0004; kmer:UCCC:0.0002; kmer:GGUU:0.0001; kmer:UCCCG:0.0001; kmer:CCCG:0.0001; kmer:CCCGG:0.0001; kmer:CCGG:0.0001; kmer:CCG:0.0001; kmer:CG:0.0000,mir-205-5p:0.657; mir-145-5p:0.497; mir-520c-3p:0.466
2214,mir-3661,MIMAT0018082,UGACCUGGGACUCGGACAGCUG,nao,0.152757,0.660230,0.664318,,kmer:UCG:0.0002; kmer:CAGC:0.0002; kmer:UGA:0.0002; kmer:ACAG:0.0001; kmer:UCGG:0.0001; kmer:CUCGG:0.0001; kmer:GACC:0.0001; kmer:CG:0.0000; kmer:CAG:0.0000; kmer:GACAG:0.0000,mir-6875-5p:0.558; mir-210-3p:0.523; mir-125a-5p:0.478
2215,mir-6165,MIMAT0024782,CAGCAGGAGGUGAGGGGAG,nao,0.152374,0.660225,0.664296,,kmer:GU:0.0016; kmer:GUG:0.0007; kmer:AGCA:0.0004; kmer:AGCAG:0.0003; kmer:CAGCA:0.0003; kmer:GCA:0.0003; kmer:GCAG:0.0002; kmer:AGGU:0.0002; kmer:GCAGG:0.0002; kmer:CAGC:0.0002,mir-6875-5p:0.762; mir-24-3p:0.564; mir-6861-5p:0.549
2216,mir-483-3p,MIMAT0002173,UCACUCCUCUCCUCCCGUCUU,nao,0.151991,0.660223,0.664288,,kmer:GU:0.0015; kmer:CGU:0.0005; kmer:UCCC:0.0002; kmer:UCCCG:0.0001; kmer:CCCGU:0.0001; kmer:CCGU:0.0001; kmer:CCCG:0.0001; kmer:CCG:0.0001; kmer:GUCU:0.0001; kmer:CG:0.0000,mir-205-5p:0.591; mir-425-5p:0.479; mir-145-5p:0.449
2217,mir-6885-5p,MIMAT0027670,AGGGGGGCACUGCGCAAGCAAAGCC,nao,0.151608,0.660218,0.664265,,kmer:AA:0.0012; kmer:GCA:0.0007; kmer:AAA:0.0004; kmer:AGCA:0.0003; kmer:CAAA:0.0002; kmer:GCAC:0.0002; kmer:GCAAA:0.0002; kmer:GCAA:0.0001; kmer:GCACU:0.0001; kmer:AAAG:0.0001,mir-31-5p:0.592; mir-191-5p:0.534; mir-6861-5p:0.520
2218,mir-4430,MIMAT0018945,AGGCUGGAGUGAGCGGAG,nao,0.151225,0.660217,0.664259,,kmer:GU:0.0019; kmer:GUG:0.0008; kmer:AGUG:0.0004; kmer:AGU:0.0003; kmer:UGA:0.0002; kmer:AGCGG:0.0001; kmer:CG:0.0001; kmer:GUGA:0.0000,mir-6875-5p:0.580; mir-210-3p:0.515; mir-31-5p:0.498
2219,mir-4638-3p,MIMAT0019696,CCUGGACACCGCUCAGCCGGCCG,nao,0.150842,0.660213,0.664245,,kmer:ACCG:0.0002; kmer:CCG:0.0002; kmer:CAGC:0.0002; kmer:CGGC:0.0002; kmer:CG:0.0002; kmer:CCGGC:0.0001; kmer:CGGCC:0.0001; kmer:CCGG:0.0001; kmer:GACAC:0.0000; kmer:CAG:0.0000,mir-4634:0.657; mir-92a-3p:0.503; mir-205-5p:0.479
2220,mir-4788,MIMAT0019958,UUACGGACCAGCUAAGGGAGGC,nao,0.150459,0.660211,0.664237,,kmer:UA:0.0017; kmer:AA:0.0005; kmer:UAA:0.0003; kmer:UUA:0.0003; kmer:CUAA:0.0002; kmer:CAGC:0.0002; kmer:UUAC:0.0001; kmer:GCUAA:0.0001; kmer:GACC:0.0001; kmer:CG:0.0001,mir-6875-5p:0.664; mir-6861-5p:0.520; mir-24-3p:0.474
2221,mir-10526-3p,MIMAT0041996,AAAAGGGGGCUGAGGUGGAG,nao,0.150077,0.660205,0.664206,,kmer:GU:0.0015; kmer:AA:0.0013; kmer:AAA:0.0008; kmer:GUG:0.0007; kmer:AGGU:0.0002; kmer:CUGA:0.0002; kmer:UGA:0.0002; kmer:CUGAG:0.0001; kmer:AAAG:0.0001; kmer:AAAA:0.0000,mir-6861-5p:0.661; mir-6875-5p:0.540; mir-206:0.474
2222,mir-6858-3p,MIMAT0027617,CAGCCAGCCCCUGCUCACCCCU,nao,0.149694,0.660181,0.664099,,kmer:CAGC:0.0004; kmer:CCCU:0.0003; kmer:ACCC:0.0003; kmer:UGCU:0.0002; kmer:CCCUG:0.0002; kmer:CAG:0.0001; kmer:ACC:0.0000; kmer:ACCCC:0.0000,mir-125a-5p:0.545; mir-125b-5p:0.498; mir-145-5p:0.497
2223,mir-6887-3p,MIMAT0027675,UCCCCUCCACUUUCCUCCUAG,nao,0.149311,0.660176,0.664079,,kmer:UA:0.0008; kmer:UAG:0.0007; kmer:UCCC:0.0002; kmer:CCCU:0.0002; kmer:UCCA:0.0001; kmer:CACUU:0.0001; kmer:UUUCC:0.0000; kmer:CCUA:0.0000,mir-145-5p:0.621; mir-205-5p:0.611; mir-125a-5p:0.550
2224,mir-197-5p,MIMAT0022691,CGGGUAGAGAGGGCAGUGGGAGG,nao,0.148928,0.660175,0.664075,,kmer:GU:0.0028; kmer:UA:0.0007; kmer:GUG:0.0006; kmer:UAG:0.0006; kmer:GUAG:0.0005; kmer:GGUAG:0.0004; kmer:GUA:0.0003; kmer:GGUA:0.0003; kmer:AGUG:0.0003; kmer:GCA:0.0002,mir-6861-5p:0.674; mir-6875-5p:0.642; let-7b-5p:0.515
2225,mir-6784-3p,MIMAT0027469,UCUCACCCCAACUCUGCCCCAG,nao,0.148545,0.660173,0.664066,,kmer:AA:0.0005; kmer:ACCC:0.0003; kmer:AAC:0.0001; kmer:AACU:0.0000; kmer:CAG:0.0000; kmer:ACC:0.0000; kmer:ACCCC:0.0000; kmer:CCCAG:0.0000,mir-145-5p:0.513; mir-223-3p:0.498; mir-205-5p:0.493
2226,mir-151b,MIMAT0010214,UCGAGGAGCUCACAGUCU,nao,0.148162,0.660171,0.664055,,kmer:GU:0.0020; kmer:AGU:0.0003; kmer:UCG:0.0003; kmer:CAGU:0.0002; kmer:CGA:0.0002; kmer:ACAG:0.0001; kmer:ACAGU:0.0001; kmer:GUCU:0.0001; kmer:CG:0.0001; kmer:CAG:0.0001,mir-24-3p:0.608; mir-139-5p:0.537; mir-6875-5p:0.524
2227,mir-6801-3p,MIMAT0027503,ACCCCUGCCACUCACUGGCC,nao,0.147779,0.660162,0.664016,,kmer:ACCC:0.0003; kmer:CCCU:0.0002; kmer:CCCUG:0.0002; kmer:UGGC:0.0001; kmer:ACUG:0.0000; kmer:ACC:0.0000; kmer:ACCCC:0.0000; kmer:CACUC:0.0000; kmer:UCACU:0.0000,mir-125a-5p:0.543; mir-92a-3p:0.524; mir-125b-5p:0.515
2228,mir-6852-5p,MIMAT0027604,CCCUGGGGUUCUGAGGACAUG,nao,0.147397,0.660156,0.663988,,kmer:GU:0.0015; kmer:GUU:0.0003; kmer:CUGA:0.0002; kmer:UGA:0.0002; kmer:CCCU:0.0001; kmer:CCCUG:0.0001; kmer:GGUU:0.0001; kmer:CUGAG:0.0001; kmer:GGGGU:0.0000; kmer:GGGUU:0.0000,mir-6861-5p:0.605; mir-6875-5p:0.555; mir-125a-5p:0.525
2229,mir-3059-3p,MIMAT0048634,CCUCUAGGGAAGAGAAGGUUGG,nao,0.147014,0.660155,0.663986,,kmer:GU:0.0016; kmer:AA:0.0009; kmer:UA:0.0008; kmer:UAG:0.0007; kmer:GUU:0.0004; kmer:AGGU:0.0002; kmer:UUG:0.0002; kmer:GUUG:0.0002; kmer:GGUU:0.0001; kmer:GGUUG:0.0001,mir-6875-5p:0.555; mir-6861-5p:0.525; mir-520c-3p:0.522
2230,mir-4745-5p,MIMAT0019878,UGAGUGGGGCUCCCGGGACGGCG,nao,0.146631,0.660152,0.663973,,kmer:GU:0.0014; kmer:GUG:0.0006; kmer:AGUG:0.0003; kmer:AGU:0.0002; kmer:UCCC:0.0002; kmer:UGA:0.0001; kmer:CGGC:0.0001; kmer:CG:0.0001; kmer:UCCCG:0.0001; kmer:CCCG:0.0001,mir-4634:0.749; mir-6861-5p:0.663; mir-1307-3p:0.513
2231,mir-378b,MIMAT0014999,ACUGGACUUGGAGGCAGAA,nao,0.146248,0.660150,0.663961,,kmer:AA:0.0005; kmer:GCA:0.0003; kmer:ACUUG:0.0003; kmer:GCAG:0.0003; kmer:UUG:0.0002; kmer:CAGAA:0.0001; kmer:CAG:0.0000; kmer:ACUG:0.0000; kmer:CUUG:0.0000,mir-6875-5p:0.576; mir-1246:0.556; mir-6861-5p:0.476
2232,mir-6756-3p,MIMAT0027413,UCCCCUUCCUCCCUGCCCAG,nao,0.145865,0.660148,0.663953,,kmer:UCCC:0.0004; kmer:CCCU:0.0003; kmer:UCCCU:0.0002; kmer:CCCUG:0.0002; kmer:CAG:0.0000; kmer:CCCAG:0.0000,mir-145-5p:0.656; mir-125a-5p:0.628; mir-125b-5p:0.567
2233,mir-4685-5p,MIMAT0019771,CCCAGGGCUUGGAGUGGGGCAAGGUU,nao,0.145482,0.660134,0.663893,,kmer:GU:0.0025; kmer:GUG:0.0006; kmer:AA:0.0004; kmer:GUU:0.0003; kmer:AGUG:0.0002; kmer:GCA:0.0002; kmer:AGU:0.0002; kmer:AGGU:0.0002; kmer:UUG:0.0002; kmer:GCUU:0.0001,mir-6861-5p:0.756; mir-6875-5p:0.569; mir-373-3p:0.555
2234,mir-6722-3p,MIMAT0025854,UGCAGGGGUCGGGUGGGCCAGG,nao,0.145100,0.660132,0.663884,,kmer:GU:0.0028; kmer:GUG:0.0006; kmer:UGCA:0.0003; kmer:GCA:0.0002; kmer:GCAG:0.0002; kmer:UCG:0.0002; kmer:GCAGG:0.0002; kmer:CAGG:0.0001; kmer:UGCAG:0.0001; kmer:UCGG:0.0001,mir-6861-5p:0.785; mir-181b-5p:0.525; mir-4634:0.508
2235,mir-1249-3p,MIMAT0005901,ACGCCCUUCCCCCCCUUCUUCA,nao,0.144717,0.660127,0.663860,,kmer:CCCU:0.0003; kmer:UCCC:0.0002; kmer:CG:0.0001; kmer:UUCCC:0.0000,mir-205-5p:0.541; mir-145-5p:0.532; mir-125a-5p:0.532
2236,mir-6125,MIMAT0024598,GCGGAAGGCGGAGCGGCGGA,nao,0.144334,0.660111,0.663789,,kmer:AA:0.0005; kmer:CG:0.0002; kmer:CGGC:0.0002; kmer:CGGCG:0.0001; kmer:AGCGG:0.0001; kmer:GCGGC:0.0000,mir-4634:0.636; mir-1307-3p:0.445; mir-6875-5p:0.390
2237,mir-6877-5p,MIMAT0027654,AGGGCCGAAGGGUGGAAGCUGC,nao,0.143951,0.660109,0.663780,,kmer:GU:0.0015; kmer:AA:0.0009; kmer:GUG:0.0007; kmer:CGA:0.0002; kmer:CCGAA:0.0001; kmer:CCGA:0.0001; kmer:CGAA:0.0001; kmer:CCG:0.0001; kmer:CG:0.0000; kmer:GGU:0.0000,mir-6861-5p:0.612; mir-206:0.536; mir-31-5p:0.532
2238,mir-1909-3p,MIMAT0007883,CGCAGGGGCCGGGUGCUCACCG,nao,0.143568,0.660102,0.663749,,kmer:GU:0.0016; kmer:GUG:0.0007; kmer:GUGC:0.0007; kmer:GUGCU:0.0003; kmer:GCA:0.0003; kmer:ACCG:0.0003; kmer:GCAG:0.0003; kmer:GCAGG:0.0002; kmer:UGCU:0.0002; kmer:CCG:0.0002,mir-4634:0.700; mir-6861-5p:0.638; mir-24-3p:0.453
2239,mir-6821-3p,MIMAT0027543,UGACCUCUCCGCUCCGCACAG,nao,0.143185,0.660100,0.663741,,kmer:GCA:0.0003; kmer:GCAC:0.0003; kmer:UGA:0.0002; kmer:CCG:0.0002; kmer:GCACA:0.0002; kmer:ACAG:0.0001; kmer:CG:0.0001; kmer:GACC:0.0001; kmer:CAG:0.0000; kmer:ACC:0.0000,mir-205-5p:0.531; mir-139-5p:0.515; mir-425-5p:0.505
2240,mir-378f,MIMAT0018932,ACUGGACUUGGAGCCAGAAG,nao,0.142802,0.660095,0.663716,,kmer:AA:0.0005; kmer:ACUUG:0.0003; kmer:UUG:0.0002; kmer:CAGAA:0.0001; kmer:CAG:0.0000; kmer:ACUG:0.0000; kmer:CUUG:0.0000,mir-6875-5p:0.576; mir-1246:0.523; mir-21-5p:0.467
2241,mir-661,MIMAT0003324,UGCCUGGGUCUCUGGCCUGCGCGU,nao,0.142420,0.660073,0.663618,,kmer:GU:0.0028; kmer:CGU:0.0004; kmer:GCGU:0.0001; kmer:CG:0.0001; kmer:GUCU:0.0001; kmer:UGGC:0.0000; kmer:GUCUC:0.0000; kmer:GUC:0.0000; kmer:GGU:0.0000,mir-92a-3p:0.522; mir-210-3p:0.497; mir-25-3p:0.495
2242,mir-6794-3p,MIMAT0027489,CUCACUCUCAGUCCCUCCCU,nao,0.142037,0.660068,0.663595,,kmer:GU:0.0016; kmer:UCCC:0.0004; kmer:CCCU:0.0003; kmer:UCCCU:0.0003; kmer:AGU:0.0003; kmer:CAGU:0.0002; kmer:UCAGU:0.0001; kmer:CAG:0.0000; kmer:GUC:0.0000; kmer:CACUC:0.0000,mir-205-5p:0.537; mir-145-5p:0.532; mir-139-5p:0.472
2243,mir-1915-5p,MIMAT0007891,ACCUUGCCUUGCUGCCCGGGCC,nao,0.141654,0.660061,0.663565,,kmer:UUG:0.0005; kmer:UGCU:0.0002; kmer:CCCG:0.0001; kmer:CCCGG:0.0001; kmer:CCGG:0.0001; kmer:CCG:0.0001; kmer:CUUG:0.0001; kmer:CG:0.0001; kmer:ACC:0.0000; kmer:UGCUG:0.0000,mir-92a-3p:0.635; mir-4634:0.500; mir-125a-5p:0.482
2244,mir-4315,MIMAT0016866,CCGCUUUCUGAGCUGGAC,nao,0.141271,0.660058,0.663552,,kmer:CUGA:0.0003; kmer:UGA:0.0002; kmer:GCUU:0.0002; kmer:CUGAG:0.0001; kmer:CCG:0.0001; kmer:CG:0.0001,mir-125a-5p:0.504; mir-21-5p:0.486; mir-34a-5p:0.468
2245,mir-4284,MIMAT0016915,GGGCUCACAUCACCCCAU,nao,0.140888,0.660053,0.663532,,kmer:ACCC:0.0003; kmer:AUC:0.0001; kmer:AUCAC:0.0000; kmer:ACC:0.0000; kmer:ACCCC:0.0000; kmer:AUCA:0.0000,mir-205-5p:0.462; mir-425-5p:0.452; mir-223-3p:0.437
2246,mir-4482-3p,MIMAT0020958,UUUCUAUUUCUCAGUGGGGCUC,nao,0.140505,0.660052,0.663527,,kmer:GU:0.0015; kmer:UA:0.0007; kmer:GUG:0.0007; kmer:AGUG:0.0003; kmer:AGU:0.0002; kmer:CAGU:0.0002; kmer:UAUU:0.0001; kmer:CAGUG:0.0001; kmer:UCAGU:0.0001; kmer:UAU:0.0001,mir-373-3p:0.554; mir-6861-5p:0.516; mir-520c-3p:0.495
2247,mir-3622a-5p,MIMAT0018003,CAGGCACGGGAGCUCAGGUGAG,sim,0.140123,0.660047,0.663504,hsa-mir-3622a,kmer:GU:0.0016; kmer:GUG:0.0007; kmer:GCA:0.0003; kmer:AGGU:0.0002; kmer:GCAC:0.0002; kmer:CAGGU:0.0002; kmer:CAGG:0.0002; kmer:UGA:0.0002; kmer:GCACG:0.0001; kmer:CACG:0.0001,mir-24-3p:0.663; mir-6875-5p:0.649; mir-6861-5p:0.593
2248,mir-4258,MIMAT0016879,CCCCGCCACCGCCUUGG,nao,0.139740,0.660027,0.663415,,kmer:ACCG:0.0004; kmer:UUG:0.0004; kmer:CCG:0.0002; kmer:CCCG:0.0002; kmer:CG:0.0002; kmer:CUUG:0.0000; kmer:ACC:0.0000,mir-92a-3p:0.535; mir-4634:0.525; mir-125a-5p:0.491
2249,mir-6778-5p,MIMAT0027456,AGUGGGAGGACAGGAGGCAGGU,nao,0.139357,0.660026,0.663411,,kmer:GU:0.0029; kmer:GUG:0.0006; kmer:AGUG:0.0003; kmer:GCA:0.0002; kmer:AGU:0.0002; kmer:GCAG:0.0002; kmer:AGGU:0.0002; kmer:GCAGG:0.0002; kmer:CAGGU:0.0002; kmer:CAGG:0.0001,mir-6875-5p:0.793; mir-6861-5p:0.606; mir-24-3p:0.576
2250,mir-6132,MIMAT0024616,AGCAGGGCUGGGGAUUGCA,nao,0.138974,0.660014,0.663356,,kmer:GCA:0.0005; kmer:AGCA:0.0004; kmer:AGCAG:0.0003; kmer:UGCA:0.0003; kmer:GCAG:0.0002; kmer:GCAGG:0.0002; kmer:UUG:0.0002; kmer:AUUGC:0.0002; kmer:AUUG:0.0001; kmer:CAGG:0.0001,mir-6861-5p:0.640; mir-31-5p:0.595; mir-1246:0.566
2251,mir-3928-3p,MIMAT0018205,GGAGGAACCUUGGAGCUUCGGC,nao,0.138591,0.660013,0.663354,,kmer:AA:0.0004; kmer:UCG:0.0002; kmer:UUG:0.0002; kmer:UUCG:0.0002; kmer:CGGC:0.0001; kmer:GCUU:0.0001; kmer:AAC:0.0001; kmer:AACC:0.0001; kmer:AGGAA:0.0001; kmer:UCGG:0.0001,mir-6875-5p:0.558; mir-1246:0.527; mir-520c-3p:0.505
2252,mir-4253,MIMAT0016882,AGGGCAUGUCCAGGGGGU,nao,0.138208,0.660007,0.663328,,kmer:GU:0.0035; kmer:UGU:0.0009; kmer:GCA:0.0003; kmer:UGUC:0.0003; kmer:UCCAG:0.0001; kmer:UCCA:0.0001; kmer:CCAGG:0.0001; kmer:GUCCA:0.0001; kmer:CAGG:0.0001; kmer:AUGU:0.0000,mir-6861-5p:0.719; mir-6875-5p:0.476; mir-181b-5p:0.439
2253,mir-4257,MIMAT0016878,CCAGAGGUGGGGACUGAG,nao,0.137825,0.659998,0.663284,,kmer:GU:0.0018; kmer:GUG:0.0008; kmer:ACUGA:0.0003; kmer:AGGU:0.0003; kmer:CUGA:0.0003; kmer:UGA:0.0002; kmer:CUGAG:0.0001; kmer:CAG:0.0000; kmer:ACUG:0.0000; kmer:GGU:0.0000,mir-6861-5p:0.686; mir-6875-5p:0.681; let-7b-5p:0.471
2254,mir-204-3p,MIMAT0022693,GCUGGGAAGGCAAAGGGACGU,nao,0.137443,0.659996,0.663274,,kmer:GU:0.0017; kmer:AA:0.0015; kmer:CGU:0.0006; kmer:AAA:0.0004; kmer:CAAA:0.0003; kmer:GCA:0.0003; kmer:GCAAA:0.0002; kmer:GCAA:0.0001; kmer:AAAG:0.0001; kmer:CG:0.0001,mir-6861-5p:0.591; mir-31-5p:0.566; mir-191-5p:0.531
2255,mir-6769a-5p,MIMAT0027438,AGGUGGGUAUGGAGGAGCCCU,nao,0.137060,0.659992,0.663259,,kmer:GU:0.0032; kmer:UA:0.0008; kmer:GUG:0.0007; kmer:GUA:0.0004; kmer:GGUA:0.0003; kmer:AGGU:0.0002; kmer:CCCU:0.0002; kmer:UAU:0.0001; kmer:GGU:0.0000,mir-6861-5p:0.688; mir-6875-5p:0.591; let-7b-5p:0.543
2256,mir-6865-5p,MIMAT0027630,UAGGUGGCAGAGGAGGGACUUCA,nao,0.136677,0.659986,0.663233,,kmer:GU:0.0014; kmer:UA:0.0007; kmer:GUG:0.0006; kmer:UAG:0.0006; kmer:GCA:0.0002; kmer:GCAG:0.0002; kmer:AGGU:0.0002; kmer:UAGGU:0.0001; kmer:UGGC:0.0000; kmer:UAGG:0.0000,mir-6875-5p:0.703; mir-6861-5p:0.622; mir-24-3p:0.556
2257,mir-6735-3p,MIMAT0027372,AGGCCUGUGGCUCCUCCCUCAG,nao,0.136294,0.659979,0.663199,,kmer:GU:0.0014; kmer:UGU:0.0007; kmer:GUG:0.0006; kmer:UGUG:0.0004; kmer:UCCC:0.0002; kmer:CCCU:0.0001; kmer:UCCCU:0.0001; kmer:CCUGU:0.0001; kmer:UGGC:0.0000; kmer:CAG:0.0000,mir-125a-5p:0.544; mir-92a-3p:0.514; mir-6861-5p:0.490
2258,mir-1226-5p,MIMAT0005576,GUGAGGGCAUGCAGGCCUGGAUGGGG,nao,0.135911,0.659970,0.663162,,kmer:GU:0.0012; kmer:GUG:0.0005; kmer:GCA:0.0004; kmer:UGCA:0.0002; kmer:GCAG:0.0002; kmer:GCAGG:0.0002; kmer:AUGC:0.0001; kmer:UGA:0.0001; kmer:UGCAG:0.0001; kmer:CAGG:0.0001,mir-6861-5p:0.662; mir-31-5p:0.595; mir-1246:0.532
2259,mir-4747-5p,MIMAT0019882,AGGGAAGGAGGCUUGGUCUUAG,nao,0.135528,0.659967,0.663148,,kmer:GU:0.0015; kmer:UA:0.0007; kmer:UAG:0.0006; kmer:AA:0.0004; kmer:CUUA:0.0004; kmer:UUA:0.0002; kmer:UUG:0.0002; kmer:GCUU:0.0001; kmer:GUCU:0.0001; kmer:UCUUA:0.0001,mir-520c-3p:0.588; mir-6861-5p:0.579; mir-6875-5p:0.567
2260,mir-1199-5p,MIMAT0031119,CCUGAGCCCGGGCCGCGCAG,nao,0.135145,0.659952,0.663079,,kmer:GCA:0.0003; kmer:GCAG:0.0003; kmer:CUGA:0.0003; kmer:UGA:0.0002; kmer:CCG:0.0002; kmer:CG:0.0002; kmer:CCCG:0.0001; kmer:CCCGG:0.0001; kmer:CCUGA:0.0001; kmer:CCGG:0.0001,mir-4634:0.705; mir-92a-3p:0.487; mir-125a-5p:0.430
2261,mir-4749-3p,MIMAT0019886,CGCCCCUCCUGCCCCCACAG,nao,0.134763,0.659946,0.663054,,kmer:CCCU:0.0002; kmer:ACAG:0.0001; kmer:CG:0.0001; kmer:CAG:0.0000; kmer:CACAG:0.0000,mir-125a-5p:0.531; mir-145-5p:0.504; mir-125b-5p:0.483
2262,mir-7110-3p,MIMAT0028118,UCUCUCUCCCACUUCCCUGCAG,nao,0.134380,0.659943,0.663041,,kmer:UCCC:0.0003; kmer:UGCA:0.0003; kmer:GCA:0.0002; kmer:GCAG:0.0002; kmer:CCCU:0.0001; kmer:UCCCU:0.0001; kmer:CCCUG:0.0001; kmer:UGCAG:0.0001; kmer:CACUU:0.0001; kmer:UCCCA:0.0000,mir-205-5p:0.579; mir-145-5p:0.530; mir-25-3p:0.497
2263,mir-6787-5p,MIMAT0027474,UGGCGGGGGUAGAGCUGGCUGC,nao,0.133997,0.659943,0.663041,,kmer:GU:0.0014; kmer:UA:0.0007; kmer:UAG:0.0006; kmer:GUAG:0.0005; kmer:GGUAG:0.0004; kmer:GUA:0.0003; kmer:GGUA:0.0003; kmer:UGGC:0.0001; kmer:UGGCG:0.0001; kmer:GUAGA:0.0001,mir-6861-5p:0.689; mir-31-5p:0.600; mir-34a-5p:0.519
2264,mir-6753-5p,MIMAT0027406,CACCAGGGCAGAGCAGGGCUGA,nao,0.133614,0.659929,0.662977,,kmer:GCA:0.0005; kmer:GCAG:0.0005; kmer:AGCA:0.0004; kmer:AGCAG:0.0003; kmer:GCAGG:0.0002; kmer:CUGA:0.0002; kmer:CAGG:0.0002; kmer:UGA:0.0002; kmer:CAG:0.0001; kmer:CCAGG:0.0001,mir-24-3p:0.653; mir-6875-5p:0.627; mir-31-5p:0.578
2265,mir-6796-3p,MIMAT0027493,GAAGCUCUCCCCUCCCCGCAG,nao,0.133231,0.659928,0.662974,,kmer:AA:0.0005; kmer:UCCC:0.0004; kmer:GCA:0.0003; kmer:GCAG:0.0003; kmer:CCCU:0.0002; kmer:CCCG:0.0001; kmer:CCG:0.0001; kmer:CG:0.0001; kmer:CAG:0.0000,mir-145-5p:0.544; mir-125a-5p:0.484; mir-125b-5p:0.466
2266,mir-7151-3p,MIMAT0028213,CUACAGGCUGGAAUGGGCUCA,nao,0.132848,0.659924,0.662956,,kmer:UA:0.0008; kmer:AAU:0.0006; kmer:AA:0.0005; kmer:GAAU:0.0002; kmer:GGAAU:0.0002; kmer:AAUG:0.0002; kmer:ACAG:0.0001; kmer:UACAG:0.0001; kmer:CAGG:0.0001; kmer:GAAUG:0.0001,mir-6861-5p:0.634; mir-31-5p:0.572; mir-24-3p:0.562
2267,mir-4665-5p,MIMAT0019739,CUGGGGGACGCGUGAGCGCGAGC,nao,0.132466,0.659915,0.662917,,kmer:GU:0.0017; kmer:GUG:0.0008; kmer:CGU:0.0006; kmer:CGUG:0.0004; kmer:CG:0.0002; kmer:CGA:0.0002; kmer:UGA:0.0002; kmer:GCGUG:0.0001; kmer:GCGU:0.0001; kmer:CGUGA:0.0001,mir-4634:0.598; mir-210-3p:0.555; mir-6861-5p:0.504
2268,mir-6808-5p,MIMAT0027516,CAGGCAGGGAGGUGGGACCAUG,nao,0.132083,0.659907,0.662881,,kmer:GU:0.0014; kmer:GUG:0.0006; kmer:GCA:0.0002; kmer:GCAG:0.0002; kmer:AGGU:0.0002; kmer:GCAGG:0.0002; kmer:CAGG:0.0001; kmer:CAG:0.0001; kmer:GACC:0.0001; kmer:ACCAU:0.0000,mir-6875-5p:0.709; mir-6861-5p:0.691; mir-24-3p:0.534
2269,mir-4776-5p,MIMAT0019932,GUGGACCAGGAUGGCAAGGGCU,nao,0.131700,0.659904,0.662866,,kmer:GU:0.0016; kmer:GUG:0.0007; kmer:AA:0.0005; kmer:GCA:0.0003; kmer:CAGGA:0.0001; kmer:CCAGG:0.0001; kmer:CAGG:0.0001; kmer:GCAA:0.0001; kmer:GACC:0.0001; kmer:UGGC:0.0001,mir-6875-5p:0.664; mir-6861-5p:0.652; mir-31-5p:0.629
2270,mir-3195,MIMAT0015079,CGCGCCGGGCCCGGGUU,nao,0.131317,0.659896,0.662833,,kmer:GU:0.0024; kmer:GUU:0.0006; kmer:CG:0.0003; kmer:CCGG:0.0002; kmer:CCG:0.0002; kmer:GGUU:0.0002; kmer:CCCG:0.0002; kmer:CCCGG:0.0001; kmer:GGGUU:0.0000; kmer:GGU:0.0000,mir-4634:0.852; mir-1307-3p:0.451; mir-6861-5p:0.427
2271,mir-3132,MIMAT0014997,UGGGUAGAGAAGGAGCUCAGAGGA,nao,0.130934,0.659890,0.662806,,kmer:GU:0.0014; kmer:UA:0.0007; kmer:UAG:0.0006; kmer:GUAG:0.0005; kmer:AA:0.0004; kmer:GGUAG:0.0004; kmer:GUA:0.0003; kmer:GGUA:0.0003; kmer:GUAGA:0.0001; kmer:CAG:0.0000,mir-6875-5p:0.695; mir-24-3p:0.530; mir-6861-5p:0.523
2272,mir-4667-5p,MIMAT0019743,ACUGGGGAGCAGAAGGAGAACC,nao,0.130551,0.659881,0.662764,,kmer:AA:0.0009; kmer:AGCA:0.0003; kmer:AGCAG:0.0003; kmer:GCA:0.0002; kmer:GCAG:0.0002; kmer:AAC:0.0001; kmer:AACC:0.0001; kmer:GAACC:0.0001; kmer:CAGAA:0.0001; kmer:AGAAC:0.0001,mir-6875-5p:0.675; mir-6861-5p:0.506; mir-24-3p:0.498
2273,mir-6763-3p,MIMAT0027427,CUCCCCGGCCUCUGCCCCCAG,nao,0.130168,0.659881,0.662762,,kmer:UCCC:0.0002; kmer:CGGC:0.0002; kmer:CCCG:0.0001; kmer:CCGGC:0.0001; kmer:CGGCC:0.0001; kmer:CCCGG:0.0001; kmer:CCGG:0.0001; kmer:CCG:0.0001; kmer:CG:0.0000; kmer:CAG:0.0000,mir-145-5p:0.524; mir-92a-3p:0.513; mir-125a-5p:0.484
2274,mir-6726-5p,MIMAT0027353,CGGGAGCUGGGGUCUGCAGGU,nao,0.129786,0.659867,0.662701,,kmer:GU:0.0029; kmer:UGCA:0.0003; kmer:GCA:0.0002; kmer:GCAG:0.0002; kmer:AGGU:0.0002; kmer:GCAGG:0.0002; kmer:CAGGU:0.0002; kmer:UGCAG:0.0001; kmer:CAGG:0.0001; kmer:GUCUG:0.0001,mir-6861-5p:0.732; mir-34a-5p:0.526; mir-181b-5p:0.498
2275,mir-5195-3p,MIMAT0021127,AUCCAGUUCUCUGAGGGGGCU,nao,0.129403,0.659852,0.662634,,kmer:GU:0.0014; seed:UCCAGUU:0.0005; kmer:GUU:0.0003; kmer:AGU:0.0002; kmer:CUGA:0.0002; kmer:AGUU:0.0002; kmer:CAGUU:0.0002; kmer:AUCC:0.0002; kmer:CAGU:0.0001; kmer:UGA:0.0001,mir-6861-5p:0.604; mir-145-5p:0.488; mir-205-5p:0.475
2276,mir-4708-3p,MIMAT0019810,AGCAAGGCGGCAUCUCUCUGAU,nao,0.129020,0.659849,0.662620,,kmer:GCA:0.0005; kmer:AA:0.0005; kmer:AGCA:0.0004; kmer:CUGA:0.0002; kmer:UGA:0.0002; kmer:CGGC:0.0002; kmer:AUC:0.0001; kmer:GCAA:0.0001; kmer:CUGAU:0.0001; kmer:CG:0.0001,mir-31-5p:0.598; mir-25-3p:0.507; mir-24-3p:0.443
2277,mir-423-5p,MIMAT0004748,UGAGGGGCAGAGAGCGAGACUUU,nao,0.128637,0.659841,0.662584,,kmer:GCA:0.0002; kmer:GCAG:0.0002; kmer:CGA:0.0001; kmer:UGA:0.0001; kmer:GAGAC:0.0001; kmer:CG:0.0000; kmer:CAG:0.0000; kmer:AGAC:0.0000; kmer:AGACU:0.0000; kmer:UGAGG:0.0000,mir-6875-5p:0.655; mir-520c-3p:0.486; mir-1246:0.462
2278,mir-4734,MIMAT0019859,GCUGCGGGCUGCGGUCAGGGCG,nao,0.128254,0.659823,0.662506,,kmer:GU:0.0016; kmer:CG:0.0002; kmer:CGGUC:0.0001; kmer:CAGG:0.0001; kmer:CAG:0.0000; kmer:CGGU:0.0000; kmer:GUC:0.0000; kmer:GGU:0.0000; kmer:GUCAG:0.0000,mir-4634:0.594; mir-6861-5p:0.541; mir-210-3p:0.537
2279,mir-3127-3p,MIMAT0019201,UCCCCUUCUGCAGGCCUGCUGG,nao,0.127871,0.659809,0.662444,,kmer:UGCA:0.0003; kmer:GCA:0.0002; kmer:GCAG:0.0002; kmer:GCAGG:0.0002; kmer:UGCU:0.0002; kmer:UCCC:0.0002; kmer:CCCU:0.0001; kmer:UGCAG:0.0001; kmer:CAGG:0.0001; kmer:CAG:0.0000,mir-92a-3p:0.573; mir-125a-5p:0.550; mir-31-5p:0.501
2280,mir-6792-3p,MIMAT0027485,CUCCUCCACAGCCCCUGCUCAU,nao,0.127489,0.659789,0.662355,,kmer:UGCU:0.0002; kmer:CAGC:0.0002; kmer:CCCU:0.0002; kmer:CCCUG:0.0001; kmer:ACAG:0.0001; kmer:UCCA:0.0001; kmer:CAG:0.0000; kmer:ACAGC:0.0000; kmer:CACAG:0.0000,mir-205-5p:0.555; mir-145-5p:0.500; mir-125a-5p:0.500
2281,mir-6875-3p,MIMAT0027651,AUUCUUCCUGCCCUGGCUCCAU,nao,0.127106,0.659763,0.662237,,kmer:CCCU:0.0001; kmer:CCCUG:0.0001; kmer:UCCA:0.0001; kmer:UGGC:0.0001; kmer:UCCAU:0.0000,mir-205-5p:0.639; mir-125a-5p:0.539; mir-92a-3p:0.512
2282,mir-3198,MIMAT0015083,GUGGAGUCCUGGGGAAUGGAGA,nao,0.126723,0.659761,0.662230,,kmer:GU:0.0030; kmer:GUG:0.0007; kmer:AAU:0.0006; kmer:AA:0.0004; kmer:AGU:0.0002; kmer:GAAU:0.0002; kmer:GGAAU:0.0002; kmer:AAUG:0.0002; kmer:GAAUG:0.0001; kmer:GUC:0.0000,mir-206:0.610; mir-6861-5p:0.570; mir-6875-5p:0.551
2283,mir-1288-3p,MIMAT0005942,UGGACUGCCCUGAUCUGGAGA,nao,0.126340,0.659760,0.662226,,kmer:CUGA:0.0002; kmer:UGA:0.0002; kmer:CCCU:0.0002; kmer:CCCUG:0.0001; kmer:AUC:0.0001; kmer:CCUGA:0.0001; kmer:CUGAU:0.0001; kmer:ACUG:0.0000; kmer:GAUC:0.0000; kmer:GACUG:0.0000,mir-125a-5p:0.584; mir-125b-5p:0.577; mir-21-5p:0.505
2284,mir-4655-5p,MIMAT0019721,CACCGGGGAUGGCAGAGGGUCG,nao,0.125957,0.659758,0.662216,,kmer:GU:0.0015; kmer:GCA:0.0003; kmer:ACCG:0.0002; kmer:GCAG:0.0002; kmer:UCG:0.0002; kmer:ACCGG:0.0001; kmer:CG:0.0001; kmer:CCGG:0.0001; kmer:CCG:0.0001; kmer:GUCG:0.0001,mir-6861-5p:0.629; mir-4634:0.602; mir-6875-5p:0.575
2285,mir-4769-3p,MIMAT0019923,UCUGCCAUCCUCCCUCCCCUAC,nao,0.125574,0.659750,0.662182,,kmer:UA:0.0008; kmer:UCCC:0.0003; kmer:CCCU:0.0003; kmer:AUCC:0.0002; kmer:UCCCU:0.0002; kmer:CCCUA:0.0001; kmer:AUC:0.0001; kmer:CCUA:0.0000,mir-125a-5p:0.574; mir-145-5p:0.567; mir-125b-5p:0.560
2286,mir-3158-5p,MIMAT0019211,CCUGCAGAGAGGAAGCCCUUC,nao,0.125191,0.659743,0.662151,,kmer:AA:0.0005; kmer:UGCA:0.0003; kmer:GCA:0.0003; kmer:GCAG:0.0003; kmer:CCCU:0.0002; kmer:AGGAA:0.0001; kmer:UGCAG:0.0001; kmer:CAG:0.0000,mir-6875-5p:0.568; mir-125a-5p:0.555; mir-520c-3p:0.517
2287,mir-6511a-3p,MIMAT0025479,CCUCACCAUCCCUUCUGCCUGC,nao,0.124809,0.659728,0.662083,,kmer:AUCC:0.0002; kmer:UCCC:0.0002; kmer:CCCU:0.0002; kmer:UCCCU:0.0002; kmer:AUCCC:0.0001; kmer:AUC:0.0001; kmer:ACCAU:0.0000; kmer:ACC:0.0000,mir-205-5p:0.626; mir-125a-5p:0.608; mir-92a-3p:0.537
2288,mir-10400-5p,MIMAT0041631,CGGCGGCGGCGGCUCUGGGCG,nao,0.124426,0.659728,0.662081,,kmer:CGGC:0.0006; kmer:CG:0.0002; kmer:CGGCG:0.0002; kmer:GCGGC:0.0001; kmer:CGGCU:0.0000,mir-4634:0.707; mir-1307-3p:0.562; mir-6861-5p:0.418
2289,mir-4738-3p,MIMAT0019867,UGAAACUGGAGCGCCUGGAGGA,nao,0.124043,0.659727,0.662077,,kmer:AA:0.0009; kmer:AAA:0.0004; kmer:UGA:0.0002; kmer:AAC:0.0001; kmer:AAACU:0.0001; kmer:CG:0.0001; kmer:AACU:0.0000; kmer:ACUG:0.0000; kmer:AACUG:0.0000; kmer:AAAC:0.0000,mir-6875-5p:0.561; mir-1246:0.488; mir-206:0.453
2290,mir-6893-3p,MIMAT0027687,CCCUGCUGCCUUCACCUGCCAG,nao,0.123660,0.659726,0.662074,,kmer:UGCU:0.0002; kmer:CCCU:0.0002; kmer:CCCUG:0.0002; kmer:CAG:0.0000; kmer:ACC:0.0000; kmer:UGCUG:0.0000,mir-125a-5p:0.608; mir-92a-3p:0.536; mir-125b-5p:0.525
2291,mir-5004-3p,MIMAT0021028,CUUGGAUUUUCCUGGGCCUCAG,nao,0.123277,0.659724,0.662063,,kmer:UUG:0.0002; kmer:UUUUC:0.0001; kmer:AUUUU:0.0001; kmer:GAUUU:0.0000; kmer:CAG:0.0000; kmer:CUUG:0.0000; kmer:UUUCC:0.0000; kmer:AUUU:0.0000; kmer:GGAUU:0.0000; kmer:UGGAU:0.0000,mir-1246:0.647; mir-373-3p:0.566; mir-520c-3p:0.525
2292,mir-3667-3p,MIMAT0018090,ACCUUCCUCUCCAUGGGUCUUU,nao,0.122894,0.659702,0.661965,,kmer:GU:0.0015; kmer:UCCA:0.0001; kmer:GUCU:0.0001; kmer:ACC:0.0000; kmer:UCCAU:0.0000; kmer:GUC:0.0000; kmer:GUCUU:0.0000; kmer:GGU:0.0000,mir-205-5p:0.675; mir-25-3p:0.518; mir-145-5p:0.504
2293,mir-3154,MIMAT0015028,CAGAAGGGGAGUUGGGAGCAGA,nao,0.122511,0.659697,0.661945,,kmer:GU:0.0015; kmer:AA:0.0004; kmer:AGCA:0.0004; kmer:GUU:0.0004; kmer:AGCAG:0.0003; kmer:GCA:0.0003; kmer:AGU:0.0002; kmer:GCAG:0.0002; kmer:AGUU:0.0002; kmer:UUG:0.0002,mir-6875-5p:0.662; mir-24-3p:0.555; mir-1246:0.546
2294,mir-4296,MIMAT0016845,AUGUGGGCUCAGGCUCA,nao,0.122129,0.659695,0.661937,,kmer:GU:0.0020; kmer:UGU:0.0011; kmer:GUG:0.0009; kmer:UGUG:0.0006; kmer:CAGG:0.0001; kmer:AUGU:0.0001; kmer:CAG:0.0001; kmer:UGUGG:0.0000,mir-6861-5p:0.639; mir-24-3p:0.598; mir-31-5p:0.490
2295,mir-1227-5p,MIMAT0022941,GUGGGGCCAGGCGGUGG,nao,0.121746,0.659692,0.661922,,kmer:GU:0.0040; kmer:GUG:0.0018; kmer:CCAGG:0.0001; kmer:CAGG:0.0001; kmer:CG:0.0001; kmer:CAG:0.0000; kmer:CGGU:0.0000; kmer:GGU:0.0000,mir-6861-5p:0.781; mir-4634:0.571; mir-181b-5p:0.500
2296,mir-6836-5p,MIMAT0027574,CGCAGGGCCCUGGCGCAGGCAU,nao,0.121363,0.659686,0.661896,,kmer:GCA:0.0008; kmer:GCAG:0.0005; kmer:GCAGG:0.0005; kmer:CAGG:0.0002; kmer:CCCU:0.0002; kmer:CCCUG:0.0002; kmer:UGGCG:0.0001; kmer:CG:0.0001; kmer:CAG:0.0001; kmer:UGGC:0.0001,mir-31-5p:0.613; mir-4634:0.537; mir-24-3p:0.536
2297,mir-4706,MIMAT0019806,AGCGGGGAGGAAGUGGGCGCUGCUU,nao,0.120980,0.659678,0.661859,,kmer:GU:0.0013; kmer:GUG:0.0006; kmer:AA:0.0004; kmer:AAGUG:0.0003; kmer:AGUG:0.0003; kmer:AGU:0.0002; kmer:UGCUU:0.0002; kmer:AAGU:0.0002; kmer:UGCU:0.0002; kmer:GCUU:0.0001,mir-6861-5p:0.620; mir-373-3p:0.581; mir-4634:0.547
2298,mir-125b-2-3p,MIMAT0004603,UCACAAGUCAGGCUCUUGGGAC,nao,0.120597,0.659666,0.661805,,kmer:GU:0.0017; kmer:AA:0.0005; kmer:AGU:0.0003; kmer:AAGU:0.0002; kmer:UUG:0.0002; kmer:CAGG:0.0001; kmer:CAG:0.0000; kmer:CUUG:0.0000; kmer:GUC:0.0000; kmer:GUCAG:0.0000,mir-24-3p:0.668; mir-6861-5p:0.558; mir-205-5p:0.479
2299,mir-6736-3p,MIMAT0027374,UCAGCUCCUCUCUACCCACAG,nao,0.120214,0.659665,0.661800,,kmer:UA:0.0008; kmer:ACCC:0.0003; kmer:UACCC:0.0002; kmer:CAGC:0.0002; kmer:UACC:0.0002; kmer:ACAG:0.0001; kmer:CAG:0.0001; kmer:ACC:0.0000; kmer:CACAG:0.0000,mir-139-5p:0.557; mir-205-5p:0.533; mir-24-3p:0.517
2300,mir-1915-3p,MIMAT0007892,CCCCAGGGCGACGCGGCGGG,nao,0.119832,0.659647,0.661719,,kmer:CG:0.0002; kmer:CGA:0.0002; kmer:CGGC:0.0002; kmer:CCAGG:0.0001; kmer:CAGG:0.0001; kmer:CGGCG:0.0001; kmer:CAG:0.0000; kmer:GCGGC:0.0000; kmer:CCCAG:0.0000,mir-4634:0.794; mir-6861-5p:0.480; mir-1307-3p:0.473
2301,mir-7843-5p,MIMAT0030411,GAGGGCAGAGCCAGCUUCCUGA,nao,0.119449,0.659627,0.661630,,kmer:GCA:0.0003; kmer:GCAG:0.0002; kmer:CUGA:0.0002; kmer:CAGC:0.0002; kmer:UGA:0.0002; kmer:GCUU:0.0001; kmer:CCUGA:0.0001; kmer:CAG:0.0001; kmer:AGCUU:0.0001,mir-6875-5p:0.572; mir-31-5p:0.561; mir-24-3p:0.560
2302,mir-6781-3p,MIMAT0027463,UGCCUCUUUUCCACGGCCUCAG,nao,0.119066,0.659626,0.661626,,kmer:CGGC:0.0002; kmer:CACG:0.0001; kmer:CGGCC:0.0001; kmer:UCCA:0.0001; kmer:UUUUC:0.0001; kmer:CG:0.0001; kmer:CAG:0.0000; kmer:UUUCC:0.0000,mir-205-5p:0.589; mir-145-5p:0.542; mir-92a-3p:0.518
2303,mir-4435,MIMAT0018951,AUGGCCAGAGCUCACACAGAGG,nao,0.118683,0.659598,0.661502,,kmer:ACAG:0.0001; kmer:CAG:0.0001; kmer:ACAGA:0.0001; kmer:UGGC:0.0001; kmer:CACAG:0.0000,mir-24-3p:0.632; mir-195-5p:0.576; mir-6875-5p:0.569
2304,mir-518d-5p,MIMAT0005456,CUCUAGAGGGAAGCACUUUCUG,nao,0.118300,0.659590,0.661467,,kmer:UA:0.0008; kmer:UAG:0.0007; kmer:AA:0.0005; kmer:AGCA:0.0004; kmer:GCA:0.0003; kmer:GCAC:0.0002; kmer:AGCAC:0.0002; kmer:CACUU:0.0001; kmer:GCACU:0.0001,mir-520c-3p:0.577; mir-25-3p:0.495; mir-24-3p:0.459
2305,mir-520c-5p,MIMAT0005455,CUCUAGAGGGAAGCACUUUCUG,sim,0.117917,0.659590,0.661467,hsa-mir-520c,kmer:UA:0.0008; kmer:UAG:0.0007; kmer:AA:0.0005; kmer:AGCA:0.0004; kmer:GCA:0.0003; kmer:GCAC:0.0002; kmer:AGCAC:0.0002; kmer:CACUU:0.0001; kmer:GCACU:0.0001,mir-520c-3p:0.577; mir-25-3p:0.495; mir-24-3p:0.459
2306,mir-526a-5p,MIMAT0002845,CUCUAGAGGGAAGCACUUUCUG,nao,0.117534,0.659590,0.661467,,kmer:UA:0.0008; kmer:UAG:0.0007; kmer:AA:0.0005; kmer:AGCA:0.0004; kmer:GCA:0.0003; kmer:GCAC:0.0002; kmer:AGCAC:0.0002; kmer:CACUU:0.0001; kmer:GCACU:0.0001,mir-520c-3p:0.577; mir-25-3p:0.495; mir-24-3p:0.459
2307,mir-4768-5p,MIMAT0019920,AUUCUCUCUGGAUCCCAUGGAU,nao,0.117152,0.659573,0.661393,,kmer:AUCC:0.0002; kmer:UCCC:0.0002; kmer:AUCCC:0.0001; kmer:AUC:0.0001; kmer:UCCCA:0.0001; kmer:GAUC:0.0000; kmer:UGGAU:0.0000,mir-205-5p:0.532; mir-25-3p:0.451; mir-99a-5p:0.450
2308,mir-6781-5p,MIMAT0027462,CGGGCCGGAGGUCAAGGGCGU,nao,0.116769,0.659572,0.661388,,kmer:GU:0.0034; kmer:CGU:0.0006; kmer:AA:0.0005; kmer:AGGU:0.0003; kmer:CG:0.0002; kmer:GCGU:0.0001; kmer:CCGG:0.0001; kmer:CCG:0.0001; kmer:GUCAA:0.0001; kmer:GUC:0.0000,mir-4634:0.690; mir-6861-5p:0.587; mir-1307-3p:0.551
2309,mir-3197,MIMAT0015082,GGAGGCGCAGGCUCGGAAAGGCG,nao,0.116386,0.659571,0.661384,,kmer:AA:0.0009; kmer:AAA:0.0004; kmer:GCA:0.0003; kmer:GCAG:0.0002; kmer:UCG:0.0002; kmer:GCAGG:0.0002; kmer:CG:0.0001; kmer:UCGG:0.0001; kmer:CAGG:0.0001; kmer:CUCGG:0.0001,mir-4634:0.554; mir-24-3p:0.529; mir-31-5p:0.515
2310,mir-1200,MIMAT0005863,CUCCUGAGCCAUUCUGAGCCUC,nao,0.116003,0.659565,0.661357,,kmer:CUGA:0.0005; kmer:UGA:0.0003; kmer:CUGAG:0.0002; kmer:CAUU:0.0001; kmer:CCUGA:0.0001; kmer:CAUUC:0.0001; kmer:CCAUU:0.0000,mir-205-5p:0.575; mir-125a-5p:0.573; mir-125b-5p:0.541
2311,mir-6883-3p,MIMAT0027667,UUCCCUAUCUCACUCUCCUCAG,nao,0.115620,0.659565,0.661355,,kmer:UA:0.0007; kmer:UCCC:0.0002; kmer:CCCU:0.0002; kmer:UCCCU:0.0001; kmer:CCCUA:0.0001; kmer:AUC:0.0001; kmer:UAU:0.0001; kmer:CAG:0.0000; kmer:UAUC:0.0000; kmer:CCUA:0.0000,mir-205-5p:0.581; mir-145-5p:0.482; mir-139-5p:0.450
2312,mir-4707-5p,MIMAT0019807,GCCCCGGCGCGGGCGGGUUCUGG,nao,0.115237,0.659560,0.661334,,kmer:GU:0.0015; kmer:GUU:0.0004; kmer:CG:0.0002; kmer:CGGC:0.0002; kmer:GGUU:0.0001; kmer:CCCG:0.0001; kmer:CCGGC:0.0001; kmer:CCCGG:0.0001; kmer:CCGG:0.0001; kmer:CCG:0.0001,mir-4634:0.829; mir-1307-3p:0.545; mir-6861-5p:0.507
2313,mir-7845-5p,MIMAT0030420,AAGGGACAGGGAGGGUCGUGG,nao,0.114855,0.659557,0.661322,,kmer:GU:0.0032; kmer:GUG:0.0007; kmer:CGU:0.0005; kmer:AA:0.0005; kmer:CGUG:0.0004; kmer:UCGUG:0.0003; kmer:UCGU:0.0002; kmer:UCG:0.0002; kmer:ACAG:0.0001; kmer:CAGG:0.0001,mir-6875-5p:0.677; mir-6861-5p:0.660; mir-155-5p:0.443
2314,mir-6728-5p,MIMAT0027357,UUGGGAUGGUAGGACCAGAGGGG,nao,0.114472,0.659551,0.661293,,kmer:GU:0.0014; kmer:UA:0.0007; kmer:UAG:0.0006; kmer:GUAG:0.0005; kmer:GGUAG:0.0004; kmer:GUA:0.0003; kmer:GGUA:0.0003; kmer:UUG:0.0002; kmer:GUAGG:0.0001; kmer:GACC:0.0001,mir-6861-5p:0.721; mir-6875-5p:0.694; mir-1246:0.530
2315,mir-4478,MIMAT0019006,GAGGCUGAGCUGAGGAG,nao,0.114089,0.659548,0.661282,,kmer:CUGA:0.0005; kmer:UGA:0.0004; kmer:CUGAG:0.0002; kmer:UGAGG:0.0000,mir-6875-5p:0.578; mir-31-5p:0.473; mir-210-3p:0.434
2316,mir-4433a-3p,MIMAT0018949,ACAGGAGUGGGGGUGGGACAU,nao,0.113706,0.659543,0.661259,,kmer:GU:0.0030; kmer:GUG:0.0014; kmer:AGUG:0.0003; kmer:AGU:0.0002; kmer:CAGGA:0.0001; kmer:ACAG:0.0001; kmer:CAGG:0.0001; kmer:CAG:0.0000; kmer:GGGGU:0.0000; kmer:GGU:0.0000,mir-6861-5p:0.736; mir-6875-5p:0.610; mir-373-3p:0.506
2317,mir-12128,MIMAT0049022,UUCAGGGAUGGCGCAUGAAGAGGAGA,nao,0.113323,0.659533,0.661214,,kmer:AA:0.0004; kmer:GCA:0.0002; kmer:UGA:0.0001; kmer:UGGCG:0.0001; kmer:CAGG:0.0001; kmer:UGGC:0.0000; kmer:CG:0.0000; kmer:CAG:0.0000,mir-6875-5p:0.697; mir-1246:0.574; mir-31-5p:0.565
2318,mir-6829-3p,MIMAT0027559,UGCCUCCUCCGUGGCCUCAG,nao,0.112940,0.659531,0.661204,,kmer:GU:0.0018; kmer:GUG:0.0008; kmer:CGU:0.0006; kmer:CGUG:0.0004; kmer:CCGU:0.0001; kmer:CCG:0.0001; kmer:UGGC:0.0001; kmer:CGUGG:0.0001; kmer:CG:0.0001; kmer:CAG:0.0000,mir-205-5p:0.497; mir-92a-3p:0.491; mir-139-5p:0.446
2319,mir-12116,MIMAT0049010,UUAGGCUUCCCCCUCCUCCUGC,nao,0.112557,0.659526,0.661184,,kmer:UA:0.0008; kmer:UAG:0.0007; kmer:UUA:0.0003; kmer:UCCC:0.0002; kmer:CCCU:0.0002; kmer:GCUU:0.0002; kmer:UAGG:0.0000; kmer:UUCCC:0.0000,mir-125a-5p:0.583; mir-145-5p:0.554; mir-205-5p:0.545
2320,mir-1229-3p,MIMAT0005584,CUCUCACCACUGCCCUCCCACAG,nao,0.112175,0.659522,0.661166,,kmer:UCCC:0.0002; kmer:CCCU:0.0002; kmer:ACAG:0.0001; kmer:UCCCA:0.0001; kmer:CAG:0.0000; kmer:ACUG:0.0000; kmer:ACC:0.0000; kmer:CACAG:0.0000,mir-205-5p:0.538; mir-139-5p:0.496; mir-145-5p:0.491
2321,mir-6804-3p,MIMAT0027509,CGCACCUGCCUCUCACCCACAG,nao,0.111792,0.659504,0.661084,,kmer:ACCC:0.0003; kmer:GCA:0.0003; kmer:GCAC:0.0003; kmer:ACAG:0.0001; kmer:ACC:0.0001; kmer:CG:0.0001; kmer:CAG:0.0000; kmer:CACAG:0.0000,mir-205-5p:0.518; mir-139-5p:0.509; mir-125a-5p:0.482
2322,mir-3918,MIMAT0018192,ACAGGGCCGCAGAUGGAGACU,nao,0.111409,0.659503,0.661081,,kmer:GCA:0.0003; kmer:GCAG:0.0003; kmer:ACAG:0.0001; kmer:GAGAC:0.0001; kmer:CAGG:0.0001; kmer:CAG:0.0001; kmer:CCG:0.0001; kmer:CG:0.0001; kmer:AGAC:0.0000; kmer:AGACU:0.0000,mir-6875-5p:0.695; mir-24-3p:0.555; mir-31-5p:0.539
2323,mir-4673,MIMAT0019755,UCCAGGCAGGAGCCGGACUGGA,nao,0.111026,0.659503,0.661080,,kmer:GCA:0.0002; kmer:GCAG:0.0002; kmer:GCAGG:0.0002; kmer:CAGG:0.0002; kmer:CAGGA:0.0001; kmer:UCCAG:0.0001; kmer:UCCA:0.0001; kmer:CCAGG:0.0001; kmer:CCGG:0.0001; kmer:CAG:0.0001,mir-6875-5p:0.741; mir-24-3p:0.574; mir-6861-5p:0.562
2324,mir-4695-3p,MIMAT0019789,UGAUCUCACCGCUGCCUCCUUC,nao,0.110643,0.659500,0.661068,,kmer:ACCG:0.0003; kmer:UGA:0.0002; kmer:AUC:0.0001; kmer:CCG:0.0001; kmer:CG:0.0001; kmer:UCCUU:0.0001; kmer:GAUC:0.0000; kmer:ACC:0.0000,mir-205-5p:0.656; mir-125a-5p:0.519; mir-99a-5p:0.497
2325,mir-3184-3p,MIMAT0022731,AAAGUCUCGCUCUCUGCCCCUCA,nao,0.110260,0.659499,0.661060,,kmer:GU:0.0016; kmer:AA:0.0009; kmer:AAA:0.0004; kmer:AGU:0.0003; kmer:UCG:0.0003; kmer:AAGU:0.0002; kmer:AAAGU:0.0002; kmer:CCCU:0.0002; kmer:UCUCG:0.0001; kmer:AAAG:0.0001,mir-25-3p:0.522; mir-205-5p:0.499; mir-139-5p:0.478
2326,mir-4433b-3p,MIMAT0030414,CAGGAGUGGGGGGUGGGACGU,nao,0.109877,0.659481,0.660982,,kmer:GU:0.0046; kmer:GUG:0.0014; kmer:CGU:0.0005; kmer:AGUG:0.0003; kmer:AGU:0.0002; kmer:CAGGA:0.0001; kmer:CAGG:0.0001; kmer:CG:0.0000; kmer:ACGU:0.0000; kmer:CAG:0.0000,mir-6861-5p:0.753; mir-6875-5p:0.544; mir-373-3p:0.533
2327,mir-365b-5p,MIMAT0022833,AGGGACUUUCAGGGGCAGCUGU,sim,0.109495,0.659477,0.660966,hsa-mir-365b,kmer:GU:0.0015; kmer:UGU:0.0008; kmer:GCA:0.0002; kmer:GCAGC:0.0002; kmer:GCAG:0.0002; kmer:CAGC:0.0002; kmer:CAGG:0.0001; kmer:CAG:0.0001; kmer:CUGU:0.0000; kmer:GCUGU:0.0000,mir-6861-5p:0.623; mir-24-3p:0.605; mir-6875-5p:0.537
2328,mir-6759-3p,MIMAT0027419,UGACCUUUGCCUCUCCCCUCAG,nao,0.109112,0.659466,0.660916,,kmer:UUG:0.0002; kmer:UCCC:0.0002; kmer:UGA:0.0002; kmer:CCCU:0.0002; kmer:GACC:0.0001; kmer:CAG:0.0000; kmer:ACC:0.0000,mir-125a-5p:0.666; mir-125b-5p:0.599; mir-205-5p:0.543
2329,mir-657,MIMAT0003335,GGCAGGUUCUCACCCUCUCUAGG,nao,0.108729,0.659466,0.660913,,kmer:GU:0.0015; kmer:UA:0.0007; kmer:UAG:0.0006; kmer:GUU:0.0003; kmer:ACCC:0.0003; kmer:GCA:0.0002; kmer:ACCCU:0.0002; kmer:GCAG:0.0002; kmer:AGGU:0.0002; kmer:GCAGG:0.0002,mir-24-3p:0.504; mir-205-5p:0.502; mir-6861-5p:0.488
2330,mir-520f-5p,MIMAT0026609,CCUCUAAAGGGAAGCGCUUUCU,sim,0.108346,0.659463,0.660904,hsa-mir-520f,kmer:AA:0.0015; kmer:UA:0.0009; kmer:AAA:0.0005; kmer:UAA:0.0003; kmer:CUAA:0.0002; kmer:GCUU:0.0002; kmer:UAAA:0.0002; kmer:UAAAG:0.0001; kmer:AAAG:0.0001; kmer:CG:0.0001,mir-520c-3p:0.594; mir-191-5p:0.476; mir-365a-3p:0.445
2331,mir-4740-5p,MIMAT0019869,AGGACUGAUCCUCUCGGGCAGG,nao,0.107963,0.659453,0.660855,,kmer:GCA:0.0002; kmer:ACUGA:0.0002; kmer:GCAG:0.0002; kmer:UCG:0.0002; kmer:GCAGG:0.0002; kmer:CUGA:0.0002; kmer:AUCC:0.0002; kmer:UGA:0.0001; kmer:AUC:0.0001; kmer:UCGG:0.0001,mir-6861-5p:0.553; mir-6875-5p:0.523; mir-24-3p:0.477
2332,mir-1185-2-3p,MIMAT0022713,AUAUACAGGGGGAGACUCUCAU,nao,0.107580,0.659439,0.660793,,kmer:UA:0.0015; kmer:ACAG:0.0001; kmer:GAGAC:0.0001; kmer:UACAG:0.0001; kmer:CAGG:0.0001; kmer:UAU:0.0001; kmer:CAG:0.0000; kmer:AGAC:0.0000; kmer:AGACU:0.0000; kmer:AUAU:0.0000,mir-6875-5p:0.536; mir-6861-5p:0.515; mir-24-3p:0.424
2333,mir-1260a,MIMAT0005911,AUCCCACCUCUGCCACCA,nao,0.107198,0.659435,0.660776,,kmer:AUCC:0.0003; kmer:UCCC:0.0002; kmer:AUCCC:0.0002; kmer:AUC:0.0002; kmer:UCCCA:0.0001; kmer:ACC:0.0001,mir-205-5p:0.567; mir-145-5p:0.547; mir-125a-5p:0.491
2334,mir-6511b-3p,MIMAT0025848,CCUCACCACCCCUUCUGCCUGCA,nao,0.106815,0.659411,0.660670,,kmer:UGCA:0.0003; kmer:ACCC:0.0003; kmer:GCA:0.0003; kmer:CCCU:0.0002; kmer:ACC:0.0001; kmer:ACCCC:0.0000,mir-125a-5p:0.623; mir-205-5p:0.580; mir-125b-5p:0.544
2335,mir-6732-5p,MIMAT0027365,UAGGGGGUGGCAGGCUGGCC,nao,0.106432,0.659411,0.660669,,kmer:GU:0.0015; kmer:UA:0.0007; kmer:GUG:0.0007; kmer:UAG:0.0006; kmer:GCA:0.0002; kmer:GCAG:0.0002; kmer:GCAGG:0.0002; kmer:UGGC:0.0001; kmer:CAGG:0.0001; kmer:UAGG:0.0000,mir-6861-5p:0.765; mir-31-5p:0.567; mir-34a-5p:0.497
2336,mir-6862-5p,MIMAT0027625,CGGGCAUGCUGGGAGAGACUUU,nao,0.106049,0.659408,0.660655,,kmer:GCA:0.0002; kmer:UGCU:0.0002; kmer:AUGC:0.0002; kmer:AUGCU:0.0001; kmer:GAGAC:0.0001; kmer:CG:0.0000; kmer:AGAC:0.0000; kmer:CAUGC:0.0000; kmer:AGACU:0.0000; kmer:UGCUG:0.0000,mir-31-5p:0.605; mir-6875-5p:0.523; mir-1246:0.515
2337,mir-6880-5p,MIMAT0027660,UGGUGGAGGAAGAGGGCAGCUC,nao,0.105666,0.659405,0.660646,,kmer:GU:0.0014; kmer:GUG:0.0006; kmer:AA:0.0004; kmer:GCA:0.0002; kmer:GCAGC:0.0002; kmer:GCAG:0.0002; kmer:CAGC:0.0002; kmer:AGGAA:0.0001; kmer:CAG:0.0000; kmer:GGU:0.0000,mir-6875-5p:0.646; mir-6861-5p:0.611; mir-24-3p:0.569
2338,mir-4747-3p,MIMAT0019883,AAGGCCCGGGCUUUCCUCCCAG,nao,0.105283,0.659402,0.660632,,kmer:AA:0.0004; kmer:UCCC:0.0002; kmer:GCUU:0.0001; kmer:CCCG:0.0001; kmer:CCCGG:0.0001; kmer:CCGG:0.0001; kmer:CCG:0.0001; kmer:UCCCA:0.0001; kmer:CG:0.0000; kmer:CAG:0.0000,mir-145-5p:0.648; mir-4634:0.542; mir-205-5p:0.538
2339,mir-874-3p,MIMAT0004911,CUGCCCUGGCCCGAGGGACCGA,nao,0.104900,0.659374,0.660505,,kmer:CGA:0.0003; kmer:ACCG:0.0002; kmer:CCGA:0.0002; kmer:CCCU:0.0002; kmer:CCG:0.0002; kmer:CCCUG:0.0001; kmer:ACCGA:0.0001; kmer:CCCG:0.0001; kmer:CG:0.0001; kmer:GACC:0.0001,mir-4634:0.611; mir-125a-5p:0.555; mir-125b-5p:0.513
2340,mir-4793-5p,MIMAT0019965,ACAUCCUGCUCCACAGGGCAGAGG,nao,0.104518,0.659372,0.660499,,kmer:GCA:0.0002; kmer:GCAG:0.0002; kmer:UGCU:0.0002; kmer:AUCC:0.0002; kmer:AUC:0.0001; kmer:ACAG:0.0001; kmer:UCCA:0.0001; kmer:CAGG:0.0001; kmer:CAG:0.0001; kmer:CACAG:0.0000,mir-24-3p:0.614; mir-6875-5p:0.561; mir-6861-5p:0.548
2341,mir-4469,MIMAT0018996,GCUCCCUCUAGGGUCGCUCGGA,nao,0.104135,0.659364,0.660463,,kmer:GU:0.0016; kmer:UA:0.0008; kmer:UAG:0.0007; kmer:UCG:0.0005; kmer:UCCC:0.0002; kmer:CCCU:0.0002; kmer:UCCCU:0.0002; kmer:CG:0.0001; kmer:UCGG:0.0001; kmer:CUCGG:0.0001,mir-6861-5p:0.504; mir-1307-3p:0.504; mir-205-5p:0.458
2342,mir-485-3p,MIMAT0002176,GUCAUACACGGCUCUCCUCUCU,nao,0.103752,0.659351,0.660404,,kmer:GU:0.0016; kmer:UA:0.0008; kmer:CGGC:0.0002; kmer:CACG:0.0001; kmer:ACACG:0.0001; kmer:CG:0.0001; kmer:CGGCU:0.0000; kmer:GUC:0.0000,mir-139-5p:0.525; mir-205-5p:0.522; mir-25-3p:0.502
2343,mir-6817-3p,MIMAT0027535,UCUCUCUGACUCCAUGGCA,nao,0.103369,0.659348,0.660388,,kmer:GCA:0.0003; kmer:CUGA:0.0002; kmer:UGA:0.0002; kmer:UCCA:0.0001; kmer:UGGC:0.0001; kmer:UGGCA:0.0000; kmer:UCCAU:0.0000; kmer:ACUCC:0.0000,mir-25-3p:0.554; mir-205-5p:0.492; mir-139-5p:0.469
2344,mir-4723-5p,MIMAT0019838,UGGGGGAGCCAUGAGAUAAGAGCA,nao,0.102986,0.659343,0.660369,,kmer:UA:0.0007; kmer:AA:0.0004; kmer:AGCA:0.0004; kmer:UAA:0.0003; kmer:GCA:0.0002; kmer:UGA:0.0002; kmer:UGAGA:0.0001,mir-6875-5p:0.602; mir-31-5p:0.546; mir-1246:0.493
2345,mir-6889-5p,MIMAT0027678,UCGGGGAGUCUGGGGUCCGGAAU,nao,0.102603,0.659343,0.660368,,kmer:GU:0.0029; kmer:AAU:0.0005; kmer:AA:0.0004; kmer:AGU:0.0002; kmer:GAAU:0.0002; kmer:UCG:0.0002; kmer:GGAAU:0.0002; kmer:CG:0.0001; kmer:UCGG:0.0001; kmer:CCGG:0.0001,mir-6861-5p:0.640; mir-4634:0.537; mir-373-3p:0.492
2346,mir-8085,MIMAT0031012,UGGGAGAGAGGACUGUGAGGC,nao,0.102221,0.659341,0.660359,,kmer:GU:0.0016; kmer:UGU:0.0008; kmer:GUG:0.0007; kmer:UGUG:0.0005; kmer:UGA:0.0002; kmer:UGUGA:0.0001; kmer:CUGU:0.0000; kmer:ACUG:0.0000; kmer:GUGA:0.0000; kmer:UGAGG:0.0000,mir-6875-5p:0.722; mir-6861-5p:0.480; mir-206:0.471
2347,mir-4487,MIMAT0019021,AGAGCUGGCUGAAGGGCAG,nao,0.101838,0.659339,0.660351,,kmer:AA:0.0005; kmer:GCA:0.0003; kmer:GCAG:0.0003; kmer:CUGA:0.0003; kmer:UGA:0.0002; kmer:UGGC:0.0001; kmer:CAG:0.0000,mir-31-5p:0.728; mir-24-3p:0.539; mir-34a-5p:0.523
2348,mir-6813-5p,MIMAT0027526,CAGGGGCUGGGGUUUCAGGUUCU,nao,0.101455,0.659335,0.660333,,kmer:GU:0.0026; kmer:GUU:0.0006; kmer:GGUU:0.0002; kmer:AGGU:0.0002; kmer:CAGGU:0.0002; kmer:CAGG:0.0001; kmer:CAG:0.0001; kmer:AGGUU:0.0000; kmer:GGGGU:0.0000; kmer:GGU:0.0000,mir-6861-5p:0.725; mir-373-3p:0.529; mir-24-3p:0.520
2349,mir-4690-5p,MIMAT0019779,GAGCAGGCGAGGCUGGGCUGAA,nao,0.101072,0.659333,0.660321,,kmer:AA:0.0005; kmer:AGCA:0.0004; kmer:AGCAG:0.0003; kmer:GCA:0.0003; kmer:GCAG:0.0002; kmer:GCAGG:0.0002; kmer:CUGA:0.0002; kmer:CGA:0.0002; kmer:UGA:0.0002; kmer:CAGG:0.0001,mir-31-5p:0.639; mir-6861-5p:0.546; mir-24-3p:0.525
2350,mir-4254,MIMAT0016884,GCCUGGAGCUACUCCACCAUCUC,nao,0.100689,0.659332,0.660320,,kmer:UA:0.0007; kmer:AUC:0.0001; kmer:UCCA:0.0001; kmer:ACCAU:0.0000; kmer:ACC:0.0000; kmer:ACUCC:0.0000,mir-205-5p:0.565; mir-139-5p:0.469; mir-125a-5p:0.454
2351,mir-6765-3p,MIMAT0027431,UCACCUGGCUGGCCCGCCCAG,nao,0.100306,0.659324,0.660283,,kmer:CCCG:0.0001; kmer:UGGC:0.0001; kmer:CCG:0.0001; kmer:CG:0.0001; kmer:CAG:0.0000; kmer:ACC:0.0000; kmer:CCCAG:0.0000,mir-92a-3p:0.493; mir-4634:0.482; mir-31-5p:0.463
2352,mir-4260,MIMAT0016881,CUUGGGGCAUGGAGUCCCA,nao,0.099923,0.659322,0.660274,,kmer:GU:0.0018; kmer:GCA:0.0003; kmer:AGU:0.0003; kmer:UUG:0.0003; kmer:UCCC:0.0002; kmer:UCCCA:0.0001; kmer:CUUG:0.0000; kmer:GUC:0.0000,mir-6861-5p:0.612; mir-1246:0.504; mir-373-3p:0.492
2353,mir-769-3p,MIMAT0003887,CUGGGAUCUCCGGGGUCUUGGUU,nao,0.099541,0.659304,0.660195,,kmer:GU:0.0029; kmer:GUU:0.0003; kmer:UUG:0.0002; kmer:GGUU:0.0001; kmer:UGGUU:0.0001; kmer:AUC:0.0001; kmer:CCGG:0.0001; kmer:CCG:0.0001; kmer:GUCU:0.0001; kmer:CG:0.0000,mir-6861-5p:0.657; mir-373-3p:0.550; mir-181b-5p:0.515
2354,mir-1228-3p,MIMAT0005583,UCACACCUGCCUCGCCCCCC,nao,0.099158,0.659304,0.660192,,kmer:UCG:0.0003; kmer:CG:0.0001; kmer:ACC:0.0000,mir-125a-5p:0.532; mir-125b-5p:0.475; mir-92a-3p:0.466
2355,mir-3677-3p,MIMAT0018101,CUCGUGGGCUCUGGCCACGGCC,nao,0.098775,0.659302,0.660183,,kmer:GU:0.0015; kmer:GUG:0.0007; kmer:CGU:0.0005; kmer:CGUG:0.0004; kmer:UCGUG:0.0003; kmer:UCGU:0.0002; kmer:UCG:0.0002; kmer:CGGC:0.0002; kmer:CACG:0.0001; kmer:CG:0.0001,mir-6861-5p:0.604; mir-1307-3p:0.591; mir-4634:0.558
2356,mir-6741-3p,MIMAT0027384,UCGGCUCUCUCCCUCACCCUAG,nao,0.098392,0.659299,0.660170,,kmer:UA:0.0007; kmer:UAG:0.0006; kmer:CCCU:0.0003; kmer:ACCC:0.0003; kmer:ACCCU:0.0002; kmer:UCG:0.0002; kmer:UCCC:0.0002; kmer:CGGC:0.0002; kmer:UCCCU:0.0001; kmer:CCCUA:0.0001,mir-205-5p:0.514; mir-125b-5p:0.477; mir-125a-5p:0.471
2357,mir-3131,MIMAT0014996,UCGAGGACUGGUGGAAGGGCCUU,nao,0.098009,0.659297,0.660162,,kmer:GU:0.0014; kmer:GUG:0.0006; kmer:AA:0.0004; kmer:UCG:0.0002; kmer:CGA:0.0001; kmer:CG:0.0000; kmer:ACUG:0.0000; kmer:CUGGU:0.0000; kmer:GGU:0.0000; kmer:GACUG:0.0000,mir-6861-5p:0.635; mir-6875-5p:0.589; mir-206:0.533
2358,mir-6802-5p,MIMAT0027504,CUAGGUGGGGGGCUUGAAGC,nao,0.097626,0.659294,0.660149,,kmer:GU:0.0017; kmer:UA:0.0008; kmer:GUG:0.0008; kmer:UAG:0.0007; kmer:AA:0.0005; kmer:AGGU:0.0003; kmer:UUG:0.0002; kmer:UGA:0.0002; kmer:GCUU:0.0002; kmer:UAGGU:0.0001,mir-6861-5p:0.771; mir-373-3p:0.575; mir-155-5p:0.488
2359,mir-9899,MIMAT0039319,CGGGCGCCGCGCUCCCGCCCGC,nao,0.097243,0.659291,0.660134,,kmer:CG:0.0004; kmer:CCG:0.0003; kmer:CCCG:0.0003; kmer:UCCC:0.0002; kmer:UCCCG:0.0002,mir-4634:0.741; mir-1307-3p:0.430; mir-92a-3p:0.425
2360,mir-6740-5p,MIMAT0027381,AGUUUGGGAUGGAGAGAGGAGA,nao,0.096861,0.659282,0.660096,,kmer:GU:0.0015; kmer:GUU:0.0004; kmer:AGU:0.0002; kmer:AGUU:0.0002; kmer:UUG:0.0002; kmer:AGUUU:0.0002; kmer:GUUUG:0.0001; kmer:UUUGG:0.0000,mir-6875-5p:0.670; mir-1246:0.608; mir-373-3p:0.442
2361,mir-4539,MIMAT0019082,GCUGAACUGGGCUGAGCUGGGC,nao,0.096478,0.659265,0.660019,,kmer:CUGA:0.0004; kmer:AA:0.0004; kmer:UGA:0.0003; kmer:AAC:0.0001; kmer:CUGAG:0.0001; kmer:AACU:0.0000; kmer:ACUG:0.0000; kmer:AACUG:0.0000,mir-31-5p:0.572; mir-6861-5p:0.544; mir-210-3p:0.534
2362,mir-300,MIMAT0004903,UAUACAAGGGCAGACUCUCUCU,nao,0.096095,0.659252,0.659963,,kmer:UA:0.0016; kmer:AA:0.0005; kmer:GCA:0.0003; kmer:GCAG:0.0003; kmer:CAGAC:0.0001; kmer:UAU:0.0001; kmer:CAG:0.0000; kmer:AGAC:0.0000; kmer:AGACU:0.0000,mir-139-5p:0.465; mir-24-3p:0.448; mir-31-5p:0.439
2363,mir-6891-3p,MIMAT0027683,CCCUCAUCUUCCCCUCCUUUC,nao,0.095712,0.659247,0.659942,,kmer:CCCU:0.0003; kmer:UCCC:0.0002; kmer:AUC:0.0001; kmer:UCCUU:0.0000; kmer:UUCCC:0.0000,mir-205-5p:0.654; mir-145-5p:0.611; mir-125a-5p:0.563
2364,mir-10398-5p,MIMAT0041627,UGGCUCCCUUCUCUCCGUCUG,nao,0.095329,0.659244,0.659925,,kmer:GU:0.0016; kmer:CGU:0.0005; kmer:UCCC:0.0002; kmer:CCCU:0.0002; kmer:UCCCU:0.0002; kmer:CCGU:0.0001; kmer:CCG:0.0001; kmer:GUCUG:0.0001; kmer:GUCU:0.0001; kmer:UGGC:0.0001,mir-205-5p:0.601; mir-25-3p:0.524; mir-139-5p:0.455
2365,mir-760,MIMAT0004957,CGGCUCUGGGUCUGUGGGGA,nao,0.094946,0.659238,0.659902,,kmer:GU:0.0030; kmer:UGU:0.0008; kmer:GUG:0.0007; kmer:UGUG:0.0004; kmer:CGGC:0.0001; kmer:GUCUG:0.0001; kmer:GUCU:0.0001; kmer:CG:0.0000; kmer:CUGU:0.0000; kmer:CGGCU:0.0000,mir-6861-5p:0.737; mir-181b-5p:0.534; mir-373-3p:0.502
2366,mir-4685-3p,MIMAT0019772,UCUCCCUUCCUGCCCUGGCUAG,nao,0.094564,0.659222,0.659830,,kmer:UA:0.0007; kmer:UAG:0.0006; kmer:CCCU:0.0003; kmer:UCCC:0.0002; kmer:UCCCU:0.0001; kmer:CCCUG:0.0001; kmer:UGGC:0.0001,mir-125a-5p:0.635; mir-125b-5p:0.581; mir-205-5p:0.548
2367,mir-4783-5p,MIMAT0019946,GGCGCGCCCAGCUCCCGGGCU,nao,0.094181,0.659195,0.659709,,kmer:CAGC:0.0002; kmer:UCCC:0.0002; kmer:CG:0.0002; kmer:UCCCG:0.0001; kmer:CCCG:0.0001; kmer:CCCGG:0.0001; kmer:CCGG:0.0001; kmer:CCG:0.0001; kmer:CAG:0.0000; kmer:CCCAG:0.0000,mir-4634:0.703; mir-92a-3p:0.441; mir-31-5p:0.439
2368,mir-6810-5p,MIMAT0027520,AUGGGGACAGGGAUCAGCAUGGC,nao,0.093798,0.659177,0.659627,,kmer:AGCA:0.0003; kmer:CAGCA:0.0003; kmer:GCA:0.0002; kmer:CAGC:0.0002; kmer:AUC:0.0001; kmer:ACAG:0.0001; kmer:CAGG:0.0001; kmer:CAG:0.0001; kmer:AUCAG:0.0001; kmer:UGGC:0.0000,mir-6861-5p:0.607; mir-6875-5p:0.580; mir-24-3p:0.577
2369,mir-6747-3p,MIMAT0027395,UCCUGCCUUCCUCUGCACCAG,nao,0.093415,0.659172,0.659607,,kmer:UGCA:0.0003; kmer:GCA:0.0003; kmer:GCAC:0.0003; kmer:UGCAC:0.0002; kmer:CAG:0.0000; kmer:ACC:0.0000,mir-205-5p:0.650; mir-125a-5p:0.557; mir-92a-3p:0.539
2370,mir-3181,MIMAT0015061,AUCGGGCCCUCGGCGCCGG,nao,0.093032,0.659171,0.659601,,kmer:UCG:0.0006; kmer:CG:0.0003; kmer:UCGG:0.0002; kmer:CCCU:0.0002; kmer:CGGC:0.0002; kmer:AUC:0.0001; kmer:CCGG:0.0001; kmer:CCG:0.0001; kmer:CUCGG:0.0001; kmer:CGGCG:0.0001,mir-4634:0.798; mir-1307-3p:0.606; mir-92a-3p:0.402
2371,mir-10396b-3p,MIMAT0041636,GGCCCCGGGCCCUCGACCGGAC,nao,0.092649,0.659170,0.659598,,kmer:ACCG:0.0003; kmer:UCG:0.0003; kmer:CGA:0.0002; kmer:CCGG:0.0002; kmer:CCCU:0.0002; kmer:CCG:0.0002; kmer:CG:0.0002; kmer:CCCG:0.0001; kmer:ACCGG:0.0001; kmer:CCCGG:0.0001,mir-4634:0.789; mir-92a-3p:0.440; mir-125a-5p:0.438
2372,mir-4531,MIMAT0019070,AUGGAGAAGGCUUCUGA,nao,0.092266,0.659168,0.659587,,kmer:AA:0.0006; kmer:CUGA:0.0003; kmer:UGA:0.0002; kmer:GCUU:0.0002,mir-31-5p:0.508; mir-6875-5p:0.504; mir-1246:0.501
2373,mir-6729-5p,MIMAT0027359,UGGGCGAGGGCGGCUGAGCGGC,nao,0.091884,0.659165,0.659577,,kmer:CGGC:0.0003; kmer:CUGA:0.0002; kmer:CGA:0.0001; kmer:UGA:0.0001; kmer:CG:0.0001; kmer:CUGAG:0.0001; kmer:AGCGG:0.0001; kmer:GCGGC:0.0000; kmer:CGGCU:0.0000,mir-4634:0.667; mir-210-3p:0.527; mir-6861-5p:0.516
2374,mir-6842-5p,MIMAT0027586,UGGGGGUGGUCUCUAGCCAAGG,nao,0.091501,0.659136,0.659447,,kmer:GU:0.0031; kmer:UA:0.0008; kmer:GUG:0.0007; kmer:UAG:0.0006; kmer:AA:0.0005; kmer:UAGC:0.0004; kmer:GUGGU:0.0001; kmer:GUCU:0.0001; kmer:GUCUC:0.0001; kmer:GGGGU:0.0000,mir-6861-5p:0.769; mir-373-3p:0.507; mir-181b-5p:0.496
2375,mir-6783-3p,MIMAT0027467,UUCCUGGGCUUCUCCUCUGUAG,nao,0.091118,0.659136,0.659447,,kmer:GU:0.0015; kmer:UGU:0.0008; kmer:UA:0.0008; kmer:UAG:0.0006; kmer:GUAG:0.0005; kmer:GUA:0.0004; kmer:GCUU:0.0002; kmer:CUGU:0.0000; kmer:CUGUA:0.0000; kmer:UGUAG:0.0000,mir-205-5p:0.598; mir-520c-3p:0.503; mir-6861-5p:0.488
2376,mir-519a-2-5p,MIMAT0037327,CCUCUACAGGGAAGCGCUUUC,nao,0.090735,0.659135,0.659442,,kmer:UA:0.0009; kmer:AA:0.0005; kmer:GCUU:0.0002; kmer:ACAG:0.0001; kmer:UACAG:0.0001; kmer:CAGG:0.0001; kmer:CG:0.0001; kmer:CAG:0.0000,mir-520c-3p:0.561; mir-24-3p:0.535; mir-205-5p:0.455
2377,mir-520b-5p,MIMAT0037325,CCUCUACAGGGAAGCGCUUUC,nao,0.090352,0.659135,0.659442,,kmer:UA:0.0009; kmer:AA:0.0005; kmer:GCUU:0.0002; kmer:ACAG:0.0001; kmer:UACAG:0.0001; kmer:CAGG:0.0001; kmer:CG:0.0001; kmer:CAG:0.0000,mir-520c-3p:0.561; mir-24-3p:0.535; mir-205-5p:0.455
2378,mir-492,MIMAT0002812,AGGACCUGCGGGACAAGAUUCUU,nao,0.089969,0.659124,0.659392,,kmer:AA:0.0005; kmer:GACC:0.0001; kmer:CG:0.0001; kmer:ACC:0.0000,mir-6875-5p:0.622; mir-205-5p:0.488; mir-1246:0.473
2379,mir-4656,MIMAT0019723,UGGGCUGAGGGCAGGAGGCCUGU,nao,0.089587,0.659109,0.659327,,kmer:GU:0.0013; kmer:UGU:0.0007; kmer:GCA:0.0002; kmer:GCAG:0.0002; kmer:GCAGG:0.0002; kmer:CUGA:0.0002; kmer:UGA:0.0001; kmer:CAGGA:0.0001; kmer:CCUGU:0.0001; kmer:CAGG:0.0001,mir-6861-5p:0.641; mir-6875-5p:0.615; mir-31-5p:0.558
2380,mir-596,MIMAT0003264,AAGCCUGCCCGGCUCCUCGGG,nao,0.089204,0.659108,0.659322,,kmer:AA:0.0005; kmer:UCG:0.0002; kmer:CGGC:0.0002; kmer:CCCG:0.0001; kmer:CCGGC:0.0001; kmer:CG:0.0001; kmer:CCCGG:0.0001; kmer:UCGG:0.0001; kmer:CCGG:0.0001; kmer:CCG:0.0001,mir-4634:0.623; mir-92a-3p:0.527; mir-6861-5p:0.453
2381,mir-1296-5p,MIMAT0005794,UUAGGGCCCUGGCUCCAUCUCC,nao,0.088821,0.659085,0.659219,,kmer:UA:0.0007; kmer:UAG:0.0006; kmer:UUA:0.0002; kmer:CCCU:0.0001; kmer:CCCUG:0.0001; kmer:AUC:0.0001; kmer:UCCA:0.0001; kmer:UGGC:0.0000; kmer:UAGG:0.0000; kmer:UAGGG:0.0000,mir-6861-5p:0.570; mir-205-5p:0.505; mir-145-5p:0.480
2382,mir-4290,MIMAT0016921,UGCCCUCCUUUCUUCCCUC,nao,0.088438,0.659080,0.659198,,kmer:CCCU:0.0004; kmer:UCCC:0.0002; kmer:UCCCU:0.0002; kmer:UCCUU:0.0001; kmer:UUCCC:0.0000,mir-205-5p:0.611; mir-125a-5p:0.592; mir-145-5p:0.577
2383,mir-4689,MIMAT0019778,UUGAGGAGACAUGGUGGGGGCC,nao,0.088055,0.659075,0.659176,,kmer:GU:0.0015; kmer:GUG:0.0007; kmer:UUG:0.0002; kmer:UGA:0.0001; kmer:GAGAC:0.0001; kmer:AGAC:0.0000; kmer:UGAGG:0.0000; kmer:UUGA:0.0000; kmer:GGU:0.0000,mir-6861-5p:0.674; mir-6875-5p:0.638; mir-373-3p:0.521
2384,mir-4268,MIMAT0016896,GGCUCCUCCUCUCAGGAUGUG,nao,0.087672,0.659064,0.659127,,kmer:GU:0.0016; kmer:UGU:0.0008; kmer:GUG:0.0007; kmer:UGUG:0.0005; kmer:CAGGA:0.0002; kmer:GAUGU:0.0001; kmer:CAGG:0.0001; kmer:AUGU:0.0000; kmer:CAG:0.0000,mir-205-5p:0.508; mir-24-3p:0.467; mir-6861-5p:0.463
2385,mir-4428,MIMAT0018943,CAAGGAGACGGGAACAUGGAGC,nao,0.087289,0.659056,0.659092,,kmer:AA:0.0010; kmer:AAC:0.0001; kmer:GAGAC:0.0001; kmer:CG:0.0001; kmer:AGAC:0.0000,mir-6875-5p:0.709; mir-1246:0.523; mir-24-3p:0.486
2386,mir-4499,MIMAT0019035,AAGACUGAGAGGAGGGA,nao,0.086907,0.659052,0.659072,,kmer:AA:0.0005; kmer:ACUGA:0.0003; kmer:CUGA:0.0003; kmer:UGA:0.0002; kmer:CUGAG:0.0001; kmer:UGAGA:0.0001; kmer:ACUG:0.0000; kmer:AGAC:0.0000; kmer:AGACU:0.0000; kmer:GACUG:0.0000,mir-6875-5p:0.748; mir-21-5p:0.416; mir-520c-3p:0.404
2387,mir-518f-5p,MIMAT0002841,CUCUAGAGGGAAGCACUUUCUC,nao,0.086524,0.659051,0.659068,,kmer:UA:0.0008; kmer:UAG:0.0007; kmer:AA:0.0005; kmer:AGCA:0.0004; kmer:GCA:0.0003; kmer:GCAC:0.0002; kmer:AGCAC:0.0002; kmer:CACUU:0.0001; kmer:GCACU:0.0001,mir-520c-3p:0.557; mir-25-3p:0.478; mir-24-3p:0.463
2388,mir-6846-5p,MIMAT0027592,UGGGGGCUGGAUGGGGUAGAGU,nao,0.086141,0.659051,0.659068,,kmer:GU:0.0028; kmer:UA:0.0007; kmer:UAG:0.0006; kmer:GUAG:0.0005; kmer:GGUAG:0.0004; kmer:GUA:0.0003; kmer:GGUA:0.0003; kmer:AGU:0.0002; kmer:GUAGA:0.0001; kmer:GGGGU:0.0000,mir-6861-5p:0.766; mir-373-3p:0.529; mir-155-5p:0.456
2389,mir-6812-5p,MIMAT0027524,AUGGGGUGAGAUGGGGAGGAGCAGC,nao,0.085758,0.659042,0.659026,,kmer:GU:0.0013; kmer:GUG:0.0006; kmer:AGCA:0.0003; kmer:AGCAG:0.0003; kmer:GCA:0.0002; kmer:GCAGC:0.0002; kmer:GCAG:0.0002; kmer:CAGC:0.0001; kmer:UGA:0.0001; kmer:UGAGA:0.0001,mir-6861-5p:0.633; mir-6875-5p:0.622; mir-1246:0.547
2390,mir-127-5p,MIMAT0004604,CUGAAGCUCAGAGGGCUCUGAU,nao,0.085375,0.659034,0.658990,,kmer:CUGA:0.0005; kmer:AA:0.0005; kmer:UGA:0.0003; kmer:CUGAU:0.0001; kmer:CAG:0.0000; kmer:UCAGA:0.0000,mir-31-5p:0.547; mir-21-5p:0.546; mir-24-3p:0.528
2391,mir-6894-3p,MIMAT0027689,UUGCCUGCCCUCUUCCUCCAG,nao,0.084992,0.659011,0.658889,,kmer:UUG:0.0002; kmer:CCCU:0.0002; kmer:UCCAG:0.0001; kmer:UCCA:0.0001; kmer:CAG:0.0000,mir-205-5p:0.591; mir-125a-5p:0.563; mir-145-5p:0.555
2392,mir-4687-3p,MIMAT0019775,UGGCUGUUGGAGGGGGCAGGC,nao,0.084609,0.659000,0.658840,,kmer:GU:0.0014; kmer:UGU:0.0008; kmer:GUU:0.0003; kmer:GCA:0.0002; kmer:GCAG:0.0002; kmer:GCAGG:0.0002; kmer:UUG:0.0002; kmer:GUUG:0.0002; kmer:CAGG:0.0001; kmer:UGGC:0.0000,mir-6861-5p:0.684; mir-31-5p:0.535; mir-34a-5p:0.515
2393,mir-671-3p,MIMAT0004819,UCCGGUUCUCAGGGCUCCACC,nao,0.084227,0.658992,0.658807,,kmer:GU:0.0017; kmer:GUU:0.0004; kmer:GGUU:0.0001; kmer:UCCA:0.0001; kmer:CCGG:0.0001; kmer:CAGG:0.0001; kmer:CCG:0.0001; kmer:CG:0.0001; kmer:CAG:0.0000; kmer:CGGU:0.0000,mir-205-5p:0.634; mir-6861-5p:0.572; mir-24-3p:0.531
2394,mir-4271,MIMAT0016901,GGGGGAAGAAAAGGUGGGG,nao,0.083844,0.658990,0.658798,,kmer:AA:0.0020; kmer:GU:0.0017; kmer:AAA:0.0009; kmer:GUG:0.0008; kmer:AGGU:0.0003; kmer:AGAAA:0.0001; kmer:AAAG:0.0001; kmer:AAAA:0.0000; kmer:AAAAG:0.0000; kmer:GGU:0.0000,mir-6861-5p:0.657; mir-373-3p:0.480; mir-206:0.471
2395,mir-3160-5p,MIMAT0019212,GGCUUUCUAGUCUCAGCUCUCC,nao,0.083461,0.658981,0.658755,,kmer:GU:0.0016; kmer:UA:0.0008; kmer:UAG:0.0007; kmer:AGU:0.0003; kmer:CAGC:0.0002; kmer:GCUU:0.0002; kmer:UAGU:0.0001; kmer:GUCU:0.0001; kmer:GUCUC:0.0001; kmer:CAG:0.0000,mir-205-5p:0.519; mir-139-5p:0.515; mir-25-3p:0.500
2396,mir-3150a-3p,MIMAT0015023,CUGGGGAGAUCCUCGAGGUUGG,nao,0.083078,0.658979,0.658750,,kmer:GU:0.0015; kmer:GUU:0.0004; kmer:UCG:0.0002; kmer:AGGU:0.0002; kmer:UUG:0.0002; kmer:GUUG:0.0002; kmer:AUCC:0.0002; kmer:CGA:0.0002; kmer:GGUU:0.0001; kmer:GGUUG:0.0001,mir-6861-5p:0.638; mir-6875-5p:0.532; mir-373-3p:0.529
2397,mir-6071,MIMAT0023696,UUCUGCUGCCGGCCAAGGC,nao,0.082695,0.658961,0.658666,,kmer:AA:0.0006; kmer:UGCU:0.0003; kmer:CGGC:0.0002; kmer:CCGGC:0.0001; kmer:CGGCC:0.0001; kmer:CCGG:0.0001; kmer:CCG:0.0001; kmer:CG:0.0001; kmer:UGCUG:0.0000,mir-31-5p:0.595; mir-4634:0.540; mir-92a-3p:0.527
2398,mir-4786-3p,MIMAT0019955,UGAAGCCAGCUCUGGUCUGGGC,nao,0.082312,0.658954,0.658638,,kmer:GU:0.0016; kmer:AA:0.0005; kmer:CAGC:0.0002; kmer:UGA:0.0002; kmer:GUCUG:0.0001; kmer:GUCU:0.0001; kmer:CAG:0.0000; kmer:CUGGU:0.0000; kmer:GUC:0.0000; kmer:GGU:0.0000,mir-6861-5p:0.588; mir-34a-5p:0.575; mir-31-5p:0.554
2399,mir-6872-5p,MIMAT0027644,UCUCGCAUCAGGAGGCAAGG,nao,0.081930,0.658946,0.658603,,kmer:GCA:0.0006; kmer:AA:0.0005; kmer:UCG:0.0003; kmer:CAGGA:0.0002; kmer:AUC:0.0001; kmer:CAGG:0.0001; kmer:GCAA:0.0001; kmer:UCUCG:0.0001; kmer:AUCAG:0.0001; kmer:CG:0.0001,mir-24-3p:0.629; mir-31-5p:0.554; mir-6875-5p:0.547
2400,mir-6824-5p,MIMAT0027548,GUAGGGGAGGUUGGGCCAGGGA,nao,0.081547,0.658946,0.658601,,kmer:GU:0.0029; kmer:UA:0.0007; kmer:UAG:0.0006; kmer:GUAG:0.0005; kmer:GUA:0.0003; kmer:GUU:0.0003; kmer:AGGU:0.0002; kmer:UUG:0.0002; kmer:GUUG:0.0002; kmer:GGUU:0.0001,mir-6861-5p:0.755; mir-6875-5p:0.626; let-7b-5p:0.543
2401,mir-4763-5p,MIMAT0019912,CGCCUGCCCAGCCCUCCUGCU,nao,0.081164,0.658943,0.658586,,kmer:UGCU:0.0002; kmer:CAGC:0.0002; kmer:CCCU:0.0002; kmer:CG:0.0001; kmer:CAG:0.0000; kmer:CCCAG:0.0000,mir-125a-5p:0.545; mir-92a-3p:0.511; mir-125b-5p:0.484
2402,mir-4279,MIMAT0016909,CUCUCCUCCCGGCUUC,nao,0.080781,0.658940,0.658576,,kmer:UCCC:0.0002; kmer:CGGC:0.0002; kmer:GCUU:0.0002; kmer:UCCCG:0.0002; kmer:CCCG:0.0001; kmer:CCGGC:0.0001; kmer:CCCGG:0.0001; kmer:CCGG:0.0001; kmer:CCG:0.0001; kmer:CG:0.0001,mir-205-5p:0.564; mir-92a-3p:0.440; mir-145-5p:0.425
2403,mir-665,MIMAT0004952,ACCAGGAGGCUGAGGCCCCU,nao,0.080398,0.658922,0.658493,,kmer:CUGA:0.0002; kmer:UGA:0.0002; kmer:CCCU:0.0002; kmer:CAGGA:0.0001; kmer:CCAGG:0.0001; kmer:CAGG:0.0001; kmer:CUGAG:0.0001; kmer:CAG:0.0000; kmer:ACC:0.0000; kmer:UGAGG:0.0000,mir-6875-5p:0.695; mir-125a-5p:0.499; mir-6861-5p:0.480
2404,mir-6823-3p,MIMAT0027547,UGAGCCUCUCCUUCCCUCCAG,nao,0.080015,0.658919,0.658481,,kmer:UCCC:0.0002; kmer:UGA:0.0002; kmer:CCCU:0.0002; kmer:UCCCU:0.0002; kmer:UCCAG:0.0001; kmer:UCCA:0.0001; kmer:UCCUU:0.0000; kmer:CAG:0.0000; kmer:UUCCC:0.0000,mir-205-5p:0.629; mir-145-5p:0.605; mir-125a-5p:0.567
2405,mir-3679-5p,MIMAT0018104,UGAGGAUAUGGCAGGGAAGGGGA,nao,0.079632,0.658916,0.658466,,kmer:UA:0.0007; kmer:AA:0.0004; kmer:GCA:0.0002; kmer:GCAG:0.0002; kmer:GCAGG:0.0002; kmer:UGA:0.0001; kmer:CAGG:0.0001; kmer:UAU:0.0001; kmer:UGGC:0.0000; kmer:CAG:0.0000,mir-6875-5p:0.688; mir-6861-5p:0.581; mir-1246:0.540
2406,mir-3944-3p,MIMAT0018360,UUCGGGCUGGCCUGCUGCUCCGG,nao,0.079250,0.658906,0.658421,,kmer:UGCU:0.0004; kmer:UCG:0.0002; kmer:UUCG:0.0002; kmer:CG:0.0001; kmer:UCGG:0.0001; kmer:CCGG:0.0001; kmer:CCG:0.0001; kmer:UGGC:0.0000; kmer:UGCUG:0.0000,mir-31-5p:0.543; mir-4634:0.514; mir-6861-5p:0.509
2407,mir-3191-5p,MIMAT0022732,CUCUCUGGCCGUCUACCUUCCA,nao,0.078867,0.658902,0.658407,,kmer:GU:0.0017; kmer:UA:0.0008; kmer:CGU:0.0005; kmer:UACC:0.0002; kmer:CCGU:0.0001; kmer:UCCA:0.0001; kmer:CCG:0.0001; kmer:GUCU:0.0001; kmer:UGGC:0.0001; kmer:CG:0.0001,mir-205-5p:0.657; mir-25-3p:0.524; mir-139-5p:0.514
2408,mir-940,MIMAT0004983,AAGGCAGGGCCCCCGCUCCCC,nao,0.078484,0.658900,0.658397,,kmer:AA:0.0005; kmer:GCA:0.0003; kmer:GCAG:0.0003; kmer:GCAGG:0.0003; kmer:UCCC:0.0002; kmer:CCCG:0.0001; kmer:CAGG:0.0001; kmer:CCG:0.0001; kmer:CG:0.0001; kmer:CAG:0.0000,mir-4634:0.509; mir-145-5p:0.489; mir-365a-3p:0.403
2409,mir-5189-5p,MIMAT0021120,UCUGGGCACAGGCGGAUGGACAGG,nao,0.078101,0.658900,0.658395,,kmer:GCA:0.0002; kmer:GCAC:0.0002; kmer:ACAG:0.0002; kmer:CAGG:0.0001; kmer:GCACA:0.0001; kmer:CAG:0.0001; kmer:CG:0.0000; kmer:GACAG:0.0000; kmer:CACAG:0.0000,mir-6875-5p:0.622; mir-6861-5p:0.612; mir-24-3p:0.558
2410,mir-150-3p,MIMAT0004610,CUGGUACAGGCCUGGGGGACAG,nao,0.077718,0.658885,0.658331,,kmer:GU:0.0015; kmer:UA:0.0007; kmer:GUA:0.0003; kmer:GGUA:0.0003; kmer:ACAG:0.0002; kmer:UACAG:0.0001; kmer:CAGG:0.0001; kmer:CAG:0.0001; kmer:GACAG:0.0000; kmer:CUGGU:0.0000,mir-6861-5p:0.732; mir-6875-5p:0.551; mir-24-3p:0.469
2411,mir-7846-3p,MIMAT0030421,CAGCGGAGCCUGGAGAGAAGG,nao,0.077335,0.658860,0.658219,,kmer:AA:0.0005; kmer:CAGC:0.0002; kmer:CAGCG:0.0001; kmer:AGCGG:0.0001; kmer:CG:0.0001; kmer:CAG:0.0000,mir-6875-5p:0.639; mir-1246:0.470; mir-31-5p:0.468
2412,mir-638,MIMAT0003308,AGGGAUCGCGGGCGGGUGGCGGCCU,nao,0.076953,0.658852,0.658184,,kmer:GU:0.0014; kmer:GUG:0.0006; kmer:UCG:0.0002; kmer:CG:0.0002; kmer:CGGC:0.0001; kmer:AUC:0.0001; kmer:UGGCG:0.0001; kmer:CGGCC:0.0001; kmer:UGGC:0.0000; kmer:AUCG:0.0000,mir-4634:0.738; mir-6861-5p:0.592; mir-1307-3p:0.576
2413,mir-6754-5p,MIMAT0027408,CCAGGGAGGCUGGUUUGGAGGA,nao,0.076570,0.658846,0.658157,,kmer:GU:0.0014; kmer:GUU:0.0003; kmer:UUG:0.0002; kmer:GGUU:0.0001; kmer:UGGUU:0.0001; kmer:CCAGG:0.0001; kmer:CAGG:0.0001; kmer:GUUUG:0.0001; kmer:CAG:0.0000; kmer:CUGGU:0.0000,mir-6875-5p:0.694; mir-1246:0.626; mir-6861-5p:0.625
2414,mir-6882-3p,MIMAT0027665,UGCUGCCUCUCCUCUUGCCUGCAG,nao,0.076187,0.658840,0.658131,,kmer:UGCA:0.0003; kmer:GCA:0.0002; kmer:GCAG:0.0002; kmer:UUG:0.0002; kmer:UGCU:0.0002; kmer:UGCAG:0.0001; kmer:CAG:0.0000; kmer:CUUG:0.0000; kmer:UGCUG:0.0000,mir-92a-3p:0.539; mir-25-3p:0.505; mir-125a-5p:0.453
2415,mir-1233-5p,MIMAT0022943,AGUGGGAGGCCAGGGCACGGCA,nao,0.075804,0.658836,0.658112,,kmer:GU:0.0016; kmer:GUG:0.0007; kmer:GCA:0.0005; kmer:AGUG:0.0003; kmer:AGU:0.0003; kmer:GCAC:0.0002; kmer:CGGC:0.0002; kmer:GCACG:0.0001; kmer:CACG:0.0001; kmer:CCAGG:0.0001,mir-6861-5p:0.661; mir-6875-5p:0.579; mir-31-5p:0.544
2416,mir-615-3p,MIMAT0003283,UCCGAGCCUGGGUCUCCCUCUU,nao,0.075421,0.658831,0.658089,,kmer:GU:0.0015; kmer:UCCC:0.0002; kmer:CGA:0.0002; kmer:CCCU:0.0002; kmer:UCCCU:0.0001; kmer:CCGA:0.0001; kmer:CCG:0.0001; kmer:GUCU:0.0001; kmer:GUCUC:0.0000; kmer:CG:0.0000,mir-205-5p:0.588; mir-125a-5p:0.538; mir-125b-5p:0.501
2417,mir-3085-3p,MIMAT0048636,UCUGGCUGCUAUGGCCCCCUC,nao,0.075038,0.658822,0.658048,,kmer:UA:0.0008; kmer:UGCU:0.0002; kmer:CCCU:0.0002; kmer:UGGC:0.0001; kmer:UGCUA:0.0001; kmer:UAU:0.0001,mir-31-5p:0.494; mir-92a-3p:0.484; mir-125a-5p:0.466
2418,mir-4640-5p,MIMAT0019699,UGGGCCAGGGAGCAGCUGGUGGG,nao,0.074655,0.658818,0.658031,,kmer:GU:0.0014; kmer:GUG:0.0006; kmer:AGCA:0.0003; kmer:AGCAG:0.0003; kmer:GCA:0.0002; kmer:GCAGC:0.0002; kmer:GCAG:0.0002; kmer:CAGC:0.0002; kmer:CCAGG:0.0001; kmer:CAGG:0.0001,mir-6861-5p:0.765; mir-31-5p:0.542; mir-6875-5p:0.530
2419,mir-125b-1-3p,MIMAT0004592,ACGGGUUAGGCUCUUGGGAGCU,nao,0.074273,0.658802,0.657961,,kmer:GU:0.0016; kmer:UA:0.0008; kmer:UAG:0.0007; kmer:GUU:0.0004; kmer:UUA:0.0003; kmer:UUG:0.0002; kmer:GGUU:0.0001; kmer:CG:0.0001; kmer:UAGG:0.0001; kmer:CUUG:0.0000,mir-6861-5p:0.692; mir-520c-3p:0.526; mir-34a-5p:0.523
2420,mir-6787-3p,MIMAT0027475,UCUCAGCUGCUGCCCUCUCCAG,nao,0.073890,0.658782,0.657873,,kmer:UGCU:0.0002; kmer:CAGC:0.0002; kmer:CCCU:0.0002; kmer:UCCAG:0.0001; kmer:UCCA:0.0001; kmer:CAG:0.0001; kmer:UGCUG:0.0000,mir-139-5p:0.510; mir-205-5p:0.481; mir-24-3p:0.458
2421,mir-4688,MIMAT0019777,UAGGGGCAGCAGAGGACCUGGG,nao,0.073507,0.658776,0.657844,,kmer:UA:0.0007; kmer:UAG:0.0006; kmer:GCA:0.0005; kmer:GCAG:0.0005; kmer:AGCA:0.0003; kmer:AGCAG:0.0003; kmer:CAGCA:0.0003; kmer:GCAGC:0.0002; kmer:CAGC:0.0002; kmer:CAG:0.0001,mir-6861-5p:0.657; mir-6875-5p:0.653; mir-24-3p:0.565
2422,mir-3176,MIMAT0015053,ACUGGCCUGGGACUACCGG,nao,0.073124,0.658774,0.657837,,kmer:UA:0.0009; kmer:ACCG:0.0003; kmer:UACC:0.0002; kmer:ACCGG:0.0001; kmer:CCGG:0.0001; kmer:CCG:0.0001; kmer:UGGC:0.0001; kmer:CG:0.0001; kmer:ACUG:0.0000; kmer:ACC:0.0000,mir-6861-5p:0.569; mir-4634:0.533; mir-92a-3p:0.461
2423,mir-3178,MIMAT0015055,GGGGCGCGGCCGGAUCG,nao,0.072741,0.658773,0.657831,,kmer:UCG:0.0003; kmer:CG:0.0003; kmer:CGGC:0.0002; kmer:AUC:0.0001; kmer:CGGCC:0.0001; kmer:CCGG:0.0001; kmer:CCG:0.0001; kmer:AUCG:0.0001; kmer:GAUC:0.0000; kmer:GCGGC:0.0000,mir-4634:0.833; mir-1307-3p:0.536; mir-6861-5p:0.445
2424,mir-6777-3p,MIMAT0027455,UCCACUCUCCUGGCCCCCAG,nao,0.072358,0.658767,0.657803,,kmer:UCCA:0.0001; kmer:UGGC:0.0001; kmer:CAG:0.0000; kmer:CACUC:0.0000; kmer:CCCAG:0.0000,mir-145-5p:0.576; mir-205-5p:0.540; mir-125a-5p:0.497
2425,mir-6816-5p,MIMAT0027532,UGGGGCGGGGCAGGUCCCUGC,nao,0.071975,0.658724,0.657612,,kmer:GU:0.0015; kmer:GCA:0.0003; kmer:GCAG:0.0002; kmer:AGGU:0.0002; kmer:GCAGG:0.0002; kmer:CAGGU:0.0002; kmer:UCCC:0.0002; kmer:CCCU:0.0002; kmer:UCCCU:0.0001; kmer:CCCUG:0.0001,mir-6861-5p:0.722; mir-4634:0.603; mir-31-5p:0.438
2426,mir-6086,MIMAT0023711,GGAGGUUGGGAAGGGCAGAG,nao,0.071593,0.658694,0.657479,,kmer:GU:0.0017; kmer:AA:0.0005; kmer:GUU:0.0004; kmer:GCA:0.0003; kmer:GCAG:0.0003; kmer:AGGU:0.0003; kmer:UUG:0.0002; kmer:GUUG:0.0002; kmer:GGUU:0.0001; kmer:GGUUG:0.0001,mir-6875-5p:0.661; mir-6861-5p:0.609; mir-1246:0.541
2427,mir-6743-3p,MIMAT0027388,AGCCGCUCUUCUCCCUGCCCACA,nao,0.071210,0.658690,0.657462,,kmer:UCCC:0.0002; kmer:CCCU:0.0002; kmer:UCCCU:0.0002; kmer:CCCUG:0.0002; kmer:CCG:0.0001; kmer:CG:0.0001,mir-205-5p:0.567; mir-125a-5p:0.528; mir-145-5p:0.504
2428,mir-6780a-5p,MIMAT0027460,UUGGGAGGGAAGACAGCUGGAGA,nao,0.070827,0.658689,0.657459,,kmer:AA:0.0004; kmer:UUG:0.0002; kmer:CAGC:0.0002; kmer:ACAG:0.0001; kmer:CAG:0.0000; kmer:AGAC:0.0000; kmer:GACAG:0.0000; kmer:ACAGC:0.0000,mir-6875-5p:0.732; mir-1246:0.555; mir-6861-5p:0.511
2429,mir-6724-5p,MIMAT0025856,CUGGGCCCGCGGCGGGCGUGGGG,nao,0.070444,0.658674,0.657392,,kmer:GU:0.0014; kmer:GUG:0.0006; kmer:CGU:0.0005; kmer:CGUG:0.0003; kmer:CG:0.0002; kmer:CGGC:0.0001; kmer:GCGUG:0.0001; kmer:GCGU:0.0001; kmer:CCCG:0.0001; kmer:CCG:0.0001,mir-4634:0.781; mir-6861-5p:0.633; mir-1307-3p:0.585
2430,mir-3187-3p,MIMAT0015069,UUGGCCAUGGGGCUGCGCGG,nao,0.070061,0.658659,0.657325,,kmer:UUG:0.0002; kmer:UUGGC:0.0002; kmer:CG:0.0001; kmer:UGGC:0.0001,mir-4634:0.614; mir-6861-5p:0.590; mir-31-5p:0.528
2431,mir-483-5p,MIMAT0004761,AAGACGGGAGGAAAGAAGGGAG,nao,0.069678,0.658650,0.657285,,kmer:AA:0.0019; kmer:AAA:0.0004; kmer:AGGAA:0.0001; kmer:AAAG:0.0001; kmer:CG:0.0001; kmer:AGAC:0.0000,mir-6875-5p:0.670; mir-206:0.459; mir-1-3p:0.432
2432,mir-4654,MIMAT0019720,UGUGGGAUCUGGAGGCAUCUGG,nao,0.069296,0.658622,0.657158,,kmer:GU:0.0016; kmer:UGU:0.0008; kmer:GUG:0.0007; kmer:UGUG:0.0005; kmer:GCA:0.0003; kmer:AUC:0.0002; kmer:GAUC:0.0000; kmer:UGUGG:0.0000,mir-6861-5p:0.596; mir-206:0.515; mir-34a-5p:0.496
2433,mir-609,MIMAT0003277,AGGGUGUUUCUCUCAUCUCU,nao,0.068913,0.658615,0.657128,,kmer:GU:0.0037; kmer:UGU:0.0010; kmer:GUG:0.0008; kmer:GUU:0.0004; kmer:AUC:0.0001; kmer:GUGU:0.0001; kmer:GGU:0.0000,mir-25-3p:0.533; mir-205-5p:0.487; mir-139-5p:0.479
2434,mir-514b-5p,MIMAT0015087,UUCUCAAGAGGGAGGCAAUCAU,sim,0.068530,0.658608,0.657097,hsa-mir-514b,kmer:AA:0.0010; kmer:AAU:0.0006; kmer:AAUC:0.0004; kmer:GCA:0.0003; kmer:AUC:0.0001; kmer:GCAA:0.0001; kmer:AUCA:0.0000,mir-24-3p:0.524; mir-6875-5p:0.523; mir-31-5p:0.521
2435,mir-6859-5p,MIMAT0027618,GAGAGGAACAUGGGCUCAGGACA,nao,0.068147,0.658594,0.657037,,kmer:AA:0.0004; kmer:CAGGA:0.0001; kmer:AAC:0.0001; kmer:AGGAA:0.0001; kmer:CAGG:0.0001; kmer:CAG:0.0000,mir-6875-5p:0.764; mir-24-3p:0.676; mir-6861-5p:0.524
2436,mir-12118,MIMAT0049012,CAAGGAGGAGCGGGGAUUAG,nao,0.067764,0.658580,0.656971,,kmer:UA:0.0009; kmer:UAG:0.0007; kmer:AA:0.0005; kmer:UUA:0.0003; kmer:AGCGG:0.0001; kmer:CG:0.0001; kmer:GGAUU:0.0000,mir-6875-5p:0.668; mir-1246:0.544; mir-6861-5p:0.482
2437,mir-5001-5p,MIMAT0021021,AGGGCUGGACUCAGCGGCGGAGCU,nao,0.067381,0.658556,0.656865,,kmer:CAGC:0.0001; kmer:CGGC:0.0001; kmer:CG:0.0001; kmer:CGGCG:0.0001; kmer:CAGCG:0.0001; kmer:AGCGG:0.0000; kmer:CAG:0.0000; kmer:GCGGC:0.0000,mir-31-5p:0.567; mir-4634:0.559; mir-6861-5p:0.545
2438,mir-6729-3p,MIMAT0027360,UCAUCCCCCUCGCCCUCUCAG,nao,0.066998,0.658548,0.656831,,kmer:CCCU:0.0004; kmer:UCG:0.0003; kmer:AUCC:0.0002; kmer:UCCC:0.0002; kmer:AUCCC:0.0001; kmer:AUC:0.0001; kmer:CG:0.0001; kmer:CAG:0.0000,mir-145-5p:0.558; mir-205-5p:0.532; mir-125a-5p:0.471
2439,mir-4716-3p,MIMAT0019827,AAGGGGGAAGGAAACAUGGAGA,nao,0.066616,0.658544,0.656814,,kmer:AA:0.0019; kmer:AAA:0.0004; kmer:AAC:0.0001; kmer:AGGAA:0.0001; kmer:AAAC:0.0000,mir-6875-5p:0.631; mir-206:0.530; mir-6861-5p:0.498
2440,mir-6786-5p,MIMAT0027472,GCGGUGGGGCCGGAGGGGCGU,nao,0.066233,0.658533,0.656763,,kmer:GU:0.0031; kmer:GUG:0.0007; kmer:CGU:0.0005; kmer:CG:0.0001; kmer:GCGU:0.0001; kmer:CCGG:0.0001; kmer:CCG:0.0001; kmer:CGGU:0.0000; kmer:GGU:0.0000,mir-4634:0.728; mir-6861-5p:0.683; mir-1307-3p:0.532
2441,mir-2467-3p,MIMAT0019953,AGCAGAGGCAGAGAGGCUCAGG,nao,0.065850,0.658529,0.656748,,kmer:GCA:0.0005; kmer:GCAG:0.0005; kmer:AGCA:0.0004; kmer:AGCAG:0.0003; kmer:CAG:0.0001; kmer:CAGG:0.0001,mir-24-3p:0.679; mir-6875-5p:0.607; mir-31-5p:0.556
2442,mir-6749-3p,MIMAT0027399,CUCCUCCCCUGCCUGGCCCAG,nao,0.065467,0.658517,0.656691,,kmer:UCCC:0.0002; kmer:CCCU:0.0002; kmer:CCCUG:0.0001; kmer:UGGC:0.0001; kmer:CAG:0.0000; kmer:CCCAG:0.0000,mir-125a-5p:0.599; mir-125b-5p:0.539; mir-145-5p:0.535
2443,mir-7111-3p,MIMAT0028120,AUCCUCUCUUCCCUCCUCCCAG,nao,0.065084,0.658496,0.656599,,kmer:UCCC:0.0003; kmer:AUCC:0.0002; kmer:CCCU:0.0002; kmer:UCCCU:0.0001; kmer:AUC:0.0001; kmer:UCCCA:0.0001; kmer:CAG:0.0000; kmer:UUCCC:0.0000; kmer:CCCAG:0.0000,mir-145-5p:0.625; mir-205-5p:0.604; mir-125a-5p:0.482
2444,mir-5587-5p,MIMAT0022289,AUGGUCACCUCCGGGACU,nao,0.064701,0.658488,0.656564,,kmer:GU:0.0023; kmer:CCGG:0.0001; kmer:CCG:0.0001; kmer:CG:0.0001; kmer:ACC:0.0000; kmer:GUC:0.0000; kmer:GGU:0.0000,mir-205-5p:0.572; mir-6861-5p:0.544; mir-425-5p:0.497
2445,mir-6127,MIMAT0024610,UGAGGGAGUGGGUGGGAGG,nao,0.064319,0.658471,0.656490,,kmer:GU:0.0033; kmer:GUG:0.0015; kmer:AGUG:0.0003; kmer:AGU:0.0003; kmer:UGA:0.0002; kmer:UGAGG:0.0000; kmer:GGU:0.0000,mir-6861-5p:0.688; mir-6875-5p:0.613; let-7b-5p:0.519
2446,mir-2114-3p,MIMAT0011157,CGAGCCUCAAGCAAGGGACUU,nao,0.063936,0.658464,0.656457,,kmer:AA:0.0012; kmer:AGCA:0.0005; kmer:GCA:0.0003; kmer:CGA:0.0002; kmer:GCAA:0.0001; kmer:CG:0.0001,mir-191-5p:0.567; mir-24-3p:0.519; mir-31-5p:0.519
2447,mir-6746-5p,MIMAT0027392,CCGGGAGAAGGAGGUGGCCUGG,nao,0.063553,0.658460,0.656438,,kmer:GU:0.0015; kmer:GUG:0.0007; kmer:AA:0.0004; kmer:AGGU:0.0002; kmer:CCGG:0.0001; kmer:CCG:0.0001; kmer:UGGC:0.0001; kmer:CG:0.0000; kmer:GGU:0.0000,mir-6875-5p:0.633; mir-6861-5p:0.630; mir-206:0.502
2448,mir-3940-5p,MIMAT0019229,GUGGGUUGGGGCGGGCUCUG,nao,0.063170,0.658440,0.656351,,kmer:GU:0.0033; kmer:GUG:0.0007; kmer:GUU:0.0004; kmer:UUG:0.0002; kmer:GUUG:0.0002; kmer:GGUU:0.0001; kmer:GGUUG:0.0001; kmer:CG:0.0001; kmer:GGGUU:0.0000; kmer:GGU:0.0000,mir-6861-5p:0.775; mir-373-3p:0.550; mir-181b-5p:0.532
2449,mir-6510-5p,MIMAT0025476,CAGCAGGGGAGAGAGAGGAGUC,nao,0.062787,0.658431,0.656312,,kmer:GU:0.0015; kmer:AGCA:0.0004; kmer:AGCAG:0.0003; kmer:CAGCA:0.0003; kmer:GCA:0.0003; kmer:AGU:0.0002; kmer:GCAG:0.0002; kmer:GCAGG:0.0002; kmer:CAGC:0.0002; kmer:CAGG:0.0001,mir-6875-5p:0.731; mir-24-3p:0.535; mir-1246:0.456
2450,mir-296-3p,MIMAT0004679,GAGGGUUGGGUGGAGGCUCUCC,nao,0.062404,0.658423,0.656274,,kmer:GU:0.0029; kmer:GUG:0.0006; kmer:GUU:0.0003; kmer:UUG:0.0002; kmer:GUUG:0.0002; kmer:GGUU:0.0001; kmer:GGUUG:0.0001; kmer:GGU:0.0000; kmer:GGGUU:0.0000,mir-6861-5p:0.755; mir-373-3p:0.521; let-7b-5p:0.520
2451,mir-6803-3p,MIMAT0027507,UCCCUCGCCUUCUCACCCUCAG,nao,0.062021,0.658415,0.656241,,kmer:CCCU:0.0003; kmer:ACCC:0.0003; kmer:ACCCU:0.0003; kmer:UCG:0.0003; kmer:UCCC:0.0002; kmer:UCCCU:0.0002; kmer:CG:0.0001; kmer:CAG:0.0000; kmer:ACC:0.0000,mir-205-5p:0.615; mir-125a-5p:0.548; mir-145-5p:0.533
2452,mir-7152-3p,MIMAT0028215,UCUGGUCCUGGACAGGAGGC,nao,0.061639,0.658410,0.656216,,kmer:GU:0.0017; kmer:CAGGA:0.0002; kmer:ACAG:0.0001; kmer:CAGG:0.0001; kmer:CAG:0.0000; kmer:GACAG:0.0000; kmer:CUGGU:0.0000; kmer:GUC:0.0000; kmer:GGU:0.0000,mir-6875-5p:0.652; mir-6861-5p:0.602; mir-24-3p:0.496
2453,mir-3183,MIMAT0015063,GCCUCUCUCGGAGUCGCUCGGA,nao,0.061256,0.658402,0.656183,,kmer:GU:0.0016; kmer:UCG:0.0008; kmer:AGU:0.0003; kmer:UCGG:0.0002; kmer:CG:0.0002; kmer:CUCGG:0.0002; kmer:UCUCG:0.0001; kmer:GUCG:0.0001; kmer:GUC:0.0000,mir-1307-3p:0.540; mir-25-3p:0.502; mir-205-5p:0.479
2454,mir-7109-3p,MIMAT0028116,CAAGCCUCUCCUGCCCUUCCAG,nao,0.060873,0.658391,0.656134,,kmer:AA:0.0005; kmer:CCCU:0.0002; kmer:UCCAG:0.0001; kmer:UCCA:0.0001; kmer:CAG:0.0000,mir-205-5p:0.607; mir-145-5p:0.576; mir-125a-5p:0.552
2455,mir-1343-5p,MIMAT0027038,UGGGGAGCGGCCCCCGGGUGGG,nao,0.060490,0.658390,0.656126,,kmer:GU:0.0014; kmer:GUG:0.0006; kmer:CGGC:0.0001; kmer:CCCG:0.0001; kmer:CG:0.0001; kmer:CGGCC:0.0001; kmer:CCCGG:0.0001; kmer:CCGG:0.0001; kmer:CCG:0.0001; kmer:AGCGG:0.0001,mir-4634:0.722; mir-6861-5p:0.671; mir-373-3p:0.428
2456,mir-6797-5p,MIMAT0027494,AGGAGGGAAGGGGCUGAGAACAGGA,nao,0.060107,0.658387,0.656116,,kmer:AA:0.0007; kmer:CUGA:0.0002; kmer:UGA:0.0001; kmer:CAGGA:0.0001; kmer:AAC:0.0001; kmer:ACAG:0.0001; kmer:CAGG:0.0001; kmer:CUGAG:0.0001; kmer:UGAGA:0.0001; kmer:AGAAC:0.0000,mir-6875-5p:0.779; mir-6861-5p:0.556; mir-24-3p:0.510
2457,mir-4292,MIMAT0016919,CCCCUGGGCCGGCCUUGG,nao,0.059724,0.658382,0.656093,,kmer:UUG:0.0003; kmer:CCCU:0.0002; kmer:CGGC:0.0002; kmer:CCCUG:0.0002; kmer:CCGGC:0.0001; kmer:CGGCC:0.0001; kmer:CCGG:0.0001; kmer:CCG:0.0001; kmer:CG:0.0001; kmer:CUUG:0.0000,mir-4634:0.620; mir-92a-3p:0.583; mir-125a-5p:0.487
2458,mir-7113-3p,MIMAT0028124,CCUCCCUGCCCGCCUCUCUGCAG,nao,0.059342,0.658378,0.656074,,kmer:UGCA:0.0003; kmer:GCA:0.0003; kmer:GCAG:0.0002; kmer:UCCC:0.0002; kmer:CCCU:0.0002; kmer:UCCCU:0.0002; kmer:CCCUG:0.0001; kmer:CCCG:0.0001; kmer:UGCAG:0.0001; kmer:CCG:0.0001,mir-125a-5p:0.561; mir-92a-3p:0.520; mir-125b-5p:0.515
2459,mir-3192-3p,MIMAT0027027,CUCUGAUCGCCCUCUCAGCUC,nao,0.058959,0.658378,0.656073,,kmer:UCG:0.0003; kmer:CUGA:0.0003; kmer:CAGC:0.0002; kmer:UGA:0.0002; kmer:CCCU:0.0002; kmer:AUC:0.0001; kmer:CUGAU:0.0001; kmer:AUCG:0.0001; kmer:CG:0.0001; kmer:CAG:0.0000,mir-25-3p:0.491; mir-205-5p:0.479; mir-139-5p:0.413
2460,mir-1913,MIMAT0007888,UCUGCCCCCUCCGCUGCUGCCA,nao,0.058576,0.658377,0.656072,,kmer:UGCU:0.0002; kmer:CCCU:0.0002; kmer:CCG:0.0001; kmer:CG:0.0001; kmer:UGCUG:0.0000,mir-125a-5p:0.507; mir-92a-3p:0.504; mir-125b-5p:0.470
2461,mir-1275,MIMAT0005929,GUGGGGGAGAGGCUGUC,nao,0.058193,0.658319,0.655811,,kmer:GU:0.0039; kmer:UGU:0.0010; kmer:GUG:0.0009; kmer:UGUC:0.0003; kmer:CUGU:0.0000; kmer:GUC:0.0000; kmer:GCUGU:0.0000,mir-6861-5p:0.702; mir-6875-5p:0.523; mir-373-3p:0.514
2462,mir-7150,MIMAT0028211,CUGGCAGGGGGAGAGGUA,nao,0.057810,0.658316,0.655799,,kmer:GU:0.0018; kmer:UA:0.0009; kmer:AGGUA:0.0004; kmer:GUA:0.0004; kmer:GGUA:0.0004; kmer:GCA:0.0003; kmer:GCAG:0.0003; kmer:AGGU:0.0003; kmer:GCAGG:0.0003; kmer:CAGG:0.0001,mir-6861-5p:0.708; mir-6875-5p:0.619; mir-31-5p:0.480
2463,mir-6780b-5p,MIMAT0027572,UGGGGAAGGCUUGGCAGGGAAGA,nao,0.057427,0.658290,0.655682,,kmer:AA:0.0008; kmer:GCA:0.0002; kmer:GCAG:0.0002; kmer:GCAGG:0.0002; kmer:UUG:0.0002; kmer:UUGGC:0.0001; kmer:GCUU:0.0001; kmer:CAGG:0.0001; kmer:UGGC:0.0000; kmer:CAG:0.0000,mir-6861-5p:0.641; mir-6875-5p:0.560; mir-31-5p:0.535
2464,mir-4314,MIMAT0016868,CUCUGGGAAAUGGGACAG,nao,0.057044,0.658286,0.655665,,kmer:AA:0.0012; kmer:AAU:0.0008; kmer:AAA:0.0005; kmer:AAAU:0.0004; kmer:AAUG:0.0003; kmer:ACAG:0.0001; kmer:GAAAU:0.0001; kmer:CAG:0.0001; kmer:GACAG:0.0000,mir-6861-5p:0.588; mir-6875-5p:0.514; mir-206:0.475
2465,mir-6795-5p,MIMAT0027490,UGGGGGGACAGGAUGAGAGGCUGU,nao,0.056662,0.658281,0.655642,,kmer:GU:0.0013; kmer:UGU:0.0007; kmer:UGA:0.0001; kmer:CAGGA:0.0001; kmer:ACAG:0.0001; kmer:CAGG:0.0001; kmer:UGAGA:0.0001; kmer:CAG:0.0000; kmer:CUGU:0.0000; kmer:GACAG:0.0000,mir-6875-5p:0.713; mir-6861-5p:0.664; mir-1246:0.475
2466,mir-6761-3p,MIMAT0027423,UCCUACGCUGCUCUCUCACUCC,nao,0.056279,0.658277,0.655626,,kmer:UA:0.0008; kmer:UGCU:0.0002; kmer:CG:0.0001; kmer:ACUCC:0.0000; kmer:CCUA:0.0000; kmer:CACUC:0.0000; kmer:UCACU:0.0000,mir-205-5p:0.495; mir-25-3p:0.476; mir-139-5p:0.474
2467,mir-3615,MIMAT0017994,UCUCUCGGCUCCUCGCGGCUC,nao,0.055896,0.658255,0.655526,,kmer:UCG:0.0005; kmer:CGGC:0.0003; kmer:CG:0.0001; kmer:UCGG:0.0001; kmer:CUCGG:0.0001; kmer:UCUCG:0.0001; kmer:CGGCU:0.0001; kmer:GCGGC:0.0000,mir-1307-3p:0.490; mir-25-3p:0.442; mir-205-5p:0.397
2468,mir-6829-5p,MIMAT0027558,UGGGCUGCUGAGAAGGGGCA,nao,0.055513,0.658239,0.655457,,kmer:AA:0.0005; kmer:GCA:0.0003; kmer:CUGA:0.0002; kmer:UGCU:0.0002; kmer:UGA:0.0002; kmer:CUGAG:0.0001; kmer:UGAGA:0.0001; kmer:UGCUG:0.0000,mir-31-5p:0.642; mir-6861-5p:0.623; mir-210-3p:0.470
2469,mir-4763-3p,MIMAT0019913,AGGCAGGGGCUGGUGCUGGGCGGG,nao,0.055130,0.658237,0.655449,,kmer:GU:0.0013; kmer:GUG:0.0006; kmer:GUGC:0.0005; kmer:GUGCU:0.0002; kmer:GCA:0.0002; kmer:GCAG:0.0002; kmer:GCAGG:0.0002; kmer:UGCU:0.0002; kmer:CAGG:0.0001; kmer:CG:0.0000,mir-6861-5p:0.746; mir-31-5p:0.583; mir-4634:0.531
2470,mir-6830-5p,MIMAT0027560,CCAAGGAAGGAGGCUGGACAUC,nao,0.054747,0.658214,0.655345,,kmer:AA:0.0010; kmer:AGGAA:0.0001; kmer:AUC:0.0001,mir-6875-5p:0.705; mir-31-5p:0.528; mir-24-3p:0.520
2471,mir-4632-3p,MIMAT0019688,UGCCGCCCUCUCGCUGCUCUAG,nao,0.054364,0.658213,0.655340,,kmer:UA:0.0009; kmer:UAG:0.0008; kmer:UCG:0.0003; kmer:UGCU:0.0002; kmer:CCCU:0.0002; kmer:CG:0.0001; kmer:CCG:0.0001; kmer:UCUCG:0.0001,mir-25-3p:0.446; mir-92a-3p:0.435; mir-31-5p:0.424
2472,mir-4649-3p,MIMAT0019712,UCUGAGGCCUGCCUCUCCCCA,nao,0.053982,0.658189,0.655236,,kmer:CUGA:0.0002; kmer:UCCC:0.0002; kmer:UGA:0.0002; kmer:CUGAG:0.0001; kmer:UGAGG:0.0000,mir-125a-5p:0.579; mir-125b-5p:0.540; mir-92a-3p:0.507
2473,mir-6716-5p,MIMAT0025844,UGGGAAUGGGGGUAAGGGCC,nao,0.053599,0.658154,0.655079,,kmer:GU:0.0017; kmer:AA:0.0010; kmer:UA:0.0008; kmer:AAU:0.0006; kmer:GUA:0.0004; kmer:GGUA:0.0004; kmer:UAA:0.0003; kmer:GAAU:0.0003; kmer:GGAAU:0.0003; kmer:AAUG:0.0002,mir-6861-5p:0.729; mir-155-5p:0.503; mir-206:0.495
2474,mir-612,MIMAT0003280,GCUGGGCAGGGCUUCUGAGCUCCUU,nao,0.053216,0.658154,0.655077,,kmer:GCA:0.0002; kmer:GCAG:0.0002; kmer:GCAGG:0.0002; kmer:CUGA:0.0002; kmer:UGA:0.0001; kmer:GCUU:0.0001; kmer:CAGG:0.0001; kmer:CUGAG:0.0001; kmer:UCCUU:0.0000; kmer:CAG:0.0000,mir-31-5p:0.602; mir-6861-5p:0.587; mir-520c-3p:0.531
2475,mir-518c-5p,MIMAT0002847,UCUCUGGAGGGAAGCACUUUCUG,nao,0.052833,0.658128,0.654965,,kmer:AA:0.0004; kmer:AGCA:0.0003; kmer:GCA:0.0002; kmer:GCAC:0.0002; kmer:AGCAC:0.0002; kmer:CACUU:0.0001; kmer:GCACU:0.0001,mir-25-3p:0.552; mir-205-5p:0.506; mir-520c-3p:0.488
2476,mir-10396a-3p,MIMAT0041624,GGCCCCGGGCCCUCGACCGGG,nao,0.052450,0.658102,0.654847,,kmer:ACCG:0.0003; kmer:UCG:0.0003; kmer:CGA:0.0002; kmer:CCGG:0.0002; kmer:CCCU:0.0002; kmer:CCG:0.0002; kmer:CG:0.0002; kmer:CCCG:0.0001; kmer:ACCGG:0.0001; kmer:CCCGG:0.0001,mir-4634:0.818; mir-92a-3p:0.438; mir-6861-5p:0.413
2477,mir-519a-5p,MIMAT0005452,CUCUAGAGGGAAGCGCUUUCUG,sim,0.052067,0.658096,0.654820,hsa-mir-519a-1; hsa-mir-519a-2,kmer:UA:0.0009; kmer:UAG:0.0007; kmer:AA:0.0005; kmer:GCUU:0.0002; kmer:CG:0.0001,mir-520c-3p:0.623; mir-31-5p:0.480; mir-373-3p:0.461
2478,mir-522-5p,MIMAT0005451,CUCUAGAGGGAAGCGCUUUCUG,nao,0.051685,0.658096,0.654820,,kmer:UA:0.0009; kmer:UAG:0.0007; kmer:AA:0.0005; kmer:GCUU:0.0002; kmer:CG:0.0001,mir-520c-3p:0.623; mir-31-5p:0.480; mir-373-3p:0.461
2479,mir-518e-5p,MIMAT0005450,CUCUAGAGGGAAGCGCUUUCUG,sim,0.051302,0.658096,0.654820,hsa-mir-518e,kmer:UA:0.0009; kmer:UAG:0.0007; kmer:AA:0.0005; kmer:GCUU:0.0002; kmer:CG:0.0001,mir-520c-3p:0.623; mir-31-5p:0.480; mir-373-3p:0.461
2480,mir-523-5p,MIMAT0005449,CUCUAGAGGGAAGCGCUUUCUG,nao,0.050919,0.658096,0.654820,,kmer:UA:0.0009; kmer:UAG:0.0007; kmer:AA:0.0005; kmer:GCUU:0.0002; kmer:CG:0.0001,mir-520c-3p:0.623; mir-31-5p:0.480; mir-373-3p:0.461
2481,mir-519b-5p,MIMAT0005454,CUCUAGAGGGAAGCGCUUUCUG,sim,0.050536,0.658096,0.654820,hsa-mir-519b,kmer:UA:0.0009; kmer:UAG:0.0007; kmer:AA:0.0005; kmer:GCUU:0.0002; kmer:CG:0.0001,mir-520c-3p:0.623; mir-31-5p:0.480; mir-373-3p:0.461
2482,mir-519c-5p,MIMAT0002831,CUCUAGAGGGAAGCGCUUUCUG,sim,0.050153,0.658096,0.654820,hsa-mir-519c,kmer:UA:0.0009; kmer:UAG:0.0007; kmer:AA:0.0005; kmer:GCUU:0.0002; kmer:CG:0.0001,mir-520c-3p:0.623; mir-31-5p:0.480; mir-373-3p:0.461
2483,mir-6800-3p,MIMAT0027501,CACCUCUCCUGGCAUCGCCCC,nao,0.049770,0.658076,0.654731,,kmer:GCA:0.0003; kmer:UCG:0.0003; kmer:AUC:0.0001; kmer:UGGC:0.0001; kmer:AUCG:0.0001; kmer:CG:0.0001; kmer:UGGCA:0.0000; kmer:ACC:0.0000,mir-205-5p:0.559; mir-125a-5p:0.519; mir-92a-3p:0.489
2484,mir-4743-5p,MIMAT0019874,UGGCCGGAUGGGACAGGAGGCAU,nao,0.049387,0.658069,0.654699,,kmer:GCA:0.0003; kmer:CAGGA:0.0001; kmer:ACAG:0.0001; kmer:CCGG:0.0001; kmer:CAGG:0.0001; kmer:CCG:0.0001; kmer:UGGC:0.0001; kmer:CG:0.0000; kmer:CAG:0.0000; kmer:GACAG:0.0000,mir-6875-5p:0.711; mir-6861-5p:0.575; mir-1246:0.552
2485,mir-7110-5p,MIMAT0028117,UGGGGGUGUGGGGAGAGAGAG,nao,0.049005,0.658067,0.654692,,kmer:GU:0.0031; kmer:GUG:0.0014; kmer:UGU:0.0008; kmer:UGUG:0.0004; kmer:GUGUG:0.0001; kmer:GUGU:0.0001; kmer:GGGGU:0.0000; kmer:UGUGG:0.0000; kmer:GGU:0.0000,mir-6861-5p:0.634; mir-6875-5p:0.550; mir-373-3p:0.517
2486,mir-4650-5p,MIMAT0019713,UCAGGCCUCUUUCUACCUU,nao,0.048622,0.658049,0.654611,,kmer:UA:0.0010; kmer:UACC:0.0002; kmer:CAGG:0.0001; kmer:CAG:0.0000; kmer:ACC:0.0000,mir-205-5p:0.558; mir-520c-3p:0.493; mir-125a-5p:0.456
2487,mir-6858-5p,MIMAT0027616,GUGAGGAGGGGCUGGCAGGGAC,nao,0.048239,0.658046,0.654599,,kmer:GU:0.0014; kmer:GUG:0.0006; kmer:GCA:0.0002; kmer:GCAG:0.0002; kmer:GCAGG:0.0002; kmer:UGA:0.0001; kmer:CAGG:0.0001; kmer:UGGC:0.0000; kmer:CAG:0.0000; kmer:UGGCA:0.0000,mir-6875-5p:0.702; mir-6861-5p:0.665; mir-31-5p:0.520
2488,mir-7847-3p,MIMAT0030422,CGUGGAGGACGAGGAGGAGGC,nao,0.047856,0.658019,0.654478,,kmer:GU:0.0017; kmer:GUG:0.0008; kmer:CGU:0.0005; kmer:CGUG:0.0004; kmer:CGA:0.0002; kmer:CG:0.0001; kmer:ACGA:0.0001; kmer:CGUGG:0.0001,mir-6875-5p:0.724; mir-1246:0.453; mir-6861-5p:0.407
2489,mir-328-3p,MIMAT0000752,CUGGCCCUCUCUGCCCUUCCGU,nao,0.047473,0.658005,0.654417,,kmer:GU:0.0017; kmer:CGU:0.0005; kmer:CCCU:0.0003; kmer:CCGU:0.0001; kmer:CCG:0.0001; kmer:UGGC:0.0001; kmer:CG:0.0001,mir-205-5p:0.562; mir-125a-5p:0.559; mir-92a-3p:0.514
2490,mir-6784-5p,MIMAT0027468,GCCGGGGCUUUGGGUGAGGG,nao,0.047090,0.657998,0.654387,,kmer:GU:0.0017; kmer:GUG:0.0007; kmer:UUG:0.0002; kmer:UGA:0.0002; kmer:GCUU:0.0002; kmer:CCGG:0.0001; kmer:CCG:0.0001; kmer:CG:0.0001; kmer:GUGA:0.0000; kmer:UGAGG:0.0000,mir-6861-5p:0.714; mir-373-3p:0.606; mir-4634:0.578
2491,mir-5739,MIMAT0023116,GCGGAGAGAGAAUGGGGAGC,nao,0.046708,0.657998,0.654384,,kmer:AAU:0.0007; kmer:AA:0.0005; kmer:GAAU:0.0003; kmer:AAUG:0.0002; kmer:GAAUG:0.0001; kmer:CG:0.0001,mir-6875-5p:0.615; mir-1246:0.468; mir-31-5p:0.394
2492,mir-4723-3p,MIMAT0019839,CCCUCUCUGGCUCCUCCCCAAA,nao,0.046325,0.657985,0.654329,,kmer:AA:0.0009; kmer:AAA:0.0004; kmer:CAAA:0.0003; kmer:UCCC:0.0002; kmer:CCCU:0.0002; kmer:UGGC:0.0001,mir-205-5p:0.506; mir-125a-5p:0.504; mir-145-5p:0.497
2493,mir-650,MIMAT0003320,AGGAGGCAGCGCUCUCAGGAC,nao,0.045942,0.657981,0.654312,,kmer:GCA:0.0003; kmer:GCAGC:0.0003; kmer:GCAG:0.0003; kmer:CAGC:0.0002; kmer:CAGGA:0.0002; kmer:CAGG:0.0001; kmer:CAG:0.0001; kmer:CAGCG:0.0001; kmer:CG:0.0001,mir-24-3p:0.693; mir-6875-5p:0.651; mir-31-5p:0.525
2494,mir-6880-3p,MIMAT0027661,CCGCCUUCUCUCCUCCCCCAG,nao,0.045559,0.657980,0.654304,,kmer:UCCC:0.0002; kmer:CCG:0.0001; kmer:CG:0.0001; kmer:CAG:0.0000; kmer:CCCAG:0.0000,mir-145-5p:0.580; mir-205-5p:0.573; mir-125a-5p:0.497
2495,mir-4265,MIMAT0016891,CUGUGGGCUCAGCUCUGGG,nao,0.045176,0.657971,0.654265,,kmer:GU:0.0018; kmer:UGU:0.0009; kmer:GUG:0.0008; kmer:UGUG:0.0005; kmer:CAGC:0.0002; kmer:CAG:0.0000; kmer:CUGU:0.0000; kmer:UGUGG:0.0000; kmer:CUGUG:0.0000,mir-6861-5p:0.690; mir-34a-5p:0.529; mir-210-3p:0.497
2496,mir-6757-5p,MIMAT0027414,UAGGGAUGGGAGGCCAGGAUGA,nao,0.044793,0.657969,0.654256,,kmer:UA:0.0008; kmer:UAG:0.0007; kmer:UGA:0.0002; kmer:CAGGA:0.0001; kmer:CCAGG:0.0001; kmer:CAGG:0.0001; kmer:UAGG:0.0000; kmer:UAGGG:0.0000; kmer:CAG:0.0000,mir-6875-5p:0.728; mir-6861-5p:0.593; mir-1246:0.546
2497,mir-937-3p,MIMAT0004980,AUCCGCGCUCUGACUCUCUGCC,nao,0.044410,0.657962,0.654226,,kmer:CUGA:0.0003; kmer:AUCC:0.0002; kmer:UGA:0.0002; kmer:AUC:0.0001; kmer:CG:0.0001; kmer:CCG:0.0001,mir-25-3p:0.538; mir-205-5p:0.482; mir-139-5p:0.406
2498,mir-6754-3p,MIMAT0027409,UCUUCACCUGCCUCUGCCUGCA,nao,0.044028,0.657953,0.654187,,kmer:UGCA:0.0003; kmer:GCA:0.0003; kmer:ACC:0.0000,mir-92a-3p:0.541; mir-205-5p:0.534; mir-125a-5p:0.512
2499,mir-4266,MIMAT0016892,CUAGGAGGCCUUGGCC,nao,0.043645,0.657951,0.654177,,kmer:UA:0.0011; kmer:UAG:0.0009; kmer:UUG:0.0003; kmer:UUGGC:0.0002; kmer:UGGC:0.0001; kmer:UAGG:0.0001; kmer:CUUG:0.0000,mir-6861-5p:0.489; mir-6875-5p:0.475; mir-31-5p:0.467
2500,mir-6734-3p,MIMAT0027370,CCCUUCCCUCACUCUUCUCUCAG,nao,0.043262,0.657918,0.654031,,kmer:CCCU:0.0003; kmer:UCCC:0.0002; kmer:UCCCU:0.0001; kmer:CAG:0.0000; kmer:CACUC:0.0000; kmer:UUCCC:0.0000; kmer:UCACU:0.0000,mir-205-5p:0.612; mir-145-5p:0.488; mir-125a-5p:0.456
2501,mir-1914-3p,MIMAT0007890,GGAGGGGUCCCGCACUGGGAGG,nao,0.042879,0.657912,0.654003,,kmer:GU:0.0014; kmer:GCA:0.0002; kmer:GCAC:0.0002; kmer:UCCC:0.0002; kmer:UCCCG:0.0001; kmer:CCCG:0.0001; kmer:CCG:0.0001; kmer:GCACU:0.0001; kmer:CG:0.0000; kmer:ACUG:0.0000,mir-6861-5p:0.687; mir-6875-5p:0.607; mir-4634:0.502
2502,mir-4535,MIMAT0019075,GUGGACCUGGCUGGGAC,nao,0.042496,0.657910,0.653995,,kmer:GU:0.0021; kmer:GUG:0.0009; kmer:GACC:0.0001; kmer:UGGC:0.0001; kmer:ACC:0.0000,mir-6861-5p:0.605; mir-210-3p:0.467; mir-34a-5p:0.467
2503,mir-4463,MIMAT0018987,GAGACUGGGGUGGGGCC,nao,0.042113,0.657845,0.653706,,kmer:GU:0.0018; kmer:GUG:0.0008; kmer:GAGAC:0.0001; kmer:ACUG:0.0000; kmer:GGGGU:0.0000; kmer:AGAC:0.0000; kmer:AGACU:0.0000; kmer:GGU:0.0000; kmer:GACUG:0.0000,mir-6861-5p:0.761; mir-373-3p:0.505; mir-4634:0.471
2504,mir-4466,MIMAT0018993,GGGUGCGGGCCGGCGGGG,nao,0.041730,0.657845,0.653706,,kmer:GU:0.0019; kmer:GUG:0.0009; kmer:GUGC:0.0008; kmer:CGGC:0.0002; kmer:CG:0.0002; kmer:CCGGC:0.0001; kmer:CCGG:0.0001; kmer:CCG:0.0001; kmer:GUGCG:0.0001; kmer:CGGCG:0.0001,mir-4634:0.792; mir-6861-5p:0.607; mir-1307-3p:0.495
2505,mir-939-3p,MIMAT0022939,CCCUGGGCCUCUGCUCCCCAG,nao,0.041348,0.657778,0.653406,,kmer:UGCU:0.0002; kmer:UCCC:0.0002; kmer:CCCU:0.0002; kmer:CCCUG:0.0001; kmer:CAG:0.0000; kmer:CCCAG:0.0000,mir-125a-5p:0.567; mir-145-5p:0.521; mir-125b-5p:0.521
2506,mir-877-3p,MIMAT0004950,UCCUCUUCUCCCUCCUCCCAG,nao,0.040965,0.657772,0.653382,,kmer:UCCC:0.0003; kmer:CCCU:0.0002; kmer:UCCCU:0.0002; kmer:UCCCA:0.0001; kmer:CAG:0.0000; kmer:CCCAG:0.0000,mir-145-5p:0.589; mir-205-5p:0.584; mir-125a-5p:0.478
2507,mir-4300,MIMAT0016853,UGGGAGCUGGACUACUUC,nao,0.040582,0.657755,0.653305,,kmer:UA:0.0010,mir-6861-5p:0.533; mir-34a-5p:0.451; mir-6875-5p:0.448
2508,mir-6877-3p,MIMAT0027655,CAGCCUCUGCCCUUGGCCUCC,nao,0.040199,0.657747,0.653271,,kmer:UUG:0.0002; kmer:CAGC:0.0002; kmer:UUGGC:0.0002; kmer:CCCU:0.0002; kmer:UGGC:0.0001; kmer:CAG:0.0000; kmer:CUUG:0.0000,mir-92a-3p:0.553; mir-125a-5p:0.526; mir-125b-5p:0.490
2509,mir-6727-5p,MIMAT0027355,CUCGGGGCAGGCGGCUGGGAGCG,nao,0.039816,0.657734,0.653210,,kmer:GCA:0.0002; kmer:GCAG:0.0002; kmer:UCG:0.0002; kmer:GCAGG:0.0002; kmer:CGGC:0.0001; kmer:CG:0.0001; kmer:UCGG:0.0001; kmer:CAGG:0.0001; kmer:CUCGG:0.0001; kmer:CAG:0.0000,mir-4634:0.664; mir-6861-5p:0.643; mir-31-5p:0.537
2510,mir-6879-5p,MIMAT0027658,CAGGGCAGGGAAGGUGGGAGAG,nao,0.039433,0.657714,0.653122,,kmer:GU:0.0015; kmer:GUG:0.0007; kmer:AA:0.0005; kmer:GCA:0.0003; kmer:GCAG:0.0002; kmer:AGGU:0.0002; kmer:GCAGG:0.0002; kmer:CAGG:0.0002; kmer:CAG:0.0001; kmer:GGU:0.0000,mir-6875-5p:0.708; mir-6861-5p:0.679; mir-24-3p:0.542
2511,mir-6727-3p,MIMAT0027356,UCCUGCCACCUCCUCCGCAG,nao,0.039051,0.657707,0.653094,,kmer:GCA:0.0004; kmer:GCAG:0.0003; kmer:CCG:0.0001; kmer:CG:0.0001; kmer:CAG:0.0001; kmer:ACC:0.0000,mir-205-5p:0.597; mir-125a-5p:0.522; mir-145-5p:0.505
2512,mir-4728-5p,MIMAT0019849,UGGGAGGGGAGAGGCAGCAAGCA,nao,0.038668,0.657679,0.652969,,kmer:GCA:0.0007; kmer:AGCA:0.0007; kmer:AA:0.0004; kmer:CAGCA:0.0003; kmer:GCAGC:0.0002; kmer:GCAG:0.0002; kmer:CAGC:0.0002; kmer:GCAA:0.0001; kmer:CAG:0.0000,mir-6875-5p:0.648; mir-31-5p:0.559; mir-24-3p:0.548
2513,mir-6861-3p,MIMAT0027624,UGGACCUCUCCUCCCCAG,nao,0.038285,0.657656,0.652866,,kmer:UCCC:0.0002; kmer:GACC:0.0001; kmer:CAG:0.0000; kmer:ACC:0.0000; kmer:CCCAG:0.0000,mir-145-5p:0.577; mir-125a-5p:0.551; mir-205-5p:0.546
2514,mir-6809-3p,MIMAT0027519,CUUCUCUUCUCUCCUUCCCAG,nao,0.037902,0.657635,0.652772,,kmer:UCCC:0.0002; kmer:UCCCA:0.0001; kmer:UCCUU:0.0000; kmer:CAG:0.0000; kmer:UUCCC:0.0000; kmer:CCCAG:0.0000,mir-205-5p:0.624; mir-145-5p:0.491; mir-25-3p:0.434
2515,mir-10398-3p,MIMAT0041628,GCCCGGAGAGCUGGGAGCCAG,nao,0.037519,0.657624,0.652722,,kmer:CCCG:0.0001; kmer:CCCGG:0.0001; kmer:CCGG:0.0001; kmer:CCG:0.0001; kmer:CG:0.0001; kmer:CAG:0.0000,mir-6875-5p:0.613; mir-31-5p:0.495; mir-4634:0.493
2516,mir-3194-5p,MIMAT0015078,GGCCAGCCACCAGGAGGGCUG,nao,0.037136,0.657601,0.652621,,kmer:CAGC:0.0002; kmer:CAGGA:0.0002; kmer:CCAGG:0.0001; kmer:CAGG:0.0001; kmer:CAG:0.0001; kmer:ACC:0.0000,mir-6875-5p:0.662; mir-6861-5p:0.568; mir-24-3p:0.554
2517,mir-3180,MIMAT0018178,UGGGGCGGAGCUUCCGGAG,sim,0.036753,0.657583,0.652541,hsa-mir-3180-1; hsa-mir-3180-2; hsa-mir-3180-3; hsa-mir-3180-4; hsa-mir-3180-5,kmer:GCUU:0.0002; kmer:CG:0.0001; kmer:CCGG:0.0001; kmer:CCG:0.0001; kmer:AGCUU:0.0001,mir-4634:0.621; mir-6861-5p:0.553; mir-6875-5p:0.487
2518,mir-637,MIMAT0003307,ACUGGGGGCUUUCGGGCUCUGCGU,nao,0.036371,0.657575,0.652504,,kmer:GU:0.0014; kmer:CGU:0.0005; kmer:UCG:0.0002; kmer:UUCG:0.0002; kmer:GCUU:0.0001; kmer:GCGU:0.0001; kmer:CG:0.0001; kmer:UCGG:0.0001; kmer:UGCGU:0.0001; kmer:ACUG:0.0000,mir-6861-5p:0.679; mir-373-3p:0.538; mir-4634:0.520
2519,mir-1587,MIMAT0019077,UUGGGCUGGGCUGGGUUGGG,nao,0.035988,0.657568,0.652477,,kmer:GU:0.0015; kmer:UUG:0.0004; kmer:GUU:0.0004; kmer:GUUG:0.0002; kmer:GGUU:0.0001; kmer:GGUUG:0.0001; kmer:GGGUU:0.0000; kmer:GGU:0.0000,mir-6861-5p:0.706; mir-373-3p:0.507; mir-34a-5p:0.498
2520,mir-3158-3p,MIMAT0015032,AAGGGCUUCCUCUCUGCAGGAC,nao,0.035605,0.657559,0.652436,,kmer:AA:0.0005; kmer:UGCA:0.0003; kmer:GCA:0.0003; kmer:GCAG:0.0002; kmer:GCAGG:0.0002; kmer:GCUU:0.0002; kmer:CAGGA:0.0002; kmer:UGCAG:0.0001; kmer:CAGG:0.0001; kmer:CAG:0.0000,mir-24-3p:0.543; mir-520c-3p:0.529; mir-205-5p:0.527
2521,mir-6069,MIMAT0023694,GGGCUAGGGCCUGCUGCCCCC,nao,0.035222,0.657554,0.652414,,kmer:UA:0.0008; kmer:UAG:0.0007; kmer:UGCU:0.0002; kmer:UAGG:0.0001; kmer:UAGGG:0.0001; kmer:UGCUG:0.0000,mir-6861-5p:0.506; mir-4634:0.494; mir-31-5p:0.493
2522,mir-23a-5p,MIMAT0004496,GGGGUUCCUGGGGAUGGGAUUU,sim,0.034839,0.657543,0.652363,hsa-mir-23a,kmer:GU:0.0015; kmer:GUU:0.0003; kmer:GGUU:0.0001; kmer:GAUUU:0.0000; kmer:GGGGU:0.0000; kmer:AUUU:0.0000; kmer:GGGUU:0.0000; kmer:GGAUU:0.0000; kmer:GGU:0.0000,mir-6861-5p:0.655; mir-373-3p:0.598; mir-1246:0.539
2523,mir-5571-3p,MIMAT0022258,GUCCUAGGAGGCUCCUCUG,nao,0.034456,0.657509,0.652213,,kmer:GU:0.0019; kmer:UA:0.0009; kmer:UAG:0.0008; kmer:UAGG:0.0001; kmer:GUC:0.0000; kmer:CCUA:0.0000,mir-205-5p:0.544; mir-6861-5p:0.508; mir-520c-3p:0.448
2524,mir-10400-3p,MIMAT0041632,CUGGGCUCCCGGACGAGGCGGG,nao,0.034074,0.657508,0.652207,,kmer:UCCC:0.0002; kmer:CGA:0.0002; kmer:CG:0.0002; kmer:UCCCG:0.0001; kmer:CCCG:0.0001; kmer:ACGA:0.0001; kmer:CCCGG:0.0001; kmer:CCGG:0.0001; kmer:CCG:0.0001,mir-4634:0.743; mir-6861-5p:0.647; mir-6875-5p:0.480
2525,mir-7155-5p,MIMAT0028220,UCUGGGGUCUUGGGCCAUC,nao,0.033691,0.657487,0.652116,,kmer:GU:0.0018; kmer:UUG:0.0002; kmer:AUC:0.0001; kmer:GUCU:0.0001; kmer:GGGGU:0.0000; kmer:CUUG:0.0000; kmer:GUC:0.0000; kmer:GUCUU:0.0000; kmer:GGU:0.0000,mir-6861-5p:0.676; mir-181b-5p:0.524; mir-373-3p:0.508
2526,mir-5088-5p,MIMAT0021080,CAGGGCUCAGGGAUUGGAUGGAGG,nao,0.033308,0.657461,0.652002,,kmer:UUG:0.0002; kmer:AUUGG:0.0001; kmer:CAGG:0.0001; kmer:AUUG:0.0001; kmer:CAG:0.0001; kmer:GGAUU:0.0000; kmer:UGGAU:0.0000,mir-1246:0.657; mir-6875-5p:0.647; mir-6861-5p:0.624
2527,mir-6870-5p,MIMAT0027640,UGGGGGAGAUGGGGGUUGA,nao,0.032925,0.657460,0.651994,,kmer:GU:0.0017; kmer:GUU:0.0004; kmer:UUG:0.0002; kmer:GUUG:0.0002; kmer:GUUGA:0.0002; kmer:UGA:0.0002; kmer:GGUU:0.0001; kmer:GGUUG:0.0001; kmer:GGGGU:0.0000; kmer:GGGUU:0.0000,mir-6861-5p:0.657; mir-373-3p:0.533; mir-155-5p:0.453
2528,mir-2861,MIMAT0013802,GGGGCCUGGCGGUGGGCGG,nao,0.032542,0.657436,0.651888,,kmer:GU:0.0017; kmer:GUG:0.0008; kmer:UGGCG:0.0001; kmer:CG:0.0001; kmer:UGGC:0.0001; kmer:CGGU:0.0000; kmer:GGU:0.0000,mir-6861-5p:0.686; mir-4634:0.671; mir-1307-3p:0.517
2529,mir-6833-3p,MIMAT0027567,UUUCUCUCUCCACUUCCUCAG,nao,0.032159,0.657429,0.651860,,kmer:UCCA:0.0001; kmer:CACUU:0.0001; kmer:CAG:0.0000,mir-205-5p:0.622; mir-25-3p:0.497; mir-139-5p:0.471
2530,mir-6779-5p,MIMAT0027458,CUGGGAGGGGCUGGGUUUGGC,nao,0.031776,0.657426,0.651845,,kmer:GU:0.0014; kmer:GUU:0.0003; kmer:UUG:0.0002; kmer:UUGGC:0.0001; kmer:GGUU:0.0001; kmer:GUUUG:0.0001; kmer:UGGC:0.0000; kmer:GGGUU:0.0000; kmer:GGU:0.0000; kmer:UUUGG:0.0000,mir-6861-5p:0.738; mir-373-3p:0.547; mir-1246:0.491
2531,mir-4646-5p,MIMAT0019707,ACUGGGAAGAGGAGCUGAGGGA,nao,0.031394,0.657348,0.651497,,kmer:AA:0.0004; kmer:CUGA:0.0002; kmer:UGA:0.0002; kmer:CUGAG:0.0001; kmer:ACUG:0.0000; kmer:UGAGG:0.0000,mir-6875-5p:0.715; mir-6861-5p:0.531; mir-31-5p:0.466
2532,mir-6743-5p,MIMAT0027387,AAGGGGCAGGGACGGGUGGCCC,nao,0.031011,0.657335,0.651439,,kmer:GU:0.0016; kmer:GUG:0.0007; kmer:AA:0.0005; kmer:GCA:0.0003; kmer:GCAG:0.0002; kmer:GCAGG:0.0002; kmer:CAGG:0.0001; kmer:UGGC:0.0001; kmer:CG:0.0001; kmer:CAG:0.0000,mir-6861-5p:0.727; mir-4634:0.614; mir-6875-5p:0.549
2533,mir-6845-5p,MIMAT0027590,CGGGGCCAGAGCAGAGAGC,nao,0.030628,0.657316,0.651358,,kmer:AGCA:0.0005; kmer:AGCAG:0.0004; kmer:GCA:0.0003; kmer:GCAG:0.0003; kmer:CAG:0.0001; kmer:CG:0.0001,mir-6875-5p:0.588; mir-24-3p:0.526; mir-195-5p:0.524
2534,mir-6728-3p,MIMAT0027358,UCUCUGCUCUGCUCUCCCCAG,nao,0.030245,0.657308,0.651321,,kmer:UGCU:0.0004; kmer:UCCC:0.0002; kmer:CAG:0.0000; kmer:CCCAG:0.0000,mir-25-3p:0.474; mir-205-5p:0.470; mir-139-5p:0.456
2535,mir-4749-5p,MIMAT0019885,UGCGGGGACAGGCCAGGGCAUC,nao,0.029862,0.657306,0.651311,,kmer:GCA:0.0003; kmer:CAGG:0.0002; kmer:AUC:0.0001; kmer:ACAG:0.0001; kmer:CCAGG:0.0001; kmer:CAG:0.0001; kmer:CG:0.0001; kmer:GACAG:0.0000,mir-6861-5p:0.643; mir-6875-5p:0.623; mir-4634:0.577
2536,mir-185-3p,MIMAT0004611,AGGGGCUGGCUUUCCUCUGGUC,nao,0.029479,0.657266,0.651132,,kmer:GU:0.0015; kmer:GCUU:0.0001; kmer:UGGC:0.0000; kmer:UUUCC:0.0000; kmer:CUGGU:0.0000; kmer:GUC:0.0000; kmer:GGU:0.0000,mir-6861-5p:0.653; mir-34a-5p:0.533; mir-520c-3p:0.515
2537,mir-4486,MIMAT0019020,GCUGGGCGAGGCUGGCA,nao,0.029096,0.657243,0.651033,,kmer:GCA:0.0003; kmer:CGA:0.0002; kmer:UGGC:0.0001; kmer:CG:0.0001; kmer:UGGCA:0.0000,mir-31-5p:0.688; mir-6861-5p:0.571; mir-34a-5p:0.498
2538,mir-1343-3p,MIMAT0019776,CUCCUGGGGCCCGCACUCUCGC,nao,0.028714,0.657215,0.650907,,kmer:GCA:0.0003; kmer:UCG:0.0002; kmer:GCAC:0.0002; kmer:CCCG:0.0001; kmer:CG:0.0001; kmer:CCG:0.0001; kmer:GCACU:0.0001; kmer:UCUCG:0.0001; kmer:CACUC:0.0000,mir-6861-5p:0.528; mir-4634:0.513; mir-92a-3p:0.498
2539,mir-4327,MIMAT0016889,GGCUUGCAUGGGGGACUGG,nao,0.028331,0.657177,0.650740,,kmer:UGCA:0.0003; kmer:GCA:0.0003; kmer:UUG:0.0003; kmer:GCUU:0.0002; kmer:UUGCA:0.0001; kmer:ACUG:0.0000; kmer:CUUG:0.0000; kmer:GACUG:0.0000,mir-6861-5p:0.690; mir-373-3p:0.511; mir-31-5p:0.485
2540,mir-6873-3p,MIMAT0027647,UUCUCUCUGUCUUUCUCUCUCAG,nao,0.027948,0.657162,0.650673,,kmer:GU:0.0015; kmer:UGU:0.0008; kmer:UGUC:0.0002; kmer:UGUCU:0.0001; kmer:GUCU:0.0001; kmer:CAG:0.0000; kmer:CUGU:0.0000; kmer:GUC:0.0000; kmer:GUCUU:0.0000,mir-25-3p:0.548; mir-205-5p:0.483; mir-139-5p:0.459
2541,mir-6088,MIMAT0023713,AGAGAUGAAGCGGGGGGGCG,nao,0.027565,0.657115,0.650462,,kmer:AA:0.0005; kmer:UGA:0.0002; kmer:CG:0.0001; kmer:AGCGG:0.0001,mir-4634:0.571; mir-6861-5p:0.533; mir-6875-5p:0.463
2542,mir-1249-5p,MIMAT0032029,AGGAGGGAGGAGAUGGGCCAAGUU,nao,0.027182,0.657080,0.650308,,kmer:GU:0.0015; kmer:AA:0.0004; kmer:GUU:0.0003; kmer:AGU:0.0002; kmer:AAGU:0.0002; kmer:AGUU:0.0002,mir-6875-5p:0.745; mir-1246:0.531; mir-6861-5p:0.530
2543,mir-4674,MIMAT0019756,CUGGGCUCGGGACGCGCGGCU,nao,0.026799,0.657064,0.650238,,kmer:UCG:0.0003; kmer:CG:0.0002; kmer:CGGC:0.0002; kmer:UCGG:0.0001; kmer:CUCGG:0.0001; kmer:CGGCU:0.0000; kmer:GCGGC:0.0000,mir-4634:0.679; mir-1307-3p:0.567; mir-6861-5p:0.563
2544,mir-11181-3p,MIMAT0043997,AGGAGGAGGAGGUCAGGC,nao,0.026417,0.656998,0.649944,,kmer:GU:0.0019; kmer:AGGU:0.0003; kmer:CAGG:0.0001; kmer:CAG:0.0000; kmer:GUC:0.0000; kmer:GGU:0.0000; kmer:GUCAG:0.0000,mir-6875-5p:0.723; mir-24-3p:0.484; mir-6861-5p:0.467
2545,mir-6878-3p,MIMAT0027657,CUGGCCUCUUCUUUCUCCUAG,nao,0.026034,0.656980,0.649866,,kmer:UA:0.0008; kmer:UAG:0.0007; kmer:UGGC:0.0001; kmer:CCUA:0.0000,mir-205-5p:0.555; mir-520c-3p:0.481; mir-25-3p:0.455
2546,mir-6819-5p,MIMAT0027538,UUGGGGUGGAGGGCCAAGGAGC,nao,0.025651,0.656954,0.649750,,kmer:GU:0.0016; kmer:GUG:0.0007; kmer:AA:0.0005; kmer:UUG:0.0002; kmer:GGGGU:0.0000; kmer:GGU:0.0000,mir-6861-5p:0.715; mir-6875-5p:0.620; mir-1246:0.545
2547,mir-3180-3p,MIMAT0015058,UGGGGCGGAGCUUCCGGAGGCC,sim,0.025268,0.656936,0.649668,hsa-mir-3180-1; hsa-mir-3180-2; hsa-mir-3180-3; hsa-mir-3180-4; hsa-mir-3180-5,kmer:GCUU:0.0002; kmer:CG:0.0001; kmer:CCGG:0.0001; kmer:CCG:0.0001; kmer:AGCUU:0.0001,mir-4634:0.672; mir-6861-5p:0.582; mir-6875-5p:0.508
2548,mir-6791-5p,MIMAT0027482,CCCCUGGGGCUGGGCAGGCGGA,nao,0.024885,0.656929,0.649638,,kmer:GCA:0.0002; kmer:GCAG:0.0002; kmer:GCAGG:0.0002; kmer:CCCU:0.0001; kmer:CCCUG:0.0001; kmer:CAGG:0.0001; kmer:CG:0.0000; kmer:CAG:0.0000,mir-6861-5p:0.698; mir-4634:0.601; mir-31-5p:0.515
2549,mir-4767,MIMAT0019919,CGCGGGCGCUCCUGGCCGCCGCC,nao,0.024502,0.656916,0.649580,,kmer:CG:0.0003; kmer:CCG:0.0002; kmer:UGGC:0.0001,mir-4634:0.725; mir-1307-3p:0.484; mir-92a-3p:0.451
2550,mir-4726-5p,MIMAT0019845,AGGGCCAGAGGAGCCUGGAGUGG,nao,0.024119,0.656887,0.649452,,kmer:GU:0.0015; kmer:GUG:0.0007; kmer:AGUG:0.0003; kmer:AGU:0.0002; kmer:CAG:0.0000,mir-6875-5p:0.697; mir-6861-5p:0.582; mir-1246:0.503
2551,mir-6756-5p,MIMAT0027412,AGGGUGGGGCUGGAGGUGGGGCU,nao,0.023737,0.656871,0.649381,,kmer:GU:0.0026; kmer:GUG:0.0012; kmer:AGGU:0.0002; kmer:GGU:0.0000,mir-6861-5p:0.832; mir-373-3p:0.513; mir-181b-5p:0.488
2552,mir-3648,MIMAT0018068,AGCCGCGGGGAUCGCCGAGGG,nao,0.023354,0.656867,0.649364,,kmer:UCG:0.0003; kmer:CG:0.0003; kmer:CGA:0.0002; kmer:CCG:0.0002; kmer:CCGA:0.0001; kmer:AUC:0.0001; kmer:AUCG:0.0001; kmer:GAUC:0.0000,mir-4634:0.727; mir-6861-5p:0.485; mir-6875-5p:0.473
2553,mir-1469,MIMAT0007347,CUCGGCGCGGGGCGCGGGCUCC,nao,0.022971,0.656807,0.649095,,kmer:CG:0.0003; kmer:UCG:0.0003; kmer:CGGC:0.0002; kmer:UCGG:0.0001; kmer:CUCGG:0.0001; kmer:CGGCG:0.0001,mir-4634:0.760; mir-1307-3p:0.610; mir-6861-5p:0.500
2554,mir-3960,MIMAT0019337,GGCGGCGGCGGAGGCGGGGG,nao,0.022588,0.656799,0.649062,,kmer:CGGC:0.0003; kmer:CG:0.0002; kmer:CGGCG:0.0001; kmer:GCGGC:0.0001,mir-4634:0.741; mir-1307-3p:0.491; mir-6861-5p:0.487
2555,mir-5088-3p,MIMAT0027041,UCCCUUCUUCCUGGGCCCUCA,nao,0.022205,0.656772,0.648942,,kmer:CCCU:0.0003; kmer:UCCC:0.0002; kmer:UCCCU:0.0002,mir-205-5p:0.646; mir-125a-5p:0.582; mir-145-5p:0.552
2556,mir-1237-5p,MIMAT0022946,CGGGGGCGGGGCCGAAGCGCG,nao,0.021822,0.656746,0.648827,,kmer:AA:0.0005; kmer:CG:0.0003; kmer:CGA:0.0002; kmer:CCGAA:0.0001; kmer:CCGA:0.0001; kmer:CGAA:0.0001; kmer:CCG:0.0001,mir-4634:0.791; mir-6861-5p:0.513; mir-1307-3p:0.450
2557,mir-4507,MIMAT0019044,CUGGGUUGGGCUGGGCUGGG,nao,0.021440,0.656722,0.648718,,kmer:GU:0.0015; kmer:GUU:0.0004; kmer:UUG:0.0002; kmer:GUUG:0.0002; kmer:GGUU:0.0001; kmer:GGUUG:0.0001; kmer:GGGUU:0.0000; kmer:GGU:0.0000,mir-6861-5p:0.719; mir-34a-5p:0.497; mir-181b-5p:0.472
2558,mir-8089,MIMAT0031016,CCUGGGGACAGGGGAUUGGGGCAG,nao,0.021057,0.656671,0.648492,,kmer:GCA:0.0002; kmer:GCAG:0.0002; kmer:UUG:0.0002; kmer:AUUGG:0.0001; kmer:AUUG:0.0001; kmer:ACAG:0.0001; kmer:CAGG:0.0001; kmer:CAG:0.0001; kmer:GACAG:0.0000; kmer:GGAUU:0.0000,mir-6861-5p:0.713; mir-6875-5p:0.557; mir-1246:0.492
2559,mir-5196-5p,MIMAT0021128,AGGGAAGGGGACGAGGGUUGGG,nao,0.020674,0.656657,0.648430,,kmer:GU:0.0016; kmer:AA:0.0005; kmer:GUU:0.0004; kmer:UUG:0.0002; kmer:GUUG:0.0002; kmer:CGA:0.0002; kmer:GGUU:0.0001; kmer:GGUUG:0.0001; kmer:ACGA:0.0001; kmer:CG:0.0001,mir-6861-5p:0.661; mir-6875-5p:0.605; mir-373-3p:0.483
2560,mir-671-5p,MIMAT0003880,AGGAAGCCCUGGAGGGGCUGGAG,nao,0.020291,0.656601,0.648184,,kmer:AA:0.0004; kmer:CCCU:0.0001; kmer:CCCUG:0.0001; kmer:AGGAA:0.0001,mir-6875-5p:0.634; mir-6861-5p:0.596; mir-31-5p:0.505
2561,mir-4649-5p,MIMAT0019711,UGGGCGAGGGGUGGGCUCUCAGAG,nao,0.019908,0.656600,0.648177,,kmer:GU:0.0014; kmer:GUG:0.0006; kmer:CGA:0.0001; kmer:CG:0.0000; kmer:CAG:0.0000; kmer:GGGGU:0.0000; kmer:UCAGA:0.0000; kmer:GGU:0.0000,mir-6861-5p:0.775; mir-373-3p:0.499; mir-6875-5p:0.497
2562,mir-6894-5p,MIMAT0027688,AGGAGGAUGGAGAGCUGGGCCAGA,nao,0.019525,0.656582,0.648101,,kmer:CAG:0.0000,mir-6875-5p:0.741; mir-31-5p:0.554; mir-1246:0.554
2563,mir-6751-3p,MIMAT0027403,ACUGAGCCUCUCUCUCUCCAG,nao,0.019142,0.656567,0.648035,,kmer:ACUGA:0.0003; kmer:CUGA:0.0002; kmer:UGA:0.0002; kmer:UCCAG:0.0001; kmer:UCCA:0.0001; kmer:CUGAG:0.0001; kmer:CAG:0.0000; kmer:ACUG:0.0000,mir-139-5p:0.490; mir-25-3p:0.471; mir-205-5p:0.466
2564,mir-6769a-3p,MIMAT0027439,GAGCCCCUCUCUGCUCUCCAG,nao,0.018760,0.656527,0.647856,,kmer:UGCU:0.0002; kmer:CCCU:0.0002; kmer:UCCAG:0.0001; kmer:UCCA:0.0001; kmer:CAG:0.0000,mir-205-5p:0.511; mir-139-5p:0.482; mir-145-5p:0.463
2565,mir-4442,MIMAT0018960,GCCGGACAAGAGGGAGG,nao,0.018377,0.656462,0.647568,,kmer:AA:0.0007; kmer:CCGG:0.0001; kmer:CCG:0.0001; kmer:CG:0.0001,mir-6875-5p:0.757; mir-4634:0.487; mir-6861-5p:0.451
2566,mir-939-5p,MIMAT0004982,UGGGGAGCUGAGGCUCUGGGGGUG,nao,0.017994,0.656446,0.647497,,kmer:GU:0.0013; kmer:GUG:0.0006; kmer:CUGA:0.0002; kmer:UGA:0.0001; kmer:CUGAG:0.0001; kmer:GGGGU:0.0000; kmer:UGAGG:0.0000; kmer:GGU:0.0000,mir-6861-5p:0.770; mir-373-3p:0.528; mir-6875-5p:0.456
2567,mir-6752-5p,MIMAT0027404,GGGGGGUGUGGAGCCAGGGGGC,nao,0.017611,0.656413,0.647350,,kmer:GU:0.0030; kmer:GUG:0.0013; kmer:UGU:0.0008; kmer:UGUG:0.0004; kmer:GUGUG:0.0001; kmer:CCAGG:0.0001; kmer:CAGG:0.0001; kmer:GUGU:0.0001; kmer:CAG:0.0000; kmer:GGGGU:0.0000,mir-6861-5p:0.735; mir-4634:0.493; mir-373-3p:0.485
2568,mir-149-3p,MIMAT0004609,AGGGAGGGACGGGGGCUGUGC,nao,0.017228,0.656406,0.647317,,kmer:GU:0.0017; kmer:UGU:0.0009; kmer:GUG:0.0007; kmer:GUGC:0.0007; kmer:UGUG:0.0005; kmer:UGUGC:0.0001; kmer:CG:0.0001; kmer:CUGU:0.0000; kmer:GCUGU:0.0000; kmer:CUGUG:0.0000,mir-6861-5p:0.681; mir-6875-5p:0.558; mir-4634:0.533
2569,mir-10396b-5p,MIMAT0041635,CGGCGGGGCUCGGAGCCGGG,nao,0.016845,0.656401,0.647296,,kmer:UCG:0.0003; kmer:CG:0.0002; kmer:CGGC:0.0002; kmer:UCGG:0.0001; kmer:CCGG:0.0001; kmer:CCG:0.0001; kmer:CUCGG:0.0001; kmer:CGGCG:0.0001,mir-4634:0.800; mir-6861-5p:0.558; mir-1307-3p:0.546
2570,mir-6862-3p,MIMAT0027626,CCUCACCCAGCUCUCUGGCCCUCU,nao,0.016462,0.656350,0.647069,,kmer:ACCC:0.0003; kmer:CAGC:0.0002; kmer:CCCU:0.0002; kmer:UGGC:0.0001; kmer:CAG:0.0000; kmer:ACC:0.0000; kmer:CCCAG:0.0000,mir-205-5p:0.523; mir-125a-5p:0.483; mir-125b-5p:0.454
2571,mir-326,MIMAT0000756,CCUCUGGGCCCUUCCUCCAG,nao,0.016080,0.656333,0.646996,,kmer:CCCU:0.0002; kmer:UCCAG:0.0001; kmer:UCCA:0.0001; kmer:CAG:0.0000,mir-205-5p:0.630; mir-145-5p:0.573; mir-125a-5p:0.540
2572,mir-6749-5p,MIMAT0027398,UCGGGCCUGGGGUUGGGGGAGC,nao,0.015697,0.656314,0.646911,,kmer:GU:0.0014; kmer:GUU:0.0003; kmer:UCG:0.0002; kmer:UUG:0.0002; kmer:GUUG:0.0002; kmer:GGUU:0.0001; kmer:GGUUG:0.0001; kmer:UCGG:0.0001; kmer:CG:0.0000; kmer:GGGGU:0.0000,mir-6861-5p:0.721; mir-4634:0.547; mir-373-3p:0.518
2573,mir-7109-5p,MIMAT0028115,CUGGGGGGAGGAGACCCUGCU,nao,0.015314,0.656312,0.646902,,kmer:ACCC:0.0003; kmer:ACCCU:0.0002; kmer:UGCU:0.0002; kmer:GACCC:0.0002; kmer:CCCU:0.0001; kmer:CCCUG:0.0001; kmer:AGACC:0.0001; kmer:GAGAC:0.0001; kmer:GACC:0.0001; kmer:AGAC:0.0000,mir-6861-5p:0.630; mir-6875-5p:0.626; mir-125a-5p:0.477
2574,mir-6887-5p,MIMAT0027674,UGGGGGGACAGAUGGAGAGGACA,nao,0.014931,0.656280,0.646760,,kmer:ACAG:0.0001; kmer:ACAGA:0.0001; kmer:CAG:0.0000; kmer:GACAG:0.0000,mir-6875-5p:0.737; mir-6861-5p:0.573; mir-1246:0.487
2575,mir-4534,MIMAT0019073,GGAUGGAGGAGGGGUCU,nao,0.014548,0.656259,0.646667,,kmer:GU:0.0019; kmer:GUCU:0.0001; kmer:GGGGU:0.0000; kmer:GUC:0.0000; kmer:GGU:0.0000,mir-6875-5p:0.644; mir-6861-5p:0.582; mir-1246:0.502
2576,mir-4298,MIMAT0016852,CUGGGACAGGAGGAGGAGGCAG,nao,0.014165,0.656243,0.646596,,kmer:GCA:0.0003; kmer:GCAG:0.0002; kmer:CAGGA:0.0001; kmer:ACAG:0.0001; kmer:CAGG:0.0001; kmer:CAG:0.0001; kmer:GACAG:0.0000,mir-6875-5p:0.820; mir-24-3p:0.533; mir-6861-5p:0.523
2577,mir-7111-5p,MIMAT0028119,UGGGGGAGGAAGGACAGGCCAU,nao,0.013783,0.656197,0.646393,,kmer:AA:0.0005; kmer:AGGAA:0.0001; kmer:ACAG:0.0001; kmer:CAGG:0.0001; kmer:CAG:0.0000; kmer:GACAG:0.0000,mir-6875-5p:0.754; mir-6861-5p:0.642; mir-24-3p:0.492
2578,mir-6124,MIMAT0024597,GGGAAAAGGAAGGGGGAGGA,nao,0.013400,0.656186,0.646344,,kmer:AA:0.0020; kmer:AAA:0.0009; kmer:AGGAA:0.0001; kmer:AAAG:0.0001; kmer:AAAA:0.0000; kmer:AAAAG:0.0000,mir-6875-5p:0.616; mir-6861-5p:0.519; mir-206:0.464
2579,mir-6798-5p,MIMAT0027496,CCAGGGGGAUGGGCGAGCUUGGG,nao,0.013017,0.656156,0.646212,,kmer:UUG:0.0002; kmer:CGA:0.0002; kmer:GCUU:0.0001; kmer:CCAGG:0.0001; kmer:CAGG:0.0001; kmer:AGCUU:0.0001; kmer:CG:0.0000; kmer:CAG:0.0000; kmer:CUUG:0.0000,mir-6861-5p:0.723; mir-4634:0.543; mir-6875-5p:0.531
2580,mir-663a,MIMAT0003326,AGGCGGGGCGCCGCGGGACCGC,nao,0.012634,0.656090,0.645920,,kmer:CG:0.0003; kmer:ACCG:0.0003; kmer:CCG:0.0002; kmer:GACC:0.0001; kmer:ACC:0.0000,mir-4634:0.853; mir-1307-3p:0.495; mir-6861-5p:0.477
2581,mir-6794-5p,MIMAT0027488,CAGGGGGACUGGGGGUGAGC,nao,0.012251,0.656082,0.645882,,kmer:GU:0.0017; kmer:GUG:0.0007; kmer:UGA:0.0002; kmer:CAGG:0.0001; kmer:CAG:0.0000; kmer:ACUG:0.0000; kmer:GGGGU:0.0000; kmer:GUGA:0.0000; kmer:GGU:0.0000; kmer:GACUG:0.0000,mir-6861-5p:0.749; mir-6875-5p:0.529; mir-373-3p:0.486
2582,mir-6886-3p,MIMAT0027673,UGCCCUUCUCUCCUCCUGCCU,nao,0.011868,0.655979,0.645426,,kmer:CCCU:0.0002,mir-205-5p:0.546; mir-125a-5p:0.543; mir-125b-5p:0.490
2583,mir-3141,MIMAT0015010,GAGGGCGGGUGGAGGAGGA,nao,0.011485,0.655915,0.645144,,kmer:GU:0.0018; kmer:GUG:0.0008; kmer:CG:0.0001; kmer:GGU:0.0000,mir-6875-5p:0.698; mir-6861-5p:0.588; mir-1246:0.469
2584,mir-4508,MIMAT0019045,GCGGGGCUGGGCGCGCG,nao,0.011103,0.655895,0.645054,,kmer:CG:0.0003,mir-4634:0.711; mir-6861-5p:0.519; mir-1307-3p:0.503
2585,mir-6085,MIMAT0023710,AAGGGGCUGGGGGAGCACA,nao,0.010720,0.655826,0.644747,,kmer:AA:0.0005; kmer:AGCA:0.0004; kmer:GCA:0.0003; kmer:GCAC:0.0003; kmer:AGCAC:0.0002; kmer:GCACA:0.0001,mir-6861-5p:0.695; mir-6875-5p:0.480; mir-31-5p:0.466
2586,mir-4488,MIMAT0019022,AGGGGGCGGGCUCCGGCG,nao,0.010337,0.655740,0.644369,,kmer:CGGC:0.0002; kmer:CG:0.0002; kmer:CCGGC:0.0001; kmer:CCGG:0.0001; kmer:CCG:0.0001; kmer:CGGCG:0.0001,mir-4634:0.778; mir-6861-5p:0.632; mir-1307-3p:0.480
2587,mir-6891-5p,MIMAT0027682,UAAGGAGGGGGAUGAGGGG,nao,0.009954,0.655716,0.644261,,kmer:UA:0.0008; kmer:AA:0.0005; kmer:UAA:0.0003; kmer:UGA:0.0002; kmer:UGAGG:0.0000,mir-6875-5p:0.632; mir-6861-5p:0.590; mir-155-5p:0.454
2588,mir-3620-5p,MIMAT0022967,GUGGGCUGGGCUGGGCUGGGCC,nao,0.009571,0.655687,0.644134,,kmer:GU:0.0014; kmer:GUG:0.0006,mir-6861-5p:0.683; mir-31-5p:0.497; mir-34a-5p:0.461
2589,mir-4756-5p,MIMAT0019899,CAGGGAGGCGCUCACUCUCUGCU,nao,0.009188,0.655665,0.644036,,kmer:UGCU:0.0002; kmer:CAGG:0.0001; kmer:CG:0.0001; kmer:CAG:0.0000; kmer:CACUC:0.0000; kmer:UCACU:0.0000,mir-24-3p:0.520; mir-6861-5p:0.519; mir-31-5p:0.501
2590,mir-7107-5p,MIMAT0028111,UCGGCCUGGGGAGGAGGAAGGG,nao,0.008806,0.655645,0.643947,,kmer:AA:0.0004; kmer:UCG:0.0002; kmer:CGGC:0.0001; kmer:AGGAA:0.0001; kmer:CGGCC:0.0001; kmer:UCGG:0.0001; kmer:CG:0.0000,mir-6875-5p:0.648; mir-6861-5p:0.632; mir-4634:0.509
2591,mir-6848-5p,MIMAT0027596,UGGGGGCUGGGAUGGGCCAUGGU,nao,0.008423,0.655630,0.643881,,kmer:GU:0.0015; kmer:GGU:0.0000,mir-6861-5p:0.735; mir-373-3p:0.481; mir-181b-5p:0.474
2592,mir-6803-5p,MIMAT0027506,CUGGGGGUGGGGGGCUGGGCGU,nao,0.008040,0.655628,0.643873,,kmer:GU:0.0028; kmer:GUG:0.0006; kmer:CGU:0.0005; kmer:GCGU:0.0001; kmer:CG:0.0000; kmer:GGGGU:0.0000; kmer:GGU:0.0000,mir-6861-5p:0.769; mir-4634:0.502; mir-373-3p:0.491
2593,mir-4497,MIMAT0019032,CUCCGGGACGGCUGGGC,nao,0.007657,0.655588,0.643693,,kmer:CGGC:0.0002; kmer:CG:0.0001; kmer:CCGG:0.0001; kmer:CCG:0.0001; kmer:CGGCU:0.0000,mir-4634:0.704; mir-6861-5p:0.648; mir-1307-3p:0.456
2594,mir-3196,MIMAT0015080,CGGGGCGGCAGGGGCCUC,nao,0.007274,0.655527,0.643423,,kmer:GCA:0.0003; kmer:GCAG:0.0003; kmer:GCAGG:0.0003; kmer:CGGC:0.0002; kmer:CG:0.0001; kmer:CAGG:0.0001; kmer:CAG:0.0000; kmer:GCGGC:0.0000,mir-4634:0.702; mir-6861-5p:0.627; mir-1307-3p:0.420
2595,mir-6763-5p,MIMAT0027426,CUGGGGAGUGGCUGGGGAG,nao,0.006891,0.655483,0.643227,,kmer:GU:0.0017; kmer:GUG:0.0008; kmer:AGUG:0.0003; kmer:AGU:0.0003; kmer:UGGC:0.0001,mir-6861-5p:0.724; mir-373-3p:0.500; mir-6875-5p:0.463
2596,mir-4516,MIMAT0019053,GGGAGAAGGGUCGGGGC,nao,0.006508,0.655471,0.643176,,kmer:GU:0.0022; kmer:AA:0.0006; kmer:UCG:0.0003; kmer:UCGG:0.0001; kmer:GUCG:0.0001; kmer:GUCGG:0.0001; kmer:CG:0.0001; kmer:GUC:0.0000; kmer:GGU:0.0000,mir-6861-5p:0.647; mir-4634:0.530; mir-6875-5p:0.524
2597,mir-1224-3p,MIMAT0005459,CCCCACCUCCUCUCUCCUCAG,nao,0.006126,0.655466,0.643155,,kmer:CAG:0.0000; kmer:ACC:0.0000,mir-205-5p:0.561; mir-145-5p:0.492; mir-125a-5p:0.466
2598,mir-4270,MIMAT0016900,UCAGGGAGUCAGGGGAGGGC,nao,0.005743,0.655309,0.642459,,kmer:GU:0.0017; kmer:AGU:0.0003; kmer:CAGG:0.0002; kmer:CAG:0.0001; kmer:GUC:0.0000; kmer:GUCAG:0.0000,mir-6875-5p:0.660; mir-6861-5p:0.610; mir-24-3p:0.542
2599,mir-1281,MIMAT0005939,UCGCCUCCUCCUCUCCC,nao,0.005360,0.655295,0.642395,,kmer:UCG:0.0004; kmer:UCCC:0.0003; kmer:CG:0.0001,mir-205-5p:0.518; mir-145-5p:0.454; mir-125a-5p:0.431
2600,mir-6771-5p,MIMAT0027442,CUCGGGAGGGCAUGGGCCAGGC,nao,0.004977,0.655145,0.641732,,kmer:GCA:0.0003; kmer:UCG:0.0003; kmer:UCGG:0.0001; kmer:CCAGG:0.0001; kmer:CAGG:0.0001; kmer:CUCGG:0.0001; kmer:CG:0.0001; kmer:CAG:0.0000,mir-6861-5p:0.696; mir-4634:0.571; mir-6875-5p:0.561
2601,mir-10396a-5p,MIMAT0041623,GGCGGGGCUCGGAGCCGGG,nao,0.004594,0.655107,0.641563,,kmer:UCG:0.0003; kmer:CG:0.0002; kmer:UCGG:0.0001; kmer:CCGG:0.0001; kmer:CCG:0.0001; kmer:CUCGG:0.0001,mir-4634:0.762; mir-6861-5p:0.595; mir-1307-3p:0.514
2602,mir-4505,MIMAT0019041,AGGCUGGGCUGGGACGGA,nao,0.004211,0.655014,0.641152,,kmer:CG:0.0001,mir-6861-5p:0.663; mir-31-5p:0.505; mir-4634:0.484
2603,mir-6089,MIMAT0023714,GGAGGCCGGGGUGGGGCGGGGCGG,nao,0.003828,0.654901,0.640652,,kmer:GU:0.0014; kmer:GUG:0.0006; kmer:CG:0.0001; kmer:CCGG:0.0001; kmer:CCG:0.0001; kmer:GGGGU:0.0000; kmer:GGU:0.0000,mir-4634:0.721; mir-6861-5p:0.699; mir-1307-3p:0.441
2604,mir-1207-5p,MIMAT0005871,UGGCAGGGAGGCUGGGAGGGG,nao,0.003446,0.654778,0.640110,,kmer:GCA:0.0002; kmer:GCAG:0.0002; kmer:GCAGG:0.0002; kmer:CAGG:0.0001; kmer:UGGC:0.0001; kmer:CAG:0.0000; kmer:UGGCA:0.0000,mir-6861-5p:0.710; mir-6875-5p:0.610; mir-31-5p:0.501
2605,mir-4739,MIMAT0019868,AAGGGAGGAGGAGCGGAGGGGCCCU,nao,0.003063,0.654765,0.640050,,kmer:AA:0.0004; kmer:CCCU:0.0001; kmer:AGCGG:0.0000; kmer:CG:0.0000,mir-6875-5p:0.712; mir-6861-5p:0.518; mir-4634:0.474
2606,mir-4281,MIMAT0016907,GGGUCCCGGGGAGGGGGG,nao,0.002680,0.654178,0.637456,,kmer:GU:0.0018; kmer:UCCC:0.0002; kmer:UCCCG:0.0001; kmer:CCCG:0.0001; kmer:CCCGG:0.0001; kmer:CCGG:0.0001; kmer:CCG:0.0001; kmer:CG:0.0001; kmer:GUC:0.0000; kmer:GGU:0.0000,mir-6861-5p:0.655; mir-4634:0.576; mir-6875-5p:0.440
2607,mir-5787,MIMAT0023252,GGGCUGGGGCGCGGGGAGGU,nao,0.002297,0.654139,0.637284,,kmer:GU:0.0018; kmer:AGGU:0.0003; kmer:CG:0.0001; kmer:GGU:0.0000,mir-6861-5p:0.727; mir-4634:0.638; mir-373-3p:0.437
2608,mir-7106-5p,MIMAT0028109,UGGGAGGAGGGGAUCUUGGG,nao,0.001914,0.654139,0.637284,,kmer:UUG:0.0002; kmer:AUC:0.0001; kmer:GAUC:0.0000; kmer:CUUG:0.0000,mir-6861-5p:0.639; mir-6875-5p:0.607; mir-1246:0.520
2609,mir-4492,MIMAT0019027,GGGGCUGGGCGCGCGCC,nao,0.001531,0.654110,0.637155,,kmer:CG:0.0002,mir-4634:0.706; mir-6861-5p:0.565; mir-31-5p:0.464
2610,mir-6775-5p,MIMAT0027450,UCGGGGCAUGGGGGAGGGAGGCUGG,nao,0.001149,0.653345,0.633776,,kmer:GCA:0.0002; kmer:UCG:0.0002; kmer:UCGG:0.0001; kmer:CG:0.0000,mir-6861-5p:0.718; mir-4634:0.528; mir-6875-5p:0.519
2611,mir-762,MIMAT0010313,GGGGCUGGGGCCGGGGCCGAGC,nao,0.000766,0.653221,0.633226,,kmer:CGA:0.0002; kmer:CCG:0.0002; kmer:CCGA:0.0001; kmer:CG:0.0001; kmer:CCGG:0.0001,mir-4634:0.708; mir-6861-5p:0.665; mir-31-5p:0.409
2612,mir-328-5p,MIMAT0026486,GGGGGGGCAGGAGGGGCUCAGGG,nao,0.000383,0.652781,0.631287,,kmer:GCA:0.0002; kmer:GCAG:0.0002; kmer:GCAGG:0.0002; kmer:CAGG:0.0001; kmer:CAGGA:0.0001; kmer:CAG:0.0001,mir-6861-5p:0.705; mir-6875-5p:0.529; mir-4634:0.479
2613,mir-6090,MIMAT0023715,GGGGAGCGAGGGGCGGGGC,nao,0.000000,0.651842,0.627144,,kmer:CGA:0.0002; kmer:CG:0.0001,mir-4634:0.644; mir-6861-5p:0.617; mir-6875-5p:0.477